type,date time,latitude,longitude,accuracy(m),altitude(m),geoid_height(m),speed(m/s),bearing(deg),sat_used,sat_inview,name,desc
T,2026-04-14 09:33:17,53.46645127,-2.23321434,3.81,46.245,51.381,0.000,,20,34,,
T,2026-04-14 09:33:18,53.46645128,-2.23321439,3.79,46.245,51.381,0.000,,20,34,,
T,2026-04-14 09:33:19,53.46645131,-2.23321429,3.79,46.251,51.381,0.000,,22,34,,
T,2026-04-14 09:33:20,53.46645177,-2.23320731,3.79,46.309,51.381,0.180,0,22,34,,
T,2026-04-14 09:33:21,53.46644881,-2.23320794,3.79,46.575,51.381,0.610,0,22,35,,
T,2026-04-14 09:33:22,53.46644888,-2.23320380,3.92,46.348,51.381,0.240,0,23,34,,
T,2026-04-14 09:33:23,53.46645230,-2.23320216,4.14,46.511,51.381,0.230,0,22,34,,
T,2026-04-14 09:33:24,53.46645275,-2.23319666,3.99,46.577,51.381,0.000,,23,35,,
T,2026-04-14 09:33:25,53.46645373,-2.23319009,4.12,46.244,51.381,0.000,,23,35,,
T,2026-04-14 09:33:26,53.46645502,-2.23318681,4.06,46.129,51.381,0.000,,24,36,,
T,2026-04-14 09:33:27,53.46645640,-2.23318440,3.94,46.294,51.381,0.000,,25,38,,
T,2026-04-14 09:33:28,53.46645741,-2.23318092,3.80,46.387,51.381,0.000,,25,37,,
T,2026-04-14 09:33:29,53.46645733,-2.23318069,3.86,46.538,51.381,0.000,,26,37,,
T,2026-04-14 09:33:30,53.46645865,-2.23318071,3.90,46.613,51.381,0.000,,25,37,,
T,2026-04-14 09:33:31,53.46646005,-2.23318091,3.83,46.658,51.381,0.000,,25,37,,
T,2026-04-14 09:33:32,53.46646145,-2.23318160,3.79,46.730,51.381,0.000,,26,37,,
T,2026-04-14 09:33:33,53.46646186,-2.23318313,3.79,46.851,51.381,0.000,,25,36,,
T,2026-04-14 09:33:34,53.46646154,-2.23318428,3.79,47.005,51.381,0.000,,24,38,,
T,2026-04-14 09:33:35,53.46646126,-2.23318376,3.79,47.189,51.381,0.000,,25,38,,
T,2026-04-14 09:33:36,53.46646113,-2.23318371,3.79,47.347,51.381,0.000,,25,38,,
T,2026-04-14 09:33:37,53.46646118,-2.23318351,3.79,47.385,51.381,0.000,,25,38,,
T,2026-04-14 09:33:38,53.46646121,-2.23318360,3.79,47.368,51.381,0.000,,27,39,,
T,2026-04-14 09:33:39,53.46646121,-2.23318369,3.79,47.376,51.381,0.000,,27,40,,
T,2026-04-14 09:33:40,53.46646127,-2.23318379,3.79,47.387,51.381,0.000,,26,40,,
T,2026-04-14 09:33:41,53.46646137,-2.23318347,3.79,47.387,51.381,0.000,,25,39,,
T,2026-04-14 09:33:42,53.46646147,-2.23318334,3.79,47.399,51.381,0.000,,25,39,,
T,2026-04-14 09:33:43,53.46646149,-2.23318335,3.79,47.405,51.381,0.000,,25,41,,
T,2026-04-14 09:33:44,53.46646365,-2.23318316,3.79,47.277,51.381,0.160,0,23,41,,
T,2026-04-14 09:33:45,53.46646582,-2.23318031,3.79,47.289,51.381,0.000,,23,40,,
T,2026-04-14 09:33:46,53.46646645,-2.23317868,3.79,47.388,51.381,0.000,,22,40,,
T,2026-04-14 09:33:47,53.46646742,-2.23317951,3.79,47.414,51.381,0.180,0,24,40,,
T,2026-04-14 09:33:48,53.46646762,-2.23317902,3.79,47.480,51.381,0.000,,24,39,,
T,2026-04-14 09:33:49,53.46646620,-2.23317688,3.79,47.877,51.381,0.000,,25,37,,
T,2026-04-14 09:33:50,53.46646537,-2.23317698,3.79,48.091,51.381,0.000,,25,38,,
T,2026-04-14 09:33:51,53.46646503,-2.23317651,3.79,48.404,51.381,0.000,,26,38,,
T,2026-04-14 09:33:52,53.46646582,-2.23317600,3.79,48.449,51.381,0.000,,26,38,,
T,2026-04-14 09:33:53,53.46646801,-2.23317992,3.79,48.450,51.381,0.350,0,26,37,,
T,2026-04-14 09:33:54,53.46648580,-2.23317692,3.79,46.962,51.381,2.430,11,26,38,,
T,2026-04-14 09:33:55,53.46649584,-2.23317852,3.95,46.416,51.381,0.790,352,24,37,,
T,2026-04-14 09:33:56,53.46649699,-2.23319392,4.59,46.626,51.381,0.880,286,24,37,,
T,2026-04-14 09:33:57,53.46649519,-2.23321640,5.47,46.901,51.381,1.190,271,25,38,,
T,2026-04-14 09:33:58,53.46649047,-2.23324102,5.60,47.508,51.381,1.290,260,25,37,,
T,2026-04-14 09:33:59,53.46648681,-2.23326352,6.07,48.078,51.381,1.160,261,25,39,,
T,2026-04-14 09:34:00,53.46648410,-2.23328391,5.86,48.113,51.381,1.100,258,25,39,,
T,2026-04-14 09:34:01,53.46648086,-2.23330411,6.23,48.314,51.382,1.110,257,24,39,,
T,2026-04-14 09:34:02,53.46648081,-2.23332165,6.40,48.014,51.382,1.030,262,25,38,,
T,2026-04-14 09:34:03,53.46647984,-2.23333861,6.31,47.907,51.382,1.130,260,22,39,,
T,2026-04-14 09:34:04,53.46648009,-2.23335481,6.50,47.923,51.382,1.090,262,21,41,,
T,2026-04-14 09:34:05,53.46648408,-2.23337218,6.85,47.492,51.382,1.130,277,21,41,,
T,2026-04-14 09:34:06,53.46648931,-2.23339011,6.29,47.760,51.382,1.070,283,21,40,,
T,2026-04-14 09:34:07,53.46648658,-2.23340985,5.91,47.315,51.382,1.270,248,20,41,,
T,2026-04-14 09:34:08,53.46648397,-2.23342463,5.87,46.472,51.382,1.010,244,23,39,,
T,2026-04-14 09:34:09,53.46648142,-2.23344039,5.79,46.728,51.382,1.020,246,22,39,,
T,2026-04-14 09:34:10,53.46649077,-2.23346014,5.34,45.842,51.382,1.250,285,21,39,,
T,2026-04-14 09:34:11,53.46649754,-2.23347710,5.60,45.997,51.382,1.080,279,24,40,,
T,2026-04-14 09:34:12,53.46649994,-2.23349643,5.34,46.238,51.382,1.110,268,25,39,,
T,2026-04-14 09:34:13,53.46649931,-2.23351656,5.46,46.373,51.382,1.110,261,26,38,,
T,2026-04-14 09:34:14,53.46649804,-2.23353784,5.23,46.897,51.382,1.120,261,26,39,,
T,2026-04-14 09:34:15,53.46649786,-2.23355884,5.16,47.496,51.382,1.170,271,25,40,,
T,2026-04-14 09:34:16,53.46649359,-2.23357901,4.95,47.364,51.382,1.250,250,25,40,,
T,2026-04-14 09:34:17,53.46649148,-2.23359355,4.67,46.858,51.382,1.110,251,24,40,,
T,2026-04-14 09:34:18,53.46649278,-2.23361538,4.51,46.958,51.382,1.340,276,25,42,,
T,2026-04-14 09:34:19,53.46649342,-2.23363806,4.40,47.628,51.382,1.270,280,26,42,,
T,2026-04-14 09:34:20,53.46649068,-2.23365853,4.03,48.369,51.382,1.850,227,26,42,,
T,2026-04-14 09:34:21,53.46649551,-2.23368375,3.79,47.583,51.382,1.670,268,25,42,,
T,2026-04-14 09:34:22,53.46650960,-2.23370402,3.79,46.122,51.382,1.310,290,25,42,,
T,2026-04-14 09:34:23,53.46651849,-2.23372418,3.79,45.388,51.382,1.280,274,25,41,,
T,2026-04-14 09:34:24,53.46652231,-2.23374226,3.79,45.185,51.382,1.230,272,25,41,,
T,2026-04-14 09:34:25,53.46652536,-2.23375885,3.81,44.029,51.382,1.240,267,26,41,,
T,2026-04-14 09:34:26,53.46652864,-2.23377843,3.79,43.974,51.382,1.260,271,26,42,,
T,2026-04-14 09:34:27,53.46653232,-2.23379927,3.79,43.426,51.382,1.270,271,26,42,,
T,2026-04-14 09:34:28,53.46653351,-2.23381966,3.79,42.855,51.382,1.250,266,27,42,,
T,2026-04-14 09:34:29,53.46653711,-2.23383757,3.79,42.496,51.382,1.310,287,27,42,,
T,2026-04-14 09:34:30,53.46654093,-2.23385537,3.79,42.037,51.383,1.250,274,27,40,,
T,2026-04-14 09:34:31,53.46654890,-2.23387237,3.79,41.658,51.383,1.290,293,27,40,,
T,2026-04-14 09:34:32,53.46655899,-2.23388933,3.79,40.950,51.383,1.270,302,28,41,,
T,2026-04-14 09:34:33,53.46656672,-2.23390680,3.79,40.727,51.383,1.240,293,26,41,,
T,2026-04-14 09:34:34,53.46657587,-2.23392310,3.79,40.067,51.383,1.250,298,28,41,,
T,2026-04-14 09:34:35,53.46658621,-2.23394195,3.79,40.075,51.383,1.360,309,28,41,,
T,2026-04-14 09:34:36,53.46659410,-2.23396051,3.79,39.859,51.383,1.290,311,28,42,,
T,2026-04-14 09:34:37,53.46659162,-2.23399282,3.79,39.736,51.383,2.010,259,29,42,,
T,2026-04-14 09:34:38,53.46659748,-2.23401505,3.79,39.706,51.383,1.540,295,29,42,,
T,2026-04-14 09:34:39,53.46660735,-2.23402837,3.79,39.988,51.383,1.310,312,29,41,,
T,2026-04-14 09:34:40,53.46661900,-2.23403788,3.79,39.923,51.383,1.340,330,29,41,,
T,2026-04-14 09:34:41,53.46662879,-2.23405695,3.79,39.856,51.383,1.490,306,26,39,,
T,2026-04-14 09:34:42,53.46664057,-2.23406981,3.79,40.177,51.383,1.370,325,25,40,,
T,2026-04-14 09:34:43,53.46665244,-2.23408246,3.79,40.294,51.383,1.320,321,25,40,,
T,2026-04-14 09:34:44,53.46666597,-2.23409239,3.79,40.025,51.383,1.370,333,24,39,,
T,2026-04-14 09:34:45,53.46667983,-2.23410179,3.79,40.292,51.383,1.360,339,23,39,,
T,2026-04-14 09:34:46,53.46669369,-2.23410923,3.79,40.548,51.383,1.350,342,23,39,,
T,2026-04-14 09:34:47,53.46671447,-2.23408381,3.79,40.371,51.383,2.460,39,22,39,,
T,2026-04-14 09:34:48,53.46672319,-2.23405630,3.79,38.744,51.383,1.460,67,21,39,,
T,2026-04-14 09:34:49,53.46673305,-2.23403707,3.79,37.656,51.383,1.400,50,21,41,,
T,2026-04-14 09:34:50,53.46675578,-2.23403822,3.79,39.276,51.383,2.190,355,21,41,,
T,2026-04-14 09:34:51,53.46677056,-2.23404852,3.79,39.711,51.383,1.350,336,20,41,,
T,2026-04-14 09:34:52,53.46678309,-2.23405689,3.79,39.753,51.383,1.270,337,19,40,,
T,2026-04-14 09:34:53,53.46679328,-2.23406864,3.79,40.265,51.383,1.240,315,19,39,,
T,2026-04-14 09:34:54,53.46680507,-2.23407563,3.79,40.509,51.383,1.140,325,18,39,,
T,2026-04-14 09:34:55,53.46681851,-2.23408132,3.79,40.400,51.383,1.250,338,18,39,,
T,2026-04-14 09:34:56,53.46683286,-2.23409057,3.79,40.780,51.383,1.310,341,18,38,,
T,2026-04-14 09:34:57,53.46684525,-2.23410121,3.79,40.828,51.383,1.220,333,18,38,,
T,2026-04-14 09:34:58,53.46685860,-2.23411026,3.79,40.824,51.383,1.270,341,18,38,,
T,2026-04-14 09:34:59,53.46687024,-2.23411970,3.79,40.989,51.383,1.270,333,18,39,,
T,2026-04-14 09:35:00,53.46688117,-2.23412972,3.79,41.021,51.383,1.270,328,17,40,,
T,2026-04-14 09:35:01,53.46689181,-2.23414090,3.79,40.835,51.383,1.270,329,17,41,,
T,2026-04-14 09:35:02,53.46690441,-2.23415019,3.79,40.584,51.383,1.340,340,17,42,,
T,2026-04-14 09:35:03,53.46691711,-2.23415999,3.79,40.663,51.383,1.290,334,19,42,,
T,2026-04-14 09:35:04,53.46693019,-2.23417046,3.82,40.933,51.383,1.280,330,20,42,,
T,2026-04-14 09:35:05,53.46694391,-2.23417628,3.79,40.749,51.383,1.330,340,22,43,,
T,2026-04-14 09:35:06,53.46695632,-2.23417999,3.80,40.930,51.383,1.250,345,25,43,,
T,2026-04-14 09:35:07,53.46696701,-2.23419102,3.79,41.161,51.383,1.370,328,28,42,,
T,2026-04-14 09:35:08,53.46697854,-2.23419974,3.93,40.786,51.383,1.390,340,32,42,,
T,2026-04-14 09:35:09,53.46698745,-2.23420797,3.82,40.278,51.383,1.330,325,32,42,,
T,2026-04-14 09:35:10,53.46699724,-2.23421748,3.85,40.459,51.383,1.300,327,33,42,,
T,2026-04-14 09:35:11,53.46700691,-2.23422867,4.12,40.321,51.383,1.280,324,33,42,,
T,2026-04-14 09:35:12,53.46701636,-2.23424276,4.25,40.084,51.383,1.310,317,32,42,,
T,2026-04-14 09:35:13,53.46702930,-2.23425161,4.13,40.073,51.383,1.380,336,32,42,,
T,2026-04-14 09:35:14,53.46704117,-2.23426100,4.29,39.793,51.383,1.310,329,31,42,,
T,2026-04-14 09:35:15,53.46705228,-2.23426923,4.17,40.010,51.383,1.300,329,31,41,,
T,2026-04-14 09:35:16,53.46706389,-2.23427547,4.03,39.895,51.383,1.310,334,31,41,,
T,2026-04-14 09:35:17,53.46707584,-2.23428536,3.79,40.124,51.383,1.320,327,30,41,,
T,2026-04-14 09:35:18,53.46708827,-2.23429155,3.79,41.001,51.383,1.300,333,28,41,,
T,2026-04-14 09:35:19,53.46710238,-2.23429694,3.79,41.200,51.383,1.300,339,28,41,,
T,2026-04-14 09:35:20,53.46711538,-2.23430019,3.79,40.765,51.383,1.290,340,25,41,,
T,2026-04-14 09:35:21,53.46712773,-2.23430668,4.10,40.686,51.383,1.300,333,26,41,,
T,2026-04-14 09:35:22,53.46714174,-2.23430826,4.23,40.713,51.383,1.360,350,24,41,,
T,2026-04-14 09:35:23,53.46715484,-2.23430079,4.33,40.368,51.383,1.340,11,24,41,,
T,2026-04-14 09:35:24,53.46716681,-2.23428695,4.59,40.316,51.383,1.330,25,25,40,,
T,2026-04-14 09:35:25,53.46718142,-2.23428421,4.71,40.259,51.383,1.400,2,24,39,,
T,2026-04-14 09:35:26,53.46719429,-2.23429264,4.87,38.879,51.383,1.430,330,23,38,,
T,2026-04-14 09:35:27,53.46720609,-2.23430100,4.95,38.564,51.383,1.260,333,22,39,,
T,2026-04-14 09:35:28,53.46721988,-2.23430468,5.18,37.876,51.384,1.330,349,23,40,,
T,2026-04-14 09:35:29,53.46723231,-2.23431604,5.02,37.222,51.384,1.340,330,23,40,,
T,2026-04-14 09:35:30,53.46724565,-2.23432924,4.99,37.305,51.384,1.280,332,24,41,,
T,2026-04-14 09:35:31,53.46725802,-2.23434037,5.21,36.840,51.384,1.290,334,24,39,,
T,2026-04-14 09:35:32,53.46726905,-2.23435541,5.15,35.591,51.384,1.380,316,24,38,,
T,2026-04-14 09:35:33,53.46728225,-2.23436462,4.71,35.362,51.384,1.400,337,26,38,,
T,2026-04-14 09:35:34,53.46729384,-2.23437601,4.60,35.314,51.384,1.360,322,25,39,,
T,2026-04-14 09:35:35,53.46730554,-2.23438368,4.36,35.900,51.384,1.350,334,23,39,,
T,2026-04-14 09:35:36,53.46731747,-2.23439152,4.50,36.546,51.384,1.310,333,23,40,,
T,2026-04-14 09:35:37,53.46732780,-2.23439874,4.39,36.938,51.384,1.270,335,22,39,,
T,2026-04-14 09:35:38,53.46733726,-2.23440643,4.41,36.913,51.384,1.230,333,21,39,,
T,2026-04-14 09:35:39,53.46734623,-2.23441492,4.30,37.321,51.384,1.210,331,21,40,,
T,2026-04-14 09:35:40,53.46735742,-2.23442093,3.95,36.581,51.384,1.340,346,20,38,,
T,2026-04-14 09:35:41,53.46736886,-2.23442525,4.10,36.109,51.384,1.290,355,20,38,,
T,2026-04-14 09:35:42,53.46738059,-2.23443438,4.32,35.697,51.384,1.380,338,22,39,,
T,2026-04-14 09:35:43,53.46739284,-2.23444062,4.58,35.518,51.384,1.400,354,22,40,,
T,2026-04-14 09:35:44,53.46740424,-2.23445307,4.86,35.650,51.384,1.420,335,21,40,,
T,2026-04-14 09:35:45,53.46741574,-2.23446277,4.46,35.401,51.384,1.370,335,22,40,,
T,2026-04-14 09:35:46,53.46742699,-2.23447319,4.47,35.204,51.384,1.360,335,23,40,,
T,2026-04-14 09:35:47,53.46743761,-2.23448848,4.38,34.933,51.384,1.430,322,23,40,,
T,2026-04-14 09:35:48,53.46745088,-2.23449515,4.67,33.965,51.384,1.480,345,24,41,,
T,2026-04-14 09:35:49,53.46746284,-2.23450585,4.95,33.607,51.384,1.410,330,23,41,,
T,2026-04-14 09:35:50,53.46747363,-2.23451831,5.01,33.817,51.384,1.390,326,23,41,,
T,2026-04-14 09:35:51,53.46748471,-2.23453034,5.25,33.520,51.384,1.390,330,22,41,,
T,2026-04-14 09:35:52,53.46749585,-2.23454188,5.49,33.248,51.384,1.390,330,22,41,,
T,2026-04-14 09:35:53,53.46750680,-2.23455585,4.59,33.620,51.384,1.400,326,22,42,,
T,2026-04-14 09:35:54,53.46751830,-2.23456614,4.48,33.671,51.384,1.410,334,21,42,,
T,2026-04-14 09:35:55,53.46752963,-2.23457608,4.87,34.324,51.384,1.380,332,21,42,,
T,2026-04-14 09:35:56,53.46753987,-2.23458780,4.75,33.645,51.384,1.380,330,21,42,,
T,2026-04-14 09:35:57,53.46755119,-2.23459836,4.52,33.562,51.384,1.370,333,22,42,,
T,2026-04-14 09:35:58,53.46756345,-2.23460739,4.38,32.869,51.384,1.390,339,23,42,,
T,2026-04-14 09:35:59,53.46757518,-2.23461761,4.19,32.606,51.384,1.390,336,23,42,,
T,2026-04-14 09:36:00,53.46758734,-2.23462844,4.18,31.978,51.384,1.420,335,22,42,,
T,2026-04-14 09:36:01,53.46759962,-2.23463836,4.51,31.672,51.384,1.410,338,21,42,,
T,2026-04-14 09:36:02,53.46761162,-2.23464990,4.58,31.625,51.384,1.440,330,20,42,,
T,2026-04-14 09:36:03,53.46762411,-2.23466062,4.94,31.539,51.384,1.430,333,20,42,,
T,2026-04-14 09:36:04,53.46763681,-2.23467019,4.83,31.642,51.384,1.420,335,20,42,,
T,2026-04-14 09:36:05,53.46764987,-2.23467878,5.10,31.545,51.384,1.420,336,20,42,,
T,2026-04-14 09:36:06,53.46766181,-2.23468836,5.52,31.603,51.384,1.400,337,21,41,,
T,2026-04-14 09:36:07,53.46767144,-2.23470452,4.98,32.426,51.384,1.380,330,21,41,,
T,2026-04-14 09:36:08,53.46768166,-2.23471699,5.35,32.208,51.384,1.380,333,23,41,,
T,2026-04-14 09:36:09,53.46769265,-2.23472715,5.82,32.430,51.384,1.370,334,25,41,,
T,2026-04-14 09:36:10,53.46770253,-2.23473881,5.98,32.632,51.384,1.370,324,25,42,,
T,2026-04-14 09:36:11,53.46771245,-2.23475013,6.42,32.300,51.384,1.350,327,25,42,,
T,2026-04-14 09:36:12,53.46772351,-2.23476247,6.65,32.615,51.384,1.360,331,25,42,,
T,2026-04-14 09:36:13,53.46773445,-2.23477256,7.25,32.651,51.384,1.350,335,25,42,,
T,2026-04-14 09:36:14,53.46774521,-2.23478309,7.30,32.646,51.384,1.360,329,26,42,,
T,2026-04-14 09:36:15,53.46775676,-2.23479858,5.44,33.805,51.385,1.340,335,23,42,,
T,2026-04-14 09:36:16,53.46776725,-2.23481210,4.86,33.942,51.385,1.360,329,27,42,,
T,2026-04-14 09:36:17,53.46777925,-2.23481830,4.49,33.433,51.385,1.400,345,30,42,,
T,2026-04-14 09:36:18,53.46778971,-2.23482849,4.82,33.222,51.385,1.360,335,30,42,,
T,2026-04-14 09:36:19,53.46779951,-2.23484017,4.76,33.137,51.385,1.340,335,30,42,,
T,2026-04-14 09:36:20,53.46780959,-2.23485495,4.73,33.175,51.385,1.360,329,30,42,,
T,2026-04-14 09:36:21,53.46781889,-2.23487008,4.81,33.613,51.385,1.360,331,30,42,,
T,2026-04-14 09:36:22,53.46782796,-2.23488562,4.79,34.461,51.385,1.350,327,32,42,,
T,2026-04-14 09:36:23,53.46783908,-2.23489627,4.87,34.385,51.385,1.380,337,30,42,,
T,2026-04-14 09:36:24,53.46784724,-2.23491542,4.98,35.163,51.385,1.360,331,31,42,,
T,2026-04-14 09:36:25,53.46785663,-2.23492915,5.07,35.075,51.385,1.350,335,32,42,,
T,2026-04-14 09:36:26,53.46786527,-2.23494466,5.14,35.212,51.385,1.380,329,31,42,,
T,2026-04-14 09:36:27,53.46787512,-2.23495714,5.21,34.951,51.385,1.360,331,31,42,,
T,2026-04-14 09:36:28,53.46788257,-2.23497385,5.36,34.914,51.385,1.370,326,29,42,,
T,2026-04-14 09:36:29,53.46789232,-2.23498755,5.43,35.034,51.385,1.370,331,28,42,,
T,2026-04-14 09:36:30,53.46790404,-2.23499984,5.48,35.090,51.385,1.350,332,28,42,,
T,2026-04-14 09:36:31,53.46791477,-2.23501155,5.45,35.237,51.385,1.350,333,27,42,,
T,2026-04-14 09:36:32,53.46792601,-2.23502247,5.29,35.800,51.385,1.340,334,27,42,,
T,2026-04-14 09:36:33,53.46793758,-2.23503451,5.12,36.071,51.385,1.440,329,27,42,,
T,2026-04-14 09:36:34,53.46794758,-2.23504869,4.99,36.301,51.385,1.370,324,26,42,,
T,2026-04-14 09:36:35,53.46795742,-2.23506520,4.47,36.933,51.385,1.380,333,28,42,,
T,2026-04-14 09:36:36,53.46796662,-2.23508112,4.31,37.298,51.385,1.340,327,30,42,,
T,2026-04-14 09:36:37,53.46797642,-2.23509422,4.27,37.851,51.385,1.350,334,30,42,,
T,2026-04-14 09:36:38,53.46798620,-2.23510907,4.01,38.339,51.385,1.370,334,29,42,,
T,2026-04-14 09:36:39,53.46799517,-2.23512975,4.02,38.785,51.385,1.390,329,29,42,,
T,2026-04-14 09:36:40,53.46800461,-2.23514649,4.23,38.811,51.385,1.370,327,28,42,,
T,2026-04-14 09:36:41,53.46801356,-2.23516255,4.45,39.085,51.385,1.360,322,26,42,,
T,2026-04-14 09:36:42,53.46802409,-2.23517528,4.33,39.721,51.385,1.400,334,25,42,,
T,2026-04-14 09:36:43,53.46803443,-2.23518575,4.21,40.256,51.385,1.380,332,26,42,,
T,2026-04-14 09:36:44,53.46804386,-2.23519730,3.97,39.886,51.385,1.370,331,26,42,,
T,2026-04-14 09:36:45,53.46805218,-2.23521001,3.94,39.736,51.385,1.360,332,26,42,,
T,2026-04-14 09:36:46,53.46806159,-2.23522276,3.79,39.921,51.385,1.400,332,26,42,,
T,2026-04-14 09:36:47,53.46807091,-2.23523484,3.79,39.815,51.385,1.330,331,26,42,,
T,2026-04-14 09:36:48,53.46808236,-2.23524451,3.79,40.043,51.385,1.370,337,25,42,,
T,2026-04-14 09:36:49,53.46809330,-2.23525484,3.79,40.080,51.385,1.350,337,25,42,,
T,2026-04-14 09:36:50,53.46810235,-2.23526642,3.79,39.976,51.385,1.350,336,25,42,,
T,2026-04-14 09:36:51,53.46811163,-2.23527901,3.79,40.057,51.385,1.330,332,25,42,,
T,2026-04-14 09:36:52,53.46812101,-2.23529406,3.79,39.671,51.386,1.350,331,25,42,,
T,2026-04-14 09:36:53,53.46813136,-2.23530803,3.79,40.069,51.386,1.360,329,26,42,,
T,2026-04-14 09:36:54,53.46814186,-2.23532219,3.79,40.278,51.386,1.370,324,27,42,,
T,2026-04-14 09:36:55,53.46815240,-2.23533524,3.79,40.338,51.386,1.360,328,29,41,,
T,2026-04-14 09:36:56,53.46816343,-2.23534720,3.79,40.279,51.386,1.360,329,29,41,,
T,2026-04-14 09:36:57,53.46817427,-2.23535844,3.79,40.439,51.386,1.370,329,30,41,,
T,2026-04-14 09:36:58,53.46819258,-2.23534564,3.79,39.570,51.386,1.910,17,30,41,,
T,2026-04-14 09:36:59,53.46820716,-2.23534595,3.79,40.307,51.386,1.460,350,29,41,,
T,2026-04-14 09:37:00,53.46821987,-2.23534979,3.79,40.346,51.386,1.370,350,28,41,,
T,2026-04-14 09:37:01,53.46823183,-2.23535934,3.79,40.620,51.386,1.390,337,28,41,,
T,2026-04-14 09:37:02,53.46824196,-2.23537325,3.79,40.714,51.386,1.380,329,27,41,,
T,2026-04-14 09:37:03,53.46825268,-2.23538666,3.79,41.176,51.386,1.390,331,25,42,,
T,2026-04-14 09:37:04,53.46826379,-2.23540003,3.79,41.361,51.386,1.390,332,25,42,,
T,2026-04-14 09:37:05,53.46827528,-2.23541322,3.79,41.902,51.386,1.420,328,27,42,,
T,2026-04-14 09:37:06,53.46828504,-2.23542584,4.04,41.904,51.386,1.400,330,27,42,,
T,2026-04-14 09:37:07,53.46829487,-2.23544031,4.21,42.016,51.386,1.400,322,28,42,,
T,2026-04-14 09:37:08,53.46830480,-2.23545174,4.58,42.017,51.386,1.400,327,27,42,,
T,2026-04-14 09:37:09,53.46831548,-2.23546245,5.08,42.031,51.386,1.390,330,31,42,,
T,2026-04-14 09:37:10,53.46833019,-2.23546942,5.09,42.558,51.386,1.460,343,31,41,,
T,2026-04-14 09:37:11,53.46834477,-2.23547179,4.93,42.490,51.386,1.360,350,31,41,,
T,2026-04-14 09:37:12,53.46835790,-2.23548270,5.18,43.253,51.386,1.480,329,31,41,,
T,2026-04-14 09:37:13,53.46837677,-2.23546551,5.22,41.798,51.386,1.560,357,28,41,,
T,2026-04-14 09:37:14,53.46839171,-2.23545800,5.72,41.692,51.386,1.350,353,26,41,,
T,2026-04-14 09:37:15,53.46840714,-2.23543893,5.38,40.307,51.386,1.320,12,25,41,,
T,2026-04-14 09:37:16,53.46842029,-2.23541613,4.97,40.669,51.386,1.280,26,24,42,,
T,2026-04-14 09:37:17,53.46843220,-2.23539798,4.49,40.483,51.386,1.210,19,24,42,,
T,2026-04-14 09:37:18,53.46844191,-2.23537327,4.37,40.678,51.386,1.370,48,23,42,,
T,2026-04-14 09:37:19,53.46844543,-2.23534598,4.15,40.479,51.386,1.420,78,22,42,,
T,2026-04-14 09:37:20,53.46844794,-2.23532377,4.03,40.186,51.386,1.180,82,22,41,,
T,2026-04-14 09:37:21,53.46845465,-2.23530070,4.29,39.472,51.386,1.240,70,22,41,,
T,2026-04-14 09:37:22,53.46845848,-2.23527957,4.34,39.232,51.386,1.220,82,20,40,,
T,2026-04-14 09:37:23,53.46846343,-2.23526047,4.48,39.117,51.386,1.240,71,19,40,,
T,2026-04-14 09:37:24,53.46847178,-2.23524536,4.53,39.021,51.386,1.310,51,19,40,,
T,2026-04-14 09:37:25,53.46850451,-2.23527174,4.34,39.232,51.386,5.130,335,18,40,,
T,2026-04-14 09:37:26,53.46850191,-2.23532434,4.31,44.981,51.386,3.450,268,18,40,,
T,2026-04-14 09:37:27,53.46849770,-2.23537019,4.32,48.653,51.386,2.880,273,19,40,,
T,2026-04-14 09:37:28,53.46849516,-2.23537092,4.21,46.660,51.386,0.240,273,19,40,,
T,2026-04-14 09:37:29,53.46849479,-2.23536492,4.49,47.113,51.386,0.240,273,22,40,,
T,2026-04-14 09:37:30,53.46849291,-2.23535438,4.31,47.112,51.386,0.000,,23,41,,
T,2026-04-14 09:37:31,53.46849710,-2.23533801,4.21,46.868,51.386,0.890,59,25,41,,
T,2026-04-14 09:37:32,53.46850216,-2.23532192,4.35,46.703,51.386,0.710,57,26,41,,
T,2026-04-14 09:37:33,53.46855760,-2.23532158,5.04,47.225,51.386,3.960,359,27,41,,
T,2026-04-14 09:37:34,53.46857908,-2.23529855,4.56,48.065,51.386,2.010,22,27,41,,
T,2026-04-14 09:37:35,53.46859416,-2.23527605,4.83,49.360,51.386,1.820,26,26,41,,
T,2026-04-14 09:37:36,53.46861220,-2.23527363,4.95,51.548,51.386,2.120,348,26,41,,
T,2026-04-14 09:37:37,53.46860660,-2.23526941,4.81,49.649,51.386,0.000,,23,40,,
T,2026-04-14 09:37:38,53.46860436,-2.23526824,4.82,49.620,51.386,0.000,,22,39,,
T,2026-04-14 09:37:39,53.46860381,-2.23526782,4.73,49.621,51.386,0.000,,21,39,,
T,2026-04-14 09:37:40,53.46860369,-2.23526763,4.72,49.626,51.386,0.000,,22,39,,
T,2026-04-14 09:37:41,53.46860366,-2.23526749,4.65,49.629,51.386,0.000,,20,38,,
T,2026-04-14 09:37:42,53.46860366,-2.23526738,4.53,49.631,51.386,0.000,,22,40,,
T,2026-04-14 09:37:43,53.46860367,-2.23526728,4.49,49.638,51.386,0.000,,22,41,,
T,2026-04-14 09:37:44,53.46860367,-2.23526724,4.41,49.640,51.386,0.000,,22,41,,
T,2026-04-14 09:37:45,53.46860366,-2.23526721,4.35,49.640,51.386,0.000,,21,41,,
T,2026-04-14 09:37:46,53.46860365,-2.23526715,4.26,49.638,51.386,0.000,,22,41,,
T,2026-04-14 09:37:47,53.46860364,-2.23526711,4.10,49.639,51.386,0.000,,23,41,,
T,2026-04-14 09:37:48,53.46860365,-2.23526706,4.21,49.637,51.386,0.000,,22,41,,
T,2026-04-14 09:37:49,53.46860365,-2.23526702,4.26,49.638,51.386,0.000,,23,41,,
T,2026-04-14 09:37:50,53.46860363,-2.23526699,4.28,49.637,51.386,0.000,,22,41,,
T,2026-04-14 09:37:51,53.46860363,-2.23526694,4.31,49.638,51.386,0.000,,23,41,,
T,2026-04-14 09:37:52,53.46860361,-2.23526687,4.41,49.633,51.386,0.000,,19,41,,
T,2026-04-14 09:37:53,53.46860359,-2.23526682,4.47,49.629,51.386,0.000,,18,41,,
T,2026-04-14 09:37:54,53.46860344,-2.23526657,4.42,49.649,51.386,0.000,,18,41,,
T,2026-04-14 09:37:55,53.46860340,-2.23526647,4.39,49.653,51.386,0.000,,17,41,,
T,2026-04-14 09:37:56,53.46860338,-2.23526637,4.37,49.654,51.386,0.000,,18,41,,
T,2026-04-14 09:37:57,53.46860327,-2.23526602,4.49,49.654,51.386,0.000,,17,41,,
T,2026-04-14 09:37:58,53.46860324,-2.23526591,4.60,49.654,51.386,0.000,,17,41,,
T,2026-04-14 09:37:59,53.46860325,-2.23526598,4.62,49.650,51.386,0.000,,17,41,,
T,2026-04-14 09:38:00,53.46860314,-2.23526553,4.61,49.654,51.386,0.000,,17,41,,
T,2026-04-14 09:38:01,53.46860328,-2.23526533,4.61,49.672,51.386,0.000,,17,41,,
T,2026-04-14 09:38:02,53.46860329,-2.23526469,4.63,49.666,51.386,0.000,,19,41,,
T,2026-04-14 09:38:03,53.46860329,-2.23526450,4.68,49.667,51.386,0.000,,20,41,,
T,2026-04-14 09:38:04,53.46860329,-2.23526443,4.72,49.667,51.386,0.000,,21,41,,
T,2026-04-14 09:38:05,53.46860328,-2.23526436,4.79,49.662,51.386,0.000,,21,41,,
T,2026-04-14 09:38:06,53.46860328,-2.23526431,4.81,49.660,51.386,0.000,,21,41,,
T,2026-04-14 09:38:07,53.46860328,-2.23526424,4.86,49.658,51.386,0.000,,22,41,,
T,2026-04-14 09:38:08,53.46860326,-2.23526419,4.91,49.658,51.386,0.000,,22,41,,
T,2026-04-14 09:38:09,53.46860327,-2.23526417,5.00,49.655,51.386,0.000,,22,41,,
T,2026-04-14 09:38:10,53.46860330,-2.23526414,5.03,49.649,51.386,0.000,,21,41,,
T,2026-04-14 09:38:11,53.46860331,-2.23526412,5.16,49.645,51.386,0.000,,19,41,,
T,2026-04-14 09:38:12,53.46860240,-2.23526492,5.34,49.798,51.386,0.000,,19,41,,
T,2026-04-14 09:38:13,53.46860106,-2.23526493,10.65,49.021,51.386,0.000,,18,41,,
T,2026-04-14 09:38:14,53.46860126,-2.23526530,10.70,49.180,51.386,0.000,,19,40,,
T,2026-04-14 09:38:15,53.46860130,-2.23526537,10.67,49.180,51.386,0.000,,23,40,,
T,2026-04-14 09:38:16,53.46860145,-2.23526545,10.62,49.190,51.386,0.000,,23,40,,
T,2026-04-14 09:38:17,53.46860148,-2.23526544,10.64,49.191,51.386,0.000,,24,40,,
T,2026-04-14 09:38:18,53.46860166,-2.23526550,10.57,49.192,51.386,0.000,,24,40,,
T,2026-04-14 09:38:19,53.46860169,-2.23526550,10.58,49.189,51.386,0.000,,24,40,,
T,2026-04-14 09:38:20,53.46860170,-2.23526546,10.51,49.184,51.386,0.000,,25,40,,
T,2026-04-14 09:38:21,53.46860175,-2.23526546,10.51,49.178,51.386,0.000,,22,40,,
T,2026-04-14 09:38:22,53.46860189,-2.23526554,10.51,49.197,51.386,0.000,,23,40,,
T,2026-04-14 09:38:23,53.46860196,-2.23526562,10.51,49.198,51.386,0.000,,23,40,,
T,2026-04-14 09:38:24,53.46860197,-2.23526566,10.57,49.194,51.386,0.000,,23,40,,
T,2026-04-14 09:38:25,53.46860196,-2.23526567,10.60,49.189,51.386,0.000,,23,40,,
T,2026-04-14 09:38:26,53.46860198,-2.23526567,10.62,49.187,51.386,0.000,,22,40,,
T,2026-04-14 09:38:27,53.46860199,-2.23526565,10.62,49.186,51.386,0.000,,23,40,,
T,2026-04-14 09:38:28,53.46860199,-2.23526566,10.60,49.184,51.386,0.000,,21,40,,
T,2026-04-14 09:38:29,53.46860199,-2.23526571,10.59,49.183,51.386,0.000,,21,40,,
T,2026-04-14 09:38:30,53.46860198,-2.23526574,10.58,49.183,51.386,0.000,,17,40,,
T,2026-04-14 09:38:31,53.46860198,-2.23526573,10.56,49.182,51.386,0.000,,17,40,,
T,2026-04-14 09:38:32,53.46860197,-2.23526574,10.61,49.179,51.386,0.000,,16,40,,
T,2026-04-14 09:38:33,53.46860196,-2.23526575,10.63,49.177,51.386,0.000,,19,40,,
T,2026-04-14 09:38:34,53.46860195,-2.23526577,10.53,49.174,51.386,0.000,,18,40,,
T,2026-04-14 09:38:35,53.46860195,-2.23526577,10.58,49.174,51.386,0.000,,16,40,,
T,2026-04-14 09:38:36,53.46860195,-2.23526577,10.59,49.173,51.386,0.000,,17,40,,
T,2026-04-14 09:38:37,53.46860196,-2.23526576,10.51,49.171,51.386,0.000,,17,40,,
T,2026-04-14 09:38:38,53.46860195,-2.23526576,10.53,49.170,51.386,0.000,,16,40,,
T,2026-04-14 09:38:39,53.46860195,-2.23526576,10.52,49.171,51.386,0.000,,15,40,,
T,2026-04-14 09:38:40,53.46860194,-2.23526576,10.51,49.168,51.386,0.000,,16,40,,
T,2026-04-14 09:38:41,53.46860195,-2.23526572,10.53,49.166,51.386,0.000,,18,40,,
T,2026-04-14 09:38:42,53.46860195,-2.23526571,10.52,49.165,51.386,0.000,,19,41,,
T,2026-04-14 09:38:43,53.46860196,-2.23526570,10.51,49.164,51.386,0.000,,19,41,,
T,2026-04-14 09:38:44,53.46860197,-2.23526570,10.55,49.165,51.386,0.000,,18,41,,
T,2026-04-14 09:38:45,53.46860297,-2.23526549,10.89,48.992,51.386,0.000,,18,41,,
T,2026-04-14 09:38:46,53.46860329,-2.23526494,10.58,48.993,51.386,0.000,,17,41,,
T,2026-04-14 09:38:47,53.46860332,-2.23526481,10.71,48.992,51.386,0.000,,16,41,,
T,2026-04-14 09:38:48,53.46860434,-2.23526777,10.98,48.985,51.386,0.290,349,16,41,,
T,2026-04-14 09:38:49,53.46860778,-2.23526763,10.97,48.682,51.386,0.470,349,16,41,,
T,2026-04-14 09:38:50,53.46861288,-2.23525917,10.69,48.467,51.386,0.560,349,19,41,,
T,2026-04-14 09:38:51,53.46861940,-2.23524654,10.61,48.020,51.386,0.820,35,22,41,,
T,2026-04-14 09:38:52,53.46862280,-2.23523000,10.64,48.536,51.386,0.880,63,22,41,,
T,2026-04-14 09:38:53,53.46862336,-2.23521699,11.05,48.577,51.385,0.510,63,24,41,,
T,2026-04-14 09:38:54,53.46862800,-2.23521391,11.13,48.925,51.385,0.720,63,24,41,,
T,2026-04-14 09:38:55,53.46862612,-2.23521411,11.03,48.857,51.385,0.000,,24,41,,
T,2026-04-14 09:38:56,53.46862555,-2.23521401,11.11,48.895,51.385,0.000,,24,41,,
T,2026-04-14 09:38:57,53.46862563,-2.23521410,11.15,48.927,51.385,0.000,,24,41,,
T,2026-04-14 09:38:58,53.46862585,-2.23521420,11.18,48.957,51.385,0.000,,25,42,,
T,2026-04-14 09:38:59,53.46862622,-2.23521434,11.09,48.998,51.385,0.000,,23,42,,
T,2026-04-14 09:39:00,53.46862523,-2.23521649,11.21,48.673,51.385,0.230,63,21,41,,
T,2026-04-14 09:39:01,53.46862167,-2.23522152,11.44,48.401,51.385,0.430,63,23,41,,
T,2026-04-14 09:39:02,53.46861758,-2.23522393,11.30,48.081,51.386,0.000,,24,41,,
T,2026-04-14 09:39:03,53.46861643,-2.23522510,11.32,48.083,51.386,0.000,,25,41,,
T,2026-04-14 09:39:04,53.46861610,-2.23522541,11.36,48.078,51.386,0.000,,25,42,,
T,2026-04-14 09:39:05,53.46861596,-2.23522551,11.38,48.071,51.386,0.000,,24,42,,
T,2026-04-14 09:39:06,53.46861586,-2.23522551,11.39,48.066,51.386,0.000,,23,42,,
T,2026-04-14 09:39:07,53.46861578,-2.23522550,11.23,48.061,51.386,0.000,,22,42,,
T,2026-04-14 09:39:08,53.46861573,-2.23522551,11.10,48.060,51.386,0.000,,21,42,,
T,2026-04-14 09:39:09,53.46861588,-2.23522575,10.97,48.072,51.386,0.000,,23,42,,
T,2026-04-14 09:39:10,53.46861589,-2.23522580,10.86,48.069,51.386,0.000,,23,42,,
T,2026-04-14 09:39:11,53.46861599,-2.23522598,10.80,48.083,51.386,0.000,,25,42,,
T,2026-04-14 09:39:12,53.46861622,-2.23522626,10.83,48.099,51.386,0.000,,25,41,,
T,2026-04-14 09:39:13,53.46861633,-2.23522642,10.85,48.104,51.386,0.000,,25,41,,
T,2026-04-14 09:39:14,53.46861626,-2.23522636,10.83,48.103,51.386,0.000,,25,41,,
T,2026-04-14 09:39:15,53.46861586,-2.23522704,10.96,47.806,51.386,0.210,63,23,42,,
T,2026-04-14 09:39:16,53.46861220,-2.23521682,10.78,47.740,51.385,0.350,63,22,42,,
T,2026-04-14 09:39:17,53.46861345,-2.23520450,10.94,47.621,51.385,0.570,63,22,42,,
T,2026-04-14 09:39:18,53.46861346,-2.23519244,10.68,47.672,51.385,0.360,63,23,42,,
T,2026-04-14 09:39:19,53.46860941,-2.23518470,10.77,46.845,51.385,0.240,63,24,42,,
T,2026-04-14 09:39:20,53.46860188,-2.23518050,11.14,46.331,51.385,0.340,63,21,42,,
T,2026-04-14 09:39:21,53.46859561,-2.23517827,10.59,46.329,51.385,0.000,,19,41,,
T,2026-04-14 09:39:22,53.46859448,-2.23517806,10.53,46.354,51.385,0.000,,22,41,,
T,2026-04-14 09:39:23,53.46859447,-2.23517826,10.53,46.378,51.385,0.000,,23,42,,
T,2026-04-14 09:39:24,53.46859454,-2.23517840,10.59,46.386,51.385,0.000,,23,42,,
T,2026-04-14 09:39:25,53.46859451,-2.23517841,10.51,46.383,51.385,0.000,,22,42,,
T,2026-04-14 09:39:26,53.46859457,-2.23517851,10.50,46.389,51.385,0.000,,22,42,,
T,2026-04-14 09:39:27,53.46859454,-2.23517852,10.43,46.386,51.385,0.000,,25,41,,
T,2026-04-14 09:39:28,53.46859448,-2.23517852,10.26,46.381,51.385,0.000,,26,41,,
T,2026-04-14 09:39:29,53.46859442,-2.23517851,10.17,46.377,51.385,0.000,,27,41,,
T,2026-04-14 09:39:30,53.46859450,-2.23517860,10.18,46.385,51.385,0.000,,25,42,,
T,2026-04-14 09:39:31,53.46859459,-2.23517873,10.18,46.389,51.385,0.000,,25,42,,
T,2026-04-14 09:39:32,53.46859472,-2.23517886,10.19,46.395,51.385,0.000,,25,42,,
T,2026-04-14 09:39:33,53.46859484,-2.23517900,10.22,46.403,51.385,0.000,,25,42,,
T,2026-04-14 09:39:34,53.46859484,-2.23517903,10.16,46.397,51.385,0.000,,23,41,,
T,2026-04-14 09:39:35,53.46859479,-2.23517903,10.12,46.390,51.385,0.000,,24,41,,
T,2026-04-14 09:39:36,53.46859504,-2.23517930,10.41,46.416,51.385,0.000,,23,41,,
T,2026-04-14 09:39:37,53.46859517,-2.23517945,10.40,46.420,51.385,0.000,,27,42,,
T,2026-04-14 09:39:38,53.46859534,-2.23517963,10.50,46.434,51.385,0.000,,27,42,,
T,2026-04-14 09:39:39,53.46859556,-2.23517991,10.55,46.449,51.385,0.000,,26,42,,
T,2026-04-14 09:39:40,53.46859580,-2.23518019,10.70,46.448,51.385,0.000,,30,42,,
T,2026-04-14 09:39:41,53.46859607,-2.23518048,10.75,46.469,51.385,0.000,,29,42,,
T,2026-04-14 09:39:42,53.46859629,-2.23518076,10.76,46.486,51.385,0.000,,29,42,,
T,2026-04-14 09:39:43,53.46859641,-2.23518096,10.81,46.503,51.385,0.000,,30,42,,
T,2026-04-14 09:39:44,53.46859634,-2.23518100,10.78,46.500,51.385,0.000,,27,42,,
T,2026-04-14 09:39:45,53.46859633,-2.23518109,10.77,46.509,51.385,0.000,,25,42,,
T,2026-04-14 09:39:46,53.46859626,-2.23518110,10.78,46.513,51.385,0.000,,27,42,,
T,2026-04-14 09:39:47,53.46859379,-2.23517805,10.81,46.397,51.385,0.370,63,27,42,,
T,2026-04-14 09:39:48,53.46858902,-2.23517870,10.97,46.664,51.385,0.460,63,31,42,,
T,2026-04-14 09:39:49,53.46858565,-2.23517974,11.01,46.940,51.385,0.000,,31,42,,
T,2026-04-14 09:39:50,53.46858548,-2.23518133,10.96,46.617,51.385,0.000,,29,42,,
T,2026-04-14 09:39:51,53.46858566,-2.23518222,10.99,46.646,51.385,0.000,,27,42,,
T,2026-04-14 09:39:52,53.46858590,-2.23518261,10.95,46.664,51.385,0.000,,26,42,,
T,2026-04-14 09:39:53,53.46858619,-2.23518289,10.89,46.672,51.385,0.000,,25,42,,
T,2026-04-14 09:39:54,53.46858645,-2.23518313,10.83,46.676,51.385,0.000,,25,42,,
T,2026-04-14 09:39:55,53.46858673,-2.23518344,10.77,46.686,51.385,0.000,,25,42,,
T,2026-04-14 09:39:56,53.46858687,-2.23518357,10.77,46.678,51.385,0.000,,23,42,,
T,2026-04-14 09:39:57,53.46858694,-2.23518363,10.72,46.672,51.385,0.000,,23,42,,
T,2026-04-14 09:39:58,53.46858727,-2.23518390,10.72,46.704,51.385,0.000,,22,42,,
T,2026-04-14 09:39:59,53.46858764,-2.23518424,10.68,46.720,51.385,0.000,,22,42,,
T,2026-04-14 09:40:00,53.46858794,-2.23518455,10.65,46.737,51.385,0.000,,23,42,,
T,2026-04-14 09:40:01,53.46858829,-2.23518489,10.62,46.759,51.385,0.000,,24,42,,
T,2026-04-14 09:40:02,53.46858857,-2.23518519,10.58,46.778,51.385,0.000,,24,42,,
T,2026-04-14 09:40:03,53.46858885,-2.23518548,10.54,46.790,51.385,0.000,,24,42,,
T,2026-04-14 09:40:04,53.46858914,-2.23518578,10.48,46.808,51.385,0.000,,24,42,,
T,2026-04-14 09:40:05,53.46858944,-2.23518605,10.46,46.826,51.385,0.000,,23,42,,
T,2026-04-14 09:40:06,53.46858967,-2.23518626,10.46,46.839,51.385,0.000,,23,42,,
T,2026-04-14 09:40:07,53.46858968,-2.23518634,10.50,46.833,51.385,0.000,,22,42,,
T,2026-04-14 09:40:08,53.46858926,-2.23518748,10.49,46.656,51.385,0.280,63,24,42,,
T,2026-04-14 09:40:09,53.46858974,-2.23518746,10.52,46.677,51.385,0.000,,27,42,,
T,2026-04-14 09:40:10,53.46858987,-2.23518796,10.57,46.715,51.385,0.000,,28,42,,
T,2026-04-14 09:40:11,53.46859012,-2.23518827,10.61,46.737,51.385,0.000,,30,42,,
T,2026-04-14 09:40:12,53.46859027,-2.23518848,10.64,46.751,51.385,0.000,,30,41,,
T,2026-04-14 09:40:13,53.46859045,-2.23518880,10.64,46.777,51.385,0.000,,29,41,,
T,2026-04-14 09:40:14,53.46859056,-2.23518917,10.63,46.797,51.385,0.000,,28,41,,
T,2026-04-14 09:40:15,53.46859068,-2.23518947,10.63,46.822,51.385,0.000,,28,41,,
T,2026-04-14 09:40:16,53.46859081,-2.23518971,10.61,46.843,51.385,0.000,,28,41,,
T,2026-04-14 09:40:17,53.46859098,-2.23519015,10.59,46.879,51.385,0.000,,27,40,,
T,2026-04-14 09:40:18,53.46859113,-2.23519062,10.58,46.908,51.385,0.000,,26,39,,
T,2026-04-14 09:40:19,53.46859117,-2.23519071,10.58,46.910,51.385,0.000,,27,39,,
T,2026-04-14 09:40:20,53.46859119,-2.23519074,10.55,46.912,51.385,0.000,,26,40,,
T,2026-04-14 09:40:21,53.46859119,-2.23519074,10.52,46.914,51.385,0.000,,26,40,,
T,2026-04-14 09:40:22,53.46859121,-2.23519072,10.51,46.916,51.385,0.000,,25,41,,
T,2026-04-14 09:40:23,53.46859121,-2.23519072,10.46,46.916,51.385,0.000,,23,41,,
T,2026-04-14 09:40:24,53.46859274,-2.23519019,10.55,47.129,51.385,0.000,,24,41,,
T,2026-04-14 09:40:25,53.46859379,-2.23519041,10.52,47.154,51.385,0.000,,23,41,,
T,2026-04-14 09:40:26,53.46859419,-2.23519064,10.57,47.173,51.385,0.000,,25,41,,
T,2026-04-14 09:40:27,53.46859442,-2.23519076,10.58,47.186,51.385,0.000,,26,41,,
T,2026-04-14 09:40:28,53.46859458,-2.23519084,10.53,47.197,51.385,0.000,,27,41,,
T,2026-04-14 09:40:29,53.46859462,-2.23519085,10.47,47.200,51.385,0.000,,25,41,,
T,2026-04-14 09:40:30,53.46859469,-2.23519088,10.44,47.211,51.385,0.000,,24,41,,
T,2026-04-14 09:40:31,53.46859470,-2.23519088,10.43,47.208,51.385,0.000,,26,41,,
T,2026-04-14 09:40:32,53.46859469,-2.23519087,10.41,47.203,51.385,0.000,,26,41,,
T,2026-04-14 09:40:33,53.46859478,-2.23519101,10.38,47.218,51.385,0.000,,26,41,,
T,2026-04-14 09:40:34,53.46859477,-2.23519105,10.40,47.215,51.385,0.000,,23,40,,
T,2026-04-14 09:40:35,53.46859475,-2.23519107,10.42,47.217,51.385,0.000,,24,40,,
T,2026-04-14 09:40:36,53.46859472,-2.23519109,10.44,47.217,51.385,0.000,,24,41,,
T,2026-04-14 09:40:37,53.46859468,-2.23519111,10.48,47.216,51.385,0.000,,22,41,,
T,2026-04-14 09:40:38,53.46859463,-2.23519112,10.49,47.214,51.385,0.000,,21,41,,
T,2026-04-14 09:40:39,53.46859459,-2.23519113,10.45,47.213,51.385,0.000,,20,41,,
T,2026-04-14 09:40:40,53.46859457,-2.23519113,10.49,47.212,51.385,0.000,,17,41,,
T,2026-04-14 09:40:41,53.46859452,-2.23519113,10.46,47.207,51.385,0.000,,17,41,,
T,2026-04-14 09:40:42,53.46859447,-2.23519113,10.50,47.204,51.385,0.000,,19,41,,
T,2026-04-14 09:40:43,53.46859443,-2.23519113,10.46,47.201,51.385,0.000,,19,41,,
T,2026-04-14 09:40:44,53.46859438,-2.23519112,10.48,47.198,51.385,0.000,,19,41,,
T,2026-04-14 09:40:45,53.46859444,-2.23519118,10.35,47.214,51.385,0.000,,20,40,,
T,2026-04-14 09:40:46,53.46859439,-2.23519116,10.21,47.216,51.385,0.000,,22,40,,
T,2026-04-14 09:40:47,53.46859439,-2.23519121,10.21,47.224,51.385,0.000,,22,40,,
T,2026-04-14 09:40:48,53.46859436,-2.23519128,10.22,47.232,51.385,0.000,,23,39,,
T,2026-04-14 09:40:49,53.46859451,-2.23519155,10.21,47.262,51.385,0.000,,23,39,,
T,2026-04-14 09:40:50,53.46859458,-2.23519170,10.25,47.270,51.385,0.000,,27,39,,
T,2026-04-14 09:40:51,53.46859465,-2.23519179,10.28,47.278,51.385,0.000,,27,39,,
T,2026-04-14 09:40:52,53.46859483,-2.23519204,10.27,47.299,51.385,0.000,,27,40,,
T,2026-04-14 09:40:53,53.46859505,-2.23519234,10.23,47.329,51.385,0.000,,27,40,,
T,2026-04-14 09:40:54,53.46859527,-2.23519270,10.24,47.365,51.385,0.000,,25,41,,
T,2026-04-14 09:40:55,53.46859546,-2.23519299,10.24,47.397,51.385,0.000,,26,41,,
T,2026-04-14 09:40:56,53.46859551,-2.23519312,10.20,47.414,51.385,0.000,,23,41,,
T,2026-04-14 09:40:57,53.46859549,-2.23519313,10.21,47.412,51.385,0.000,,24,41,,
T,2026-04-14 09:40:58,53.46859554,-2.23519317,10.17,47.418,51.385,0.000,,25,40,,
T,2026-04-14 09:40:59,53.46859562,-2.23519322,10.12,47.425,51.385,0.000,,26,40,,
T,2026-04-14 09:41:00,53.46859582,-2.23519346,10.08,47.444,51.385,0.000,,23,40,,
T,2026-04-14 09:41:01,53.46859604,-2.23519375,10.05,47.463,51.385,0.000,,23,40,,
T,2026-04-14 09:41:02,53.46859612,-2.23519386,9.94,47.465,51.385,0.000,,22,40,,
T,2026-04-14 09:41:03,53.46859630,-2.23519410,9.94,47.487,51.385,0.000,,18,40,,
T,2026-04-14 09:41:04,53.46859631,-2.23519419,10.02,47.488,51.385,0.000,,19,40,,
T,2026-04-14 09:41:05,53.46859628,-2.23519423,10.07,47.489,51.385,0.000,,19,40,,
T,2026-04-14 09:41:06,53.46859624,-2.23519426,10.07,47.490,51.385,0.000,,19,40,,
T,2026-04-14 09:41:07,53.46859632,-2.23519442,9.96,47.507,51.385,0.000,,20,40,,
T,2026-04-14 09:41:08,53.46859630,-2.23519447,9.94,47.505,51.385,0.000,,21,41,,
T,2026-04-14 09:41:09,53.46859626,-2.23519449,9.94,47.506,51.385,0.000,,21,41,,
T,2026-04-14 09:41:10,53.46859620,-2.23519450,9.94,47.507,51.385,0.000,,21,41,,
T,2026-04-14 09:41:11,53.46859614,-2.23519451,9.94,47.508,51.385,0.000,,22,41,,
T,2026-04-14 09:41:12,53.46859608,-2.23519452,9.94,47.508,51.385,0.000,,21,41,,
T,2026-04-14 09:41:13,53.46859601,-2.23519452,9.94,47.509,51.385,0.000,,20,41,,
T,2026-04-14 09:41:14,53.46859595,-2.23519453,9.94,47.508,51.385,0.000,,20,41,,
T,2026-04-14 09:41:15,53.46859586,-2.23519453,9.94,47.507,51.385,0.000,,21,41,,
T,2026-04-14 09:41:16,53.46859578,-2.23519453,9.94,47.506,51.385,0.000,,21,40,,
T,2026-04-14 09:41:17,53.46859571,-2.23519453,9.94,47.506,51.385,0.000,,20,40,,
T,2026-04-14 09:41:18,53.46859564,-2.23519453,10.10,47.505,51.385,0.000,,20,40,,
T,2026-04-14 09:41:19,53.46859559,-2.23519454,10.21,47.505,51.385,0.000,,19,40,,
T,2026-04-14 09:41:20,53.46859551,-2.23519453,10.24,47.507,51.385,0.000,,18,40,,
T,2026-04-14 09:41:21,53.46859545,-2.23519453,10.44,47.508,51.385,0.000,,17,40,,
T,2026-04-14 09:41:22,53.46859540,-2.23519452,10.29,47.508,51.385,0.000,,16,41,,
T,2026-04-14 09:41:23,53.46859535,-2.23519448,10.29,47.505,51.385,0.000,,17,41,,
T,2026-04-14 09:41:24,53.46859527,-2.23519445,10.33,47.502,51.385,0.000,,20,40,,
T,2026-04-14 09:41:25,53.46859526,-2.23519437,10.21,47.501,51.385,0.000,,21,40,,
T,2026-04-14 09:41:26,53.46859542,-2.23519446,10.26,47.515,51.385,0.000,,24,40,,
T,2026-04-14 09:41:27,53.46859553,-2.23519440,10.33,47.514,51.385,0.000,,24,40,,
T,2026-04-14 09:41:28,53.46859560,-2.23519433,10.41,47.505,51.385,0.000,,24,40,,
T,2026-04-14 09:41:29,53.46859566,-2.23519426,10.46,47.497,51.385,0.000,,24,40,,
T,2026-04-14 09:41:30,53.46859574,-2.23519414,10.52,47.495,51.385,0.000,,22,40,,
T,2026-04-14 09:41:31,53.46859583,-2.23519406,10.57,47.501,51.385,0.000,,22,40,,
T,2026-04-14 09:41:32,53.46859604,-2.23519422,10.57,47.520,51.385,0.000,,21,40,,
T,2026-04-14 09:41:33,53.46859368,-2.23519572,10.84,47.131,51.385,0.000,,21,40,,
T,2026-04-14 09:41:34,53.46859093,-2.23519701,10.77,46.987,51.385,0.000,,21,40,,
T,2026-04-14 09:41:35,53.46859003,-2.23519793,10.78,46.994,51.385,0.000,,26,40,,
T,2026-04-14 09:41:36,53.46858985,-2.23519821,10.75,47.002,51.385,0.000,,26,40,,
T,2026-04-14 09:41:37,53.46858985,-2.23519834,10.71,47.013,51.385,0.000,,26,40,,
T,2026-04-14 09:41:38,53.46858990,-2.23519846,10.66,47.019,51.385,0.000,,29,40,,
T,2026-04-14 09:41:39,53.46858998,-2.23519856,10.64,47.028,51.385,0.000,,27,40,,
T,2026-04-14 09:41:40,53.46859006,-2.23519876,10.64,47.041,51.385,0.000,,26,40,,
T,2026-04-14 09:41:41,53.46859013,-2.23519887,10.65,47.061,51.385,0.000,,22,40,,
T,2026-04-14 09:41:42,53.46859025,-2.23519908,10.65,47.084,51.385,0.000,,23,39,,
T,2026-04-14 09:41:43,53.46859032,-2.23519928,10.66,47.105,51.385,0.000,,24,39,,
T,2026-04-14 09:41:44,53.46859054,-2.23519951,10.64,47.132,51.385,0.000,,25,39,,
T,2026-04-14 09:41:45,53.46859072,-2.23519971,10.60,47.148,51.385,0.000,,27,40,,
T,2026-04-14 09:41:46,53.46858678,-2.23520254,10.55,47.031,51.385,0.000,,27,41,,
T,2026-04-14 09:41:47,53.46858587,-2.23520387,10.62,47.117,51.385,0.000,,28,41,,
T,2026-04-14 09:41:48,53.46858561,-2.23520442,10.61,47.133,51.385,0.000,,27,41,,
T,2026-04-14 09:41:49,53.46858565,-2.23520505,10.60,47.170,51.385,0.000,,29,41,,
T,2026-04-14 09:41:50,53.46858566,-2.23520530,10.57,47.180,51.385,0.000,,31,41,,
T,2026-04-14 09:41:51,53.46858563,-2.23520537,10.52,47.179,51.385,0.000,,30,41,,
T,2026-04-14 09:41:52,53.46858564,-2.23520545,10.46,47.182,51.385,0.000,,28,41,,
T,2026-04-14 09:41:53,53.46858566,-2.23520554,10.43,47.186,51.385,0.000,,26,41,,
T,2026-04-14 09:41:54,53.46858568,-2.23520564,10.41,47.192,51.385,0.000,,25,41,,
T,2026-04-14 09:41:55,53.46858568,-2.23520575,10.41,47.197,51.385,0.000,,25,40,,
T,2026-04-14 09:41:56,53.46858584,-2.23520603,10.41,47.218,51.385,0.000,,23,40,,
T,2026-04-14 09:41:57,53.46858604,-2.23520634,10.38,47.236,51.385,0.000,,21,40,,
T,2026-04-14 09:41:58,53.46858624,-2.23520668,10.36,47.255,51.385,0.000,,21,40,,
T,2026-04-14 09:41:59,53.46858640,-2.23520695,10.21,47.268,51.385,0.000,,21,40,,
T,2026-04-14 09:42:00,53.46858653,-2.23520721,10.20,47.282,51.385,0.000,,20,40,,
T,2026-04-14 09:42:01,53.46858670,-2.23520753,10.13,47.299,51.385,0.000,,20,40,,
T,2026-04-14 09:42:02,53.46858688,-2.23520785,10.10,47.315,51.385,0.000,,20,40,,
T,2026-04-14 09:42:03,53.46858710,-2.23520816,10.06,47.333,51.385,0.000,,19,40,,
T,2026-04-14 09:42:04,53.46858725,-2.23520841,10.02,47.346,51.385,0.000,,18,41,,
T,2026-04-14 09:42:05,53.46858746,-2.23520869,9.99,47.363,51.385,0.000,,19,41,,
T,2026-04-14 09:42:06,53.46858761,-2.23520906,10.01,47.382,51.385,0.000,,19,41,,
T,2026-04-14 09:42:07,53.46858776,-2.23520960,10.05,47.405,51.385,0.000,,18,41,,
T,2026-04-14 09:42:08,53.46858789,-2.23520985,10.11,47.404,51.385,0.000,,22,41,,
T,2026-04-14 09:42:09,53.46858802,-2.23521005,10.10,47.415,51.385,0.000,,27,41,,
T,2026-04-14 09:42:10,53.46858817,-2.23521011,10.12,47.419,51.385,0.000,,28,41,,
T,2026-04-14 09:42:11,53.46858831,-2.23521009,10.17,47.418,51.385,0.000,,30,41,,
T,2026-04-14 09:42:12,53.46858850,-2.23521019,10.16,47.418,51.385,0.000,,31,41,,
T,2026-04-14 09:42:13,53.46858869,-2.23521057,10.18,47.437,51.385,0.000,,31,41,,
T,2026-04-14 09:42:14,53.46858887,-2.23521080,10.18,47.444,51.385,0.000,,30,41,,
T,2026-04-14 09:42:15,53.46858905,-2.23521120,10.18,47.455,51.385,0.000,,30,40,,
T,2026-04-14 09:42:16,53.46858918,-2.23521150,10.16,47.471,51.385,0.000,,28,39,,
T,2026-04-14 09:42:17,53.46858935,-2.23521169,10.17,47.471,51.385,0.000,,26,39,,
T,2026-04-14 09:42:18,53.46858945,-2.23521173,10.13,47.463,51.385,0.000,,28,40,,
T,2026-04-14 09:42:19,53.46858962,-2.23521192,10.09,47.477,51.385,0.000,,29,40,,
T,2026-04-14 09:42:20,53.46858980,-2.23521225,10.08,47.497,51.385,0.000,,29,40,,
T,2026-04-14 09:42:21,53.46858997,-2.23521259,10.12,47.514,51.385,0.000,,28,40,,
T,2026-04-14 09:42:22,53.46859010,-2.23521305,10.13,47.547,51.385,0.000,,29,40,,
T,2026-04-14 09:42:23,53.46859025,-2.23521338,10.08,47.561,51.385,0.000,,30,40,,
T,2026-04-14 09:42:24,53.46859043,-2.23521370,10.09,47.575,51.385,0.000,,30,40,,
T,2026-04-14 09:42:25,53.46859060,-2.23521395,10.08,47.583,51.385,0.000,,30,40,,
T,2026-04-14 09:42:26,53.46859070,-2.23521435,10.08,47.608,51.385,0.000,,29,40,,
T,2026-04-14 09:42:27,53.46859070,-2.23521252,10.04,47.318,51.385,0.350,63,31,40,,
T,2026-04-14 09:42:28,53.46858406,-2.23521853,10.02,47.135,51.385,0.000,,30,40,,
T,2026-04-14 09:42:29,53.46858262,-2.23522035,10.00,47.165,51.385,0.000,,29,40,,
T,2026-04-14 09:42:30,53.46858221,-2.23522081,9.99,47.172,51.385,0.000,,26,40,,
T,2026-04-14 09:42:31,53.46858215,-2.23522101,9.97,47.180,51.385,0.000,,26,40,,
T,2026-04-14 09:42:32,53.46858218,-2.23522115,9.94,47.189,51.385,0.000,,26,40,,
T,2026-04-14 09:42:33,53.46858234,-2.23522137,9.94,47.216,51.385,0.000,,22,40,,
T,2026-04-14 09:42:34,53.46858234,-2.23522138,9.94,47.226,51.385,0.000,,23,40,,
T,2026-04-14 09:42:35,53.46858236,-2.23522147,9.94,47.236,51.385,0.000,,23,40,,
T,2026-04-14 09:42:36,53.46858248,-2.23522172,9.94,47.260,51.385,0.000,,24,40,,
T,2026-04-14 09:42:37,53.46858253,-2.23522186,9.94,47.267,51.385,0.000,,24,40,,
T,2026-04-14 09:42:38,53.46858267,-2.23522211,9.94,47.289,51.385,0.000,,24,40,,
T,2026-04-14 09:42:39,53.46858273,-2.23522226,9.94,47.298,51.385,0.000,,23,40,,
T,2026-04-14 09:42:40,53.46858290,-2.23522257,9.94,47.323,51.385,0.000,,20,40,,
T,2026-04-14 09:42:41,53.46858299,-2.23522274,9.94,47.332,51.385,0.000,,19,40,,
T,2026-04-14 09:42:42,53.46858318,-2.23522305,9.94,47.355,51.385,0.000,,19,40,,
T,2026-04-14 09:42:43,53.46858337,-2.23522338,9.94,47.381,51.385,0.000,,18,40,,
T,2026-04-14 09:42:44,53.46858356,-2.23522371,9.94,47.403,51.385,0.000,,17,40,,
T,2026-04-14 09:42:45,53.46858373,-2.23522405,9.94,47.430,51.385,0.000,,16,40,,
T,2026-04-14 09:42:46,53.46858389,-2.23522427,9.94,47.450,51.385,0.000,,18,40,,
T,2026-04-14 09:42:47,53.46858388,-2.23522432,10.00,47.449,51.385,0.000,,22,40,,
T,2026-04-14 09:42:48,53.46858400,-2.23522428,10.04,47.463,51.385,0.000,,22,41,,
T,2026-04-14 09:42:49,53.46858397,-2.23522425,10.07,47.463,51.385,0.000,,22,41,,
T,2026-04-14 09:42:50,53.46858390,-2.23522424,10.06,47.463,51.385,0.000,,21,41,,
T,2026-04-14 09:42:51,53.46858383,-2.23522425,10.10,47.465,51.385,0.000,,22,41,,
T,2026-04-14 09:42:52,53.46858377,-2.23522427,10.12,47.465,51.385,0.000,,20,41,,
T,2026-04-14 09:42:53,53.46858370,-2.23522427,10.07,47.465,51.385,0.000,,19,41,,
T,2026-04-14 09:42:54,53.46858365,-2.23522428,10.07,47.465,51.385,0.000,,19,40,,
T,2026-04-14 09:42:55,53.46858360,-2.23522428,10.07,47.466,51.385,0.000,,19,40,,
T,2026-04-14 09:42:56,53.46858354,-2.23522428,9.96,47.468,51.385,0.000,,18,40,,
T,2026-04-14 09:42:57,53.46858351,-2.23522428,9.94,47.469,51.385,0.000,,18,39,,
T,2026-04-14 09:42:58,53.46858361,-2.23522441,9.94,47.495,51.385,0.000,,18,39,,
T,2026-04-14 09:42:59,53.46858377,-2.23522462,9.94,47.520,51.385,0.000,,20,39,,
T,2026-04-14 09:43:00,53.46858392,-2.23522483,9.94,47.536,51.385,0.000,,21,39,,
T,2026-04-14 09:43:01,53.46858411,-2.23522505,9.94,47.551,51.385,0.000,,22,39,,
T,2026-04-14 09:43:02,53.46858433,-2.23522530,9.94,47.573,51.385,0.000,,23,39,,
T,2026-04-14 09:43:03,53.46858455,-2.23522553,9.94,47.591,51.385,0.000,,26,38,,
T,2026-04-14 09:43:04,53.46858478,-2.23522576,9.94,47.610,51.385,0.000,,27,39,,
T,2026-04-14 09:43:05,53.46858501,-2.23522599,9.94,47.627,51.385,0.000,,27,38,,
T,2026-04-14 09:43:06,53.46858522,-2.23522619,9.94,47.634,51.385,0.000,,27,38,,
T,2026-04-14 09:43:07,53.46858542,-2.23522641,9.94,47.651,51.385,0.000,,27,38,,
T,2026-04-14 09:43:08,53.46858561,-2.23522661,9.94,47.667,51.386,0.000,,27,38,,
T,2026-04-14 09:43:09,53.46858583,-2.23522682,9.94,47.680,51.386,0.000,,28,38,,
T,2026-04-14 09:43:10,53.46858600,-2.23522702,9.96,47.701,51.386,0.000,,28,39,,
T,2026-04-14 09:43:11,53.46858604,-2.23522693,9.97,47.707,51.386,0.000,,27,39,,
T,2026-04-14 09:43:12,53.46858613,-2.23522696,10.01,47.723,51.386,0.000,,27,40,,
T,2026-04-14 09:43:13,53.46858625,-2.23522712,10.02,47.741,51.386,0.000,,28,40,,
T,2026-04-14 09:43:14,53.46858638,-2.23522722,10.03,47.760,51.386,0.000,,27,40,,
T,2026-04-14 09:43:15,53.46858653,-2.23522742,10.05,47.772,51.386,0.000,,26,40,,
T,2026-04-14 09:43:16,53.46858668,-2.23522764,10.05,47.784,51.386,0.000,,24,40,,
T,2026-04-14 09:43:17,53.46858683,-2.23522787,10.06,47.796,51.386,0.000,,24,40,,
T,2026-04-14 09:43:18,53.46858700,-2.23522808,10.09,47.811,51.386,0.000,,23,40,,
T,2026-04-14 09:43:19,53.46858718,-2.23522830,10.13,47.827,51.386,0.000,,23,40,,
T,2026-04-14 09:43:20,53.46858720,-2.23522840,10.11,47.829,51.386,0.000,,23,39,,
T,2026-04-14 09:43:21,53.46858719,-2.23522847,10.14,47.829,51.386,0.000,,20,39,,
T,2026-04-14 09:43:22,53.46858726,-2.23522845,10.03,47.839,51.386,0.000,,20,39,,
T,2026-04-14 09:43:23,53.46858740,-2.23522854,9.96,47.854,51.386,0.000,,23,40,,
T,2026-04-14 09:43:24,53.46858742,-2.23522858,9.94,47.858,51.386,0.000,,26,40,,
T,2026-04-14 09:43:25,53.46858743,-2.23522862,9.94,47.862,51.386,0.000,,27,40,,
T,2026-04-14 09:43:26,53.46858742,-2.23522866,9.94,47.864,51.386,0.000,,26,40,,
T,2026-04-14 09:43:27,53.46858737,-2.23522871,9.94,47.867,51.386,0.000,,27,40,,
T,2026-04-14 09:43:28,53.46858469,-2.23522680,9.94,47.725,51.386,0.210,63,28,41,,
T,2026-04-14 09:43:29,53.46858255,-2.23522778,9.94,47.743,51.386,0.000,,27,41,,
T,2026-04-14 09:43:30,53.46858224,-2.23522841,9.94,47.766,51.386,0.000,,25,41,,
T,2026-04-14 09:43:31,53.46858231,-2.23522873,9.94,47.786,51.386,0.000,,29,41,,
T,2026-04-14 09:43:32,53.46858249,-2.23522898,9.94,47.803,51.386,0.000,,29,41,,
T,2026-04-14 09:43:33,53.46858265,-2.23522911,9.94,47.814,51.386,0.000,,28,41,,
T,2026-04-14 09:43:34,53.46857988,-2.23523120,9.94,47.495,51.386,0.000,,25,41,,
T,2026-04-14 09:43:35,53.46857696,-2.23522775,9.94,47.814,51.386,0.190,63,25,41,,
T,2026-04-14 09:43:36,53.46857576,-2.23522498,9.94,47.708,51.385,0.230,63,24,41,,
T,2026-04-14 09:43:37,53.46857304,-2.23522540,9.94,47.728,51.385,0.000,,22,41,,
T,2026-04-14 09:43:38,53.46857227,-2.23522565,9.94,47.728,51.385,0.000,,23,41,,
T,2026-04-14 09:43:39,53.46857203,-2.23522440,9.94,47.680,51.385,0.180,63,24,41,,
T,2026-04-14 09:43:40,53.46857266,-2.23520798,10.09,47.559,51.385,0.580,63,23,41,,
T,2026-04-14 09:43:41,53.46856771,-2.23518727,10.37,47.336,51.385,0.950,122,23,41,,
T,2026-04-14 09:43:42,53.46856731,-2.23516962,10.73,47.871,51.385,0.660,122,22,41,,
T,2026-04-14 09:43:43,53.46858811,-2.23514211,10.45,48.139,51.385,1.850,26,23,41,,
T,2026-04-14 09:43:44,53.46860166,-2.23511435,10.48,48.034,51.385,1.560,50,23,41,,
T,2026-04-14 09:43:45,53.46860956,-2.23509508,10.41,47.698,51.385,1.330,40,24,41,,
T,2026-04-14 09:43:46,53.46861561,-2.23507769,10.41,47.884,51.385,1.200,41,23,41,,
T,2026-04-14 09:43:47,53.46861878,-2.23506288,10.39,47.753,51.385,1.220,41,24,41,,
T,2026-04-14 09:43:48,53.46862110,-2.23504598,10.37,48.109,51.385,1.240,49,23,41,,
T,2026-04-14 09:43:49,53.46862081,-2.23502289,10.28,48.892,51.385,1.290,64,23,42,,
T,2026-04-14 09:43:50,53.46861787,-2.23499966,10.18,49.475,51.385,1.190,69,23,42,,
T,2026-04-14 09:43:51,53.46861743,-2.23497862,10.08,49.480,51.385,1.150,66,23,42,,
T,2026-04-14 09:43:52,53.46861968,-2.23495909,10.10,49.358,51.385,1.140,66,22,42,,
T,2026-04-14 09:43:53,53.46862163,-2.23493982,10.10,49.204,51.385,1.150,69,20,41,,
T,2026-04-14 09:43:54,53.46862377,-2.23492005,10.09,49.283,51.385,1.150,67,19,41,,
T,2026-04-14 09:43:55,53.46862446,-2.23490163,10.11,49.267,51.385,1.150,66,20,42,,
T,2026-04-14 09:43:56,53.46862671,-2.23488358,10.08,49.500,51.385,1.160,60,21,42,,
T,2026-04-14 09:43:57,53.46862968,-2.23486712,10.07,49.036,51.385,1.140,59,20,42,,
T,2026-04-14 09:43:58,53.46863270,-2.23484802,10.10,49.433,51.385,1.210,67,19,42,,
T,2026-04-14 09:43:59,53.46863990,-2.23482984,4.07,50.537,51.385,1.320,51,21,41,,
T,2026-04-14 09:44:00,53.46864175,-2.23481066,4.07,51.160,51.385,1.190,73,22,40,,
T,2026-04-14 09:44:01,53.46864215,-2.23479636,4.05,51.282,51.385,0.690,73,25,40,,
T,2026-04-14 09:44:02,53.46864304,-2.23477782,3.91,51.022,51.385,1.160,74,23,40,,
T,2026-04-14 09:44:03,53.46864648,-2.23476203,3.88,51.434,51.385,1.050,53,23,39,,
T,2026-04-14 09:44:04,53.46865112,-2.23474426,3.81,51.497,51.385,1.310,61,23,40,,
T,2026-04-14 09:44:05,53.46865266,-2.23472454,3.79,51.208,51.385,1.160,71,23,41,,
T,2026-04-14 09:44:06,53.46865495,-2.23470415,3.79,51.119,51.385,1.240,68,23,41,,
T,2026-04-14 09:44:07,53.46866067,-2.23468170,3.79,51.620,51.385,1.420,62,24,41,,
T,2026-04-14 09:44:08,53.46866623,-2.23466115,3.79,51.660,51.384,1.290,63,24,41,,
T,2026-04-14 09:44:09,53.46867121,-2.23464128,3.79,51.940,51.384,1.290,65,23,40,,
T,2026-04-14 09:44:10,53.46867484,-2.23462156,3.79,51.378,51.384,1.270,64,24,41,,
T,2026-04-14 09:44:11,53.46867910,-2.23460190,3.79,51.480,51.384,1.290,64,23,41,,
T,2026-04-14 09:44:12,53.46868400,-2.23458183,3.79,51.493,51.384,1.270,63,23,41,,
T,2026-04-14 09:44:13,53.46869027,-2.23456099,3.79,51.439,51.384,1.280,62,22,42,,
T,2026-04-14 09:44:14,53.46869564,-2.23454315,3.79,51.251,51.384,1.290,62,22,42,,
T,2026-04-14 09:44:15,53.46870115,-2.23452486,3.79,51.428,51.384,1.350,63,22,42,,
T,2026-04-14 09:44:16,53.46870793,-2.23450552,3.79,51.738,51.384,1.370,62,21,42,,
T,2026-04-14 09:44:17,53.46871439,-2.23448573,3.79,51.971,51.384,1.380,62,22,42,,
T,2026-04-14 09:44:18,53.46872153,-2.23446924,3.79,51.977,51.384,1.270,57,23,42,,
T,2026-04-14 09:44:19,53.46872761,-2.23445044,3.79,52.113,51.384,1.240,60,23,42,,
T,2026-04-14 09:44:20,53.46873396,-2.23443287,3.79,52.227,51.384,1.290,60,23,42,,
T,2026-04-14 09:44:21,53.46874106,-2.23441348,3.79,51.967,51.384,1.320,62,23,42,,
T,2026-04-14 09:44:22,53.46874767,-2.23439570,3.79,51.883,51.384,1.290,59,23,42,,
T,2026-04-14 09:44:23,53.46875327,-2.23437706,3.79,51.479,51.384,1.300,65,23,42,,
T,2026-04-14 09:44:24,53.46876007,-2.23435989,3.79,51.584,51.384,1.280,60,23,42,,
T,2026-04-14 09:44:25,53.46876304,-2.23434361,3.79,51.165,51.384,1.200,66,25,42,,
T,2026-04-14 09:44:26,53.46876522,-2.23432564,3.83,51.077,51.384,1.200,73,25,42,,
T,2026-04-14 09:44:27,53.46876932,-2.23430776,3.95,50.723,51.384,1.180,67,26,41,,
T,2026-04-14 09:44:28,53.46877306,-2.23428999,3.98,50.594,51.384,1.320,56,27,40,,
T,2026-04-14 09:44:29,53.46877623,-2.23427264,3.92,50.305,51.384,1.250,59,29,40,,
T,2026-04-14 09:44:30,53.46878225,-2.23425291,3.85,49.895,51.384,1.290,61,32,40,,
T,2026-04-14 09:44:31,53.46878693,-2.23423527,3.79,50.161,51.384,1.140,65,32,40,,
T,2026-04-14 09:44:32,53.46879265,-2.23421808,3.82,50.327,51.384,1.210,60,32,40,,
T,2026-04-14 09:44:33,53.46879776,-2.23420034,3.82,50.408,51.384,1.240,58,33,40,,
T,2026-04-14 09:44:34,53.46879960,-2.23418132,3.84,49.565,51.384,1.220,81,32,41,,
T,2026-04-14 09:44:35,53.46880324,-2.23416659,3.79,49.289,51.384,1.110,59,31,41,,
T,2026-04-14 09:44:36,53.46880830,-2.23415705,3.79,49.278,51.384,0.890,40,31,40,,
T,2026-04-14 09:44:37,53.46881176,-2.23413874,3.79,49.132,51.384,1.340,75,31,40,,
T,2026-04-14 09:44:38,53.46881691,-2.23412021,3.79,48.724,51.384,1.290,64,31,40,,
T,2026-04-14 09:44:39,53.46881838,-2.23410068,3.79,47.752,51.383,1.240,91,31,40,,
T,2026-04-14 09:44:40,53.46882375,-2.23408112,3.79,48.012,51.383,1.240,69,33,40,,
T,2026-04-14 09:44:41,53.46882929,-2.23406224,3.79,47.903,51.383,1.290,63,33,39,,
T,2026-04-14 09:44:42,53.46883523,-2.23404363,3.79,47.647,51.383,1.310,63,33,39,,
T,2026-04-14 09:44:43,53.46884359,-2.23402637,3.79,47.508,51.383,1.310,54,32,39,,
T,2026-04-14 09:44:44,53.46884919,-2.23400933,3.79,47.307,51.383,1.310,59,32,39,,
T,2026-04-14 09:44:45,53.46885412,-2.23399141,3.79,47.010,51.383,1.300,66,32,39,,
T,2026-04-14 09:44:46,53.46885926,-2.23397250,3.79,46.769,51.383,1.360,65,30,40,,
T,2026-04-14 09:44:47,53.46886202,-2.23395302,3.79,46.011,51.383,1.280,67,31,40,,
T,2026-04-14 09:44:48,53.46886130,-2.23393385,3.79,44.963,51.383,1.310,89,31,40,,
T,2026-04-14 09:44:49,53.46886412,-2.23391435,3.79,44.662,51.383,1.270,77,31,40,,
T,2026-04-14 09:44:50,53.46886976,-2.23389731,3.79,44.841,51.383,1.250,63,31,41,,
T,2026-04-14 09:44:51,53.46887587,-2.23388030,3.79,44.931,51.383,1.250,63,29,41,,
T,2026-04-14 09:44:52,53.46888447,-2.23386350,3.79,45.032,51.383,1.330,50,29,41,,
T,2026-04-14 09:44:53,53.46889063,-2.23384725,3.79,45.151,51.383,1.270,59,29,40,,
T,2026-04-14 09:44:54,53.46889671,-2.23383185,3.79,45.129,51.383,1.280,62,27,41,,
T,2026-04-14 09:44:55,53.46890337,-2.23381641,3.79,45.243,51.383,1.300,61,27,41,,
T,2026-04-14 09:44:56,53.46890940,-2.23379999,3.79,45.114,51.383,1.330,66,26,41,,
T,2026-04-14 09:44:57,53.46891883,-2.23378561,3.79,45.487,51.383,1.390,47,24,41,,
T,2026-04-14 09:44:58,53.46892511,-2.23376858,3.89,45.681,51.383,1.250,62,24,41,,
T,2026-04-14 09:44:59,53.46893031,-2.23375024,4.02,45.566,51.383,1.270,69,23,40,,
T,2026-04-14 09:45:00,53.46893582,-2.23373276,4.13,45.623,51.383,1.280,63,24,40,,
T,2026-04-14 09:45:01,53.46894223,-2.23371435,4.23,45.478,51.383,1.270,61,26,40,,
T,2026-04-14 09:45:02,53.46894678,-2.23369444,4.34,45.569,51.383,1.300,73,26,41,,
T,2026-04-14 09:45:03,53.46894852,-2.23367544,4.42,45.230,51.383,1.350,81,25,41,,
T,2026-04-14 09:45:04,53.46895329,-2.23365738,4.69,44.995,51.383,1.360,69,25,41,,
T,2026-04-14 09:45:05,53.46895954,-2.23364084,4.73,44.868,51.383,1.290,65,24,42,,
T,2026-04-14 09:45:06,53.46896818,-2.23362468,4.89,45.052,51.383,1.370,53,24,42,,
T,2026-04-14 09:45:07,53.46897552,-2.23360806,5.09,45.314,51.383,1.320,60,24,41,,
T,2026-04-14 09:45:08,53.46898162,-2.23359133,5.21,45.505,51.383,1.260,61,23,41,,
T,2026-04-14 09:45:09,53.46898950,-2.23357615,5.63,45.583,51.383,1.300,50,22,40,,
T,2026-04-14 09:45:10,53.46899609,-2.23356017,5.77,45.334,51.383,1.250,56,22,41,,
T,2026-04-14 09:45:11,53.46900324,-2.23354332,6.01,45.243,51.383,1.220,58,22,41,,
T,2026-04-14 09:45:12,53.46901029,-2.23352456,6.34,45.168,51.382,1.270,63,22,41,,
T,2026-04-14 09:45:13,53.46901753,-2.23350668,6.55,45.263,51.382,1.240,61,23,42,,
T,2026-04-14 09:45:14,53.46902495,-2.23349017,6.81,45.359,51.382,1.230,58,22,41,,
T,2026-04-14 09:45:15,53.46903275,-2.23347280,6.57,45.623,51.382,1.260,62,22,41,,
T,2026-04-14 09:45:16,53.46903815,-2.23345632,6.46,45.647,51.382,1.250,69,22,41,,
T,2026-04-14 09:45:17,53.46904261,-2.23343909,6.38,45.596,51.382,1.260,75,23,41,,
T,2026-04-14 09:45:18,53.46904414,-2.23342308,6.24,45.715,51.382,1.270,84,24,40,,
T,2026-04-14 09:45:19,53.46904736,-2.23340660,6.31,46.109,51.382,1.270,82,24,40,,
T,2026-04-14 09:45:20,53.46905806,-2.23339213,5.98,46.787,51.382,1.340,59,22,40,,
T,2026-04-14 09:45:21,53.46906305,-2.23337302,5.95,45.748,51.382,1.410,84,22,41,,
T,2026-04-14 09:45:22,53.46906223,-2.23335330,5.82,45.710,51.382,1.300,95,21,42,,
T,2026-04-14 09:45:23,53.46905525,-2.23333427,5.10,45.757,51.382,1.300,113,24,40,,
T,2026-04-14 09:45:24,53.46904926,-2.23331483,4.98,45.633,51.382,1.260,108,25,40,,
T,2026-04-14 09:45:25,53.46904626,-2.23329608,4.73,47.000,51.382,1.270,98,25,39,,
T,2026-04-14 09:45:26,53.46904688,-2.23327636,4.41,47.385,51.382,1.290,79,25,39,,
T,2026-04-14 09:45:27,53.46904872,-2.23325926,4.31,48.281,51.382,1.230,78,25,39,,
T,2026-04-14 09:45:28,53.46905701,-2.23324981,4.19,48.625,51.382,1.000,64,23,39,,
T,2026-04-14 09:45:29,53.46906796,-2.23323967,4.15,50.008,51.382,1.270,44,24,39,,
T,2026-04-14 09:45:30,53.46907550,-2.23322587,4.12,49.947,51.382,1.240,57,25,39,,
T,2026-04-14 09:45:31,53.46908161,-2.23321028,4.02,49.641,51.382,1.260,58,26,39,,
T,2026-04-14 09:45:32,53.46908436,-2.23319417,3.90,49.355,51.382,1.220,65,26,39,,
T,2026-04-14 09:45:33,53.46908372,-2.23317752,3.88,48.981,51.382,1.170,84,27,39,,
T,2026-04-14 09:45:34,53.46907550,-2.23315976,3.93,48.731,51.382,1.350,118,28,40,,
T,2026-04-14 09:45:35,53.46906487,-2.23314703,3.92,48.822,51.382,1.250,141,27,40,,
T,2026-04-14 09:45:36,53.46905328,-2.23314042,3.96,49.383,51.382,1.230,157,27,40,,
T,2026-04-14 09:45:37,53.46904514,-2.23312627,4.53,50.024,51.382,1.260,132,27,40,,
T,2026-04-14 09:45:38,53.46905729,-2.23309924,4.12,50.049,51.382,1.940,56,28,40,,
T,2026-04-14 09:45:39,53.46906739,-2.23308535,4.52,50.691,51.382,1.140,48,28,40,,
T,2026-04-14 09:45:40,53.46907816,-2.23307878,4.83,51.723,51.382,1.150,35,29,42,,
T,2026-04-14 09:45:41,53.46908690,-2.23306879,4.69,53.145,51.382,1.170,53,30,41,,
T,2026-04-14 09:45:42,53.46909308,-2.23305451,4.77,53.550,51.382,1.190,65,28,40,,
T,2026-04-14 09:45:43,53.46909671,-2.23303714,4.91,52.841,51.382,1.330,65,28,39,,
T,2026-04-14 09:45:44,53.46910273,-2.23302308,5.14,52.634,51.382,1.190,52,28,39,,
T,2026-04-14 09:45:45,53.46911097,-2.23301011,5.26,52.649,51.382,1.220,41,29,39,,
T,2026-04-14 09:45:46,53.46912194,-2.23300500,5.50,52.749,51.382,1.260,19,29,39,,
T,2026-04-14 09:45:47,53.46913323,-2.23301245,5.44,52.383,51.382,1.210,346,30,40,,
T,2026-04-14 09:45:48,53.46914322,-2.23302309,5.47,52.103,51.382,1.190,344,29,41,,
T,2026-04-14 09:45:49,53.46915230,-2.23302993,5.29,51.392,51.382,0.990,1,29,40,,
T,2026-04-14 09:45:50,53.46916299,-2.23303738,5.48,51.118,51.382,1.180,350,29,39,,
T,2026-04-14 09:45:51,53.46917479,-2.23300113,5.11,50.434,51.382,3.920,67,29,39,,
T,2026-04-14 09:45:52,53.46914781,-2.23296016,5.06,48.617,51.381,3.790,141,28,39,,
T,2026-04-14 09:45:53,53.46911461,-2.23300151,5.00,47.295,51.382,4.390,218,27,39,,
T,2026-04-14 09:45:54,53.46912957,-2.23306199,4.72,46.496,51.382,4.350,293,27,39,,
T,2026-04-14 09:45:55,53.46915812,-2.23306125,4.44,46.665,51.382,2.790,359,28,39,,
T,2026-04-14 09:45:56,53.46916930,-2.23304336,4.34,49.203,51.382,1.170,31,28,40,,
T,2026-04-14 09:45:57,53.46917744,-2.23302890,4.20,49.014,51.382,1.080,32,28,40,,
T,2026-04-14 09:45:58,53.46918654,-2.23301209,4.15,48.940,51.382,1.310,44,26,40,,
T,2026-04-14 09:45:59,53.46919287,-2.23299337,4.15,48.653,51.382,1.240,62,27,40,,
T,2026-04-14 09:46:00,53.46919869,-2.23297633,4.10,48.826,51.382,1.170,60,27,40,,
T,2026-04-14 09:46:01,53.46920459,-2.23295764,4.05,48.800,51.382,1.210,61,26,40,,
T,2026-04-14 09:46:02,53.46921005,-2.23293631,3.98,48.470,51.381,1.270,67,26,40,,
T,2026-04-14 09:46:03,53.46921537,-2.23291619,3.91,48.406,51.381,1.180,61,26,40,,
T,2026-04-14 09:46:04,53.46921842,-2.23289671,3.79,47.832,51.381,1.140,73,27,40,,
T,2026-04-14 09:46:05,53.46922312,-2.23287809,3.79,47.554,51.381,1.100,70,26,40,,
T,2026-04-14 09:46:06,53.46922900,-2.23286008,3.79,47.811,51.381,1.180,61,27,40,,
T,2026-04-14 09:46:07,53.46923482,-2.23284164,3.79,47.633,51.381,1.190,64,27,40,,
T,2026-04-14 09:46:08,53.46923788,-2.23282518,3.79,47.487,51.381,1.080,70,28,40,,
T,2026-04-14 09:46:09,53.46924174,-2.23280680,3.79,47.677,51.381,1.140,65,29,40,,
T,2026-04-14 09:46:10,53.46924703,-2.23278810,3.79,47.739,51.381,1.160,62,29,40,,
T,2026-04-14 09:46:11,53.46925239,-2.23276912,3.79,47.902,51.381,1.240,64,29,40,,
T,2026-04-14 09:46:12,53.46925620,-2.23275156,3.79,47.684,51.381,1.200,67,28,40,,
T,2026-04-14 09:46:13,53.46925874,-2.23273336,3.79,47.736,51.381,1.180,74,28,40,,
T,2026-04-14 09:46:14,53.46926279,-2.23271441,3.79,47.830,51.381,1.300,68,28,40,,
T,2026-04-14 09:46:15,53.46926703,-2.23269652,3.79,47.524,51.381,1.210,69,28,40,,
T,2026-04-14 09:46:16,53.46927106,-2.23267821,3.79,47.119,51.381,1.290,69,27,40,,
T,2026-04-14 09:46:17,53.46927589,-2.23266161,3.79,46.767,51.381,1.290,66,27,40,,
T,2026-04-14 09:46:18,53.46928163,-2.23264569,3.79,47.075,51.381,1.250,61,26,41,,
T,2026-04-14 09:46:19,53.46928685,-2.23262820,3.79,47.245,51.381,1.300,61,26,41,,
T,2026-04-14 09:46:20,53.46929274,-2.23261237,3.79,47.489,51.381,1.270,62,26,41,,
T,2026-04-14 09:46:21,53.46929918,-2.23259591,3.79,47.431,51.381,1.260,58,26,41,,
T,2026-04-14 09:46:22,53.46930513,-2.23257811,3.79,47.521,51.381,1.340,63,26,41,,
T,2026-04-14 09:46:23,53.46931170,-2.23256037,3.79,47.575,51.381,1.350,62,27,41,,
T,2026-04-14 09:46:24,53.46931997,-2.23254283,3.79,47.714,51.381,1.340,56,27,41,,
T,2026-04-14 09:46:25,53.46932952,-2.23253074,3.79,47.794,51.381,1.310,34,27,41,,
T,2026-04-14 09:46:26,53.46935366,-2.23255365,3.79,47.382,51.381,3.070,330,26,41,,
T,2026-04-14 09:46:27,53.46937010,-2.23254556,3.79,48.294,51.381,2.120,27,27,41,,
T,2026-04-14 09:46:28,53.46935644,-2.23249727,3.79,46.825,51.381,1.260,66,28,41,,
T,2026-04-14 09:46:29,53.46935732,-2.23247305,3.79,46.423,51.381,1.290,54,28,41,,
T,2026-04-14 09:46:30,53.46936034,-2.23245294,3.96,45.959,51.381,1.270,55,28,41,,
T,2026-04-14 09:46:31,53.46936545,-2.23243281,3.79,45.676,51.381,1.280,53,26,41,,
T,2026-04-14 09:46:32,53.46937152,-2.23241750,3.79,46.364,51.381,1.240,42,26,41,,
T,2026-04-14 09:46:33,53.46937580,-2.23239523,3.91,47.514,51.381,1.640,69,27,41,,
T,2026-04-14 09:46:34,53.46937669,-2.23237523,4.41,47.994,51.380,1.270,78,27,41,,
T,2026-04-14 09:46:35,53.46937991,-2.23235903,4.88,47.647,51.380,1.240,69,28,41,,
T,2026-04-14 09:46:36,53.46938645,-2.23235444,5.50,47.673,51.380,0.960,49,28,41,,
T,2026-04-14 09:46:37,53.46939659,-2.23235582,6.61,47.626,51.380,0.860,30,28,41,,
T,2026-04-14 09:46:38,53.46940945,-2.23236397,5.80,48.410,51.380,1.120,5,23,41,,
T,2026-04-14 09:46:39,53.46942162,-2.23237566,4.72,46.348,51.380,0.700,5,26,41,,
T,2026-04-14 09:46:40,53.46943122,-2.23237771,4.27,46.463,51.380,0.790,51,27,41,,
T,2026-04-14 09:46:41,53.46944154,-2.23237447,4.00,46.422,51.380,1.030,37,29,41,,
T,2026-04-14 09:46:42,53.46945287,-2.23237686,4.12,46.460,51.381,0.910,25,29,40,,
T,2026-04-14 09:46:43,53.46946189,-2.23237838,3.96,45.566,51.381,0.860,22,29,40,,
T,2026-04-14 09:46:44,53.46947164,-2.23237958,4.98,45.713,51.381,0.930,11,28,40,,
T,2026-04-14 09:46:45,53.46948355,-2.23238954,4.90,44.484,51.381,1.300,357,30,40,,
T,2026-04-14 09:46:46,53.46949487,-2.23239972,6.21,44.311,51.381,1.230,350,31,40,,
T,2026-04-14 09:46:47,53.46950384,-2.23240337,5.02,44.147,51.381,1.130,12,30,40,,
T,2026-04-14 09:46:48,53.46951199,-2.23240739,5.28,43.644,51.381,1.080,10,29,40,,
T,2026-04-14 09:46:49,53.46951411,-2.23243030,4.78,42.231,51.381,1.290,319,28,40,,
T,2026-04-14 09:46:50,53.46952128,-2.23244129,5.02,41.851,51.381,1.020,340,29,40,,
T,2026-04-14 09:46:51,53.46952914,-2.23245377,4.77,41.592,51.381,1.000,345,28,39,,
T,2026-04-14 09:46:52,53.46954042,-2.23246988,4.58,41.480,51.381,1.020,337,24,39,,
T,2026-04-14 09:46:53,53.46955119,-2.23247897,4.45,41.614,51.381,1.080,352,24,39,,
T,2026-04-14 09:46:54,53.46956038,-2.23248655,4.23,41.657,51.381,1.040,359,23,39,,
T,2026-04-14 09:46:55,53.46957010,-2.23249551,4.17,41.633,51.381,1.030,350,23,39,,
T,2026-04-14 09:46:56,53.46957920,-2.23249799,4.07,41.444,51.381,1.020,9,25,39,,
T,2026-04-14 09:46:57,53.46958536,-2.23250490,3.98,41.288,51.381,0.810,342,28,39,,
T,2026-04-14 09:46:58,53.46959165,-2.23250780,3.94,40.663,51.381,0.840,5,27,39,,
T,2026-04-14 09:46:59,53.46959702,-2.23254903,3.80,40.504,51.381,2.780,288,27,39,,
T,2026-04-14 09:47:00,53.46959999,-2.23256210,3.79,39.988,51.381,0.860,298,27,39,,
T,2026-04-14 09:47:01,53.46960079,-2.23257430,3.81,39.887,51.381,0.910,279,27,39,,
T,2026-04-14 09:47:02,53.46960403,-2.23258632,3.84,39.490,51.381,0.910,294,26,38,,
T,2026-04-14 09:47:03,53.46960920,-2.23259721,3.87,39.620,51.381,0.890,308,25,38,,
T,2026-04-14 09:47:04,53.46961372,-2.23260779,3.94,39.932,51.381,0.840,307,25,38,,
T,2026-04-14 09:47:05,53.46961885,-2.23261716,4.03,39.101,51.381,0.840,296,26,38,,
T,2026-04-14 09:47:06,53.46962693,-2.23262123,3.79,40.843,51.381,0.950,343,28,38,,
T,2026-04-14 09:47:07,53.46962466,-2.23261347,3.79,39.900,51.381,0.000,,31,38,,
T,2026-04-14 09:47:08,53.46962509,-2.23261317,3.79,40.041,51.381,0.000,,31,38,,
T,2026-04-14 09:47:09,53.46963269,-2.23261161,3.79,41.655,51.381,1.040,9,32,37,,
T,2026-04-14 09:47:10,53.46963260,-2.23261098,3.79,41.586,51.381,0.000,,32,38,,
T,2026-04-14 09:47:11,53.46963897,-2.23262342,3.89,41.298,51.381,1.290,301,31,38,,
T,2026-04-14 09:47:12,53.46963987,-2.23262696,3.79,40.929,51.381,0.000,,30,38,,
T,2026-04-14 09:47:13,53.46963903,-2.23262696,3.79,40.991,51.381,0.000,,29,38,,
T,2026-04-14 09:47:14,53.46963787,-2.23262918,3.79,40.882,51.381,0.170,301,30,38,,
T,2026-04-14 09:47:15,53.46963570,-2.23262983,3.79,40.864,51.381,0.000,,30,38,,
T,2026-04-14 09:47:16,53.46963516,-2.23262997,3.79,40.860,51.381,0.000,,31,38,,
T,2026-04-14 09:47:17,53.46963393,-2.23262939,3.79,40.591,51.381,0.000,,30,38,,
T,2026-04-14 09:47:18,53.46963293,-2.23262892,3.79,40.414,51.381,0.000,,30,38,,
T,2026-04-14 09:47:19,53.46963268,-2.23262880,3.79,40.413,51.381,0.000,,30,38,,
T,2026-04-14 09:47:20,53.46963262,-2.23262876,3.79,40.412,51.381,0.000,,28,39,,
T,2026-04-14 09:47:21,53.46963261,-2.23262875,3.79,40.411,51.381,0.000,,28,39,,
T,2026-04-14 09:47:22,53.46963260,-2.23262874,3.79,40.410,51.381,0.000,,28,39,,
T,2026-04-14 09:47:23,53.46963261,-2.23262871,3.79,40.408,51.381,0.000,,27,39,,
T,2026-04-14 09:47:24,53.46963262,-2.23262870,3.79,40.408,51.381,0.000,,26,40,,
T,2026-04-14 09:47:25,53.46963261,-2.23262864,3.79,40.412,51.381,0.000,,26,40,,
T,2026-04-14 09:47:26,53.46963259,-2.23262863,3.79,40.416,51.381,0.000,,27,40,,
T,2026-04-14 09:47:27,53.46963255,-2.23262862,3.79,40.428,51.381,0.000,,26,40,,
T,2026-04-14 09:47:28,53.46963247,-2.23262854,3.83,40.442,51.381,0.000,,27,40,,
T,2026-04-14 09:47:29,53.46963246,-2.23262851,3.91,40.442,51.381,0.000,,27,40,,
T,2026-04-14 09:47:30,53.46963245,-2.23262848,3.99,40.441,51.381,0.000,,28,40,,
T,2026-04-14 09:47:31,53.46963293,-2.23263224,4.24,40.093,51.381,0.280,301,28,41,,
T,2026-04-14 09:47:32,53.46963433,-2.23263596,4.49,40.373,51.381,0.320,301,27,41,,
T,2026-04-14 09:47:33,53.46963767,-2.23263769,4.97,40.700,51.381,0.420,301,27,40,,
T,2026-04-14 09:47:34,53.46964078,-2.23263935,6.02,40.697,51.381,0.360,301,29,42,,
T,2026-04-14 09:47:35,53.46964640,-2.23264558,6.19,41.044,51.381,0.720,301,29,42,,
T,2026-04-14 09:47:36,53.46965287,-2.23265294,7.30,41.176,51.381,0.790,333,27,42,,
T,2026-04-14 09:47:37,53.46965561,-2.23265356,6.71,41.463,51.381,0.240,333,27,42,,
T,2026-04-14 09:47:38,53.46965450,-2.23265527,5.13,41.993,51.381,0.220,333,28,42,,
T,2026-04-14 09:47:39,53.46965079,-2.23265605,4.84,41.925,51.381,0.000,,31,42,,
T,2026-04-14 09:47:40,53.46964434,-2.23265861,4.53,41.603,51.381,0.490,333,29,42,,
T,2026-04-14 09:47:41,53.46963964,-2.23265585,4.38,41.539,51.381,0.530,333,32,42,,
T,2026-04-14 09:47:42,53.46963885,-2.23265072,4.01,41.932,51.381,0.280,333,34,42,,
T,2026-04-14 09:47:43,53.46964110,-2.23264737,3.97,41.904,51.381,0.000,,34,42,,
T,2026-04-14 09:47:44,53.46964137,-2.23264655,3.81,41.868,51.381,0.000,,34,42,,
T,2026-04-14 09:47:45,53.46964025,-2.23264027,3.79,41.755,51.381,0.390,333,33,41,,
T,2026-04-14 09:47:46,53.46963896,-2.23263558,3.79,42.052,51.381,0.300,333,33,41,,
T,2026-04-14 09:47:47,53.46963809,-2.23263573,3.79,42.052,51.381,0.000,,31,41,,
T,2026-04-14 09:47:48,53.46963789,-2.23263597,3.79,42.059,51.381,0.000,,32,41,,
T,2026-04-14 09:47:49,53.46963775,-2.23263588,3.79,42.046,51.381,0.000,,30,41,,
T,2026-04-14 09:47:50,53.46963768,-2.23263576,3.79,42.036,51.381,0.000,,30,41,,
T,2026-04-14 09:47:51,53.46963756,-2.23263554,3.79,42.021,51.381,0.000,,30,42,,
T,2026-04-14 09:47:52,53.46963749,-2.23263546,3.79,42.013,51.381,0.000,,30,42,,
T,2026-04-14 09:47:53,53.46963749,-2.23263518,3.79,42.029,51.381,0.000,,30,42,,
T,2026-04-14 09:47:54,53.46963736,-2.23263521,3.79,42.027,51.381,0.000,,29,42,,
T,2026-04-14 09:47:55,53.46963719,-2.23263508,3.79,41.986,51.381,0.000,,29,42,,
T,2026-04-14 09:47:56,53.46963717,-2.23263517,3.79,42.020,51.381,0.000,,29,42,,
T,2026-04-14 09:47:57,53.46963709,-2.23263501,3.79,42.017,51.381,0.000,,29,42,,
T,2026-04-14 09:47:58,53.46963713,-2.23263494,3.79,42.041,51.381,0.000,,28,42,,
T,2026-04-14 09:47:59,53.46963726,-2.23263494,3.79,42.080,51.381,0.000,,27,42,,
T,2026-04-14 09:48:00,53.46963692,-2.23263723,3.79,42.074,51.381,0.490,333,27,41,,
T,2026-04-14 09:48:01,53.46963978,-2.23264773,3.79,42.292,51.381,0.830,298,29,41,,
T,2026-04-14 09:48:02,53.46964310,-2.23265897,3.79,42.587,51.381,0.710,298,31,40,,
T,2026-04-14 09:48:03,53.46964668,-2.23266739,3.79,42.864,51.381,0.680,298,32,40,,
T,2026-04-14 09:48:04,53.46964603,-2.23267052,3.79,42.542,51.381,0.460,298,32,41,,
T,2026-04-14 09:48:05,53.46965018,-2.23267895,3.79,43.027,51.381,1.170,321,33,41,,
T,2026-04-14 09:48:06,53.46965716,-2.23268611,3.79,43.428,51.381,1.180,324,33,41,,
T,2026-04-14 09:48:07,53.46966416,-2.23269462,3.79,43.808,51.381,1.150,322,32,40,,
T,2026-04-14 09:48:08,53.46967089,-2.23270460,3.90,43.921,51.381,1.090,322,32,40,,
T,2026-04-14 09:48:09,53.46967737,-2.23271275,4.05,43.601,51.381,1.020,332,32,40,,
T,2026-04-14 09:48:10,53.46968293,-2.23272249,4.00,43.544,51.381,1.010,328,32,40,,
T,2026-04-14 09:48:11,53.46969099,-2.23273298,4.11,43.988,51.381,1.080,325,30,40,,
T,2026-04-14 09:48:12,53.46969813,-2.23274287,3.97,43.945,51.381,1.050,324,30,41,,
T,2026-04-14 09:48:13,53.46970551,-2.23275372,3.81,43.989,51.381,1.070,329,31,41,,
T,2026-04-14 09:48:14,53.46971401,-2.23276602,3.79,44.049,51.381,1.090,326,32,41,,
T,2026-04-14 09:48:15,53.46972320,-2.23277737,3.92,44.244,51.381,1.130,330,31,41,,
T,2026-04-14 09:48:16,53.46973334,-2.23278727,3.84,44.348,51.381,1.100,334,31,42,,
T,2026-04-14 09:48:17,53.46974114,-2.23279621,3.92,44.497,51.381,1.080,331,31,41,,
T,2026-04-14 09:48:18,53.46974900,-2.23280730,4.06,44.405,51.381,1.130,319,31,41,,
T,2026-04-14 09:48:19,53.46975554,-2.23281460,4.02,43.957,51.381,1.010,337,33,41,,
T,2026-04-14 09:48:20,53.46976345,-2.23280869,4.07,44.953,51.381,1.230,17,32,40,,
T,2026-04-14 09:48:21,53.46975023,-2.23279805,3.79,42.273,51.381,0.640,17,32,40,,
T,2026-04-14 09:48:22,53.46973839,-2.23278917,3.79,41.995,51.381,0.850,149,34,40,,
T,2026-04-14 09:48:23,53.46972952,-2.23278257,3.79,41.935,51.381,0.860,157,36,41,,
T,2026-04-14 09:48:24,53.46972392,-2.23277505,3.79,41.801,51.381,0.750,149,36,41,,
T,2026-04-14 09:48:25,53.46971808,-2.23276858,3.79,41.584,51.381,0.580,149,36,41,,
T,2026-04-14 09:48:26,53.46971431,-2.23276470,3.79,41.638,51.381,0.310,149,36,41,,
T,2026-04-14 09:48:27,53.46971290,-2.23276354,3.79,41.526,51.381,0.000,,34,41,,
T,2026-04-14 09:48:28,53.46971249,-2.23276338,3.79,41.519,51.381,0.000,,33,41,,
T,2026-04-14 09:48:29,53.46971234,-2.23276345,3.79,41.547,51.381,0.000,,31,41,,
T,2026-04-14 09:48:30,53.46971223,-2.23276353,3.79,41.563,51.381,0.000,,31,41,,
T,2026-04-14 09:48:31,53.46971215,-2.23276359,3.79,41.575,51.381,0.000,,30,41,,
T,2026-04-14 09:48:32,53.46971207,-2.23276369,3.79,41.612,51.381,0.000,,30,41,,
T,2026-04-14 09:48:33,53.46971198,-2.23276376,3.79,41.620,51.381,0.000,,30,41,,
T,2026-04-14 09:48:34,53.46971190,-2.23276377,3.79,41.650,51.381,0.000,,30,41,,
T,2026-04-14 09:48:35,53.46971191,-2.23276380,3.79,41.678,51.381,0.000,,30,41,,
T,2026-04-14 09:48:36,53.46971197,-2.23276394,3.79,41.723,51.381,0.000,,30,41,,
T,2026-04-14 09:48:37,53.46971193,-2.23276394,3.79,41.717,51.381,0.000,,30,41,,
T,2026-04-14 09:48:38,53.46971089,-2.23274856,3.79,42.484,51.381,1.130,103,30,41,,
T,2026-04-14 09:48:39,53.46971148,-2.23274674,3.79,42.556,51.381,0.000,,30,42,,
T,2026-04-14 09:48:40,53.46971170,-2.23274716,3.79,42.549,51.381,0.000,,32,41,,
T,2026-04-14 09:48:41,53.46971169,-2.23274733,3.79,42.545,51.381,0.000,,32,42,,
T,2026-04-14 09:48:42,53.46971462,-2.23274371,3.79,42.416,51.381,0.440,103,32,42,,
T,2026-04-14 09:48:43,53.46971970,-2.23274011,3.79,42.273,51.381,0.370,103,31,42,,
T,2026-04-14 09:48:44,53.46972294,-2.23273906,3.79,42.327,51.381,0.000,,32,41,,
T,2026-04-14 09:48:45,53.46972167,-2.23273754,3.79,42.548,51.381,0.250,103,34,41,,
T,2026-04-14 09:48:46,53.46971984,-2.23273848,3.79,42.567,51.381,0.000,,34,41,,
T,2026-04-14 09:48:47,53.46972228,-2.23274032,3.79,42.844,51.381,0.000,,35,40,,
T,2026-04-14 09:48:48,53.46972712,-2.23274137,3.79,42.736,51.381,0.460,103,35,40,,
T,2026-04-14 09:48:49,53.46973003,-2.23274554,3.79,42.750,51.381,0.000,,35,40,,
T,2026-04-14 09:48:50,53.46973080,-2.23274646,3.79,42.737,51.381,0.000,,35,39,,
T,2026-04-14 09:48:51,53.46973101,-2.23274604,3.79,42.730,51.381,0.000,,34,39,,
T,2026-04-14 09:48:52,53.46973263,-2.23274638,3.79,42.953,51.381,0.000,,35,40,,
T,2026-04-14 09:48:53,53.46973831,-2.23275656,3.79,43.169,51.381,0.970,313,34,41,,
T,2026-04-14 09:48:54,53.46974572,-2.23276627,3.79,43.319,51.381,0.930,319,33,41,,
T,2026-04-14 09:48:55,53.46975296,-2.23277515,3.79,43.065,51.381,0.800,321,33,41,,
T,2026-04-14 09:48:56,53.46976070,-2.23278411,3.79,43.057,51.381,0.850,326,33,41,,
T,2026-04-14 09:48:57,53.46979203,-2.23273924,3.79,43.300,51.381,5.100,44,33,41,,
T,2026-04-14 09:48:58,53.46980067,-2.23274057,3.79,42.966,51.381,0.740,44,33,41,,
T,2026-04-14 09:48:59,53.46980388,-2.23275067,3.79,43.161,51.381,0.440,44,35,41,,
T,2026-04-14 09:49:00,53.46981139,-2.23276781,3.79,43.012,51.381,1.220,324,35,41,,
T,2026-04-14 09:49:01,53.46982191,-2.23278841,3.79,42.702,51.381,1.510,325,34,41,,
T,2026-04-14 09:49:02,53.46983204,-2.23280853,3.79,42.289,51.381,1.470,324,34,41,,
T,2026-04-14 09:49:03,53.46984078,-2.23282627,3.79,42.564,51.381,1.280,324,34,40,,
T,2026-04-14 09:49:04,53.46985195,-2.23284058,3.94,42.862,51.381,1.610,328,34,40,,
T,2026-04-14 09:49:05,53.46986653,-2.23285370,4.06,42.691,51.381,1.770,341,34,41,,
T,2026-04-14 09:49:06,53.46988143,-2.23286457,4.21,42.220,51.381,1.720,345,33,41,,
T,2026-04-14 09:49:07,53.46989301,-2.23287744,4.48,41.287,51.382,1.600,341,32,41,,
T,2026-04-14 09:49:08,53.46989880,-2.23289474,4.30,41.642,51.382,1.280,331,32,41,,
T,2026-04-14 09:49:09,53.46990436,-2.23291278,4.23,41.615,51.382,1.310,325,32,41,,
T,2026-04-14 09:49:10,53.46991090,-2.23292967,4.12,41.675,51.382,1.370,330,27,41,,
T,2026-04-14 09:49:11,53.46991978,-2.23293974,3.79,41.901,51.382,1.370,345,28,41,,
T,2026-04-14 09:49:12,53.46992891,-2.23293831,3.79,42.238,51.382,1.150,0,28,41,,
T,2026-04-14 09:49:13,53.46993849,-2.23293419,3.79,42.304,51.382,1.210,8,35,41,,
T,2026-04-14 09:49:14,53.46994856,-2.23293401,3.79,42.224,51.382,1.260,357,33,41,,
T,2026-04-14 09:49:15,53.46995864,-2.23294070,3.79,42.280,51.382,1.270,340,33,41,,
T,2026-04-14 09:49:16,53.46996894,-2.23295024,3.79,42.165,51.382,1.300,337,33,40,,
T,2026-04-14 09:49:17,53.46997802,-2.23296173,3.79,42.168,51.382,1.230,330,33,40,,
T,2026-04-14 09:49:18,53.46998708,-2.23297502,3.79,42.084,51.382,1.250,324,33,40,,
T,2026-04-14 09:49:19,53.46999568,-2.23298919,3.79,42.068,51.382,1.270,320,33,40,,
T,2026-04-14 09:49:20,53.47000343,-2.23300154,3.79,42.069,51.382,1.060,320,26,41,,
T,2026-04-14 09:49:21,53.47001197,-2.23300799,3.79,40.692,51.382,1.290,346,25,41,,
T,2026-04-14 09:49:22,53.47000907,-2.23307762,3.79,40.101,51.382,5.070,269,26,41,,
T,2026-04-14 09:49:23,53.47000911,-2.23303494,4.13,42.033,51.382,1.160,321,29,41,,
T,2026-04-14 09:49:24,53.47001722,-2.23304213,3.94,42.114,51.382,0.770,333,33,41,,
T,2026-04-14 09:49:25,53.47002332,-2.23304905,3.79,42.101,51.382,0.840,334,32,41,,
T,2026-04-14 09:49:26,53.47003288,-2.23306172,3.79,42.014,51.382,1.150,322,22,40,,
T,2026-04-14 09:49:27,53.47004349,-2.23307649,3.79,42.156,51.382,1.400,322,23,40,,
T,2026-04-14 09:49:28,53.47005278,-2.23308839,3.79,42.121,51.382,1.220,326,23,40,,
T,2026-04-14 09:49:29,53.47006148,-2.23309931,3.79,41.997,51.382,1.080,320,24,40,,
T,2026-04-14 09:49:30,53.47006704,-2.23310769,3.79,41.696,51.382,0.840,326,26,40,,
T,2026-04-14 09:49:31,53.47007512,-2.23311991,3.79,41.440,51.382,1.160,327,26,40,,
T,2026-04-14 09:49:32,53.47008338,-2.23313201,3.79,41.186,51.382,1.120,328,27,40,,
T,2026-04-14 09:49:33,53.47009138,-2.23314379,3.97,41.141,51.382,1.110,325,27,40,,
T,2026-04-14 09:49:34,53.47010008,-2.23315832,4.04,41.171,51.382,1.250,322,28,40,,
T,2026-04-14 09:49:35,53.47010952,-2.23317461,4.11,41.108,51.382,1.320,322,29,40,,
T,2026-04-14 09:49:36,53.47011900,-2.23318989,4.21,41.037,51.382,1.330,328,29,40,,
T,2026-04-14 09:49:37,53.47012819,-2.23320542,4.37,40.917,51.382,1.320,321,29,40,,
T,2026-04-14 09:49:38,53.47013824,-2.23321908,4.49,40.487,51.382,1.320,334,28,39,,
T,2026-04-14 09:49:39,53.47014877,-2.23323344,4.58,40.710,51.382,1.350,332,31,39,,
T,2026-04-14 09:49:40,53.47015770,-2.23325101,4.65,40.837,51.382,1.290,332,30,39,,
T,2026-04-14 09:49:41,53.47016797,-2.23326476,5.12,40.736,51.382,1.340,331,29,39,,
T,2026-04-14 09:49:42,53.47017782,-2.23327930,4.86,41.295,51.382,1.340,337,30,38,,
T,2026-04-14 09:49:43,53.47018817,-2.23329209,5.10,41.598,51.382,1.340,337,30,38,,
T,2026-04-14 09:49:44,53.47019636,-2.23330727,5.35,41.965,51.382,1.270,334,30,37,,
T,2026-04-14 09:49:45,53.47020409,-2.23332290,5.56,42.164,51.382,1.260,333,30,37,,
T,2026-04-14 09:49:46,53.47021178,-2.23333898,5.74,42.273,51.382,1.260,332,30,37,,
T,2026-04-14 09:49:47,53.47022082,-2.23335529,5.17,42.385,51.382,1.320,333,30,37,,
T,2026-04-14 09:49:48,53.47022977,-2.23337103,5.40,42.918,51.382,1.330,334,30,37,,
T,2026-04-14 09:49:49,53.47023970,-2.23338915,5.65,43.267,51.383,1.330,335,30,38,,
T,2026-04-14 09:49:50,53.47024887,-2.23340593,5.86,43.717,51.383,1.320,336,30,38,,
T,2026-04-14 09:49:51,53.47025758,-2.23342348,6.09,44.048,51.383,1.300,337,29,38,,
T,2026-04-14 09:49:52,53.47026574,-2.23344184,6.33,44.263,51.383,1.280,335,30,38,,
T,2026-04-14 09:49:53,53.47027506,-2.23345874,5.51,44.540,51.383,1.320,335,30,39,,
T,2026-04-14 09:49:54,53.47028377,-2.23347179,5.81,44.762,51.383,1.330,331,30,39,,
T,2026-04-14 09:49:55,53.47029381,-2.23348472,5.32,44.780,51.383,1.340,332,29,39,,
T,2026-04-14 09:49:56,53.47030480,-2.23349709,5.65,44.961,51.383,1.340,334,30,40,,
T,2026-04-14 09:49:57,53.47031645,-2.23350867,5.55,45.036,51.383,1.320,336,30,40,,
T,2026-04-14 09:49:58,53.47032677,-2.23352106,5.80,45.242,51.383,1.360,334,30,40,,
T,2026-04-14 09:49:59,53.47033552,-2.23353138,6.08,45.381,51.383,1.330,337,30,40,,
T,2026-04-14 09:50:00,53.47034386,-2.23354252,6.02,45.196,51.383,1.310,335,30,40,,
T,2026-04-14 09:50:01,53.47035231,-2.23355556,5.79,45.203,51.383,1.300,337,30,40,,
T,2026-04-14 09:50:02,53.47036214,-2.23356742,6.07,45.186,51.383,1.370,335,30,41,,
T,2026-04-14 09:50:03,53.47037248,-2.23358075,6.31,45.380,51.383,1.380,331,30,40,,
T,2026-04-14 09:50:04,53.47038200,-2.23359553,6.86,45.433,51.383,1.390,320,30,40,,
T,2026-04-14 09:50:05,53.47039319,-2.23360540,7.01,46.032,51.383,1.420,341,30,41,,
T,2026-04-14 09:50:06,53.47040278,-2.23361464,7.26,46.343,51.383,1.270,338,29,41,,
T,2026-04-14 09:50:07,53.47041377,-2.23362042,7.52,46.681,51.383,1.340,348,29,41,,
T,2026-04-14 09:50:08,53.47041493,-2.23362912,3.79,45.201,51.383,1.330,329,29,41,,
T,2026-04-14 09:50:09,53.47041072,-2.23365863,3.79,44.155,51.383,2.020,276,29,41,,
T,2026-04-14 09:50:10,53.47040612,-2.23367810,3.79,43.668,51.383,1.240,272,29,41,,
T,2026-04-14 09:50:11,53.47040750,-2.23369325,3.79,43.571,51.383,1.230,293,29,41,,
T,2026-04-14 09:50:12,53.47042001,-2.23369797,3.79,44.090,51.383,1.470,338,29,41,,
T,2026-04-14 09:50:13,53.47043020,-2.23370314,3.79,44.058,51.383,1.200,334,29,41,,
T,2026-04-14 09:50:14,53.47043933,-2.23370748,3.79,44.260,51.383,1.180,334,29,40,,
T,2026-04-14 09:50:15,53.47044885,-2.23371439,3.79,44.092,51.383,1.180,331,29,41,,
T,2026-04-14 09:50:16,53.47045867,-2.23372151,3.85,44.093,51.383,1.180,333,29,41,,
T,2026-04-14 09:50:17,53.47046808,-2.23373145,4.04,43.727,51.383,1.200,327,28,41,,
T,2026-04-14 09:50:18,53.47047757,-2.23373914,4.22,43.349,51.383,1.180,335,28,41,,
T,2026-04-14 09:50:19,53.47048961,-2.23374966,4.42,42.864,51.383,1.230,335,28,41,,
T,2026-04-14 09:50:20,53.47050051,-2.23375956,4.36,42.696,51.383,1.220,333,27,41,,
T,2026-04-14 09:50:21,53.47051064,-2.23377031,4.65,42.577,51.383,1.260,322,27,41,,
T,2026-04-14 09:50:22,53.47052192,-2.23377726,5.08,42.571,51.383,1.240,334,27,41,,
T,2026-04-14 09:50:23,53.47053214,-2.23378426,4.92,42.591,51.383,1.180,333,27,41,,
T,2026-04-14 09:50:24,53.47054750,-2.23379157,4.73,43.869,51.383,1.210,333,27,41,,
T,2026-04-14 09:50:25,53.47056049,-2.23379994,3.79,43.846,51.383,1.180,332,27,41,,
T,2026-04-14 09:50:26,53.47057366,-2.23380781,3.79,43.754,51.383,1.220,336,28,41,,
T,2026-04-14 09:50:27,53.47058572,-2.23381408,3.79,43.776,51.383,1.250,343,28,42,,
T,2026-04-14 09:50:28,53.47059414,-2.23381984,3.79,43.210,51.383,1.240,335,27,41,,
T,2026-04-14 09:50:29,53.47060406,-2.23382596,3.79,43.176,51.383,1.240,329,27,41,,
T,2026-04-14 09:50:30,53.47061252,-2.23383714,3.79,43.039,51.383,1.280,321,27,41,,
T,2026-04-14 09:50:31,53.47062119,-2.23384765,3.79,42.711,51.383,1.270,331,28,41,,
T,2026-04-14 09:50:32,53.47062966,-2.23385683,3.79,42.441,51.383,1.270,334,28,40,,
T,2026-04-14 09:50:33,53.47063734,-2.23386679,3.79,42.028,51.383,1.250,331,28,40,,
T,2026-04-14 09:50:34,53.47064576,-2.23387677,3.79,41.863,51.384,1.300,335,28,39,,
T,2026-04-14 09:50:35,53.47065331,-2.23389032,3.79,41.715,51.384,1.250,320,28,39,,
T,2026-04-14 09:50:36,53.47066085,-2.23390381,3.79,41.924,51.384,1.250,318,27,38,,
T,2026-04-14 09:50:37,53.47066919,-2.23391836,3.79,41.871,51.384,1.290,318,27,38,,
T,2026-04-14 09:50:38,53.47067624,-2.23393243,3.79,41.545,51.384,1.230,314,28,38,,
T,2026-04-14 09:50:39,53.47068407,-2.23394496,3.79,41.388,51.384,1.220,319,28,37,,
T,2026-04-14 09:50:40,53.47069146,-2.23395595,3.79,41.214,51.384,1.160,321,29,38,,
T,2026-04-14 09:50:41,53.47069987,-2.23396908,3.79,40.968,51.384,1.260,315,28,39,,
T,2026-04-14 09:50:42,53.47071062,-2.23397853,3.79,40.974,51.384,1.280,324,28,40,,
T,2026-04-14 09:50:43,53.47072179,-2.23398912,3.79,40.687,51.384,1.330,320,27,40,,
T,2026-04-14 09:50:44,53.47073063,-2.23400282,3.79,40.603,51.384,1.310,312,28,40,,
T,2026-04-14 09:50:45,53.47074109,-2.23401304,3.79,40.444,51.384,1.290,321,27,39,,
T,2026-04-14 09:50:46,53.47075342,-2.23401885,3.79,40.416,51.384,1.310,334,27,39,,
T,2026-04-14 09:50:47,53.47076478,-2.23402642,3.79,40.218,51.384,1.280,328,27,39,,
T,2026-04-14 09:50:48,53.47077483,-2.23403527,3.79,40.410,51.384,1.200,330,25,39,,
T,2026-04-14 09:50:49,53.47078396,-2.23404689,3.79,40.489,51.384,1.220,324,26,39,,
T,2026-04-14 09:50:50,53.47079219,-2.23406510,3.79,40.706,51.384,1.470,315,25,40,,
T,2026-04-14 09:50:51,53.47079989,-2.23407897,3.79,40.468,51.384,1.340,328,28,39,,
T,2026-04-14 09:50:52,53.47080751,-2.23409194,3.79,40.370,51.384,1.290,324,29,39,,
T,2026-04-14 09:50:53,53.47079757,-2.23414280,3.79,39.646,51.384,3.880,253,29,38,,
T,2026-04-14 09:50:54,53.47079063,-2.23415876,3.95,39.061,51.384,1.390,244,29,39,,
T,2026-04-14 09:50:55,53.47079352,-2.23417354,3.79,38.338,51.384,1.500,271,27,39,,
T,2026-04-14 09:50:56,53.47080710,-2.23417715,3.79,39.808,51.384,1.410,321,27,39,,
T,2026-04-14 09:50:57,53.47082070,-2.23418068,3.79,39.608,51.384,1.390,328,26,39,,
T,2026-04-14 09:50:58,53.47083317,-2.23418508,3.79,39.672,51.384,1.340,336,26,40,,
T,2026-04-14 09:50:59,53.47084382,-2.23418886,3.79,39.953,51.384,1.280,333,27,40,,
T,2026-04-14 09:51:00,53.47085311,-2.23419988,3.79,40.037,51.384,1.310,321,27,40,,
T,2026-04-14 09:51:01,53.47086169,-2.23421424,3.79,39.779,51.384,1.330,316,26,40,,
T,2026-04-14 09:51:02,53.47087424,-2.23421907,3.79,41.341,51.384,1.490,352,26,41,,
T,2026-04-14 09:51:03,53.47087772,-2.23428188,3.79,41.797,51.384,4.800,277,26,41,,
T,2026-04-14 09:51:04,53.47086177,-2.23429511,3.79,38.770,51.384,2.230,218,27,41,,
T,2026-04-14 09:51:05,53.47084709,-2.23428166,3.79,37.234,51.384,0.000,,27,41,,
T,2026-04-14 09:51:06,53.47085182,-2.23428193,3.79,37.214,51.384,0.810,327,27,40,,
T,2026-04-14 09:51:07,53.47086201,-2.23429008,3.79,37.195,51.384,1.340,325,27,40,,
T,2026-04-14 09:51:08,53.47087185,-2.23429905,3.79,36.737,51.384,1.250,320,27,40,,
T,2026-04-14 09:51:09,53.47088048,-2.23431138,3.79,36.382,51.384,1.260,304,27,40,,
T,2026-04-14 09:51:10,53.47089152,-2.23432088,3.79,36.222,51.384,1.350,323,27,40,,
T,2026-04-14 09:51:11,53.47090109,-2.23433074,3.79,35.969,51.384,1.260,317,27,40,,
T,2026-04-14 09:51:12,53.47091010,-2.23434035,3.79,36.214,51.384,1.190,315,26,40,,
T,2026-04-14 09:51:13,53.47092013,-2.23434904,3.79,36.696,51.384,1.120,314,25,40,,
T,2026-04-14 09:51:14,53.47093116,-2.23435764,3.79,36.607,51.384,1.160,322,25,39,,
T,2026-04-14 09:51:15,53.47094018,-2.23436510,3.79,36.722,51.384,1.050,326,25,39,,
T,2026-04-14 09:51:16,53.47094570,-2.23437173,3.79,36.683,51.384,0.720,326,25,39,,
T,2026-04-14 09:51:17,53.47095373,-2.23438201,3.79,36.504,51.385,1.210,325,27,38,,
T,2026-04-14 09:51:18,53.47096797,-2.23437277,3.79,37.085,51.384,1.380,8,27,38,,
T,2026-04-14 09:51:19,53.47097902,-2.23434545,3.79,36.932,51.384,1.630,56,29,40,,
T,2026-04-14 09:51:20,53.47098632,-2.23431990,3.79,37.204,51.384,1.200,65,29,40,,
T,2026-04-14 09:51:21,53.47099528,-2.23429801,3.79,37.798,51.384,1.230,53,29,39,,
T,2026-04-14 09:51:22,53.47100413,-2.23427731,3.79,37.044,51.384,1.240,54,30,40,,
T,2026-04-14 09:51:23,53.47101115,-2.23425617,3.79,37.297,51.384,1.240,62,30,41,,
T,2026-04-14 09:51:24,53.47101955,-2.23423648,3.79,37.575,51.384,1.250,52,28,41,,
T,2026-04-14 09:51:25,53.47102972,-2.23422094,3.79,37.122,51.384,1.250,38,28,41,,
T,2026-04-14 09:51:26,53.47104552,-2.23421919,3.79,37.282,51.384,1.410,3,28,41,,
T,2026-04-14 09:51:27,53.47106011,-2.23422421,3.79,37.187,51.384,1.360,341,28,41,,
T,2026-04-14 09:51:28,53.47107222,-2.23423065,3.79,37.514,51.384,1.160,340,28,41,,
T,2026-04-14 09:51:29,53.47108099,-2.23423838,3.79,37.719,51.384,0.940,327,28,41,,
T,2026-04-14 09:51:30,53.47108952,-2.23424541,3.79,37.979,51.384,0.870,331,28,41,,
T,2026-04-14 09:51:31,53.47110103,-2.23424708,3.79,38.387,51.384,1.090,343,28,41,,
T,2026-04-14 09:51:32,53.47111566,-2.23422657,3.79,38.696,51.384,1.560,29,28,41,,
T,2026-04-14 09:51:33,53.47111889,-2.23421593,3.79,38.647,51.384,0.160,39,29,41,,
T,2026-04-14 09:51:34,53.47111915,-2.23421279,3.79,38.575,51.384,0.170,39,29,41,,
T,2026-04-14 09:51:35,53.47111984,-2.23420683,3.79,38.572,51.384,0.000,,29,41,,
T,2026-04-14 09:51:36,53.47112023,-2.23420468,3.79,38.583,51.384,0.000,,29,41,,
T,2026-04-14 09:51:37,53.47115087,-2.23422561,3.79,38.830,51.384,4.080,331,29,41,,
T,2026-04-14 09:51:38,53.47113384,-2.23419835,3.79,38.868,51.384,0.000,,29,40,,
T,2026-04-14 09:51:39,53.47112803,-2.23418842,3.79,38.889,51.384,0.000,,29,40,,
T,2026-04-14 09:51:40,53.47112687,-2.23418485,3.79,38.897,51.384,0.000,,29,41,,
T,2026-04-14 09:51:41,53.47112664,-2.23418331,3.79,38.901,51.384,0.000,,30,40,,
T,2026-04-14 09:51:42,53.47112648,-2.23418252,3.79,38.903,51.384,0.000,,30,40,,
T,2026-04-14 09:51:43,53.47112658,-2.23418213,3.79,38.937,51.384,0.000,,30,40,,
T,2026-04-14 09:51:44,53.47112676,-2.23418164,3.79,38.988,51.384,0.000,,30,40,,
T,2026-04-14 09:51:45,53.47112692,-2.23418113,3.79,39.021,51.384,0.000,,30,40,,
T,2026-04-14 09:51:46,53.47112731,-2.23418054,3.79,39.099,51.384,0.000,,30,40,,
T,2026-04-14 09:51:47,53.47112702,-2.23417987,3.79,39.084,51.384,0.000,,30,40,,
T,2026-04-14 09:51:48,53.47112514,-2.23417983,3.79,39.073,51.384,0.180,331,30,40,,
T,2026-04-14 09:51:49,53.47112400,-2.23417983,3.79,38.970,51.384,0.000,,31,40,,
T,2026-04-14 09:51:50,53.47112343,-2.23417976,3.79,38.974,51.384,0.000,,31,40,,
T,2026-04-14 09:51:51,53.47112358,-2.23417929,3.79,38.879,51.384,0.170,331,31,40,,
T,2026-04-14 09:51:52,53.47112454,-2.23417880,3.79,38.934,51.384,0.000,,31,41,,
T,2026-04-14 09:51:53,53.47112434,-2.23417831,3.79,39.043,51.384,0.000,,31,41,,
T,2026-04-14 09:51:54,53.47112562,-2.23417690,3.79,39.143,51.384,0.190,331,31,40,,
T,2026-04-14 09:51:55,53.47112568,-2.23417581,3.79,39.160,51.384,0.000,,31,40,,
T,2026-04-14 09:51:56,53.47112560,-2.23417577,3.79,39.175,51.384,0.000,,31,40,,
T,2026-04-14 09:51:57,53.47112564,-2.23417555,3.79,39.203,51.384,0.000,,32,41,,
T,2026-04-14 09:51:58,53.47112787,-2.23417400,3.79,39.446,51.384,0.180,331,32,41,,
T,2026-04-14 09:51:59,53.47113140,-2.23416697,3.79,39.271,51.384,0.540,331,31,41,,
T,2026-04-14 09:52:00,53.47113867,-2.23415428,3.79,39.488,51.384,1.140,45,30,41,,
T,2026-04-14 09:52:01,53.47114966,-2.23413777,3.79,39.536,51.384,1.390,42,30,41,,
T,2026-04-14 09:52:02,53.47116087,-2.23411908,3.79,39.526,51.384,1.490,46,30,41,,
T,2026-04-14 09:52:03,53.47117238,-2.23409912,3.79,39.633,51.384,1.610,45,30,41,,
T,2026-04-14 09:52:04,53.47118455,-2.23408161,3.79,39.573,51.384,1.570,40,29,41,,
T,2026-04-14 09:52:05,53.47119947,-2.23406767,3.79,39.626,51.384,1.520,26,29,40,,
T,2026-04-14 09:52:06,53.47121451,-2.23406330,3.79,39.862,51.384,1.440,359,29,41,,
T,2026-04-14 09:52:07,53.47122983,-2.23406889,3.79,39.899,51.384,1.580,337,30,42,,
T,2026-04-14 09:52:08,53.47124357,-2.23407864,3.79,40.104,51.384,1.550,326,31,42,,
T,2026-04-14 09:52:09,53.47125559,-2.23408859,3.79,40.232,51.384,1.410,327,32,42,,
T,2026-04-14 09:52:10,53.47126679,-2.23409956,3.79,40.198,51.384,1.420,325,33,42,,
T,2026-04-14 09:52:11,53.47127767,-2.23411161,3.79,40.097,51.384,1.430,325,33,41,,
T,2026-04-14 09:52:12,53.47127396,-2.23415478,3.79,41.150,51.384,3.010,262,33,41,,
T,2026-04-14 09:52:13,53.47130249,-2.23412471,3.93,41.197,51.384,1.120,343,33,42,,
T,2026-04-14 09:52:14,53.47131002,-2.23410569,4.09,41.223,51.384,1.360,54,38,42,,
T,2026-04-14 09:52:15,53.47131664,-2.23408464,3.79,41.306,51.384,1.470,67,38,42,,
T,2026-04-14 09:52:16,53.47132599,-2.23405761,4.57,41.272,51.384,1.680,57,21,42,,
T,2026-04-14 09:52:17,53.47132799,-2.23404287,4.20,41.853,51.384,0.980,65,23,42,,
T,2026-04-14 09:52:18,53.47133701,-2.23401065,4.44,41.640,51.384,1.470,51,25,42,,
T,2026-04-14 09:52:19,53.47133763,-2.23398829,4.43,40.814,51.384,1.260,78,29,42,,
T,2026-04-14 09:52:20,53.47133939,-2.23396783,4.59,40.563,51.384,1.230,82,31,42,,
T,2026-04-14 09:52:21,53.47134069,-2.23394361,4.64,39.385,51.384,1.310,83,31,42,,
T,2026-04-14 09:52:22,53.47134269,-2.23392139,5.07,39.540,51.384,1.280,82,31,42,,
T,2026-04-14 09:52:23,53.47134776,-2.23390849,4.72,38.790,51.384,0.930,76,30,42,,
T,2026-04-14 09:52:24,53.47135220,-2.23389273,4.48,39.398,51.384,0.890,77,32,42,,
T,2026-04-14 09:52:25,53.47135693,-2.23387418,4.87,39.340,51.384,1.300,78,31,42,,
T,2026-04-14 09:52:26,53.47136133,-2.23386077,4.48,39.008,51.384,0.840,81,31,42,,
T,2026-04-14 09:52:27,53.47136459,-2.23383932,4.60,39.041,51.384,1.380,74,31,42,,
T,2026-04-14 09:52:28,53.47137118,-2.23382616,4.64,38.494,51.384,1.030,72,31,42,,
T,2026-04-14 09:52:29,53.47137614,-2.23381167,5.74,38.514,51.384,1.090,73,31,41,,
T,2026-04-14 09:52:30,53.47138411,-2.23379451,4.92,37.663,51.384,1.120,74,31,41,,
T,2026-04-14 09:52:31,53.47139136,-2.23377788,4.58,37.275,51.384,1.060,66,30,41,,
T,2026-04-14 09:52:32,53.47139883,-2.23376286,4.53,36.696,51.383,1.020,69,29,41,,
T,2026-04-14 09:52:33,53.47140424,-2.23374569,4.76,36.655,51.383,1.020,74,28,41,,
T,2026-04-14 09:52:34,53.47140731,-2.23372700,5.27,36.511,51.383,1.030,80,29,41,,
T,2026-04-14 09:52:35,53.47141424,-2.23371054,5.63,35.781,51.383,1.090,67,31,41,,
T,2026-04-14 09:52:36,53.47141942,-2.23369447,5.74,34.469,51.383,1.040,71,30,41,,
T,2026-04-14 09:52:37,53.47142379,-2.23367957,5.88,34.527,51.383,0.990,70,30,41,,
T,2026-04-14 09:52:38,53.47142918,-2.23366225,6.31,34.075,51.383,1.010,66,30,41,,
T,2026-04-14 09:52:39,53.47143530,-2.23364409,5.99,33.759,51.383,1.020,65,31,41,,
T,2026-04-14 09:52:40,53.47143923,-2.23363281,5.04,34.155,51.383,0.840,70,31,41,,
T,2026-04-14 09:52:41,53.47144230,-2.23361711,4.44,34.566,51.383,0.910,76,30,41,,
T,2026-04-14 09:52:42,53.47144936,-2.23359876,4.26,34.137,51.383,1.050,52,29,41,,
T,2026-04-14 09:52:43,53.47145580,-2.23358294,4.32,33.728,51.383,0.960,54,28,40,,
T,2026-04-14 09:52:44,53.47146692,-2.23356498,4.04,33.684,51.383,1.090,34,30,40,,
T,2026-04-14 09:52:45,53.47147705,-2.23355616,4.10,32.690,51.383,1.040,15,31,41,,
T,2026-04-14 09:52:46,53.47148566,-2.23354048,4.08,32.095,51.383,1.230,48,32,41,,
T,2026-04-14 09:52:47,53.47149070,-2.23352207,4.18,31.598,51.383,1.050,53,32,41,,
T,2026-04-14 09:52:48,53.47149387,-2.23349565,4.01,31.717,51.383,1.200,75,31,39,,
T,2026-04-14 09:52:49,53.47150111,-2.23347452,4.28,31.962,51.383,1.210,54,31,39,,
T,2026-04-14 09:52:50,53.47150556,-2.23344761,4.29,32.277,51.383,1.190,66,31,40,,
T,2026-04-14 09:52:51,53.47151008,-2.23342132,4.14,32.435,51.383,1.210,69,31,40,,
T,2026-04-14 09:52:52,53.47151545,-2.23339550,3.96,32.652,51.383,1.250,65,30,40,,
T,2026-04-14 09:52:53,53.47152112,-2.23336862,3.97,32.916,51.383,1.310,71,29,40,,
T,2026-04-14 09:52:54,53.47152763,-2.23334502,3.87,32.966,51.383,1.330,62,28,40,,
T,2026-04-14 09:52:55,53.47153602,-2.23332741,3.79,33.429,51.383,1.280,44,29,40,,
T,2026-04-14 09:52:56,53.47154383,-2.23330704,3.79,34.089,51.383,1.300,55,29,40,,
T,2026-04-14 09:52:57,53.47155001,-2.23328669,3.94,34.035,51.383,1.300,62,29,40,,
T,2026-04-14 09:52:58,53.47155781,-2.23326516,3.79,33.938,51.383,1.300,62,30,40,,
T,2026-04-14 09:52:59,53.47156585,-2.23324753,3.79,33.628,51.383,1.320,52,30,41,,
T,2026-04-14 09:53:00,53.47157480,-2.23323310,3.79,33.758,51.383,1.300,47,27,40,,
T,2026-04-14 09:53:01,53.47158280,-2.23321377,3.79,33.566,51.383,1.390,59,28,40,,
T,2026-04-14 09:53:02,53.47158903,-2.23319534,3.79,33.287,51.382,1.330,62,29,41,,
T,2026-04-14 09:53:03,53.47159456,-2.23317664,3.79,33.259,51.382,1.330,65,28,41,,
T,2026-04-14 09:53:04,53.47160156,-2.23315849,3.79,33.238,51.382,1.340,59,25,41,,
T,2026-04-14 09:53:05,53.47160996,-2.23314139,3.79,33.746,51.382,1.340,54,24,41,,
T,2026-04-14 09:53:06,53.47161650,-2.23312181,3.88,33.570,51.382,1.360,63,24,41,,
T,2026-04-14 09:53:07,53.47162484,-2.23310313,4.14,33.786,51.382,1.350,60,26,41,,
T,2026-04-14 09:53:08,53.47163278,-2.23308456,4.52,33.465,51.382,1.360,60,25,41,,
T,2026-04-14 09:53:09,53.47164013,-2.23306554,5.00,32.841,51.382,1.370,64,25,41,,
T,2026-04-14 09:53:10,53.47164446,-2.23304313,4.31,32.799,51.382,1.420,67,25,41,,
T,2026-04-14 09:53:11,53.47164826,-2.23302260,4.06,32.784,51.382,1.390,62,26,40,,
T,2026-04-14 09:53:12,53.47165150,-2.23300187,4.35,33.008,51.382,1.390,70,26,41,,
T,2026-04-14 09:53:13,53.47165833,-2.23298122,4.32,33.343,51.382,1.410,59,28,41,,
T,2026-04-14 09:53:14,53.47166437,-2.23296044,4.65,34.162,51.382,1.380,60,31,41,,
T,2026-04-14 09:53:15,53.47166919,-2.23293977,5.34,34.317,51.382,1.380,62,31,41,,
T,2026-04-14 09:53:16,53.47167284,-2.23292131,4.55,34.382,51.382,1.360,65,31,41,,
T,2026-04-14 09:53:17,53.47167571,-2.23289803,3.79,35.615,51.382,1.390,71,31,41,,
T,2026-04-14 09:53:18,53.47167977,-2.23287749,3.79,36.123,51.382,1.420,60,32,41,,
T,2026-04-14 09:53:19,53.47168484,-2.23285643,3.79,36.654,51.382,1.410,65,32,41,,
T,2026-04-14 09:53:20,53.47169028,-2.23283477,3.79,36.818,51.382,1.410,67,32,41,,
T,2026-04-14 09:53:21,53.47169764,-2.23281450,3.79,37.058,51.382,1.410,62,32,41,,
T,2026-04-14 09:53:22,53.47170423,-2.23279344,3.79,37.194,51.382,1.430,62,31,41,,
T,2026-04-14 09:53:23,53.47170835,-2.23277359,3.79,37.634,51.382,1.320,69,31,41,,
T,2026-04-14 09:53:24,53.47171251,-2.23275380,3.79,37.940,51.382,1.380,67,33,41,,
T,2026-04-14 09:53:25,53.47171615,-2.23273667,3.79,38.183,51.382,1.340,68,35,41,,
T,2026-04-14 09:53:26,53.47171993,-2.23271777,3.79,38.493,51.382,1.370,70,35,41,,
T,2026-04-14 09:53:27,53.47172250,-2.23269721,3.79,38.693,51.382,1.370,83,35,41,,
T,2026-04-14 09:53:28,53.47172557,-2.23267649,3.79,39.136,51.382,1.320,84,35,41,,
T,2026-04-14 09:53:29,53.47172771,-2.23265872,3.79,39.239,51.382,1.230,84,35,41,,
T,2026-04-14 09:53:30,53.47172907,-2.23264110,3.98,39.133,51.382,1.230,84,34,41,,
T,2026-04-14 09:53:31,53.47173476,-2.23262308,4.02,39.452,51.381,1.390,58,33,41,,
T,2026-04-14 09:53:32,53.47174021,-2.23260680,3.84,39.957,51.381,1.210,59,32,41,,
T,2026-04-14 09:53:33,53.47174558,-2.23259402,3.89,40.364,51.381,1.140,58,32,41,,
T,2026-04-14 09:53:34,53.47175142,-2.23257954,3.91,40.599,51.381,1.190,60,32,41,,
T,2026-04-14 09:53:35,53.47175788,-2.23256594,4.10,40.957,51.381,1.200,56,32,41,,
T,2026-04-14 09:53:36,53.47176233,-2.23254949,4.17,40.920,51.381,1.240,65,32,41,,
T,2026-04-14 09:53:37,53.47176648,-2.23253428,4.51,40.666,51.381,1.220,70,32,41,,
T,2026-04-14 09:53:38,53.47176870,-2.23251647,4.87,40.172,51.381,1.230,82,32,41,,
T,2026-04-14 09:53:39,53.47177263,-2.23249814,5.15,40.263,51.381,1.240,73,31,41,,
T,2026-04-14 09:53:40,53.47177700,-2.23247830,5.33,40.254,51.381,1.180,72,30,41,,
T,2026-04-14 09:53:41,53.47178257,-2.23246077,5.44,40.431,51.381,1.260,61,31,41,,
T,2026-04-14 09:53:42,53.47178901,-2.23244243,5.67,40.450,51.381,1.250,60,31,41,,
T,2026-04-14 09:53:43,53.47179469,-2.23242398,5.95,40.668,51.381,1.280,66,33,41,,
T,2026-04-14 09:53:44,53.47179967,-2.23240631,6.59,40.412,51.381,1.280,66,33,41,,
T,2026-04-14 09:53:45,53.47180936,-2.23239113,3.80,39.920,51.381,1.320,53,33,41,,
T,2026-04-14 09:53:46,53.47181692,-2.23237273,3.81,40.921,51.381,1.360,60,33,41,,
T,2026-04-14 09:53:47,53.47182340,-2.23235645,3.79,40.667,51.381,1.280,60,33,41,,
T,2026-04-14 09:53:48,53.47182958,-2.23233888,3.97,40.419,51.381,1.310,61,33,41,,
T,2026-04-14 09:53:49,53.47183468,-2.23232207,3.79,40.178,51.381,1.300,61,32,41,,
T,2026-04-14 09:53:50,53.47183798,-2.23230246,3.79,39.991,51.381,1.420,63,32,41,,
T,2026-04-14 09:53:51,53.47184299,-2.23228444,3.79,40.384,51.381,1.390,63,32,41,,
T,2026-04-14 09:53:52,53.47184804,-2.23226710,3.79,40.375,51.381,1.300,64,31,41,,
T,2026-04-14 09:53:53,53.47185401,-2.23225124,3.94,40.460,51.381,1.310,63,31,41,,
T,2026-04-14 09:53:54,53.47186051,-2.23223508,3.79,40.270,51.381,1.250,63,31,41,,
T,2026-04-14 09:53:55,53.47186791,-2.23221889,3.79,40.109,51.381,1.320,64,33,41,,
T,2026-04-14 09:53:56,53.47187372,-2.23220099,3.79,40.153,51.381,1.310,68,33,40,,
T,2026-04-14 09:53:57,53.47188038,-2.23218372,3.79,39.799,51.381,1.330,61,33,40,,
T,2026-04-14 09:53:58,53.47188604,-2.23216482,3.79,39.636,51.381,1.340,67,33,40,,
T,2026-04-14 09:53:59,53.47189026,-2.23214635,3.79,39.402,51.381,1.250,72,34,40,,
T,2026-04-14 09:54:00,53.47189627,-2.23212771,3.79,39.381,51.381,1.350,64,34,40,,
T,2026-04-14 09:54:01,53.47189933,-2.23210663,3.79,39.594,51.381,1.360,73,31,40,,
T,2026-04-14 09:54:02,53.47190256,-2.23208643,3.79,39.737,51.381,1.350,72,31,39,,
T,2026-04-14 09:54:03,53.47190260,-2.23206572,3.79,39.130,51.380,1.390,80,31,39,,
T,2026-04-14 09:54:04,53.47190007,-2.23204418,3.79,39.099,51.380,1.440,86,32,40,,
T,2026-04-14 09:54:05,53.47190368,-2.23202336,3.79,38.889,51.380,1.490,71,33,40,,
T,2026-04-14 09:54:06,53.47190446,-2.23199986,3.79,38.877,51.380,1.410,89,31,40,,
T,2026-04-14 09:54:07,53.47190421,-2.23197750,3.79,38.924,51.380,1.430,98,31,40,,
T,2026-04-14 09:54:08,53.47190355,-2.23195360,3.79,38.630,51.380,1.470,89,32,40,,
T,2026-04-14 09:54:09,53.47190043,-2.23193078,3.79,38.321,51.380,1.420,84,32,40,,
T,2026-04-14 09:54:10,53.47190307,-2.23190942,3.79,38.069,51.380,1.420,73,32,40,,
T,2026-04-14 09:54:11,53.47190903,-2.23189178,3.89,38.171,51.380,1.390,63,32,40,,
T,2026-04-14 09:54:12,53.47191353,-2.23187354,4.01,38.226,51.380,1.360,70,32,40,,
T,2026-04-14 09:54:13,53.47191523,-2.23185361,4.30,38.121,51.380,1.360,79,31,40,,
T,2026-04-14 09:54:14,53.47191682,-2.23183427,4.19,38.125,51.380,1.300,73,29,40,,
T,2026-04-14 09:54:15,53.47192110,-2.23181611,4.09,37.922,51.380,1.310,68,30,40,,
T,2026-04-14 09:54:16,53.47192500,-2.23179784,4.08,37.784,51.380,1.300,68,28,40,,
T,2026-04-14 09:54:17,53.47192873,-2.23178005,4.05,38.260,51.380,1.300,68,27,40,,
T,2026-04-14 09:54:18,53.47193084,-2.23175991,4.02,37.064,51.380,1.380,84,26,40,,
T,2026-04-14 09:54:19,53.47193761,-2.23174158,3.94,36.561,51.380,1.420,62,26,39,,
T,2026-04-14 09:54:20,53.47194303,-2.23172352,3.96,36.506,51.380,1.350,67,26,39,,
T,2026-04-14 09:54:21,53.47194801,-2.23170404,4.26,36.081,51.380,1.400,70,26,39,,
T,2026-04-14 09:54:22,53.47195530,-2.23168310,4.35,35.738,51.380,1.530,65,27,39,,
T,2026-04-14 09:54:23,53.47196039,-2.23165731,4.03,35.188,51.380,1.830,82,26,39,,
T,2026-04-14 09:54:24,53.47197111,-2.23163194,4.36,35.630,51.380,1.960,63,26,39,,
T,2026-04-14 09:54:25,53.47198007,-2.23160564,4.04,35.829,51.380,1.930,65,26,38,,
T,2026-04-14 09:54:26,53.47198837,-2.23158146,4.09,35.867,51.380,1.920,71,25,38,,
T,2026-04-14 09:54:27,53.47200038,-2.23155860,3.88,36.411,51.380,1.760,63,26,40,,
T,2026-04-14 09:54:28,53.47200682,-2.23152859,3.86,36.664,51.380,1.950,84,29,40,,
T,2026-04-14 09:54:29,53.47201180,-2.23150396,3.87,38.386,51.379,1.600,82,29,40,,
T,2026-04-14 09:54:30,53.47201800,-2.23147777,4.06,39.071,51.379,1.720,86,29,40,,
T,2026-04-14 09:54:31,53.47202374,-2.23147702,3.93,38.164,51.379,0.190,91,29,40,,
T,2026-04-14 09:54:32,53.47200778,-2.23145850,4.03,40.237,51.379,1.850,149,29,40,,
T,2026-04-14 09:54:33,53.47200821,-2.23140891,4.12,40.932,51.379,3.430,87,29,40,,
T,2026-04-14 09:54:34,53.47202033,-2.23138584,4.24,40.938,51.379,1.880,56,29,40,,
T,2026-04-14 09:54:35,53.47202820,-2.23137498,3.92,40.144,51.379,1.660,71,29,40,,
T,2026-04-14 09:54:36,53.47203596,-2.23136634,3.92,40.325,51.379,1.290,63,31,40,,
T,2026-04-14 09:54:37,53.47204220,-2.23136210,3.79,38.978,51.379,1.250,91,30,40,,
T,2026-04-14 09:54:38,53.47205283,-2.23135650,3.79,39.146,51.379,1.200,80,31,40,,
T,2026-04-14 09:54:39,53.47206550,-2.23134650,3.79,38.513,51.379,1.210,73,32,40,,
T,2026-04-14 09:54:40,53.47207608,-2.23133172,3.79,38.607,51.379,1.330,64,31,39,,
T,2026-04-14 09:54:41,53.47208323,-2.23131267,3.79,38.335,51.379,1.460,68,31,39,,
T,2026-04-14 09:54:42,53.47209031,-2.23129351,3.86,38.062,51.379,1.460,63,31,40,,
T,2026-04-14 09:54:43,53.47209640,-2.23127441,3.79,37.674,51.379,1.440,64,31,40,,
T,2026-04-14 09:54:44,53.47210428,-2.23125626,3.79,37.681,51.379,1.430,59,29,40,,
T,2026-04-14 09:54:45,53.47211216,-2.23123785,3.86,37.396,51.379,1.420,61,27,40,,
T,2026-04-14 09:54:46,53.47212125,-2.23122255,3.79,36.656,51.379,1.420,67,27,40,,
T,2026-04-14 09:54:47,53.47212824,-2.23120473,3.79,36.611,51.379,1.420,65,28,40,,
T,2026-04-14 09:54:48,53.47213324,-2.23118509,3.79,36.273,51.379,1.430,73,29,40,,
T,2026-04-14 09:54:49,53.47213970,-2.23116609,3.79,35.600,51.379,1.430,64,29,40,,
T,2026-04-14 09:54:50,53.47214899,-2.23114882,3.79,35.367,51.379,1.420,59,29,40,,
T,2026-04-14 09:54:51,53.47215514,-2.23113030,3.79,35.411,51.379,1.400,64,30,40,,
T,2026-04-14 09:54:52,53.47216209,-2.23111206,3.79,35.602,51.379,1.390,64,30,40,,
T,2026-04-14 09:54:53,53.47216956,-2.23109415,3.79,35.343,51.379,1.380,66,28,40,,
T,2026-04-14 09:54:54,53.47217743,-2.23107742,3.79,35.689,51.379,1.380,57,28,40,,
T,2026-04-14 09:54:55,53.47218473,-2.23105981,3.79,35.419,51.379,1.360,61,27,40,,
T,2026-04-14 09:54:56,53.47219143,-2.23104177,3.82,35.306,51.379,1.360,61,27,40,,
T,2026-04-14 09:54:57,53.47219619,-2.23102038,3.79,35.619,51.379,1.300,62,27,39,,
T,2026-04-14 09:54:58,53.47220170,-2.23100010,3.79,35.290,51.379,1.360,63,31,39,,
T,2026-04-14 09:54:59,53.47220750,-2.23098001,3.79,36.076,51.379,1.300,68,31,39,,
T,2026-04-14 09:55:00,53.47221264,-2.23095917,3.79,36.244,51.379,1.350,64,31,38,,
T,2026-04-14 09:55:01,53.47222150,-2.23094495,3.79,36.435,51.379,1.340,62,31,38,,
T,2026-04-14 09:55:02,53.47222972,-2.23093070,3.79,36.317,51.379,1.270,66,32,39,,
T,2026-04-14 09:55:03,53.47224003,-2.23091601,3.79,36.311,51.378,1.280,62,32,39,,
T,2026-04-14 09:55:04,53.47224765,-2.23089762,3.79,36.658,51.378,1.360,63,32,39,,
T,2026-04-14 09:55:05,53.47225413,-2.23087988,3.79,36.881,51.378,1.350,58,32,39,,
T,2026-04-14 09:55:06,53.47225847,-2.23086066,3.79,36.882,51.378,1.370,66,32,40,,
T,2026-04-14 09:55:07,53.47226292,-2.23084170,3.79,36.697,51.378,1.390,63,31,40,,
T,2026-04-14 09:55:08,53.47226786,-2.23082338,3.79,36.577,51.378,1.350,61,31,40,,
T,2026-04-14 09:55:09,53.47227069,-2.23080453,3.79,36.670,51.378,1.390,77,31,40,,
T,2026-04-14 09:55:10,53.47228120,-2.23078873,3.79,37.472,51.378,1.630,42,30,40,,
T,2026-04-14 09:55:11,53.47229352,-2.23078180,3.79,37.266,51.378,1.430,19,31,40,,
T,2026-04-14 09:55:12,53.47230546,-2.23077443,3.79,37.580,51.378,1.340,22,33,40,,
T,2026-04-14 09:55:13,53.47231615,-2.23076463,3.79,37.602,51.378,1.350,31,34,40,,
T,2026-04-14 09:55:14,53.47232866,-2.23076039,3.79,38.046,51.378,1.410,12,35,40,,
T,2026-04-14 09:55:15,53.47234045,-2.23074727,3.79,38.231,51.378,1.440,36,34,39,,
T,2026-04-14 09:55:16,53.47234881,-2.23072839,3.79,37.581,51.378,1.410,55,34,39,,
T,2026-04-14 09:55:17,53.47236029,-2.23071502,3.79,37.330,51.378,1.420,34,34,40,,
T,2026-04-14 09:55:18,53.47237007,-2.23070116,3.79,36.940,51.378,1.370,43,33,40,,
T,2026-04-14 09:55:19,53.47237680,-2.23068183,3.79,36.432,51.378,1.400,59,33,40,,
T,2026-04-14 09:55:20,53.47238434,-2.23066333,3.79,35.833,51.378,1.350,59,30,40,,
T,2026-04-14 09:55:21,53.47238641,-2.23063997,3.79,35.330,51.378,1.510,87,31,40,,
T,2026-04-14 09:55:22,53.47239380,-2.23062040,3.79,34.835,51.378,1.460,64,32,40,,
T,2026-04-14 09:55:23,53.47239958,-2.23060230,3.79,35.482,51.378,1.350,66,32,40,,
T,2026-04-14 09:55:24,53.47240097,-2.23058398,3.79,34.642,51.378,1.380,63,29,40,,
T,2026-04-14 09:55:25,53.47240486,-2.23056552,3.79,34.678,51.378,1.340,64,27,38,,
T,2026-04-14 09:55:26,53.47241041,-2.23054739,3.79,34.454,51.378,1.340,66,26,38,,
T,2026-04-14 09:55:27,53.47241748,-2.23052863,3.79,33.661,51.378,1.350,63,25,38,,
T,2026-04-14 09:55:28,53.47242446,-2.23051046,3.79,33.485,51.378,1.350,65,25,38,,
T,2026-04-14 09:55:29,53.47243166,-2.23049322,3.79,33.436,51.378,1.370,56,25,38,,
T,2026-04-14 09:55:30,53.47243879,-2.23047521,3.91,33.255,51.378,1.360,61,25,38,,
T,2026-04-14 09:55:31,53.47244341,-2.23045541,4.01,33.934,51.378,1.380,74,26,38,,
T,2026-04-14 09:55:32,53.47244999,-2.23043653,4.38,33.292,51.378,1.400,61,26,38,,
T,2026-04-14 09:55:33,53.47245766,-2.23041926,4.66,33.268,51.378,1.370,56,25,38,,
T,2026-04-14 09:55:34,53.47246307,-2.23040091,5.35,33.137,51.378,1.370,61,25,39,,
T,2026-04-14 09:55:35,53.47247064,-2.23038306,5.70,32.574,51.378,1.360,60,25,39,,
T,2026-04-14 09:55:36,53.47247767,-2.23036442,6.15,31.710,51.378,1.370,66,25,38,,
T,2026-04-14 09:55:37,53.47248176,-2.23034459,6.80,31.448,51.377,1.380,78,25,38,,
T,2026-04-14 09:55:38,53.47248535,-2.23032196,3.79,33.833,51.377,1.400,78,25,40,,
T,2026-04-14 09:55:39,53.47249211,-2.23030223,3.80,33.690,51.377,1.410,61,25,40,,
T,2026-04-14 09:55:40,53.47249749,-2.23028324,3.79,33.269,51.377,1.360,74,25,39,,
T,2026-04-14 09:55:41,53.47250423,-2.23026546,3.79,33.031,51.377,1.370,63,25,39,,
T,2026-04-14 09:55:42,53.47250898,-2.23024490,3.79,33.511,51.377,1.350,67,25,40,,
T,2026-04-14 09:55:43,53.47251291,-2.23022441,3.79,33.748,51.377,1.350,68,30,40,,
T,2026-04-14 09:55:44,53.47252076,-2.23021038,3.79,34.336,51.377,1.400,52,30,39,,
T,2026-04-14 09:55:45,53.47252780,-2.23019304,3.79,34.312,51.377,1.420,61,30,39,,
T,2026-04-14 09:55:46,53.47253363,-2.23017483,3.79,34.128,51.377,1.380,65,31,40,,
T,2026-04-14 09:55:47,53.47254073,-2.23015730,3.79,34.531,51.377,1.330,64,32,40,,
T,2026-04-14 09:55:48,53.47254560,-2.23013850,3.79,34.225,51.377,1.370,54,34,40,,
T,2026-04-14 09:55:49,53.47254970,-2.23011579,3.79,34.327,51.377,1.370,61,34,39,,
T,2026-04-14 09:55:50,53.47255505,-2.23009539,3.79,33.977,51.377,1.360,65,34,39,,
T,2026-04-14 09:55:51,53.47256079,-2.23007509,3.79,34.619,51.377,1.260,68,34,38,,
T,2026-04-14 09:55:52,53.47256508,-2.23005329,3.79,34.930,51.377,1.310,80,34,38,,
T,2026-04-14 09:55:53,53.47256757,-2.23003028,3.79,35.048,51.377,1.300,84,33,37,,
T,2026-04-14 09:55:54,53.47257375,-2.23000985,3.79,36.296,51.377,1.290,79,32,38,,
T,2026-04-14 09:55:55,53.47258153,-2.22999038,3.79,36.424,51.377,1.380,65,33,38,,
T,2026-04-14 09:55:56,53.47258719,-2.22997114,3.79,35.779,51.377,1.340,69,33,38,,
T,2026-04-14 09:55:57,53.47259087,-2.22995064,3.79,35.213,51.377,1.370,79,33,38,,
T,2026-04-14 09:55:58,53.47258907,-2.22992901,3.79,35.152,51.377,1.370,96,32,38,,
T,2026-04-14 09:55:59,53.47258343,-2.22990727,3.79,34.767,51.377,1.370,108,29,38,,
T,2026-04-14 09:56:00,53.47257815,-2.22988691,3.79,34.845,51.377,1.340,111,30,38,,
T,2026-04-14 09:56:01,53.47257239,-2.22986598,3.79,35.131,51.377,1.330,112,30,38,,
T,2026-04-14 09:56:02,53.47256933,-2.22984751,3.79,35.232,51.377,1.330,104,31,38,,
T,2026-04-14 09:56:03,53.47256708,-2.22982826,3.79,35.118,51.377,1.310,101,33,38,,
T,2026-04-14 09:56:04,53.47257615,-2.22980634,3.79,35.365,51.377,1.600,64,33,38,,
T,2026-04-14 09:56:05,53.47258240,-2.22978711,3.79,35.660,51.376,1.310,67,33,38,,
T,2026-04-14 09:56:06,53.47258794,-2.22976911,3.79,35.606,51.376,1.310,66,34,38,,
T,2026-04-14 09:56:07,53.47259390,-2.22975086,3.79,35.100,51.376,1.320,65,34,38,,
T,2026-04-14 09:56:08,53.47259952,-2.22973173,3.79,34.566,51.376,1.320,68,33,39,,
T,2026-04-14 09:56:09,53.47260672,-2.22971348,3.79,34.130,51.376,1.330,64,31,39,,
T,2026-04-14 09:56:10,53.47261054,-2.22968834,3.79,35.636,51.376,1.300,64,31,39,,
T,2026-04-14 09:56:11,53.47261389,-2.22966496,9.94,35.679,51.376,1.350,75,34,40,,
T,2026-04-14 09:56:12,53.47262143,-2.22964554,9.94,35.557,51.376,1.460,51,35,40,,
T,2026-04-14 09:56:13,53.47262866,-2.22962612,9.94,36.202,51.376,1.360,59,35,40,,
T,2026-04-14 09:56:14,53.47263985,-2.22961333,9.94,35.945,51.376,1.380,45,35,40,,
T,2026-04-14 09:56:15,53.47265424,-2.22960772,9.94,36.290,51.376,1.470,19,34,40,,
T,2026-04-14 09:56:16,53.47266604,-2.22960055,9.94,36.153,51.376,1.310,24,33,40,,
T,2026-04-14 09:56:17,53.47267576,-2.22958922,9.94,36.622,51.376,1.350,38,32,39,,
T,2026-04-14 09:56:18,53.47268367,-2.22957770,9.94,36.666,51.376,1.300,43,32,39,,
T,2026-04-14 09:56:19,53.47269179,-2.22956259,9.94,36.931,51.376,1.360,64,33,39,,
T,2026-04-14 09:56:20,53.47270075,-2.22954918,9.94,36.988,51.376,1.350,48,33,39,,
T,2026-04-14 09:56:21,53.47270983,-2.22953562,3.79,36.313,51.376,1.320,55,33,39,,
T,2026-04-14 09:56:22,53.47271724,-2.22952253,3.79,36.386,51.376,1.270,57,33,39,,
T,2026-04-14 09:56:23,53.47272396,-2.22950812,3.79,36.631,51.376,1.310,60,34,40,,
T,2026-04-14 09:56:24,53.47273112,-2.22949158,3.79,35.866,51.376,1.300,61,34,40,,
T,2026-04-14 09:56:25,53.47273757,-2.22947449,3.94,35.721,51.376,1.300,63,34,40,,
T,2026-04-14 09:56:26,53.47274311,-2.22945652,4.03,35.752,51.376,1.320,67,35,40,,
T,2026-04-14 09:56:27,53.47274910,-2.22943912,4.15,36.084,51.376,1.330,60,36,40,,
T,2026-04-14 09:56:28,53.47275538,-2.22942149,4.13,36.156,51.376,1.330,60,35,40,,
T,2026-04-14 09:56:29,53.47276158,-2.22940382,4.50,36.354,51.376,1.330,61,33,40,,
T,2026-04-14 09:56:30,53.47276396,-2.22938380,4.38,36.099,51.376,1.340,76,33,40,,
T,2026-04-14 09:56:31,53.47276804,-2.22936483,4.51,36.171,51.376,1.330,70,33,40,,
T,2026-04-14 09:56:32,53.47277335,-2.22934603,4.30,35.712,51.376,1.340,66,32,40,,
T,2026-04-14 09:56:33,53.47278010,-2.22932463,3.87,35.459,51.376,1.300,76,33,40,,
T,2026-04-14 09:56:34,53.47278935,-2.22930617,3.88,35.904,51.376,1.410,54,32,40,,
T,2026-04-14 09:56:35,53.47279864,-2.22929045,3.96,35.926,51.376,1.300,48,32,40,,
T,2026-04-14 09:56:36,53.47280796,-2.22927651,3.92,36.531,51.376,1.270,44,32,40,,
T,2026-04-14 09:56:37,53.47281804,-2.22926533,3.88,36.487,51.376,1.290,35,33,40,,
T,2026-04-14 09:56:38,53.47282824,-2.22925559,3.86,36.529,51.376,1.280,29,32,40,,
T,2026-04-14 09:56:39,53.47283872,-2.22924613,3.90,36.297,51.376,1.270,34,32,40,,
T,2026-04-14 09:56:40,53.47285088,-2.22923791,3.83,35.914,51.376,1.270,28,33,40,,
T,2026-04-14 09:56:41,53.47286356,-2.22923093,3.79,35.494,51.376,1.240,32,33,40,,
T,2026-04-14 09:56:42,53.47287972,-2.22923049,3.79,35.064,51.376,1.460,3,33,40,,
T,2026-04-14 09:56:43,53.47289294,-2.22923200,3.92,35.757,51.376,1.260,358,33,40,,
T,2026-04-14 09:56:44,53.47290529,-2.22923830,4.23,35.817,51.376,1.280,352,35,40,,
T,2026-04-14 09:56:45,53.47291675,-2.22925409,4.26,36.285,51.376,1.380,325,36,40,,
T,2026-04-14 09:56:46,53.47292883,-2.22926020,4.52,36.878,51.376,1.350,353,37,40,,
T,2026-04-14 09:56:47,53.47293811,-2.22926937,4.94,37.686,51.376,1.260,333,37,40,,
T,2026-04-14 09:56:48,53.47294651,-2.22928047,3.82,38.196,51.376,1.130,323,36,40,,
T,2026-04-14 09:56:49,53.47295408,-2.22929136,3.91,38.283,51.376,1.130,322,34,40,,
T,2026-04-14 09:56:50,53.47296067,-2.22930334,4.03,38.065,51.376,1.110,315,36,40,,
T,2026-04-14 09:56:51,53.47296779,-2.22931546,4.00,37.165,51.376,1.140,316,36,40,,
T,2026-04-14 09:56:52,53.47297351,-2.22932889,3.93,36.693,51.376,1.110,311,36,40,,
T,2026-04-14 09:56:53,53.47298069,-2.22934186,4.08,36.458,51.376,1.140,323,36,40,,
T,2026-04-14 09:56:54,53.47298946,-2.22935238,4.40,36.208,51.376,1.140,327,36,40,,
T,2026-04-14 09:56:55,53.47299809,-2.22936496,3.79,34.779,51.376,1.170,328,35,40,,
T,2026-04-14 09:56:56,53.47300522,-2.22937582,3.79,34.327,51.376,1.180,336,36,40,,
T,2026-04-14 09:56:57,53.47301297,-2.22938744,3.79,34.376,51.376,1.230,323,37,39,,
T,2026-04-14 09:56:58,53.47302043,-2.22940335,3.79,34.937,51.376,1.210,319,36,39,,
T,2026-04-14 09:56:59,53.47302944,-2.22942071,3.79,33.750,51.376,1.220,319,37,39,,
T,2026-04-14 09:57:00,53.47303716,-2.22943701,3.79,33.347,51.376,1.240,322,37,39,,
T,2026-04-14 09:57:01,53.47304451,-2.22945424,3.79,32.897,51.376,1.260,331,36,39,,
T,2026-04-14 09:57:02,53.47305196,-2.22946892,3.79,33.855,51.376,1.230,331,35,39,,
T,2026-04-14 09:57:03,53.47306130,-2.22948081,3.79,33.797,51.376,1.270,327,35,39,,
T,2026-04-14 09:57:04,53.47307064,-2.22949281,3.79,33.713,51.376,1.270,325,35,39,,
T,2026-04-14 09:57:05,53.47307975,-2.22950509,3.79,33.561,51.376,1.260,324,34,39,,
T,2026-04-14 09:57:06,53.47308874,-2.22951706,3.79,32.847,51.376,1.220,333,34,39,,
T,2026-04-14 09:57:07,53.47309709,-2.22953232,3.79,31.426,51.376,1.280,322,35,39,,
T,2026-04-14 09:57:08,53.47310761,-2.22955137,3.79,31.118,51.376,1.260,318,34,39,,
T,2026-04-14 09:57:09,53.47311823,-2.22956735,3.79,31.665,51.376,1.260,322,34,39,,
T,2026-04-14 09:57:10,53.47312757,-2.22957969,3.79,32.272,51.376,1.230,324,33,39,,
T,2026-04-14 09:57:11,53.47313622,-2.22959182,3.79,32.841,51.376,1.240,325,34,39,,
T,2026-04-14 09:57:12,53.47314396,-2.22960426,3.79,32.400,51.376,1.230,319,35,39,,
T,2026-04-14 09:57:13,53.47315185,-2.22961709,3.79,32.601,51.376,1.250,326,35,39,,
T,2026-04-14 09:57:14,53.47316114,-2.22963156,3.79,33.495,51.376,1.270,316,34,39,,
T,2026-04-14 09:57:15,53.47317202,-2.22964350,3.79,33.645,51.376,1.310,333,34,39,,
T,2026-04-14 09:57:16,53.47318376,-2.22965406,3.79,33.131,51.376,1.250,338,34,39,,
T,2026-04-14 09:57:17,53.47319570,-2.22966731,3.79,33.313,51.376,1.290,322,35,39,,
T,2026-04-14 09:57:18,53.47320546,-2.22968205,3.79,32.983,51.376,1.270,319,33,39,,
T,2026-04-14 09:57:19,53.47321729,-2.22969311,3.79,33.613,51.376,1.280,332,32,39,,
T,2026-04-14 09:57:20,53.47322726,-2.22970843,3.79,33.514,51.376,1.290,318,30,40,,
T,2026-04-14 09:57:21,53.47323755,-2.22972113,3.79,33.859,51.377,1.280,334,32,40,,
T,2026-04-14 09:57:22,53.47324877,-2.22973355,3.79,33.966,51.377,1.250,338,33,41,,
T,2026-04-14 09:57:23,53.47325805,-2.22974980,3.79,33.795,51.377,1.280,324,32,41,,
T,2026-04-14 09:57:24,53.47326604,-2.22976645,3.79,33.971,51.377,1.300,310,32,41,,
T,2026-04-14 09:57:25,53.47327643,-2.22977967,3.79,34.120,51.377,1.290,321,32,41,,
T,2026-04-14 09:57:26,53.47328645,-2.22979180,3.79,33.642,51.377,1.260,320,33,41,,
T,2026-04-14 09:57:27,53.47329788,-2.22980079,3.79,33.191,51.377,1.280,330,31,41,,
T,2026-04-14 09:57:28,53.47331356,-2.22979278,3.79,34.298,51.377,1.950,20,29,40,,
T,2026-04-14 09:57:29,53.47332851,-2.22978373,3.79,33.685,51.377,1.280,0,30,40,,
T,2026-04-14 09:57:30,53.47334139,-2.22979143,3.79,34.109,51.377,1.410,334,29,39,,
T,2026-04-14 09:57:31,53.47334867,-2.22979248,3.79,34.733,51.377,0.000,,29,39,,
T,2026-04-14 09:57:32,53.47336137,-2.22979733,3.79,36.961,51.377,1.220,349,29,39,,
T,2026-04-14 09:57:33,53.47337372,-2.22980359,3.79,37.953,51.377,1.240,338,29,39,,
T,2026-04-14 09:57:34,53.47338350,-2.22981264,3.79,38.532,51.377,1.240,327,30,39,,
T,2026-04-14 09:57:35,53.47338244,-2.22981280,3.79,38.274,51.377,0.000,,30,40,,
T,2026-04-14 09:57:36,53.47338644,-2.22982648,3.79,38.887,51.377,1.120,310,30,40,,
T,2026-04-14 09:57:37,53.47338613,-2.22982988,3.79,38.905,51.377,0.000,,30,41,,
T,2026-04-14 09:57:38,53.47338577,-2.22983012,3.79,38.901,51.377,0.000,,32,41,,
T,2026-04-14 09:57:39,53.47338562,-2.22983028,3.79,38.875,51.377,0.000,,31,41,,
T,2026-04-14 09:57:40,53.47338558,-2.22983572,3.79,38.655,51.377,0.380,307,29,41,,
T,2026-04-14 09:57:41,53.47338515,-2.22983658,3.79,38.642,51.377,0.000,,29,40,,
T,2026-04-14 09:57:42,53.47338503,-2.22983661,3.79,38.633,51.377,0.000,,29,40,,
T,2026-04-14 09:57:43,53.47338790,-2.22983794,3.79,38.595,51.377,0.430,307,28,40,,
T,2026-04-14 09:57:44,53.47339075,-2.22983694,3.79,38.207,51.377,0.270,307,28,40,,
T,2026-04-14 09:57:45,53.47339156,-2.22983183,3.79,37.933,51.377,0.320,307,29,39,,
T,2026-04-14 09:57:46,53.47338923,-2.22982610,3.79,37.730,51.377,0.310,307,31,39,,
T,2026-04-14 09:57:47,53.47337699,-2.22982087,3.79,36.405,51.377,0.650,307,31,38,,
T,2026-04-14 09:57:48,53.47336778,-2.22981742,3.79,35.415,51.377,0.300,307,32,38,,
T,2026-04-14 09:57:49,53.47335989,-2.22981547,3.79,35.432,51.377,0.310,307,32,38,,
T,2026-04-14 09:57:50,53.47335348,-2.22981088,3.79,35.706,51.377,0.440,307,31,38,,
T,2026-04-14 09:57:51,53.47334502,-2.22980560,3.79,35.130,51.377,0.650,307,30,38,,
T,2026-04-14 09:57:52,53.47333425,-2.22978699,3.79,35.044,51.377,1.480,127,30,38,,
T,2026-04-14 09:57:53,53.47332483,-2.22976818,3.79,34.684,51.377,1.280,128,31,38,,
T,2026-04-14 09:57:54,53.47331466,-2.22975850,3.79,34.161,51.377,0.890,143,31,38,,
T,2026-04-14 09:57:55,53.47330173,-2.22975293,3.79,34.426,51.377,1.140,158,32,39,,
T,2026-04-14 09:57:56,53.47328875,-2.22974107,3.79,34.802,51.377,1.430,137,32,39,,
T,2026-04-14 09:57:57,53.47328015,-2.22972561,3.79,34.935,51.377,1.220,128,32,39,,
T,2026-04-14 09:57:58,53.47327084,-2.22971221,3.79,34.992,51.377,1.240,137,32,39,,
T,2026-04-14 09:57:59,53.47325992,-2.22970278,3.79,34.670,51.376,1.240,151,32,39,,
T,2026-04-14 09:58:00,53.47324930,-2.22969167,3.79,34.588,51.376,1.230,139,33,39,,
T,2026-04-14 09:58:01,53.47324057,-2.22967924,3.79,34.567,51.376,1.210,137,33,39,,
T,2026-04-14 09:58:02,53.47323080,-2.22966999,3.79,34.946,51.376,1.120,157,33,39,,
T,2026-04-14 09:58:03,53.47322182,-2.22965507,3.79,34.366,51.376,1.310,135,32,39,,
T,2026-04-14 09:58:04,53.47321238,-2.22964275,3.79,34.575,51.376,1.210,144,32,39,,
T,2026-04-14 09:58:05,53.47320290,-2.22963197,3.79,34.682,51.376,1.210,143,31,39,,
T,2026-04-14 09:58:06,53.47319322,-2.22962021,3.79,34.343,51.376,1.200,141,29,39,,
T,2026-04-14 09:58:07,53.47318299,-2.22960923,3.79,34.350,51.376,1.200,144,29,39,,
T,2026-04-14 09:58:08,53.47317378,-2.22959626,3.79,34.319,51.376,1.220,138,28,40,,
T,2026-04-14 09:58:09,53.47316544,-2.22958227,3.79,33.885,51.376,1.210,132,30,39,,
T,2026-04-14 09:58:10,53.47315538,-2.22957045,3.79,33.655,51.376,1.220,143,30,39,,
T,2026-04-14 09:58:11,53.47314502,-2.22956017,3.79,33.559,51.376,1.230,148,30,39,,
T,2026-04-14 09:58:12,53.47313495,-2.22954897,3.79,33.256,51.376,1.250,145,30,39,,
T,2026-04-14 09:58:13,53.47312634,-2.22953611,3.79,32.916,51.376,1.210,139,28,40,,
T,2026-04-14 09:58:14,53.47311578,-2.22952493,3.79,32.577,51.376,1.270,149,30,40,,
T,2026-04-14 09:58:15,53.47310494,-2.22951622,3.86,32.260,51.376,1.220,156,30,41,,
T,2026-04-14 09:58:16,53.47309432,-2.22950324,3.79,31.862,51.376,1.320,145,30,41,,
T,2026-04-14 09:58:17,53.47308435,-2.22949063,3.94,31.496,51.376,1.240,147,31,41,,
T,2026-04-14 09:58:18,53.47307363,-2.22948051,4.21,31.125,51.376,1.250,149,34,41,,
T,2026-04-14 09:58:19,53.47306279,-2.22947185,3.97,31.063,51.376,1.290,155,34,41,,
T,2026-04-14 09:58:20,53.47305293,-2.22946073,4.20,31.217,51.376,1.300,148,33,41,,
T,2026-04-14 09:58:21,53.47304211,-2.22945038,4.18,31.236,51.376,1.340,148,33,41,,
T,2026-04-14 09:58:22,53.47303088,-2.22944105,4.05,30.811,51.376,1.320,147,32,41,,
T,2026-04-14 09:58:23,53.47302104,-2.22943004,4.31,30.766,51.376,1.280,143,32,40,,
T,2026-04-14 09:58:24,53.47301105,-2.22941953,4.58,30.386,51.376,1.270,142,31,40,,
T,2026-04-14 09:58:25,53.47300050,-2.22941057,4.83,30.101,51.376,1.240,145,31,40,,
T,2026-04-14 09:58:26,53.47298968,-2.22939940,5.12,29.590,51.376,1.290,146,31,39,,
T,2026-04-14 09:58:27,53.47297980,-2.22938675,5.13,29.425,51.376,1.330,141,30,40,,
T,2026-04-14 09:58:28,53.47296974,-2.22937688,5.32,29.311,51.376,1.270,149,30,40,,
T,2026-04-14 09:58:29,53.47295984,-2.22936798,5.19,28.868,51.376,1.260,147,29,40,,
T,2026-04-14 09:58:30,53.47295156,-2.22935486,3.79,29.330,51.376,1.240,142,29,39,,
T,2026-04-14 09:58:31,53.47294279,-2.22933999,3.79,29.905,51.376,1.260,142,29,39,,
T,2026-04-14 09:58:32,53.47293269,-2.22932357,3.79,30.741,51.376,1.250,146,32,40,,
T,2026-04-14 09:58:33,53.47292352,-2.22930941,3.79,31.624,51.376,0.710,146,34,40,,
T,2026-04-14 09:58:34,53.47291186,-2.22929066,3.79,32.142,51.376,1.410,145,35,40,,
T,2026-04-14 09:58:35,53.47289985,-2.22927276,3.79,32.415,51.376,1.450,146,35,39,,
T,2026-04-14 09:58:36,53.47288822,-2.22925791,3.79,33.015,51.376,1.360,147,35,39,,
T,2026-04-14 09:58:37,53.47287553,-2.22924525,3.79,33.579,51.376,1.420,159,35,40,,
T,2026-04-14 09:58:38,53.47286225,-2.22923797,3.79,34.002,51.376,1.340,171,35,39,,
T,2026-04-14 09:58:39,53.47284995,-2.22923107,3.79,34.342,51.376,1.330,168,35,40,,
T,2026-04-14 09:58:40,53.47283925,-2.22921269,3.79,34.739,51.376,1.490,140,35,40,,
T,2026-04-14 09:58:41,53.47283075,-2.22919170,3.79,35.002,51.375,1.470,126,35,39,,
T,2026-04-14 09:58:42,53.47282445,-2.22917102,3.79,35.257,51.375,1.370,121,35,39,,
T,2026-04-14 09:58:43,53.47281918,-2.22915277,3.79,34.977,51.375,1.320,120,35,40,,
T,2026-04-14 09:58:44,53.47282770,-2.22912478,3.79,34.782,51.375,2.170,69,35,40,,
T,2026-04-14 09:58:45,53.47283455,-2.22910816,3.79,35.328,51.375,1.310,68,34,39,,
T,2026-04-14 09:58:46,53.47282776,-2.22908688,3.79,35.454,51.375,1.560,110,34,39,,
T,2026-04-14 09:58:47,53.47281878,-2.22906909,3.79,35.383,51.375,1.400,128,34,39,,
T,2026-04-14 09:58:48,53.47281639,-2.22906733,3.79,35.192,51.375,0.000,,34,39,,
T,2026-04-14 09:58:49,53.47281610,-2.22907146,3.79,35.191,51.375,0.000,,35,39,,
T,2026-04-14 09:58:50,53.47281503,-2.22904090,3.79,35.886,51.375,2.250,92,35,40,,
T,2026-04-14 09:58:51,53.47281988,-2.22901850,3.79,36.285,51.375,1.540,68,35,40,,
T,2026-04-14 09:58:52,53.47282696,-2.22900406,3.79,36.462,51.375,1.220,60,34,40,,
T,2026-04-14 09:58:53,53.47283394,-2.22898844,3.79,36.877,51.375,1.250,58,33,39,,
T,2026-04-14 09:58:54,53.47284408,-2.22897307,3.79,36.830,51.375,1.400,44,34,39,,
T,2026-04-14 09:58:55,53.47285533,-2.22896038,3.79,37.232,51.375,1.360,36,34,38,,
T,2026-04-14 09:58:56,53.47286557,-2.22895185,3.79,37.407,51.375,1.250,29,33,38,,
T,2026-04-14 09:58:57,53.47287840,-2.22894888,3.79,36.409,51.375,1.400,11,32,38,,
T,2026-04-14 09:58:58,53.47288936,-2.22894917,3.79,36.811,51.375,1.210,6,32,38,,
T,2026-04-14 09:58:59,53.47289808,-2.22894993,3.79,37.330,51.375,1.250,7,33,38,,
T,2026-04-14 09:59:00,53.47287400,-2.22895412,3.79,35.660,51.375,0.000,,33,38,,
T,2026-04-14 09:59:01,53.47286733,-2.22895523,3.79,35.658,51.375,0.000,,33,38,,
T,2026-04-14 09:59:02,53.47286567,-2.22895551,3.79,35.656,51.375,0.000,,33,38,,
T,2026-04-14 09:59:03,53.47286527,-2.22895562,3.79,35.660,51.375,0.000,,31,38,,
T,2026-04-14 09:59:04,53.47286511,-2.22895561,3.79,35.669,51.375,0.000,,31,38,,
T,2026-04-14 09:59:05,53.47286504,-2.22895557,3.79,35.681,51.375,0.000,,30,37,,
T,2026-04-14 09:59:06,53.47286496,-2.22895558,3.79,35.650,51.375,0.000,,30,37,,
T,2026-04-14 09:59:07,53.47286519,-2.22895565,3.79,35.647,51.375,0.000,,29,37,,
T,2026-04-14 09:59:08,53.47286531,-2.22895551,3.79,35.682,51.375,0.000,,29,37,,
T,2026-04-14 09:59:09,53.47286614,-2.22895575,3.79,35.772,51.375,0.000,,30,37,,
T,2026-04-14 09:59:10,53.47286981,-2.22895665,3.79,36.445,51.375,0.000,,32,37,,
T,2026-04-14 09:59:11,53.47287307,-2.22895661,3.79,37.115,51.375,0.210,7,32,37,,
T,2026-04-14 09:59:12,53.47287608,-2.22895697,3.79,37.156,51.375,0.150,7,34,36,,
T,2026-04-14 09:59:13,53.47288030,-2.22896077,3.79,37.222,51.375,0.000,,34,36,,
T,2026-04-14 09:59:14,53.47288717,-2.22895725,3.79,37.230,51.375,0.510,7,33,36,,
T,2026-04-14 09:59:15,53.47289607,-2.22894186,3.79,37.314,51.375,1.080,54,33,36,,
T,2026-04-14 09:59:16,53.47290603,-2.22892684,3.79,36.992,51.375,0.980,40,35,36,,
T,2026-04-14 09:59:17,53.47291586,-2.22891531,3.79,36.923,51.375,0.910,48,35,36,,
T,2026-04-14 09:59:18,53.47292526,-2.22889979,3.79,37.026,51.375,1.190,53,34,36,,
T,2026-04-14 09:59:19,53.47293506,-2.22888338,3.79,37.379,51.375,1.200,59,32,35,,
T,2026-04-14 09:59:20,53.47293365,-2.22886231,3.79,36.548,51.375,1.470,106,30,34,,
T,2026-04-14 09:59:21,53.47292952,-2.22884599,3.79,36.392,51.375,1.230,113,30,34,,
T,2026-04-14 09:59:22,53.47293063,-2.22883214,4.58,35.870,51.375,1.130,97,28,34,,
T,2026-04-14 09:59:23,53.47293958,-2.22881810,4.33,35.026,51.375,1.200,68,28,35,,
T,2026-04-14 09:59:24,53.47295650,-2.22881228,4.40,35.086,51.375,1.260,27,27,34,,
T,2026-04-14 09:59:25,53.47297093,-2.22881827,4.66,34.597,51.375,0.920,358,28,34,,
T,2026-04-14 09:59:26,53.47298103,-2.22883222,4.32,34.031,51.375,0.950,339,25,35,,
T,2026-04-14 09:59:27,53.47298795,-2.22884950,4.39,33.294,51.375,0.970,323,24,37,,
T,2026-04-14 09:59:28,53.47299275,-2.22887157,4.45,32.076,51.375,0.980,311,24,37,,
T,2026-04-14 09:59:29,53.47300155,-2.22888344,4.59,31.521,51.375,1.030,332,24,37,,
T,2026-04-14 09:59:30,53.47301273,-2.22888520,4.49,31.283,51.375,1.020,351,24,37,,
T,2026-04-14 09:59:31,53.47302431,-2.22888368,4.40,31.095,51.375,1.000,357,24,37,,
T,2026-04-14 09:59:32,53.47303495,-2.22888355,4.30,31.031,51.375,1.030,354,23,37,,
T,2026-04-14 09:59:33,53.47304504,-2.22888513,4.25,31.260,51.375,1.050,348,23,37,,
T,2026-04-14 09:59:34,53.47305583,-2.22889204,3.95,30.909,51.375,1.100,339,22,37,,
T,2026-04-14 09:59:35,53.47306881,-2.22889890,3.79,30.946,51.375,1.150,346,22,36,,
T,2026-04-14 09:59:36,53.47308024,-2.22890519,3.79,31.126,51.375,1.130,338,22,36,,
T,2026-04-14 09:59:37,53.47309159,-2.22891333,3.79,31.249,51.375,1.140,338,22,36,,
T,2026-04-14 09:59:38,53.47310187,-2.22892318,3.79,30.886,51.375,1.130,332,23,36,,
T,2026-04-14 09:59:39,53.47311215,-2.22893259,3.79,30.555,51.375,1.140,334,23,36,,
T,2026-04-14 09:59:40,53.47312243,-2.22894193,3.79,30.709,51.375,1.120,329,24,36,,
T,2026-04-14 09:59:41,53.47313168,-2.22895272,3.79,30.748,51.375,1.110,326,23,37,,
T,2026-04-14 09:59:42,53.47314228,-2.22896162,3.79,31.299,51.375,1.160,341,23,37,,
T,2026-04-14 09:59:43,53.47315336,-2.22897326,3.86,31.031,51.375,1.170,344,24,39,,
T,2026-04-14 09:59:44,53.47316408,-2.22898220,3.79,31.392,51.375,1.160,345,28,39,,
T,2026-04-14 09:59:45,53.47317526,-2.22899900,3.79,30.900,51.375,1.240,330,29,40,,
T,2026-04-14 09:59:46,53.47318553,-2.22902473,3.79,32.360,51.375,1.160,347,31,40,,
T,2026-04-14 09:59:47,53.47319459,-2.22905258,3.79,32.364,51.375,1.210,339,32,40,,
T,2026-04-14 09:59:48,53.47320385,-2.22907080,3.79,33.091,51.375,1.260,346,33,40,,
T,2026-04-14 09:59:49,53.47321020,-2.22908986,3.79,34.674,51.375,1.190,344,35,40,,
T,2026-04-14 09:59:50,53.47321447,-2.22910899,3.79,35.427,51.375,1.010,326,34,40,,
T,2026-04-14 09:59:51,53.47321989,-2.22912497,3.79,35.648,51.375,1.070,332,35,40,,
T,2026-04-14 09:59:52,53.47322614,-2.22914279,3.79,35.807,51.375,1.100,332,35,40,,
T,2026-04-14 09:59:53,53.47323264,-2.22915841,3.79,35.705,51.375,1.080,320,34,39,,
T,2026-04-14 09:59:54,53.47324033,-2.22916957,3.79,35.578,51.376,1.070,327,34,39,,
T,2026-04-14 09:59:55,53.47324722,-2.22918075,3.79,35.829,51.376,1.060,321,34,39,,
T,2026-04-14 09:59:56,53.47325585,-2.22918192,3.79,36.506,51.376,1.060,337,34,39,,
T,2026-04-14 09:59:57,53.47326473,-2.22918547,3.79,36.537,51.376,1.040,340,34,38,,
T,2026-04-14 09:59:58,53.47327567,-2.22919274,3.79,36.781,51.376,1.150,345,33,38,,
T,2026-04-14 09:59:59,53.47328560,-2.22919818,3.79,36.916,51.376,1.050,344,31,38,,
T,2026-04-14 10:00:00,53.47329655,-2.22920587,3.79,36.800,51.376,1.090,343,33,38,,
T,2026-04-14 10:00:01,53.47330609,-2.22921490,3.79,37.033,51.376,1.060,339,31,38,,
T,2026-04-14 10:00:02,53.47331556,-2.22922129,3.79,37.040,51.376,1.030,342,32,38,,
T,2026-04-14 10:00:03,53.47332493,-2.22922834,3.79,36.608,51.376,1.020,340,33,38,,
T,2026-04-14 10:00:04,53.47333398,-2.22923398,3.79,36.426,51.376,1.040,353,33,38,,
T,2026-04-14 10:00:05,53.47334419,-2.22924248,3.79,36.489,51.376,1.190,341,34,38,,
T,2026-04-14 10:00:06,53.47335433,-2.22925170,3.79,36.327,51.376,1.110,341,33,39,,
T,2026-04-14 10:00:07,53.47336625,-2.22925561,3.79,36.988,51.376,1.230,3,33,39,,
T,2026-04-14 10:00:08,53.47337809,-2.22925303,3.79,36.371,51.376,1.270,20,33,39,,
T,2026-04-14 10:00:09,53.47338837,-2.22925658,3.79,36.139,51.376,1.060,353,32,39,,
T,2026-04-14 10:00:10,53.47339985,-2.22926166,3.79,35.877,51.376,1.130,348,34,39,,
T,2026-04-14 10:00:11,53.47341105,-2.22926686,3.79,35.631,51.376,1.120,351,31,38,,
T,2026-04-14 10:00:12,53.47342211,-2.22927058,3.79,35.839,51.376,1.120,355,30,38,,
T,2026-04-14 10:00:13,53.47343357,-2.22927317,3.79,35.893,51.376,1.140,359,31,38,,
T,2026-04-14 10:00:14,53.47344516,-2.22927106,3.79,36.087,51.376,1.230,16,31,38,,
T,2026-04-14 10:00:15,53.47345754,-2.22927454,3.79,36.175,51.376,1.230,355,31,39,,
T,2026-04-14 10:00:16,53.47346968,-2.22927592,3.79,36.539,51.376,1.170,3,31,39,,
T,2026-04-14 10:00:17,53.47348250,-2.22927120,3.79,37.737,51.376,1.250,13,33,39,,
T,2026-04-14 10:00:18,53.47349327,-2.22926945,3.79,37.981,51.376,1.140,14,31,39,,
T,2026-04-14 10:00:19,53.47350794,-2.22931438,3.79,37.844,51.376,3.810,299,33,38,,
T,2026-04-14 10:00:20,53.47351605,-2.22932742,3.79,37.820,51.376,1.290,328,33,38,,
T,2026-04-14 10:00:21,53.47352447,-2.22933248,3.79,37.759,51.376,1.150,334,34,39,,
T,2026-04-14 10:00:22,53.47353491,-2.22933703,3.79,38.196,51.376,1.140,346,34,38,,
T,2026-04-14 10:00:23,53.47354301,-2.22934611,3.79,37.964,51.376,1.120,332,34,38,,
T,2026-04-14 10:00:24,53.47355293,-2.22934804,3.79,37.753,51.376,1.170,347,34,38,,
T,2026-04-14 10:00:25,53.47356342,-2.22934780,3.79,37.650,51.376,1.160,355,34,39,,
T,2026-04-14 10:00:26,53.47357407,-2.22934737,3.79,37.757,51.376,1.160,359,33,39,,
T,2026-04-14 10:00:27,53.47358531,-2.22934484,3.79,37.589,51.376,1.180,6,34,39,,
T,2026-04-14 10:00:28,53.47359593,-2.22934382,9.94,37.287,51.376,1.150,356,34,40,,
T,2026-04-14 10:00:29,53.47360570,-2.22934241,9.94,37.621,51.376,1.130,2,35,40,,
T,2026-04-14 10:00:30,53.47361489,-2.22933920,9.94,37.708,51.376,1.130,1,35,40,,
T,2026-04-14 10:00:31,53.47362615,-2.22933942,9.94,38.240,51.376,1.180,342,34,40,,
T,2026-04-14 10:00:32,53.47363633,-2.22933755,9.94,37.520,51.376,1.110,340,34,40,,
T,2026-04-14 10:00:33,53.47364491,-2.22934183,9.94,37.770,51.376,1.130,332,33,39,,
T,2026-04-14 10:00:34,53.47365696,-2.22933525,9.94,37.198,51.376,1.390,8,32,39,,
T,2026-04-14 10:00:35,53.47366776,-2.22933214,9.94,37.109,51.376,1.170,354,32,39,,
T,2026-04-14 10:00:36,53.47367865,-2.22933424,9.94,37.181,51.376,1.140,349,32,39,,
T,2026-04-14 10:00:37,53.47368941,-2.22934099,9.94,37.462,51.376,1.170,337,32,39,,
T,2026-04-14 10:00:38,53.47370040,-2.22934783,9.94,37.627,51.376,1.170,339,32,39,,
T,2026-04-14 10:00:39,53.47370928,-2.22936081,9.94,37.807,51.376,1.170,326,32,39,,
T,2026-04-14 10:00:40,53.47371859,-2.22936792,9.94,37.485,51.376,1.170,336,31,39,,
T,2026-04-14 10:00:41,53.47372971,-2.22937183,9.94,37.481,51.376,1.230,352,31,39,,
T,2026-04-14 10:00:42,53.47373880,-2.22938633,9.94,37.174,51.376,1.400,317,31,39,,
T,2026-04-14 10:00:43,53.47374831,-2.22939537,9.94,37.286,51.376,1.190,332,31,39,,
T,2026-04-14 10:00:44,53.47375979,-2.22940085,9.94,36.894,51.376,1.210,349,32,39,,
T,2026-04-14 10:00:45,53.47376954,-2.22940886,10.10,36.508,51.376,1.180,338,32,39,,
T,2026-04-14 10:00:46,53.47378088,-2.22941206,10.10,36.262,51.376,1.200,351,31,39,,
T,2026-04-14 10:00:47,53.47379157,-2.22942085,10.06,36.454,51.376,1.220,334,29,38,,
T,2026-04-14 10:00:48,53.47380433,-2.22942134,9.94,36.366,51.376,1.320,3,29,39,,
T,2026-04-14 10:00:49,53.47381588,-2.22942177,9.94,36.990,51.376,1.150,2,28,39,,
T,2026-04-14 10:00:50,53.47382955,-2.22942910,9.94,38.153,51.376,1.240,348,29,38,,
T,2026-04-14 10:00:51,53.47384031,-2.22943595,9.94,39.954,51.376,1.170,340,30,38,,
T,2026-04-14 10:00:52,53.47385499,-2.22942030,9.94,41.582,51.376,2.130,41,30,38,,
T,2026-04-14 10:00:53,53.47387181,-2.22943113,9.94,41.666,51.376,2.150,343,31,38,,
T,2026-04-14 10:00:54,53.47388441,-2.22943029,9.94,42.040,51.376,1.380,19,31,38,,
T,2026-04-14 10:00:55,53.47389380,-2.22942394,9.94,42.216,51.376,1.230,40,32,38,,
T,2026-04-14 10:00:56,53.47391236,-2.22944085,9.94,42.627,51.376,2.500,338,32,39,,
T,2026-04-14 10:00:57,53.47392011,-2.22945634,9.94,42.067,51.376,1.210,328,32,39,,
T,2026-04-14 10:00:58,53.47392668,-2.22946759,9.94,41.805,51.376,1.200,336,32,40,,
T,2026-04-14 10:00:59,53.47393388,-2.22947928,9.94,41.614,51.376,1.190,330,30,40,,
T,2026-04-14 10:01:00,53.47394214,-2.22948868,9.94,41.135,51.376,1.200,339,30,40,,
T,2026-04-14 10:01:01,53.47394891,-2.22949817,9.94,40.295,51.376,1.150,334,27,40,,
T,2026-04-14 10:01:02,53.47395531,-2.22951121,9.94,40.029,51.376,1.160,328,25,40,,
T,2026-04-14 10:01:03,53.47396082,-2.22952226,9.94,39.655,51.376,1.130,331,25,40,,
T,2026-04-14 10:01:04,53.47396592,-2.22952994,9.94,39.312,51.376,1.130,331,26,40,,
T,2026-04-14 10:01:05,53.47397222,-2.22953948,9.99,39.177,51.376,1.140,323,24,40,,
T,2026-04-14 10:01:06,53.47398103,-2.22954605,10.05,39.028,51.376,1.200,342,24,40,,
T,2026-04-14 10:01:07,53.47398852,-2.22955644,10.23,38.919,51.376,1.190,326,25,41,,
T,2026-04-14 10:01:08,53.47399633,-2.22956556,10.38,38.856,51.376,1.150,328,27,41,,
T,2026-04-14 10:01:09,53.47400438,-2.22957282,10.49,38.642,51.376,1.150,331,25,41,,
T,2026-04-14 10:01:10,53.47401227,-2.22958047,10.57,38.584,51.376,1.150,331,25,41,,
T,2026-04-14 10:01:11,53.47402043,-2.22958880,10.63,38.703,51.376,1.140,330,22,41,,
T,2026-04-14 10:01:12,53.47402923,-2.22959605,10.67,38.544,51.376,1.140,333,20,41,,
T,2026-04-14 10:01:13,53.47403604,-2.22961048,10.52,38.366,51.377,1.240,309,22,40,,
T,2026-04-14 10:01:14,53.47404635,-2.22961281,10.48,39.523,51.377,1.190,333,24,40,,
T,2026-04-14 10:01:15,53.47405649,-2.22961587,10.41,39.388,51.377,1.130,340,30,40,,
T,2026-04-14 10:01:16,53.47406600,-2.22962192,10.40,39.049,51.377,1.130,333,31,40,,
T,2026-04-14 10:01:17,53.47407410,-2.22963173,10.44,39.105,51.377,1.130,325,31,39,,
T,2026-04-14 10:01:18,53.47408298,-2.22963973,10.25,39.881,51.377,1.140,313,30,39,,
T,2026-04-14 10:01:19,53.47409334,-2.22964584,10.15,39.993,51.377,1.140,332,29,39,,
T,2026-04-14 10:01:20,53.47410280,-2.22964836,10.07,40.259,51.377,1.060,341,27,38,,
T,2026-04-14 10:01:21,53.47411487,-2.22964423,10.01,41.146,51.377,1.200,357,28,38,,
T,2026-04-14 10:01:22,53.47412753,-2.22964181,9.96,40.842,51.377,1.140,355,28,38,,
T,2026-04-14 10:01:23,53.47413892,-2.22964669,9.99,41.340,51.377,1.180,339,26,37,,
T,2026-04-14 10:01:24,53.47415192,-2.22964932,9.99,41.048,51.377,1.170,354,25,38,,
T,2026-04-14 10:01:25,53.47416381,-2.22964930,10.03,41.114,51.377,1.160,2,25,38,,
T,2026-04-14 10:01:26,53.47417626,-2.22965186,10.04,40.663,51.377,1.090,348,26,38,,
T,2026-04-14 10:01:27,53.47418819,-2.22965693,10.07,40.535,51.377,1.140,342,23,40,,
T,2026-04-14 10:01:28,53.47420160,-2.22966000,10.03,40.401,51.377,1.130,350,24,40,,
T,2026-04-14 10:01:29,53.47421485,-2.22966241,10.01,40.033,51.377,1.140,354,27,40,,
T,2026-04-14 10:01:30,53.47422743,-2.22966691,9.98,40.299,51.377,1.160,340,27,40,,
T,2026-04-14 10:01:31,53.47423820,-2.22967340,9.95,39.671,51.377,1.140,343,27,40,,
T,2026-04-14 10:01:32,53.47424911,-2.22967908,9.94,39.339,51.377,1.130,346,27,40,,
T,2026-04-14 10:01:33,53.47426009,-2.22968500,10.07,39.115,51.377,1.140,341,28,40,,
T,2026-04-14 10:01:34,53.47426961,-2.22969685,9.94,38.526,51.377,1.080,329,29,40,,
T,2026-04-14 10:01:35,53.47427850,-2.22970803,9.94,38.943,51.377,1.080,326,28,40,,
T,2026-04-14 10:01:36,53.47429890,-2.22968524,9.94,38.350,51.377,3.240,38,28,40,,
T,2026-04-14 10:01:37,53.47430020,-2.22967165,9.94,38.010,51.377,0.000,,28,40,,
T,2026-04-14 10:01:38,53.47429941,-2.22966776,9.94,38.015,51.377,0.000,,27,40,,
T,2026-04-14 10:01:39,53.47430065,-2.22967025,10.49,38.110,51.377,0.190,38,25,40,,
T,2026-04-14 10:01:40,53.47430922,-2.22965366,10.08,38.241,51.377,0.000,,25,40,,
T,2026-04-14 10:01:41,53.47431132,-2.22964927,9.94,38.240,51.377,0.000,,26,40,,
T,2026-04-14 10:01:42,53.47431185,-2.22964810,9.94,38.242,51.377,0.000,,25,40,,
T,2026-04-14 10:01:43,53.47431083,-2.22965274,10.06,38.282,51.377,0.360,36,26,40,,
T,2026-04-14 10:01:44,53.47431007,-2.22965286,9.94,38.289,51.377,0.000,,24,40,,
T,2026-04-14 10:01:45,53.47430524,-2.22965449,3.79,37.034,51.377,0.200,36,24,40,,
T,2026-04-14 10:01:46,53.47430210,-2.22965436,3.79,37.010,51.377,0.000,,26,40,,
T,2026-04-14 10:01:47,53.47430112,-2.22965453,3.79,36.934,51.377,0.000,,27,39,,
T,2026-04-14 10:01:48,53.47430085,-2.22965473,3.79,36.951,51.377,0.000,,27,39,,
T,2026-04-14 10:01:49,53.47430070,-2.22965436,3.80,36.897,51.377,0.000,,28,40,,
T,2026-04-14 10:01:50,53.47430060,-2.22965395,3.82,36.850,51.377,0.000,,27,40,,
T,2026-04-14 10:01:51,53.47430052,-2.22965370,3.87,36.828,51.377,0.000,,27,40,,
T,2026-04-14 10:01:52,53.47430046,-2.22965375,3.86,36.862,51.377,0.000,,27,40,,
T,2026-04-14 10:01:53,53.47430042,-2.22965385,3.87,36.885,51.377,0.000,,24,40,,
T,2026-04-14 10:01:54,53.47430036,-2.22965401,3.85,36.913,51.377,0.000,,25,40,,
T,2026-04-14 10:01:55,53.47430027,-2.22965456,3.85,36.954,51.377,0.000,,26,40,,
T,2026-04-14 10:01:56,53.47430022,-2.22965470,3.80,36.945,51.377,0.000,,25,40,,
T,2026-04-14 10:01:57,53.47430069,-2.22965169,3.97,36.841,51.377,0.290,36,27,40,,
T,2026-04-14 10:01:58,53.47430267,-2.22965187,4.03,36.690,51.377,0.000,,28,40,,
T,2026-04-14 10:01:59,53.47430369,-2.22965142,4.10,36.598,51.377,0.000,,28,40,,
T,2026-04-14 10:02:00,53.47430404,-2.22965103,4.09,36.621,51.377,0.000,,28,41,,
T,2026-04-14 10:02:01,53.47430399,-2.22965056,4.27,36.555,51.377,0.000,,28,41,,
T,2026-04-14 10:02:02,53.47430391,-2.22965027,4.31,36.524,51.377,0.000,,27,41,,
T,2026-04-14 10:02:03,53.47430379,-2.22964995,4.48,36.524,51.377,0.000,,27,41,,
T,2026-04-14 10:02:04,53.47430372,-2.22964985,4.57,36.538,51.377,0.000,,28,41,,
T,2026-04-14 10:02:05,53.47430365,-2.22964961,3.98,36.764,51.377,0.000,,28,41,,
T,2026-04-14 10:02:06,53.47430313,-2.22964899,3.81,36.852,51.377,0.000,,28,41,,
T,2026-04-14 10:02:07,53.47430299,-2.22964886,3.79,36.864,51.377,0.000,,28,41,,
T,2026-04-14 10:02:08,53.47430291,-2.22964886,3.79,36.878,51.377,0.000,,28,41,,
T,2026-04-14 10:02:09,53.47430285,-2.22964888,3.79,36.891,51.377,0.000,,31,41,,
T,2026-04-14 10:02:10,53.47430280,-2.22964888,3.79,36.909,51.377,0.000,,31,41,,
T,2026-04-14 10:02:11,53.47430270,-2.22964886,3.79,36.928,51.377,0.000,,27,41,,
T,2026-04-14 10:02:12,53.47430260,-2.22964888,3.79,36.948,51.377,0.000,,26,41,,
T,2026-04-14 10:02:13,53.47430173,-2.22964854,3.88,36.794,51.377,0.000,,26,41,,
T,2026-04-14 10:02:14,53.47429927,-2.22965321,3.79,36.508,51.377,0.220,36,25,41,,
T,2026-04-14 10:02:15,53.47429803,-2.22965582,3.79,36.792,51.377,0.000,,26,41,,
T,2026-04-14 10:02:16,53.47429670,-2.22965977,3.79,36.597,51.377,0.000,,27,41,,
T,2026-04-14 10:02:17,53.47429625,-2.22966133,3.79,36.525,51.377,0.000,,33,41,,
T,2026-04-14 10:02:18,53.47429610,-2.22966172,3.79,36.529,51.377,0.000,,31,41,,
T,2026-04-14 10:02:19,53.47429604,-2.22966181,3.79,36.536,51.377,0.000,,32,41,,
T,2026-04-14 10:02:20,53.47429603,-2.22966184,3.79,36.536,51.377,0.000,,32,41,,
T,2026-04-14 10:02:21,53.47429597,-2.22966181,3.79,36.551,51.377,0.000,,32,40,,
T,2026-04-14 10:02:22,53.47429595,-2.22966178,3.79,36.559,51.377,0.000,,30,40,,
T,2026-04-14 10:02:23,53.47429596,-2.22966176,3.79,36.561,51.377,0.000,,24,40,,
T,2026-04-14 10:02:24,53.47429587,-2.22966172,3.79,36.572,51.377,0.000,,22,39,,
T,2026-04-14 10:02:25,53.47429585,-2.22966170,3.79,36.574,51.377,0.000,,22,39,,
T,2026-04-14 10:02:26,53.47429588,-2.22966171,3.79,36.572,51.377,0.000,,22,37,,
T,2026-04-14 10:02:27,53.47429634,-2.22966473,3.79,36.841,51.377,0.000,,23,37,,
T,2026-04-14 10:02:28,53.47429611,-2.22966734,3.79,36.865,51.377,0.000,,27,38,,
T,2026-04-14 10:02:29,53.47429596,-2.22966809,3.79,36.858,51.377,0.000,,28,38,,
T,2026-04-14 10:02:30,53.47429600,-2.22966827,3.79,36.871,51.377,0.000,,28,38,,
T,2026-04-14 10:02:31,53.47429602,-2.22966823,3.79,36.882,51.377,0.000,,28,38,,
T,2026-04-14 10:02:32,53.47429604,-2.22966784,3.79,36.855,51.377,0.000,,28,37,,
T,2026-04-14 10:02:33,53.47429596,-2.22966792,3.79,36.839,51.377,0.000,,28,39,,
T,2026-04-14 10:02:34,53.47429591,-2.22966805,3.79,36.845,51.377,0.000,,29,40,,
T,2026-04-14 10:02:35,53.47429597,-2.22966900,3.79,36.851,51.377,0.000,,28,41,,
T,2026-04-14 10:02:36,53.47429603,-2.22966942,3.79,36.876,51.377,0.000,,28,41,,
T,2026-04-14 10:02:37,53.47429606,-2.22966956,3.80,36.878,51.377,0.000,,28,40,,
T,2026-04-14 10:02:38,53.47429610,-2.22966929,3.87,36.834,51.377,0.000,,27,40,,
T,2026-04-14 10:02:39,53.47429607,-2.22966905,3.91,36.788,51.377,0.000,,27,41,,
T,2026-04-14 10:02:40,53.47429597,-2.22966882,3.87,36.729,51.377,0.000,,27,41,,
T,2026-04-14 10:02:41,53.47429600,-2.22966850,3.84,36.689,51.377,0.000,,28,41,,
T,2026-04-14 10:02:42,53.47429599,-2.22966844,3.79,36.688,51.377,0.000,,28,41,,
T,2026-04-14 10:02:43,53.47429616,-2.22967002,3.80,36.449,51.377,0.000,,27,41,,
T,2026-04-14 10:02:44,53.47429698,-2.22966773,3.80,36.479,51.377,0.200,36,27,40,,
T,2026-04-14 10:02:45,53.47429656,-2.22966698,3.79,36.500,51.377,0.000,,30,40,,
T,2026-04-14 10:02:46,53.47429664,-2.22966898,3.95,36.443,51.377,0.000,,30,40,,
T,2026-04-14 10:02:47,53.47429673,-2.22967235,3.79,36.497,51.377,0.000,,30,40,,
T,2026-04-14 10:02:48,53.47429683,-2.22967381,3.79,36.527,51.377,0.000,,29,40,,
T,2026-04-14 10:02:49,53.47429690,-2.22967525,4.02,36.640,51.377,0.000,,30,40,,
T,2026-04-14 10:02:50,53.47429694,-2.22967525,3.96,36.630,51.377,0.000,,29,41,,
T,2026-04-14 10:02:51,53.47430007,-2.22967624,3.85,36.293,51.377,0.000,,29,41,,
T,2026-04-14 10:02:52,53.47430231,-2.22967603,3.94,36.275,51.377,0.000,,29,41,,
T,2026-04-14 10:02:53,53.47430275,-2.22967573,3.98,36.232,51.377,0.000,,29,41,,
T,2026-04-14 10:02:54,53.47430285,-2.22967576,3.99,36.254,51.377,0.000,,30,41,,
T,2026-04-14 10:02:55,53.47430286,-2.22967534,3.98,36.248,51.377,0.000,,29,41,,
T,2026-04-14 10:02:56,53.47430291,-2.22967525,4.02,36.209,51.377,0.000,,28,41,,
T,2026-04-14 10:02:57,53.47430330,-2.22967562,4.06,36.179,51.377,0.000,,28,41,,
T,2026-04-14 10:02:58,53.47430379,-2.22967600,4.09,36.092,51.377,0.000,,29,41,,
T,2026-04-14 10:02:59,53.47430390,-2.22967581,4.05,36.069,51.377,0.000,,30,41,,
T,2026-04-14 10:03:00,53.47430404,-2.22967606,3.99,36.080,51.377,0.000,,27,41,,
T,2026-04-14 10:03:01,53.47430386,-2.22967564,3.94,36.053,51.377,0.000,,27,41,,
T,2026-04-14 10:03:02,53.47430361,-2.22967514,3.91,36.076,51.377,0.000,,28,41,,
T,2026-04-14 10:03:03,53.47430342,-2.22967480,3.90,36.077,51.377,0.000,,28,41,,
T,2026-04-14 10:03:04,53.47430322,-2.22967444,3.92,36.088,51.377,0.000,,29,41,,
T,2026-04-14 10:03:05,53.47430315,-2.22967431,3.90,36.104,51.377,0.000,,30,41,,
T,2026-04-14 10:03:06,53.47430317,-2.22967427,3.91,36.100,51.377,0.000,,29,41,,
T,2026-04-14 10:03:07,53.47430320,-2.22967428,3.92,36.100,51.377,0.000,,30,41,,
T,2026-04-14 10:03:08,53.47430324,-2.22967430,3.83,36.099,51.377,0.000,,28,41,,
T,2026-04-14 10:03:09,53.47430302,-2.22967382,3.80,36.147,51.377,0.000,,27,41,,
T,2026-04-14 10:03:10,53.47430301,-2.22967375,3.87,36.143,51.377,0.000,,26,41,,
T,2026-04-14 10:03:11,53.47430307,-2.22967382,3.93,36.138,51.377,0.000,,26,41,,
T,2026-04-14 10:03:12,53.47430290,-2.22967328,3.95,36.108,51.377,0.000,,26,41,,
T,2026-04-14 10:03:13,53.47430299,-2.22967335,4.01,36.102,51.377,0.000,,28,41,,
T,2026-04-14 10:03:14,53.47430334,-2.22967348,4.00,36.105,51.377,0.000,,29,41,,
T,2026-04-14 10:03:15,53.47430355,-2.22967362,4.00,36.104,51.377,0.000,,29,41,,
T,2026-04-14 10:03:16,53.47430362,-2.22967366,3.97,36.104,51.377,0.000,,29,41,,
T,2026-04-14 10:03:17,53.47430378,-2.22967374,3.96,36.090,51.377,0.000,,28,41,,
T,2026-04-14 10:03:18,53.47430494,-2.22967496,3.94,35.895,51.377,0.000,,28,41,,
T,2026-04-14 10:03:19,53.47430753,-2.22967814,4.00,35.898,51.377,0.460,36,28,41,,
T,2026-04-14 10:03:20,53.47431114,-2.22968150,3.98,35.897,51.377,0.390,36,29,41,,
T,2026-04-14 10:03:21,53.47431747,-2.22968434,4.46,35.795,51.377,0.770,352,27,41,,
T,2026-04-14 10:03:22,53.47432797,-2.22968577,3.89,36.121,51.377,1.090,345,26,41,,
T,2026-04-14 10:03:23,53.47433709,-2.22968718,3.96,36.165,51.377,1.070,352,26,41,,
T,2026-04-14 10:03:24,53.47434554,-2.22969334,3.87,36.423,51.377,1.070,339,23,41,,
T,2026-04-14 10:03:25,53.47435444,-2.22969825,3.93,36.309,51.377,1.070,347,22,41,,
T,2026-04-14 10:03:26,53.47436335,-2.22970247,3.94,36.195,51.377,1.070,353,22,41,,
T,2026-04-14 10:03:27,53.47437205,-2.22970650,4.08,36.134,51.377,1.050,352,24,41,,
T,2026-04-14 10:03:28,53.47438124,-2.22970603,4.41,36.198,51.377,1.060,5,24,41,,
T,2026-04-14 10:03:29,53.47439041,-2.22969939,4.76,36.296,51.377,1.190,24,24,41,,
T,2026-04-14 10:03:30,53.47439954,-2.22969430,4.60,36.364,51.377,1.130,18,26,41,,
T,2026-04-14 10:03:31,53.47440824,-2.22969516,4.54,36.468,51.377,1.040,7,25,41,,
T,2026-04-14 10:03:32,53.47441299,-2.22969824,4.16,37.132,51.377,0.610,7,24,41,,
T,2026-04-14 10:03:33,53.47441949,-2.22970724,4.28,38.643,51.377,1.030,326,23,41,,
T,2026-04-14 10:03:34,53.47441879,-2.22971301,4.29,38.405,51.377,0.000,,23,41,,
T,2026-04-14 10:03:35,53.47441859,-2.22972053,4.11,38.423,51.377,0.000,,23,41,,
T,2026-04-14 10:03:36,53.47442253,-2.22972164,4.04,38.174,51.377,0.320,293,24,41,,
T,2026-04-14 10:03:37,53.47442371,-2.22972272,4.13,37.850,51.377,0.000,,22,40,,
T,2026-04-14 10:03:38,53.47442344,-2.22972487,4.44,37.863,51.377,0.000,,23,40,,
T,2026-04-14 10:03:39,53.47442821,-2.22972257,4.95,37.933,51.377,0.640,293,23,40,,
T,2026-04-14 10:03:40,53.47443206,-2.22971873,4.82,37.708,51.377,0.360,293,23,40,,
T,2026-04-14 10:03:41,53.47443497,-2.22971673,4.46,37.754,51.377,0.500,293,22,40,,
T,2026-04-14 10:03:42,53.47443701,-2.22969697,4.32,37.805,51.377,1.520,83,23,40,,
T,2026-04-14 10:03:43,53.47443873,-2.22968325,4.17,37.562,51.377,0.960,70,23,40,,
T,2026-04-14 10:03:44,53.47443837,-2.22968613,4.10,37.435,51.377,0.000,,25,40,,
T,2026-04-14 10:03:45,53.47443957,-2.22968468,4.45,37.521,51.377,0.280,56,25,40,,
T,2026-04-14 10:03:46,53.47444128,-2.22968481,4.70,37.575,51.377,0.270,56,26,40,,
T,2026-04-14 10:03:47,53.47444982,-2.22967949,5.76,37.671,51.377,1.200,28,25,40,,
T,2026-04-14 10:03:48,53.47446026,-2.22968407,5.56,38.109,51.377,1.130,357,24,40,,
T,2026-04-14 10:03:49,53.47446718,-2.22969353,5.52,38.097,51.377,0.850,345,25,40,,
T,2026-04-14 10:03:50,53.47447489,-2.22969789,5.37,38.289,51.377,0.950,7,25,40,,
T,2026-04-14 10:03:51,53.47448288,-2.22970011,5.18,38.550,51.377,0.960,3,25,40,,
T,2026-04-14 10:03:52,53.47449048,-2.22970443,5.47,38.724,51.377,0.890,355,22,40,,
T,2026-04-14 10:03:53,53.47449834,-2.22970761,6.27,39.002,51.377,0.890,357,22,39,,
T,2026-04-14 10:03:54,53.47450653,-2.22971093,7.60,39.009,51.377,0.890,358,22,39,,
T,2026-04-14 10:03:55,53.47451476,-2.22971095,9.17,39.468,51.377,0.900,3,22,39,,
T,2026-04-14 10:03:56,53.47452367,-2.22971235,6.50,39.457,51.377,0.910,1,22,40,,
T,2026-04-14 10:03:57,53.47453325,-2.22972639,6.05,39.264,51.377,0.920,348,21,40,,
T,2026-04-14 10:03:58,53.47454392,-2.22973873,5.76,38.999,51.377,0.920,354,21,40,,
T,2026-04-14 10:03:59,53.47455315,-2.22974569,5.83,39.344,51.377,0.910,350,21,40,,
T,2026-04-14 10:04:00,53.47456154,-2.22974518,6.18,39.042,51.377,0.910,353,22,40,,
T,2026-04-14 10:04:01,53.47457108,-2.22973798,6.51,39.168,51.377,0.930,4,22,40,,
T,2026-04-14 10:04:02,53.47457720,-2.22970569,6.58,38.387,51.377,1.840,69,21,41,,
T,2026-04-14 10:04:03,53.47457912,-2.22969166,6.82,37.169,51.377,0.920,78,21,41,,
T,2026-04-14 10:04:04,53.47458397,-2.22968875,6.13,36.588,51.377,1.150,27,21,41,,
T,2026-04-14 10:04:05,53.47459371,-2.22969464,6.52,37.028,51.377,1.100,5,21,41,,
T,2026-04-14 10:04:06,53.47460575,-2.22970368,6.56,37.425,51.377,1.350,340,20,41,,
T,2026-04-14 10:04:07,53.47461718,-2.22970461,6.24,37.116,51.377,1.360,18,20,41,,
T,2026-04-14 10:04:08,53.47462657,-2.22970396,6.50,37.076,51.377,1.100,9,20,41,,
T,2026-04-14 10:04:09,53.47463650,-2.22970664,6.74,37.137,51.377,1.110,359,20,41,,
T,2026-04-14 10:04:10,53.47464674,-2.22971657,6.41,36.950,51.377,1.110,353,20,41,,
T,2026-04-14 10:04:11,53.47465652,-2.22972129,6.48,38.077,51.377,1.090,357,17,41,,
T,2026-04-14 10:04:12,53.47466510,-2.22972493,6.52,39.163,51.377,1.100,4,17,41,,
T,2026-04-14 10:04:13,53.47467396,-2.22973075,6.45,39.389,51.377,1.100,354,17,41,,
T,2026-04-14 10:04:14,53.47468605,-2.22973602,5.94,40.191,51.377,1.150,355,17,41,,
T,2026-04-14 10:04:15,53.47469685,-2.22973950,6.22,40.301,51.377,1.130,354,17,41,,
T,2026-04-14 10:04:16,53.47470706,-2.22974433,6.48,40.438,51.377,1.130,349,16,41,,
T,2026-04-14 10:04:17,53.47471738,-2.22974758,6.75,40.380,51.377,1.140,353,17,41,,
T,2026-04-14 10:04:18,53.47472769,-2.22975307,6.72,40.700,51.377,1.150,350,17,41,,
T,2026-04-14 10:04:19,53.47473812,-2.22975963,6.35,41.288,51.377,1.160,347,17,41,,
T,2026-04-14 10:04:20,53.47475055,-2.22976927,5.69,41.348,51.377,1.200,3,16,41,,
T,2026-04-14 10:04:21,53.47476243,-2.22977794,5.96,41.630,51.377,1.200,352,16,41,,
T,2026-04-14 10:04:22,53.47477291,-2.22978407,5.41,40.958,51.377,1.180,349,16,41,,
T,2026-04-14 10:04:23,53.47478649,-2.22978718,5.43,41.433,51.377,1.210,354,17,41,,
T,2026-04-14 10:04:24,53.47479967,-2.22979566,5.29,40.582,51.377,1.230,359,18,41,,
T,2026-04-14 10:04:25,53.47481182,-2.22980292,5.58,40.614,51.377,1.240,350,18,41,,
T,2026-04-14 10:04:26,53.47482303,-2.22980883,5.77,41.176,51.377,1.240,354,18,41,,
T,2026-04-14 10:04:27,53.47483487,-2.22981462,5.80,42.188,51.377,1.250,354,17,41,,
T,2026-04-14 10:04:28,53.47484689,-2.22982041,5.94,42.332,51.377,1.250,352,16,41,,
T,2026-04-14 10:04:29,53.47485878,-2.22982632,5.40,42.893,51.377,1.240,343,14,41,,
T,2026-04-14 10:04:30,53.47487065,-2.22982958,5.65,43.034,51.377,1.280,354,16,41,,
T,2026-04-14 10:04:31,53.47488170,-2.22983368,5.71,43.025,51.377,1.260,350,18,41,,
T,2026-04-14 10:04:32,53.47489943,-2.22984158,4.59,44.283,51.377,1.440,343,18,41,,
T,2026-04-14 10:04:33,53.47491338,-2.22984500,4.76,44.270,51.377,1.340,353,19,41,,
T,2026-04-14 10:04:34,53.47492455,-2.22984857,4.76,44.241,51.377,1.300,356,19,41,,
T,2026-04-14 10:04:35,53.47493608,-2.22985476,4.53,43.723,51.377,1.270,357,18,41,,
T,2026-04-14 10:04:36,53.47494848,-2.22986043,4.52,43.314,51.377,1.310,356,20,41,,
T,2026-04-14 10:04:37,53.47496022,-2.22986628,4.63,43.097,51.377,1.310,353,19,41,,
T,2026-04-14 10:04:38,53.47497299,-2.22985803,4.61,41.699,51.377,1.340,16,19,41,,
T,2026-04-14 10:04:39,53.47498609,-2.22985621,4.49,41.054,51.377,1.320,10,21,40,,
T,2026-04-14 10:04:40,53.47500164,-2.22985621,4.49,42.252,51.377,1.340,8,21,40,,
T,2026-04-14 10:04:41,53.47501577,-2.22986184,4.64,42.674,51.377,1.390,351,21,40,,
T,2026-04-14 10:04:42,53.47502861,-2.22986551,4.82,42.655,51.377,1.340,353,18,40,,
T,2026-04-14 10:04:43,53.47504124,-2.22986901,4.97,42.356,51.377,1.340,353,17,40,,
T,2026-04-14 10:04:44,53.47505410,-2.22987491,5.01,42.047,51.377,1.330,353,16,40,,
T,2026-04-14 10:04:45,53.47506490,-2.22988547,5.60,42.893,51.377,1.340,341,15,40,,
T,2026-04-14 10:04:46,53.47507628,-2.22989836,6.09,41.972,51.377,1.350,335,16,40,,
T,2026-04-14 10:04:47,53.47509071,-2.22990245,6.20,40.442,51.377,1.360,340,16,40,,
T,2026-04-14 10:04:48,53.47510305,-2.22991187,6.67,40.635,51.377,1.350,333,16,40,,
T,2026-04-14 10:04:49,53.47511479,-2.22992097,6.76,40.855,51.377,1.350,335,16,40,,
T,2026-04-14 10:04:50,53.47512628,-2.22992991,6.86,41.068,51.377,1.340,335,16,40,,
T,2026-04-14 10:04:51,53.47513810,-2.22993519,11.44,41.089,51.377,1.400,351,16,41,,
T,2026-04-14 10:04:52,53.47514912,-2.22994089,11.58,41.412,51.377,1.330,348,16,41,,
T,2026-04-14 10:04:53,53.47516151,-2.22994440,11.47,41.533,51.377,1.350,354,15,41,,
T,2026-04-14 10:04:54,53.47517603,-2.22994721,11.69,39.649,51.377,1.350,347,15,41,,
T,2026-04-14 10:04:55,53.47518712,-2.22994810,11.07,38.615,51.377,1.250,354,17,40,,
T,2026-04-14 10:04:56,53.47519811,-2.22995442,11.07,38.837,51.377,1.360,340,19,40,,
T,2026-04-14 10:04:57,53.47521060,-2.22995457,11.19,39.611,51.377,1.380,357,19,40,,
T,2026-04-14 10:04:58,53.47522234,-2.22995860,11.31,40.072,51.377,1.330,350,19,40,,
T,2026-04-14 10:04:59,53.47523228,-2.22996426,11.19,40.078,51.377,1.300,350,19,40,,
T,2026-04-14 10:05:00,53.47524088,-2.22996720,11.21,40.054,51.377,1.300,350,19,40,,
T,2026-04-14 10:05:01,53.47524931,-2.22997173,11.03,38.449,51.377,1.290,349,19,40,,
T,2026-04-14 10:05:02,53.47525969,-2.22997688,11.02,38.398,51.377,1.260,348,19,40,,
T,2026-04-14 10:05:03,53.47527095,-2.22998165,11.32,38.691,51.377,1.290,351,21,40,,
T,2026-04-14 10:05:04,53.47528209,-2.22998650,11.62,38.788,51.377,1.280,350,21,40,,
T,2026-04-14 10:05:05,53.47529409,-2.22998604,11.32,39.134,51.377,1.300,4,21,40,,
T,2026-04-14 10:05:06,53.47530508,-2.22998944,11.35,39.575,51.377,1.300,354,21,40,,
T,2026-04-14 10:05:07,53.47531630,-2.22999302,11.40,39.770,51.378,1.290,354,22,41,,
T,2026-04-14 10:05:08,53.47532756,-2.22999918,11.46,39.799,51.378,1.340,340,22,40,,
T,2026-04-14 10:05:09,53.47533825,-2.23000799,11.39,40.093,51.378,1.350,331,20,39,,
T,2026-04-14 10:05:10,53.47535103,-2.23001605,6.48,40.941,51.378,1.420,341,18,39,,
T,2026-04-14 10:05:11,53.47536356,-2.23002385,6.22,40.617,51.378,1.400,345,19,39,,
T,2026-04-14 10:05:12,53.47537530,-2.23003427,6.49,40.556,51.378,1.380,335,19,39,,
T,2026-04-14 10:05:13,53.47538792,-2.23004164,6.57,40.744,51.378,1.340,337,19,40,,
T,2026-04-14 10:05:14,53.47539959,-2.23004891,6.79,40.957,51.378,1.350,336,21,41,,
T,2026-04-14 10:05:15,53.47541152,-2.23005656,6.09,41.049,51.378,1.360,339,21,41,,
T,2026-04-14 10:05:16,53.47542540,-2.23006396,5.08,41.550,51.378,1.340,341,21,41,,
T,2026-04-14 10:05:17,53.47543657,-2.23007437,5.09,41.873,51.378,1.380,326,21,41,,
T,2026-04-14 10:05:18,53.47544565,-2.23008697,5.33,42.338,51.378,1.350,316,21,41,,
T,2026-04-14 10:05:19,53.47545718,-2.23009582,5.32,42.469,51.378,1.400,335,21,41,,
T,2026-04-14 10:05:20,53.47547010,-2.23010343,5.55,42.665,51.378,1.320,338,22,41,,
T,2026-04-14 10:05:21,53.47548415,-2.23011133,5.58,43.047,51.378,1.340,350,22,41,,
T,2026-04-14 10:05:22,53.47549800,-2.23010392,5.44,40.779,51.378,1.740,33,22,41,,
T,2026-04-14 10:05:23,53.47551031,-2.23010394,4.96,40.893,51.378,1.310,33,21,41,,
T,2026-04-14 10:05:24,53.47552047,-2.23009989,5.07,39.309,51.378,1.310,17,22,41,,
T,2026-04-14 10:05:25,53.47553192,-2.23009934,5.33,39.085,51.378,1.320,6,21,41,,
T,2026-04-14 10:05:26,53.47554377,-2.23011549,5.46,38.639,51.378,1.660,326,21,41,,
T,2026-04-14 10:05:27,53.47555256,-2.23012982,5.42,39.617,51.378,1.270,326,21,41,,
T,2026-04-14 10:05:28,53.47556385,-2.23014002,5.25,39.343,51.378,1.360,334,21,41,,
T,2026-04-14 10:05:29,53.47557307,-2.23015264,5.41,39.475,51.378,1.280,328,21,41,,
T,2026-04-14 10:05:30,53.47558303,-2.23016406,5.38,39.459,51.378,1.290,333,20,41,,
T,2026-04-14 10:05:31,53.47559294,-2.23017599,5.40,40.270,51.378,1.280,327,19,41,,
T,2026-04-14 10:05:32,53.47560293,-2.23018624,4.93,39.732,51.378,1.210,338,19,40,,
T,2026-04-14 10:05:33,53.47561269,-2.23019573,4.99,40.725,51.378,1.270,335,19,40,,
T,2026-04-14 10:05:34,53.47562233,-2.23020891,5.15,40.850,51.378,1.280,326,19,40,,
T,2026-04-14 10:05:35,53.47563247,-2.23022079,4.91,41.115,51.378,1.290,327,19,40,,
T,2026-04-14 10:05:36,53.47564348,-2.23022998,4.80,42.436,51.378,1.280,334,19,40,,
T,2026-04-14 10:05:37,53.47565332,-2.23024254,4.87,42.693,51.378,1.300,323,19,40,,
T,2026-04-14 10:05:38,53.47566204,-2.23025415,4.70,42.863,51.378,1.290,323,18,40,,
T,2026-04-14 10:05:39,53.47567116,-2.23026589,4.52,42.846,51.378,1.280,325,17,40,,
T,2026-04-14 10:05:40,53.47568150,-2.23027752,4.27,42.983,51.378,1.290,323,17,40,,
T,2026-04-14 10:05:41,53.47568946,-2.23029417,4.18,42.702,51.378,1.330,309,17,40,,
T,2026-04-14 10:05:42,53.47569904,-2.23030685,3.95,42.216,51.378,1.320,323,17,40,,
T,2026-04-14 10:05:43,53.47570488,-2.23032446,3.93,41.557,51.378,1.330,303,17,40,,
T,2026-04-14 10:05:44,53.47571298,-2.23033593,3.79,41.693,51.378,1.340,319,18,39,,
T,2026-04-14 10:05:45,53.47572159,-2.23034713,3.79,41.951,51.378,1.310,324,18,39,,
T,2026-04-14 10:05:46,53.47572564,-2.23036600,3.79,41.277,51.378,1.450,295,18,39,,
T,2026-04-14 10:05:47,53.47573372,-2.23038017,3.88,42.034,51.378,1.390,319,18,39,,
T,2026-04-14 10:05:48,53.47574030,-2.23039364,4.04,43.068,51.378,1.290,315,18,39,,
T,2026-04-14 10:05:49,53.47574725,-2.23040621,4.07,43.198,51.378,1.260,318,18,39,,
T,2026-04-14 10:05:50,53.47575440,-2.23042030,4.04,43.478,51.378,1.310,318,18,39,,
T,2026-04-14 10:05:51,53.47576256,-2.23043305,4.24,43.953,51.378,1.320,323,17,39,,
T,2026-04-14 10:05:52,53.47576973,-2.23044725,4.59,44.418,51.378,1.310,321,17,39,,
T,2026-04-14 10:05:53,53.47577770,-2.23046150,4.74,44.614,51.378,1.320,321,16,39,,
T,2026-04-14 10:05:54,53.47578621,-2.23047476,4.87,44.199,51.378,1.290,326,18,39,,
T,2026-04-14 10:05:55,53.47579411,-2.23048817,4.88,44.431,51.379,1.310,325,19,39,,
T,2026-04-14 10:05:56,53.47580179,-2.23050091,4.74,44.564,51.379,1.310,327,19,39,,
T,2026-04-14 10:05:57,53.47581050,-2.23051267,4.86,44.437,51.379,1.300,324,21,39,,
T,2026-04-14 10:05:58,53.47581909,-2.23052498,5.11,44.863,51.379,1.300,325,21,39,,
T,2026-04-14 10:05:59,53.47582645,-2.23053854,4.91,44.788,51.379,1.270,318,22,39,,
T,2026-04-14 10:06:00,53.47583348,-2.23055183,4.51,44.847,51.379,1.260,318,22,39,,
T,2026-04-14 10:06:01,53.47584107,-2.23056390,4.41,45.023,51.379,1.290,317,20,39,,
T,2026-04-14 10:06:02,53.47584906,-2.23057511,4.61,45.451,51.379,1.290,326,22,39,,
T,2026-04-14 10:06:03,53.47585822,-2.23058743,4.61,45.640,51.379,1.350,328,22,39,,
T,2026-04-14 10:06:04,53.47586652,-2.23060186,4.46,45.606,51.379,1.300,321,22,39,,
T,2026-04-14 10:06:05,53.47587464,-2.23061651,4.23,45.981,51.379,1.340,323,21,39,,
T,2026-04-14 10:06:06,53.47588545,-2.23062630,4.16,45.765,51.379,1.380,335,22,40,,
T,2026-04-14 10:06:07,53.47589415,-2.23063704,4.24,45.454,51.379,1.310,326,21,40,,
T,2026-04-14 10:06:08,53.47590234,-2.23065090,4.26,45.485,51.379,1.310,319,21,40,,
T,2026-04-14 10:06:09,53.47591187,-2.23066419,3.95,45.268,51.379,1.290,324,22,40,,
T,2026-04-14 10:06:10,53.47591900,-2.23068228,4.11,44.509,51.379,1.390,307,24,40,,
T,2026-04-14 10:06:11,53.47592747,-2.23069390,4.21,43.112,51.379,1.260,312,24,40,,
T,2026-04-14 10:06:12,53.47593899,-2.23070100,4.27,42.936,51.379,1.360,334,24,40,,
T,2026-04-14 10:06:13,53.47594773,-2.23071595,4.40,43.666,51.379,1.390,313,25,41,,
T,2026-04-14 10:06:14,53.47595548,-2.23073224,4.50,43.400,51.379,1.300,307,26,42,,
T,2026-04-14 10:06:15,53.47596697,-2.23074251,4.79,42.895,51.379,1.340,321,25,42,,
T,2026-04-14 10:06:16,53.47597916,-2.23075181,4.62,43.108,51.379,1.330,329,24,42,,
T,2026-04-14 10:06:17,53.47598979,-2.23076036,4.69,42.479,51.379,1.320,323,24,42,,
T,2026-04-14 10:06:18,53.47599975,-2.23077153,4.76,41.811,51.379,1.320,326,23,42,,
T,2026-04-14 10:06:19,53.47600841,-2.23078430,4.77,41.434,51.379,1.340,322,22,42,,
T,2026-04-14 10:06:20,53.47601551,-2.23079602,4.81,41.229,51.379,1.310,319,23,42,,
T,2026-04-14 10:06:21,53.47602153,-2.23080917,5.06,41.345,51.379,1.320,325,24,42,,
T,2026-04-14 10:06:22,53.47602883,-2.23082066,4.99,41.065,51.379,1.320,325,25,42,,
T,2026-04-14 10:06:23,53.47603872,-2.23083083,5.08,41.055,51.379,1.340,336,25,42,,
T,2026-04-14 10:06:24,53.47604724,-2.23084538,5.38,41.011,51.379,1.380,320,26,41,,
T,2026-04-14 10:06:25,53.47605432,-2.23086234,5.57,40.864,51.379,1.340,311,27,41,,
T,2026-04-14 10:06:26,53.47606187,-2.23087701,5.46,41.276,51.379,1.360,323,24,40,,
T,2026-04-14 10:06:27,53.47606990,-2.23089080,5.53,41.236,51.379,1.320,321,24,40,,
T,2026-04-14 10:06:28,53.47607874,-2.23090342,5.69,41.369,51.379,1.330,328,26,40,,
T,2026-04-14 10:06:29,53.47608778,-2.23091720,6.13,41.421,51.379,1.330,319,27,40,,
T,2026-04-14 10:06:30,53.47609583,-2.23093273,5.92,41.293,51.379,1.320,316,27,40,,
T,2026-04-14 10:06:31,53.47610260,-2.23094994,5.83,41.527,51.379,1.310,311,27,40,,
T,2026-04-14 10:06:32,53.47610782,-2.23096475,5.73,43.121,51.379,1.270,308,23,40,,
T,2026-04-14 10:06:33,53.47611817,-2.23097473,5.78,43.413,51.379,1.420,332,19,40,,
T,2026-04-14 10:06:34,53.47612722,-2.23098370,5.34,43.033,51.379,1.160,328,19,40,,
T,2026-04-14 10:06:35,53.47613667,-2.23099478,5.47,43.035,51.380,1.230,317,22,40,,
T,2026-04-14 10:06:36,53.47614279,-2.23100365,4.76,44.748,51.380,1.110,312,21,40,,
T,2026-04-14 10:06:37,53.47615055,-2.23101171,4.86,43.942,51.380,1.170,325,23,40,,
T,2026-04-14 10:06:38,53.47615813,-2.23102313,4.96,44.321,51.380,1.170,316,23,40,,
T,2026-04-14 10:06:39,53.47616765,-2.23103317,5.25,44.594,51.380,1.260,329,26,40,,
T,2026-04-14 10:06:40,53.47617738,-2.23104171,5.28,44.805,51.380,1.230,332,27,39,,
T,2026-04-14 10:06:41,53.47618800,-2.23104906,4.81,44.600,51.380,1.230,335,23,39,,
T,2026-04-14 10:06:42,53.47619854,-2.23105616,4.95,44.686,51.380,1.240,338,24,39,,
T,2026-04-14 10:06:43,53.47621003,-2.23106070,5.26,44.732,51.380,1.250,347,25,40,,
T,2026-04-14 10:06:44,53.47622092,-2.23106212,5.38,44.989,51.380,1.240,342,27,40,,
T,2026-04-14 10:06:45,53.47623235,-2.23106793,5.93,44.691,51.380,1.240,338,26,40,,
T,2026-04-14 10:06:46,53.47624240,-2.23107320,5.24,42.897,51.380,1.250,328,25,42,,
T,2026-04-14 10:06:47,53.47625631,-2.23106616,4.20,42.887,51.380,1.520,6,26,42,,
T,2026-04-14 10:06:48,53.47626928,-2.23105656,3.98,41.835,51.380,1.270,8,30,41,,
T,2026-04-14 10:06:49,53.47628343,-2.23104524,3.96,41.029,51.380,1.310,9,29,40,,
T,2026-04-14 10:06:50,53.47629641,-2.23103638,4.04,41.005,51.380,1.280,16,29,40,,
T,2026-04-14 10:06:51,53.47630945,-2.23103308,4.29,41.077,51.380,1.300,5,29,40,,
T,2026-04-14 10:06:52,53.47631873,-2.23102033,4.29,40.406,51.380,1.480,37,30,40,,
T,2026-04-14 10:06:53,53.47631738,-2.23102943,5.07,45.014,51.380,1.120,7,28,40,,
T,2026-04-14 10:06:54,53.47631843,-2.23103273,4.95,45.064,51.380,0.400,7,35,40,,
T,2026-04-14 10:06:55,53.47631488,-2.23102158,5.00,44.665,51.380,0.690,0,34,40,,
T,2026-04-14 10:06:56,53.47631430,-2.23102311,4.84,45.272,51.380,0.000,,19,40,,
T,2026-04-14 10:06:57,53.47631700,-2.23103119,4.65,45.103,51.380,0.270,0,24,40,,
T,2026-04-14 10:06:58,53.47631875,-2.23103350,4.43,44.976,51.380,0.000,,25,40,,
T,2026-04-14 10:06:59,53.47631904,-2.23103287,4.23,44.923,51.380,0.000,,25,40,,
T,2026-04-14 10:07:00,53.47631924,-2.23103274,4.11,44.781,51.380,0.000,,25,40,,
T,2026-04-14 10:07:01,53.47631868,-2.23103235,4.10,44.452,51.380,0.000,,26,40,,
T,2026-04-14 10:07:02,53.47631779,-2.23103072,4.18,44.567,51.380,0.000,,26,40,,
T,2026-04-14 10:07:03,53.47631861,-2.23103067,4.21,44.510,51.380,0.000,,22,40,,
T,2026-04-14 10:07:04,53.47631808,-2.23103036,4.06,44.584,51.380,0.000,,22,40,,
T,2026-04-14 10:07:05,53.47631871,-2.23103085,4.03,44.608,51.380,0.000,,21,40,,
T,2026-04-14 10:07:06,53.47631896,-2.23103139,4.03,44.498,51.380,0.000,,22,40,,
T,2026-04-14 10:07:07,53.47631872,-2.23103143,3.83,44.469,51.380,0.000,,22,40,,
T,2026-04-14 10:07:08,53.47632133,-2.23103662,3.79,44.418,51.380,0.310,0,23,40,,
T,2026-04-14 10:07:09,53.47632051,-2.23103768,3.79,44.269,51.380,0.000,,22,40,,
T,2026-04-14 10:07:10,53.47632327,-2.23104336,3.79,44.180,51.380,0.440,0,23,40,,
T,2026-04-14 10:07:11,53.47632459,-2.23105115,3.85,44.419,51.380,0.520,0,23,40,,
T,2026-04-14 10:07:12,53.47632561,-2.23105132,3.79,44.511,51.380,0.000,,22,40,,
T,2026-04-14 10:07:13,53.47632612,-2.23105199,3.88,44.591,51.380,0.000,,22,40,,
T,2026-04-14 10:07:14,53.47632668,-2.23105326,3.98,44.613,51.380,0.000,,22,40,,
T,2026-04-14 10:07:15,53.47632663,-2.23105376,3.91,44.471,51.380,0.000,,23,40,,
T,2026-04-14 10:07:16,53.47632601,-2.23105376,3.86,44.406,51.380,0.000,,22,40,,
T,2026-04-14 10:07:17,53.47632557,-2.23105353,3.90,44.228,51.380,0.000,,23,41,,
T,2026-04-14 10:07:18,53.47632457,-2.23105480,4.20,43.992,51.380,0.160,0,23,40,,
T,2026-04-14 10:07:19,53.47632531,-2.23105217,4.11,43.739,51.380,0.000,,23,40,,
T,2026-04-14 10:07:20,53.47632360,-2.23105107,3.98,43.196,51.380,0.000,,24,40,,
T,2026-04-14 10:07:21,53.47632454,-2.23105013,4.03,43.088,51.380,0.000,,23,40,,
T,2026-04-14 10:07:22,53.47632465,-2.23104913,3.87,43.073,51.380,0.000,,23,40,,
T,2026-04-14 10:07:23,53.47632483,-2.23104984,3.96,43.078,51.380,0.000,,22,40,,
T,2026-04-14 10:07:24,53.47632468,-2.23105101,4.00,43.052,51.380,0.000,,24,40,,
T,2026-04-14 10:07:25,53.47632409,-2.23105197,4.09,43.252,51.380,0.000,,24,40,,
T,2026-04-14 10:07:26,53.47632372,-2.23105296,4.16,43.421,51.380,0.000,,25,40,,
T,2026-04-14 10:07:27,53.47632350,-2.23105371,4.34,43.539,51.380,0.000,,26,40,,
T,2026-04-14 10:07:28,53.47632308,-2.23105358,4.58,43.571,51.380,0.000,,26,40,,
T,2026-04-14 10:07:29,53.47632277,-2.23105387,5.03,43.578,51.380,0.000,,26,40,,
T,2026-04-14 10:07:30,53.47632252,-2.23105390,5.21,43.580,51.380,0.000,,25,40,,
T,2026-04-14 10:07:31,53.47632205,-2.23105409,5.27,43.533,51.380,0.000,,25,40,,
T,2026-04-14 10:07:32,53.47632178,-2.23105437,5.05,43.525,51.380,0.000,,24,40,,
T,2026-04-14 10:07:33,53.47632176,-2.23105444,4.42,43.512,51.380,0.000,,24,40,,
T,2026-04-14 10:07:34,53.47632155,-2.23105473,4.05,43.533,51.380,0.000,,24,40,,
T,2026-04-14 10:07:35,53.47633228,-2.23105896,4.81,43.364,51.380,1.670,347,25,40,,
T,2026-04-14 10:07:36,53.47634453,-2.23107394,4.81,43.100,51.380,1.780,322,24,40,,
T,2026-04-14 10:07:37,53.47635330,-2.23109611,5.83,43.055,51.380,1.540,306,25,41,,
T,2026-04-14 10:07:38,53.47636098,-2.23111585,5.20,42.740,51.380,1.360,306,24,41,,
T,2026-04-14 10:07:39,53.47636720,-2.23112962,5.17,42.663,51.380,0.940,313,24,41,,
T,2026-04-14 10:07:40,53.47637783,-2.23114653,4.67,42.696,51.380,1.570,320,24,40,,
T,2026-04-14 10:07:41,53.47639019,-2.23116044,4.69,42.832,51.380,1.490,327,26,40,,
T,2026-04-14 10:07:42,53.47640378,-2.23115251,4.36,41.650,51.380,1.270,345,26,40,,
T,2026-04-14 10:07:43,53.47641790,-2.23114241,4.36,42.091,51.380,1.380,356,26,40,,
T,2026-04-14 10:07:44,53.47643451,-2.23113653,4.17,42.417,51.380,1.650,359,26,40,,
T,2026-04-14 10:07:45,53.47645214,-2.23112397,4.19,42.418,51.380,1.740,10,25,40,,
T,2026-04-14 10:07:46,53.47646799,-2.23110982,4.26,42.845,51.380,1.720,22,28,40,,
T,2026-04-14 10:07:47,53.47648311,-2.23109609,4.52,42.672,51.380,1.750,22,27,40,,
T,2026-04-14 10:07:48,53.47649913,-2.23108763,4.71,43.191,51.380,1.730,11,28,40,,
T,2026-04-14 10:07:49,53.47651384,-2.23108151,5.25,42.944,51.380,1.710,12,28,39,,
T,2026-04-14 10:07:50,53.47652919,-2.23107714,5.41,42.654,51.380,1.720,11,28,39,,
T,2026-04-14 10:07:51,53.47654501,-2.23107575,6.16,42.431,51.380,1.740,6,28,41,,
T,2026-04-14 10:07:52,53.47656076,-2.23107423,6.60,42.411,51.380,1.740,6,28,41,,
T,2026-04-14 10:07:53,53.47657186,-2.23108086,5.72,43.387,51.380,1.590,1,26,41,,
T,2026-04-14 10:07:54,53.47658415,-2.23109231,6.13,43.084,51.380,1.670,346,27,41,,
T,2026-04-14 10:07:55,53.47658657,-2.23112676,4.99,40.816,51.380,2.790,290,25,41,,
T,2026-04-14 10:07:56,53.47656946,-2.23115393,4.67,41.137,51.380,2.320,240,25,42,,
T,2026-04-14 10:07:57,53.47655428,-2.23116797,4.58,41.889,51.380,1.370,244,27,42,,
T,2026-04-14 10:07:58,53.47652596,-2.23116365,4.23,42.716,51.380,0.000,,28,41,,
T,2026-04-14 10:07:59,53.47652851,-2.23116501,4.78,42.888,51.380,0.850,342,28,41,,
T,2026-04-14 10:08:00,53.47652839,-2.23118745,5.52,43.016,51.380,1.150,296,28,41,,
T,2026-04-14 10:08:01,53.47653619,-2.23120235,4.91,43.008,51.380,1.260,314,28,40,,
T,2026-04-14 10:08:02,53.47654907,-2.23120541,5.25,42.587,51.380,1.250,339,27,40,,
T,2026-04-14 10:08:03,53.47656314,-2.23119796,5.58,42.525,51.380,1.180,8,27,40,,
T,2026-04-14 10:08:04,53.47657835,-2.23119821,5.03,41.745,51.380,1.230,345,27,40,,
T,2026-04-14 10:08:05,53.47659173,-2.23119926,4.68,41.415,51.380,1.120,354,26,40,,
T,2026-04-14 10:08:06,53.47660434,-2.23120661,4.97,40.342,51.380,1.200,333,26,39,,
T,2026-04-14 10:08:07,53.47661722,-2.23120808,5.32,39.932,51.380,1.180,353,25,39,,
T,2026-04-14 10:08:08,53.47662843,-2.23121158,5.44,39.954,51.380,1.140,342,24,40,,
T,2026-04-14 10:08:09,53.47663995,-2.23121511,5.83,39.690,51.380,1.140,340,25,39,,
T,2026-04-14 10:08:10,53.47665167,-2.23121489,5.98,39.329,51.380,1.140,359,27,39,,
T,2026-04-14 10:08:11,53.47666343,-2.23120254,6.23,39.505,51.380,1.440,39,25,39,,
T,2026-04-14 10:08:12,53.47667413,-2.23119440,6.19,40.038,51.380,1.110,42,25,39,,
T,2026-04-14 10:08:13,53.47668760,-2.23119247,6.19,40.418,51.380,1.270,12,26,39,,
T,2026-04-14 10:08:14,53.47670147,-2.23118493,5.97,42.350,51.380,1.130,25,25,39,,
T,2026-04-14 10:08:15,53.47671356,-2.23117764,6.32,43.396,51.380,1.120,36,22,40,,
T,2026-04-14 10:08:16,53.47672409,-2.23117501,6.38,42.435,51.380,1.070,32,23,40,,
T,2026-04-14 10:08:17,53.47674497,-2.23120406,6.37,40.574,51.380,3.520,319,23,40,,
T,2026-04-14 10:08:18,53.47673938,-2.23123818,6.41,40.754,51.380,2.380,255,22,40,,
T,2026-04-14 10:08:19,53.47672362,-2.23124348,6.25,40.365,51.380,1.400,209,22,40,,
T,2026-04-14 10:08:20,53.47671222,-2.23123739,6.00,40.364,51.380,1.110,191,22,40,,
T,2026-04-14 10:08:21,53.47670326,-2.23123780,5.94,40.705,51.380,1.040,196,22,40,,
T,2026-04-14 10:08:22,53.47669478,-2.23123845,5.96,41.390,51.380,1.010,186,22,40,,
T,2026-04-14 10:08:23,53.47668826,-2.23124401,6.11,42.007,51.380,0.990,208,22,40,,
T,2026-04-14 10:08:24,53.47668072,-2.23124615,5.78,43.314,51.380,0.930,199,21,40,,
T,2026-04-14 10:08:25,53.47667324,-2.23125445,5.35,43.912,51.380,0.970,210,22,40,,
T,2026-04-14 10:08:26,53.47668273,-2.23128038,5.36,53.689,51.380,1.540,305,22,40,,
T,2026-04-14 10:08:27,53.47669902,-2.23128648,5.37,57.176,51.380,1.610,358,23,40,,
T,2026-04-14 10:08:28,53.47670770,-2.23127881,5.57,55.602,51.380,1.180,31,23,40,,
T,2026-04-14 10:08:29,53.47671383,-2.23127011,5.02,53.398,51.380,1.050,48,23,40,,
T,2026-04-14 10:08:30,53.47672120,-2.23126332,4.92,52.773,51.380,1.020,36,23,40,,
T,2026-04-14 10:08:31,53.47673249,-2.23126493,4.88,52.288,51.380,1.140,12,22,40,,
T,2026-04-14 10:08:32,53.47674309,-2.23125861,4.30,52.362,51.380,1.140,29,22,40,,
T,2026-04-14 10:08:33,53.47675573,-2.23126236,4.64,51.991,51.380,1.340,351,20,40,,
T,2026-04-14 10:08:34,53.47676682,-2.23126223,5.12,51.224,51.380,1.150,9,20,40,,
T,2026-04-14 10:08:35,53.47677865,-2.23125947,5.59,50.968,51.380,1.090,6,19,40,,
T,2026-04-14 10:08:36,53.47678788,-2.23125482,5.09,46.723,51.380,1.070,19,18,40,,
T,2026-04-14 10:08:37,53.47679607,-2.23124584,5.12,45.429,51.380,1.180,43,19,40,,
T,2026-04-14 10:08:38,53.47680588,-2.23124202,5.22,43.895,51.380,0.990,29,19,40,,
T,2026-04-14 10:08:39,53.47681598,-2.23124219,5.20,42.219,51.380,0.980,10,19,39,,
T,2026-04-14 10:08:40,53.47682594,-2.23124472,5.21,41.992,51.380,0.970,360,19,39,,
T,2026-04-14 10:08:41,53.47683508,-2.23125061,5.18,41.358,51.380,0.980,347,19,39,,
T,2026-04-14 10:08:42,53.47684524,-2.23125679,5.22,40.772,51.380,0.990,344,18,39,,
T,2026-04-14 10:08:43,53.47685396,-2.23126795,5.25,40.657,51.380,1.100,318,16,39,,
T,2026-04-14 10:08:44,53.47686237,-2.23127524,5.28,39.933,51.380,1.010,329,17,39,,
T,2026-04-14 10:08:45,53.47687095,-2.23128012,5.19,39.569,51.380,0.990,340,17,39,,
T,2026-04-14 10:08:46,53.47687832,-2.23128909,4.98,39.523,51.380,1.000,325,17,39,,
T,2026-04-14 10:08:47,53.47688583,-2.23129682,4.76,39.573,51.380,0.970,329,17,39,,
T,2026-04-14 10:08:48,53.47689360,-2.23129808,4.45,39.635,51.380,0.900,345,16,39,,
T,2026-04-14 10:08:49,53.47690187,-2.23128954,4.28,39.647,51.380,1.010,21,16,39,,
T,2026-04-14 10:08:50,53.47690893,-2.23128134,4.21,39.663,51.380,0.850,26,14,39,,
T,2026-04-14 10:08:51,53.47691612,-2.23127417,4.17,39.683,51.380,0.860,25,13,39,,
T,2026-04-14 10:08:52,53.47692356,-2.23126768,4.16,39.710,51.380,0.870,24,11,38,,
T,2026-04-14 10:08:53,53.47692995,-2.23125874,4.06,39.550,51.380,0.870,36,11,38,,
T,2026-04-14 10:08:54,53.47693671,-2.23125233,4.04,39.466,51.380,0.860,29,12,37,,
T,2026-04-14 10:08:55,53.47694357,-2.23124685,3.98,39.330,51.380,0.860,27,11,35,,
T,2026-04-14 10:08:56,53.47695093,-2.23124268,3.99,39.324,51.380,0.860,23,10,35,,
T,2026-04-14 10:08:57,53.47695632,-2.23123164,4.00,39.421,51.380,0.880,41,10,34,,
T,2026-04-14 10:08:58,53.47696000,-2.23122471,4.32,39.183,51.380,0.840,40,11,34,,
T,2026-04-14 10:08:59,53.47696173,-2.23121060,3.81,39.219,51.380,0.850,63,12,34,,
T,2026-04-14 10:09:00,53.47695646,-2.23120114,3.79,40.032,51.380,0.000,,10,34,,
T,2026-04-14 10:09:01,53.47696522,-2.23118931,4.29,39.182,51.380,0.890,55,9,34,,
T,2026-04-14 10:09:02,53.47696945,-2.23118199,3.95,39.143,51.380,0.000,,8,34,,
T,2026-04-14 10:09:03,53.47697094,-2.23117818,3.87,39.151,51.380,0.000,,8,31,,
T,2026-04-14 10:09:04,53.47697131,-2.23117722,3.82,39.149,51.380,0.000,,8,30,,
T,2026-04-14 10:09:05,53.47697141,-2.23117697,3.80,39.150,51.380,0.000,,8,29,,
T,2026-04-14 10:09:06,53.47697143,-2.23117690,3.79,39.148,51.380,0.000,,9,29,,
T,2026-04-14 10:09:07,53.47697174,-2.23117672,3.79,39.179,51.380,0.000,,10,27,,
T,2026-04-14 10:09:08,53.47697225,-2.23117438,4.39,39.206,51.380,0.200,66,10,24,,
T,2026-04-14 10:09:09,53.47697212,-2.23117473,4.01,39.291,51.380,0.000,,10,22,,
T,2026-04-14 10:09:10,53.47697221,-2.23117483,3.87,39.293,51.380,0.000,,9,19,,
T,2026-04-14 10:09:11,53.47697223,-2.23117484,3.79,39.293,51.380,0.000,,9,18,,
T,2026-04-14 10:09:12,53.47697224,-2.23117484,3.79,39.293,51.380,0.000,,8,18,,
T,2026-04-14 10:09:13,53.47697224,-2.23117484,4.25,39.293,51.380,0.000,,6,15,,
T,2026-04-14 10:09:14,53.47697224,-2.23117484,9.59,39.293,51.380,0.000,,5,14,,
T,2026-04-14 10:09:15,53.47697188,-2.23117707,16.55,39.457,51.380,0.000,,5,13,,
T,2026-04-14 10:09:16,53.47696986,-2.23117649,21.76,39.771,51.380,0.000,,4,13,,
T,2026-04-14 10:09:17,53.47696796,-2.23117525,28.79,39.947,51.380,0.000,,3,13,,
T,2026-04-14 10:09:18,53.47697581,-2.23112379,8.54,38.572,51.380,2.780,102,3,13,,
T,2026-04-14 10:09:19,53.47698249,-2.23110463,8.55,38.428,51.380,0.860,89,5,13,,
T,2026-04-14 10:09:20,53.47698331,-2.23109544,8.56,38.324,51.380,0.970,120,4,13,,
T,2026-04-14 10:09:21,53.47697779,-2.23108432,8.55,39.623,51.380,0.850,134,4,12,,
T,2026-04-14 10:09:22,53.47697171,-2.23107605,8.54,40.222,51.380,0.840,142,5,11,,
T,2026-04-14 10:09:23,53.47696725,-2.23107005,8.74,40.725,51.380,0.840,143,5,11,,
T,2026-04-14 10:09:24,53.47696057,-2.23106156,9.51,40.933,51.380,0.840,143,6,11,,
T,2026-04-14 10:09:25,53.47695594,-2.23105228,10.78,45.653,51.380,0.800,136,4,10,,
T,2026-04-14 10:09:26,53.47695163,-2.23104252,12.85,46.354,51.380,0.800,133,4,10,,
T,2026-04-14 10:09:27,53.47694406,-2.23103370,15.19,50.155,51.380,0.880,139,4,11,,
T,2026-04-14 10:09:28,53.47692030,-2.23099654,15.62,57.375,51.380,2.260,146,6,13,,
T,2026-04-14 10:09:29,53.47694981,-2.23094408,13.12,38.359,51.380,1.100,109,8,16,,
T,2026-04-14 10:09:30,53.47696709,-2.23091197,12.84,37.781,51.380,1.000,75,9,17,,
T,2026-04-14 10:09:31,53.47699831,-2.23089853,14.00,39.915,51.380,1.500,22,12,17,,
T,2026-04-14 10:09:32,53.47702987,-2.23087013,13.05,44.202,51.379,0.980,23,12,20,,
T,2026-04-14 10:09:33,53.47704442,-2.23085116,12.35,43.610,51.379,0.970,30,15,20,,
T,2026-04-14 10:09:34,53.47706631,-2.23084318,12.23,44.393,51.379,0.970,40,15,20,,
T,2026-04-14 10:09:35,53.47706951,-2.23083687,12.20,41.596,51.379,0.950,49,15,20,,
T,2026-04-14 10:09:36,53.47708252,-2.23083265,12.45,43.285,51.379,0.940,62,16,20,,
T,2026-04-14 10:09:37,53.47709271,-2.23082366,12.41,39.290,51.379,1.100,57,16,19,,
T,2026-04-14 10:09:38,53.47710222,-2.23079815,12.14,43.154,51.379,0.900,55,16,19,,
T,2026-04-14 10:09:39,53.47711275,-2.23078107,12.12,46.093,51.379,0.890,54,14,19,,
T,2026-04-14 10:09:40,53.47711600,-2.23077360,12.07,49.805,51.379,0.910,69,17,21,,
T,2026-04-14 10:09:41,53.47712512,-2.23076639,12.00,56.811,51.379,0.870,55,18,22,,
T,2026-04-14 10:09:42,53.47714142,-2.23078752,11.00,55.308,51.379,0.920,31,17,24,,
T,2026-04-14 10:09:43,53.47715609,-2.23078149,10.74,55.819,51.379,0.870,16,21,26,,
T,2026-04-14 10:09:44,53.47716485,-2.23077849,10.47,56.659,51.379,0.830,18,24,25,,
T,2026-04-14 10:09:45,53.47716564,-2.23078073,10.37,58.063,51.379,0.820,15,24,26,,
T,2026-04-14 10:09:46,53.47717099,-2.23078472,10.40,59.196,51.379,0.830,17,25,27,,
T,2026-04-14 10:09:47,53.47718097,-2.23078179,10.52,61.557,51.379,0.840,26,25,27,,
T,2026-04-14 10:09:48,53.47719187,-2.23077441,10.62,63.257,51.379,0.840,41,25,27,,
T,2026-04-14 10:09:49,53.47720079,-2.23078173,10.56,62.860,51.379,0.870,21,24,27,,
T,2026-04-14 10:09:50,53.47720746,-2.23078658,10.39,67.567,51.379,0.800,21,23,28,,
T,2026-04-14 10:09:51,53.47719406,-2.23078866,10.28,63.668,51.379,0.840,42,24,29,,
T,2026-04-14 10:09:52,53.47718659,-2.23078818,10.22,62.557,51.379,0.730,42,26,29,,
T,2026-04-14 10:09:53,53.47718475,-2.23078775,10.24,62.215,51.379,0.770,44,26,29,,
T,2026-04-14 10:09:54,53.47718818,-2.23078657,10.26,63.695,51.379,0.790,39,26,30,,
T,2026-04-14 10:09:55,53.47719389,-2.23078260,10.31,63.737,51.379,0.860,39,27,31,,
T,2026-04-14 10:09:56,53.47719930,-2.23077768,10.39,63.457,51.379,0.990,45,28,30,,
T,2026-04-14 10:09:57,53.47720558,-2.23077074,10.47,63.098,51.379,1.000,42,28,32,,
T,2026-04-14 10:09:58,53.47721185,-2.23075999,10.54,63.932,51.379,1.000,49,27,32,,
T,2026-04-14 10:09:59,53.47721618,-2.23074931,10.45,63.262,51.379,0.960,46,28,33,,
T,2026-04-14 10:10:00,53.47721515,-2.23073940,10.40,62.155,51.379,0.910,43,27,35,,
T,2026-04-14 10:10:01,53.47721735,-2.23072748,10.51,61.668,51.379,0.970,58,29,35,,
T,2026-04-14 10:10:02,53.47721709,-2.23071490,10.43,61.560,51.379,1.050,92,27,35,,
T,2026-04-14 10:10:03,53.47721679,-2.23070348,10.42,61.122,51.379,0.890,86,28,35,,
T,2026-04-14 10:10:04,53.47721077,-2.23069267,10.37,60.360,51.379,0.950,105,27,36,,
T,2026-04-14 10:10:05,53.47720273,-2.23068768,10.30,60.081,51.379,1.040,137,28,37,,
T,2026-04-14 10:10:06,53.47719872,-2.23068223,10.37,60.090,51.379,0.940,127,27,37,,
T,2026-04-14 10:10:07,53.47719653,-2.23067182,10.45,59.061,51.379,0.920,119,24,36,,
T,2026-04-14 10:10:08,53.47719987,-2.23065616,10.57,59.234,51.379,0.950,98,25,35,,
T,2026-04-14 10:10:09,53.47721751,-2.23064491,10.38,59.671,51.379,2.130,28,26,35,,
T,2026-04-14 10:10:10,53.47722902,-2.23065409,10.37,59.983,51.379,1.270,336,27,35,,
T,2026-04-14 10:10:11,53.47723645,-2.23066107,10.45,61.010,51.379,0.950,330,26,36,,
T,2026-04-14 10:10:12,53.47724848,-2.23064898,10.44,63.325,51.379,1.650,33,26,36,,
T,2026-04-14 10:10:13,53.47725760,-2.23064107,10.38,64.532,51.379,1.200,29,26,38,,
T,2026-04-14 10:10:14,53.47726043,-2.23063464,10.49,64.082,51.379,0.910,45,25,38,,
T,2026-04-14 10:10:15,53.47726468,-2.23062742,10.53,63.943,51.379,0.900,38,26,39,,
T,2026-04-14 10:10:16,53.47726731,-2.23061345,10.69,63.276,51.379,1.000,68,26,39,,
T,2026-04-14 10:10:17,53.47726640,-2.23060319,10.61,63.522,51.379,0.890,87,29,39,,
T,2026-04-14 10:10:18,53.47726286,-2.23059428,10.57,63.496,51.379,1.010,117,30,40,,
T,2026-04-14 10:10:19,53.47726224,-2.23059473,10.60,61.696,51.379,0.810,113,29,40,,
T,2026-04-14 10:10:20,53.47726505,-2.23058847,10.65,60.392,51.379,0.830,106,29,40,,
T,2026-04-14 10:10:21,53.47726790,-2.23057963,10.67,59.672,51.379,0.820,100,29,40,,
T,2026-04-14 10:10:22,53.47727254,-2.23057098,10.66,59.410,51.379,0.780,83,29,41,,
T,2026-04-14 10:10:23,53.47727996,-2.23056460,10.61,60.238,51.379,0.810,75,29,41,,
T,2026-04-14 10:10:24,53.47728627,-2.23055584,10.67,60.568,51.379,0.800,65,29,41,,
T,2026-04-14 10:10:25,53.47729500,-2.23055473,10.59,61.259,51.379,0.740,64,30,43,,
T,2026-04-14 10:10:26,53.47730348,-2.23055426,10.54,62.323,51.379,0.820,89,31,43,,
T,2026-04-14 10:10:27,53.47731039,-2.23054862,10.53,62.717,51.379,0.780,81,34,43,,
T,2026-04-14 10:10:28,53.47731333,-2.23054840,10.66,61.021,51.379,0.710,80,35,42,,
T,2026-04-14 10:10:29,53.47729690,-2.23054830,10.64,56.445,51.379,1.480,140,34,42,,
T,2026-04-14 10:10:30,53.47728351,-2.23055330,10.58,55.187,51.379,0.730,141,32,42,,
T,2026-04-14 10:10:31,53.47727509,-2.23055278,10.68,55.221,51.379,0.800,130,34,41,,
T,2026-04-14 10:10:32,53.47727221,-2.23056164,10.69,55.107,51.379,0.000,,33,41,,
T,2026-04-14 10:10:33,53.47727168,-2.23056433,10.69,55.104,51.379,0.000,,29,41,,
T,2026-04-14 10:10:34,53.47727309,-2.23056973,10.69,55.009,51.379,0.000,,28,41,,
T,2026-04-14 10:10:35,53.47727439,-2.23057380,10.45,55.012,51.379,0.000,,28,41,,
T,2026-04-14 10:10:36,53.47727478,-2.23057492,10.52,55.030,51.379,0.000,,29,41,,
T,2026-04-14 10:10:37,53.47727574,-2.23057880,10.48,54.707,51.379,0.000,,29,41,,
T,2026-04-14 10:10:38,53.47727609,-2.23058017,10.48,54.692,51.379,0.000,,30,40,,
T,2026-04-14 10:10:39,53.47727642,-2.23058213,10.44,54.698,51.379,0.000,,30,40,,
T,2026-04-14 10:10:40,53.47727717,-2.23058449,10.54,55.033,51.379,0.000,,30,39,,
T,2026-04-14 10:10:41,53.47727729,-2.23058550,10.56,55.089,51.379,0.000,,30,39,,
T,2026-04-14 10:10:42,53.47727732,-2.23058589,10.53,55.093,51.379,0.000,,29,40,,
T,2026-04-14 10:10:43,53.47727734,-2.23058612,10.41,55.099,51.379,0.000,,29,40,,
T,2026-04-14 10:10:44,53.47727737,-2.23058630,10.44,55.101,51.379,0.000,,29,40,,
T,2026-04-14 10:10:45,53.47727742,-2.23058652,10.46,55.104,51.379,0.000,,28,40,,
T,2026-04-14 10:10:46,53.47727743,-2.23058673,10.47,55.106,51.379,0.000,,26,40,,
T,2026-04-14 10:10:47,53.47727741,-2.23058696,10.50,55.101,51.379,0.000,,28,40,,
T,2026-04-14 10:10:48,53.47727741,-2.23058732,10.56,55.097,51.379,0.000,,28,40,,
T,2026-04-14 10:10:49,53.47727743,-2.23058756,10.57,55.096,51.379,0.000,,29,40,,
T,2026-04-14 10:10:50,53.47727750,-2.23058788,10.48,55.138,51.379,0.000,,26,38,,
T,2026-04-14 10:10:51,53.47727676,-2.23059128,10.47,54.686,51.379,0.000,,29,38,,
T,2026-04-14 10:10:52,53.47727618,-2.23059424,10.46,54.677,51.379,0.000,,29,38,,
T,2026-04-14 10:10:53,53.47727608,-2.23059522,10.45,54.693,51.379,0.000,,28,38,,
T,2026-04-14 10:10:54,53.47727608,-2.23059563,10.37,54.693,51.379,0.000,,28,39,,
T,2026-04-14 10:10:55,53.47727603,-2.23059603,10.10,54.708,51.379,0.000,,30,39,,
T,2026-04-14 10:10:56,53.47727601,-2.23059625,9.94,54.704,51.379,0.000,,30,39,,
T,2026-04-14 10:10:57,53.47727599,-2.23059652,9.94,54.714,51.379,0.000,,29,38,,
T,2026-04-14 10:10:58,53.47727671,-2.23059864,9.94,55.149,51.379,0.000,,30,38,,
T,2026-04-14 10:10:59,53.47727690,-2.23060708,10.08,54.739,51.379,0.410,130,30,38,,
T,2026-04-14 10:11:00,53.47727500,-2.23061328,9.94,53.976,51.379,0.000,,30,39,,
T,2026-04-14 10:11:01,53.47727454,-2.23061478,10.08,54.008,51.379,0.000,,29,40,,
T,2026-04-14 10:11:02,53.47727440,-2.23061520,10.22,54.008,51.379,0.000,,29,40,,
T,2026-04-14 10:11:03,53.47727439,-2.23061539,10.32,54.001,51.379,0.000,,30,40,,
T,2026-04-14 10:11:04,53.47727454,-2.23061586,10.34,54.022,51.379,0.000,,27,40,,
T,2026-04-14 10:11:05,53.47727466,-2.23061643,10.42,54.070,51.379,0.000,,28,40,,
T,2026-04-14 10:11:06,53.47727473,-2.23061667,4.03,54.068,51.379,0.000,,29,38,,
T,2026-04-14 10:11:07,53.47727480,-2.23061691,4.09,54.061,51.379,0.000,,29,38,,
T,2026-04-14 10:11:08,53.47727486,-2.23061715,4.11,54.056,51.379,0.000,,30,39,,
T,2026-04-14 10:11:09,53.47727492,-2.23061737,4.15,54.053,51.379,0.000,,30,39,,
T,2026-04-14 10:11:10,53.47727482,-2.23061740,4.13,54.045,51.379,0.000,,28,40,,
T,2026-04-14 10:11:11,53.47727476,-2.23061750,4.14,54.043,51.379,0.000,,28,40,,
T,2026-04-14 10:11:12,53.47727496,-2.23061813,4.32,54.130,51.379,0.000,,26,40,,
T,2026-04-14 10:11:13,53.47727523,-2.23061899,4.36,54.204,51.379,0.000,,27,40,,
T,2026-04-14 10:11:14,53.47727544,-2.23061959,4.40,54.244,51.379,0.000,,30,40,,
T,2026-04-14 10:11:15,53.47727549,-2.23062004,4.42,54.252,51.379,0.000,,31,40,,
T,2026-04-14 10:11:16,53.47727573,-2.23062065,4.48,54.311,51.379,0.000,,30,40,,
T,2026-04-14 10:11:17,53.47727563,-2.23062164,4.49,54.218,51.379,0.000,,30,40,,
T,2026-04-14 10:11:18,53.47727598,-2.23062173,4.39,54.386,51.379,0.000,,30,40,,
T,2026-04-14 10:11:19,53.47727618,-2.23062224,4.31,54.440,51.379,0.000,,31,39,,
T,2026-04-14 10:11:20,53.47727630,-2.23062259,4.31,54.458,51.379,0.000,,31,39,,
T,2026-04-14 10:11:21,53.47727422,-2.23062648,4.32,53.543,51.379,0.000,,32,39,,
T,2026-04-14 10:11:22,53.47727272,-2.23063097,4.47,53.534,51.379,0.000,,31,38,,
T,2026-04-14 10:11:23,53.47727245,-2.23063244,4.48,53.526,51.379,0.000,,31,38,,
T,2026-04-14 10:11:24,53.47727236,-2.23063302,4.54,53.506,51.379,0.000,,30,38,,
T,2026-04-14 10:11:25,53.47727231,-2.23063330,4.56,53.480,51.379,0.000,,31,37,,
T,2026-04-14 10:11:26,53.47727229,-2.23063347,4.50,53.466,51.379,0.000,,30,37,,
T,2026-04-14 10:11:27,53.47727235,-2.23063377,4.44,53.469,51.379,0.000,,29,37,,
T,2026-04-14 10:11:28,53.47727233,-2.23063399,4.40,53.446,51.379,0.000,,28,37,,
T,2026-04-14 10:11:29,53.47727233,-2.23063412,4.31,53.433,51.379,0.000,,27,37,,
T,2026-04-14 10:11:30,53.47727234,-2.23063422,4.21,53.426,51.379,0.000,,28,37,,
T,2026-04-14 10:11:31,53.47727233,-2.23063435,4.12,53.425,51.379,0.000,,26,37,,
T,2026-04-14 10:11:32,53.47727233,-2.23063449,3.97,53.419,51.379,0.000,,26,37,,
T,2026-04-14 10:11:33,53.47727238,-2.23063464,3.94,53.418,51.379,0.000,,26,37,,
T,2026-04-14 10:11:34,53.47727241,-2.23063477,3.88,53.416,51.379,0.000,,26,37,,
T,2026-04-14 10:11:35,53.47727243,-2.23063483,3.85,53.423,51.379,0.000,,27,35,,
T,2026-04-14 10:11:36,53.47727238,-2.23063495,3.80,53.418,51.379,0.000,,26,35,,
T,2026-04-14 10:11:37,53.47727458,-2.23063960,3.94,53.951,51.379,0.000,,28,35,,
T,2026-04-14 10:11:38,53.47727722,-2.23064349,3.91,54.032,51.379,0.000,,28,35,,
T,2026-04-14 10:11:39,53.47727773,-2.23064485,3.94,54.042,51.379,0.000,,30,35,,
T,2026-04-14 10:11:40,53.47727779,-2.23064548,3.97,54.047,51.379,0.000,,30,35,,
T,2026-04-14 10:11:41,53.47727781,-2.23064563,3.97,54.045,51.379,0.000,,31,34,,
T,2026-04-14 10:11:42,53.47727780,-2.23064571,3.96,54.019,51.379,0.000,,31,36,,
T,2026-04-14 10:11:43,53.47727777,-2.23064616,3.96,54.035,51.379,0.000,,32,37,,
T,2026-04-14 10:11:44,53.47727793,-2.23064850,3.95,54.171,51.379,0.000,,30,37,,
T,2026-04-14 10:11:45,53.47727793,-2.23064970,4.05,54.215,51.379,0.000,,31,37,,
T,2026-04-14 10:11:46,53.47727792,-2.23065016,4.10,54.208,51.379,0.000,,32,37,,
T,2026-04-14 10:11:47,53.47727802,-2.23065047,4.04,54.230,51.379,0.000,,31,39,,
T,2026-04-14 10:11:48,53.47727813,-2.23065060,3.98,54.262,51.379,0.000,,32,38,,
T,2026-04-14 10:11:49,53.47727804,-2.23065094,4.02,54.271,51.379,0.000,,31,39,,
T,2026-04-14 10:11:50,53.47727804,-2.23065118,4.11,54.287,51.379,0.000,,32,40,,
T,2026-04-14 10:11:51,53.47727766,-2.23065159,4.21,54.218,51.379,0.000,,32,41,,
T,2026-04-14 10:11:52,53.47727777,-2.23065153,4.25,54.289,51.379,0.000,,31,41,,
T,2026-04-14 10:11:53,53.47727779,-2.23065162,4.30,54.287,51.379,0.000,,28,41,,
T,2026-04-14 10:11:54,53.47727779,-2.23065164,4.35,54.289,51.379,0.000,,25,40,,
T,2026-04-14 10:11:55,53.47727778,-2.23065165,4.39,54.291,51.379,0.000,,26,40,,
T,2026-04-14 10:11:56,53.47727773,-2.23065182,4.35,54.295,51.379,0.000,,25,41,,
T,2026-04-14 10:11:57,53.47727778,-2.23065213,4.33,54.304,51.379,0.000,,23,41,,
T,2026-04-14 10:11:58,53.47727776,-2.23065235,4.30,54.302,51.379,0.000,,26,40,,
T,2026-04-14 10:11:59,53.47727773,-2.23065249,4.31,54.293,51.379,0.000,,27,40,,
T,2026-04-14 10:12:00,53.47727753,-2.23065242,4.29,54.297,51.379,0.000,,28,40,,
T,2026-04-14 10:12:01,53.47727730,-2.23065228,4.24,54.286,51.379,0.000,,29,39,,
T,2026-04-14 10:12:02,53.47727742,-2.23065240,4.22,54.288,51.379,0.000,,30,39,,
T,2026-04-14 10:12:03,53.47727744,-2.23065241,4.26,54.287,51.379,0.000,,30,39,,
T,2026-04-14 10:12:04,53.47727745,-2.23065242,4.36,54.286,51.379,0.000,,24,38,,
T,2026-04-14 10:12:05,53.47727746,-2.23065246,4.45,54.287,51.379,0.000,,22,38,,
T,2026-04-14 10:12:06,53.47727745,-2.23065247,4.49,54.287,51.379,0.000,,22,38,,
T,2026-04-14 10:12:07,53.47727736,-2.23065284,4.47,54.303,51.379,0.000,,22,38,,
T,2026-04-14 10:12:08,53.47727750,-2.23065303,4.54,54.342,51.379,0.000,,25,39,,
T,2026-04-14 10:12:09,53.47727751,-2.23065313,4.53,54.334,51.379,0.000,,25,38,,
T,2026-04-14 10:12:10,53.47727750,-2.23065309,4.57,54.336,51.379,0.000,,24,38,,
T,2026-04-14 10:12:11,53.47727750,-2.23065308,4.65,54.335,51.379,0.000,,24,38,,
T,2026-04-14 10:12:12,53.47727750,-2.23065307,10.41,54.334,51.379,0.000,,25,38,,
T,2026-04-14 10:12:13,53.47727751,-2.23065309,10.40,54.333,51.379,0.000,,26,38,,
T,2026-04-14 10:12:14,53.47727752,-2.23065312,10.42,54.331,51.379,0.000,,25,38,,
T,2026-04-14 10:12:15,53.47727755,-2.23065345,10.54,54.362,51.379,0.000,,25,39,,
T,2026-04-14 10:12:16,53.47727754,-2.23065367,10.64,54.368,51.379,0.000,,25,39,,
T,2026-04-14 10:12:17,53.47727753,-2.23065377,10.68,54.369,51.379,0.000,,28,40,,
T,2026-04-14 10:12:18,53.47727753,-2.23065395,10.67,54.387,51.379,0.000,,28,40,,
T,2026-04-14 10:12:19,53.47727753,-2.23065404,10.68,54.389,51.379,0.000,,29,40,,
T,2026-04-14 10:12:20,53.47727755,-2.23065407,10.66,54.390,51.379,0.000,,29,40,,
T,2026-04-14 10:12:21,53.47727757,-2.23065412,10.65,54.392,51.379,0.000,,29,38,,
T,2026-04-14 10:12:22,53.47727760,-2.23065420,10.64,54.393,51.379,0.000,,29,38,,
T,2026-04-14 10:12:23,53.47727763,-2.23065423,10.64,54.394,51.379,0.000,,30,38,,
T,2026-04-14 10:12:24,53.47727763,-2.23065448,10.64,54.412,51.379,0.000,,30,38,,
T,2026-04-14 10:12:25,53.47727767,-2.23065463,10.46,54.414,51.379,0.000,,30,38,,
T,2026-04-14 10:12:26,53.47727770,-2.23065482,10.61,54.424,51.379,0.000,,30,39,,
T,2026-04-14 10:12:27,53.47727772,-2.23065487,10.65,54.426,51.379,0.000,,32,39,,
T,2026-04-14 10:12:28,53.47727773,-2.23065489,10.65,54.427,51.379,0.000,,30,38,,
T,2026-04-14 10:12:29,53.47727782,-2.23065516,10.52,54.464,51.379,0.000,,28,38,,
T,2026-04-14 10:12:30,53.47727793,-2.23065542,10.50,54.488,51.379,0.000,,30,39,,
T,2026-04-14 10:12:31,53.47727803,-2.23065585,10.61,54.539,51.379,0.000,,31,39,,
T,2026-04-14 10:12:32,53.47727829,-2.23065647,10.65,54.607,51.379,0.000,,31,39,,
T,2026-04-14 10:12:33,53.47727752,-2.23065311,10.56,54.183,51.379,0.320,130,31,38,,
T,2026-04-14 10:12:34,53.47728696,-2.23066365,10.42,54.575,51.379,0.000,,31,38,,
T,2026-04-14 10:12:35,53.47728925,-2.23066680,10.43,54.592,51.379,0.000,,31,39,,
T,2026-04-14 10:12:36,53.47728977,-2.23066788,10.45,54.612,51.379,0.000,,32,39,,
T,2026-04-14 10:12:37,53.47728984,-2.23066827,10.51,54.612,51.379,0.000,,30,39,,
T,2026-04-14 10:12:38,53.47728986,-2.23066838,10.51,54.612,51.379,0.000,,29,39,,
T,2026-04-14 10:12:39,53.47728986,-2.23066851,10.54,54.612,51.379,0.000,,28,39,,
T,2026-04-14 10:12:40,53.47728986,-2.23066859,10.58,54.612,51.379,0.000,,27,38,,
T,2026-04-14 10:12:41,53.47729001,-2.23066899,10.57,54.644,51.379,0.000,,28,38,,
T,2026-04-14 10:12:42,53.47729004,-2.23066915,10.48,54.645,51.379,0.000,,28,38,,
T,2026-04-14 10:12:43,53.47729007,-2.23066921,10.52,54.645,51.379,0.000,,32,39,,
T,2026-04-14 10:12:44,53.47729007,-2.23066925,10.46,54.642,51.379,0.000,,30,39,,
T,2026-04-14 10:12:45,53.47729007,-2.23066926,10.30,54.642,51.379,0.000,,31,39,,
T,2026-04-14 10:12:46,53.47729007,-2.23066926,9.98,54.641,51.379,0.000,,30,39,,
T,2026-04-14 10:12:47,53.47729002,-2.23066932,10.35,54.646,51.379,0.000,,30,39,,
T,2026-04-14 10:12:48,53.47729005,-2.23066958,10.60,54.660,51.379,0.000,,29,39,,
T,2026-04-14 10:12:49,53.47729004,-2.23066974,10.62,54.659,51.379,0.000,,26,39,,
T,2026-04-14 10:12:50,53.47729003,-2.23066980,10.61,54.657,51.379,0.000,,28,39,,
T,2026-04-14 10:12:51,53.47728997,-2.23067005,10.65,54.682,51.379,0.000,,27,39,,
T,2026-04-14 10:12:52,53.47729000,-2.23067022,10.60,54.684,51.379,0.000,,26,39,,
T,2026-04-14 10:12:53,53.47729000,-2.23067028,10.53,54.678,51.379,0.000,,26,39,,
T,2026-04-14 10:12:54,53.47728999,-2.23067037,10.51,54.674,51.379,0.000,,27,40,,
T,2026-04-14 10:12:55,53.47729153,-2.23066929,10.55,55.146,51.379,0.310,130,27,40,,
T,2026-04-14 10:12:56,53.47729163,-2.23066995,10.46,55.684,51.379,0.230,130,26,40,,
T,2026-04-14 10:12:57,53.47729281,-2.23067791,10.45,55.894,51.379,0.200,130,29,40,,
T,2026-04-14 10:12:58,53.47730263,-2.23069871,10.34,56.091,51.379,0.000,,30,40,,
T,2026-04-14 10:12:59,53.47730633,-2.23070958,10.52,56.032,51.379,0.000,,29,40,,
T,2026-04-14 10:13:00,53.47731156,-2.23071921,10.90,55.372,51.379,0.410,130,29,40,,
T,2026-04-14 10:13:01,53.47730301,-2.23073781,10.68,54.657,51.379,2.740,222,29,40,,
T,2026-04-14 10:13:02,53.47729489,-2.23074318,10.65,55.299,51.379,1.310,169,28,40,,
T,2026-04-14 10:13:03,53.47729498,-2.23074600,10.69,54.406,51.379,0.850,153,27,40,,
T,2026-04-14 10:13:04,53.47729477,-2.23074424,10.76,53.287,51.379,0.920,125,27,40,,
T,2026-04-14 10:13:05,53.47729524,-2.23073351,11.04,52.843,51.379,0.970,105,27,41,,
T,2026-04-14 10:13:06,53.47729904,-2.23072691,10.93,49.202,51.379,0.840,99,26,41,,
T,2026-04-14 10:13:07,53.47730511,-2.23071639,10.98,48.510,51.379,0.970,81,24,43,,
T,2026-04-14 10:13:08,53.47731535,-2.23070782,11.37,48.697,51.379,1.000,49,25,43,,
T,2026-04-14 10:13:09,53.47732671,-2.23070438,11.59,48.360,51.379,0.810,38,25,43,,
T,2026-04-14 10:13:10,53.47734006,-2.23070577,11.60,48.579,51.379,0.850,23,26,43,,
T,2026-04-14 10:13:11,53.47735461,-2.23071545,11.49,48.271,51.379,0.880,357,26,43,,
T,2026-04-14 10:13:12,53.47736751,-2.23072999,11.66,47.446,51.379,0.800,344,28,43,,
T,2026-04-14 10:13:13,53.47738265,-2.23074002,11.31,45.575,51.379,0.940,2,28,43,,
T,2026-04-14 10:13:14,53.47739702,-2.23074120,11.30,45.317,51.379,0.920,28,27,43,,
T,2026-04-14 10:13:15,53.47740780,-2.23073802,11.24,45.355,51.379,0.860,46,28,43,,
T,2026-04-14 10:13:16,53.47741843,-2.23073287,11.50,45.258,51.379,0.850,51,30,42,,
T,2026-04-14 10:13:17,53.47743279,-2.23073242,11.42,45.673,51.379,0.950,31,31,42,,
T,2026-04-14 10:13:18,53.47744508,-2.23073259,11.89,45.516,51.379,0.850,26,31,42,,
T,2026-04-14 10:13:19,53.47745670,-2.23072986,12.17,46.262,51.379,0.840,29,31,42,,
T,2026-04-14 10:13:20,53.47746862,-2.23072842,11.50,47.701,51.379,0.850,36,31,42,,
T,2026-04-14 10:13:21,53.47747829,-2.23072036,11.67,48.024,51.379,0.830,39,29,42,,
T,2026-04-14 10:13:22,53.47749095,-2.23071629,11.47,47.952,51.379,0.890,24,29,42,,
T,2026-04-14 10:13:23,53.47750477,-2.23071730,11.41,49.171,51.379,0.820,12,29,42,,
T,2026-04-14 10:13:24,53.47751739,-2.23071759,11.71,49.165,51.379,0.810,8,27,42,,
T,2026-04-14 10:13:25,53.47752827,-2.23071411,12.57,49.033,51.379,0.820,16,28,42,,
T,2026-04-14 10:13:26,53.47753967,-2.23071232,11.83,48.462,51.379,0.820,11,30,42,,
T,2026-04-14 10:13:27,53.47754961,-2.23071088,7.09,48.714,51.379,0.780,13,32,42,,
T,2026-04-14 10:13:28,53.47755850,-2.23070714,7.69,48.991,51.379,0.770,12,31,42,,
T,2026-04-14 10:13:29,53.47756558,-2.23070774,6.84,49.584,51.379,0.000,,32,42,,
T,2026-04-14 10:13:30,53.47756854,-2.23071124,6.69,49.332,51.379,0.000,,31,41,,
T,2026-04-14 10:13:31,53.47756894,-2.23071153,6.56,49.325,51.379,0.000,,31,40,,
T,2026-04-14 10:13:32,53.47757111,-2.23071112,6.81,49.814,51.379,0.150,345,30,40,,
T,2026-04-14 10:13:33,53.47757218,-2.23070850,6.47,50.197,51.379,0.000,,29,40,,
T,2026-04-14 10:13:34,53.47757220,-2.23070788,6.30,50.188,51.379,0.000,,29,40,,
T,2026-04-14 10:13:35,53.47757315,-2.23070794,6.33,50.423,51.379,0.000,,28,40,,
T,2026-04-14 10:13:36,53.47757300,-2.23070835,6.12,50.442,51.379,0.000,,29,40,,
T,2026-04-14 10:13:37,53.47757302,-2.23070848,5.65,50.456,51.379,0.000,,29,40,,
T,2026-04-14 10:13:38,53.47757308,-2.23070850,5.55,50.462,51.379,0.000,,32,40,,
T,2026-04-14 10:13:39,53.47757325,-2.23070840,5.49,50.509,51.379,0.000,,30,40,,
T,2026-04-14 10:13:40,53.47757340,-2.23070857,5.38,50.489,51.379,0.000,,28,40,,
T,2026-04-14 10:13:41,53.47757354,-2.23070858,5.32,50.500,51.379,0.000,,27,41,,
T,2026-04-14 10:13:42,53.47757364,-2.23070871,5.24,50.491,51.379,0.000,,25,41,,
T,2026-04-14 10:13:43,53.47757367,-2.23070877,5.19,50.490,51.379,0.000,,24,42,,
T,2026-04-14 10:13:44,53.47757367,-2.23070935,5.02,50.448,51.379,0.000,,22,42,,
T,2026-04-14 10:13:45,53.47757367,-2.23070960,4.96,50.442,51.379,0.000,,24,42,,
T,2026-04-14 10:13:46,53.47757373,-2.23070970,4.97,50.451,51.379,0.000,,25,41,,
T,2026-04-14 10:13:47,53.47757369,-2.23070996,5.05,50.409,51.379,0.000,,29,40,,
T,2026-04-14 10:13:48,53.47757648,-2.23070952,4.91,50.978,51.379,0.000,,29,40,,
T,2026-04-14 10:13:49,53.47757781,-2.23070870,4.77,51.070,51.379,0.000,,31,40,,
T,2026-04-14 10:13:50,53.47757710,-2.23070447,4.70,51.446,51.379,0.530,345,35,40,,
T,2026-04-14 10:13:51,53.47757717,-2.23069382,5.03,53.285,51.379,0.550,345,35,41,,
T,2026-04-14 10:13:52,53.47758053,-2.23068863,4.49,53.228,51.379,0.000,,34,40,,
T,2026-04-14 10:13:53,53.47758148,-2.23068792,4.51,53.236,51.379,0.000,,32,40,,
T,2026-04-14 10:13:54,53.47758184,-2.23068793,4.52,53.269,51.379,0.000,,32,40,,
T,2026-04-14 10:13:55,53.47758196,-2.23068799,4.46,53.268,51.379,0.000,,32,40,,
T,2026-04-14 10:13:56,53.47758198,-2.23068803,4.51,53.268,51.379,0.000,,31,40,,
T,2026-04-14 10:13:57,53.47758203,-2.23068802,4.51,53.281,51.379,0.000,,28,41,,
T,2026-04-14 10:13:58,53.47758209,-2.23068803,4.48,53.292,51.379,0.000,,29,41,,
T,2026-04-14 10:13:59,53.47758211,-2.23068805,4.43,53.295,51.379,0.000,,30,41,,
T,2026-04-14 10:14:00,53.47758214,-2.23068805,4.56,53.299,51.379,0.000,,30,41,,
T,2026-04-14 10:14:01,53.47758215,-2.23068806,4.59,53.306,51.379,0.000,,29,41,,
T,2026-04-14 10:14:02,53.47758110,-2.23068713,4.64,53.617,51.379,0.160,345,29,41,,
T,2026-04-14 10:14:03,53.47757857,-2.23068752,5.36,53.592,51.379,0.310,345,29,40,,
T,2026-04-14 10:14:04,53.47758153,-2.23068414,5.13,53.389,51.379,0.510,345,29,41,,
T,2026-04-14 10:14:05,53.47759020,-2.23068860,5.31,52.918,51.379,0.270,345,31,42,,
T,2026-04-14 10:14:06,53.47760027,-2.23069965,5.25,52.100,51.379,0.850,331,29,42,,
T,2026-04-14 10:14:07,53.47761239,-2.23070745,5.42,50.992,51.379,0.960,357,30,42,,
T,2026-04-14 10:14:08,53.47762428,-2.23071832,5.92,50.292,51.379,1.220,331,32,42,,
T,2026-04-14 10:14:09,53.47762860,-2.23073801,5.62,47.573,51.379,1.060,289,31,42,,
T,2026-04-14 10:14:10,53.47762926,-2.23075533,5.67,47.077,51.379,0.740,275,30,41,,
T,2026-04-14 10:14:11,53.47762982,-2.23076919,5.70,46.864,51.379,0.750,265,29,41,,
T,2026-04-14 10:14:12,53.47763502,-2.23077915,5.29,46.272,51.379,0.910,290,28,41,,
T,2026-04-14 10:14:13,53.47764070,-2.23078634,5.09,44.416,51.379,0.760,303,27,42,,
T,2026-04-14 10:14:14,53.47764631,-2.23079419,5.41,43.479,51.380,0.760,299,27,42,,
T,2026-04-14 10:14:15,53.47765342,-2.23080317,5.73,42.719,51.380,0.760,301,27,42,,
T,2026-04-14 10:14:16,53.47765966,-2.23081136,5.54,43.601,51.380,0.770,310,28,42,,
T,2026-04-14 10:14:17,53.47766516,-2.23082089,5.76,43.800,51.380,0.810,300,29,42,,
T,2026-04-14 10:14:18,53.47766914,-2.23083214,5.96,44.363,51.380,0.800,284,29,42,,
T,2026-04-14 10:14:19,53.47767353,-2.23084398,5.68,45.005,51.380,0.890,288,28,41,,
T,2026-04-14 10:14:20,53.47767899,-2.23085514,6.15,44.686,51.380,0.910,294,26,41,,
T,2026-04-14 10:14:21,53.47768469,-2.23086595,6.04,43.854,51.380,0.880,301,26,41,,
T,2026-04-14 10:14:22,53.47769250,-2.23087541,6.13,43.572,51.380,0.890,311,25,41,,
T,2026-04-14 10:14:23,53.47770155,-2.23088346,6.54,43.459,51.380,0.850,318,22,41,,
T,2026-04-14 10:14:24,53.47770864,-2.23089361,6.87,43.826,51.380,0.910,303,22,40,,
T,2026-04-14 10:14:25,53.47771326,-2.23090522,7.44,43.994,51.380,0.840,290,20,40,,
T,2026-04-14 10:14:26,53.47771678,-2.23091689,7.22,44.419,51.380,0.850,276,20,40,,
T,2026-04-14 10:14:27,53.47772155,-2.23092937,7.44,43.812,51.380,0.880,285,20,40,,
T,2026-04-14 10:14:28,53.47772727,-2.23094015,7.43,44.565,51.380,0.870,278,20,41,,
T,2026-04-14 10:14:29,53.47773292,-2.23095252,7.62,44.440,51.380,0.910,285,20,40,,
T,2026-04-14 10:14:30,53.47774040,-2.23096319,7.62,44.638,51.380,0.880,295,19,40,,
T,2026-04-14 10:14:31,53.47774515,-2.23097803,7.70,44.214,51.380,1.090,271,18,40,,
T,2026-04-14 10:14:32,53.47774832,-2.23099062,7.64,44.406,51.380,0.890,268,18,42,,
T,2026-04-14 10:14:33,53.47775680,-2.23100396,7.69,44.451,51.380,1.130,301,18,42,,
T,2026-04-14 10:14:34,53.47776755,-2.23101292,8.41,43.729,51.380,0.880,318,20,41,,
T,2026-04-14 10:14:35,53.47778071,-2.23101677,9.55,43.111,51.380,0.990,343,19,41,,
T,2026-04-14 10:14:36,53.47779536,-2.23102336,8.63,42.942,51.380,1.040,319,19,40,,
T,2026-04-14 10:14:37,53.47780810,-2.23102646,8.86,42.080,51.380,0.910,341,19,40,,
T,2026-04-14 10:14:38,53.47781953,-2.23102870,8.95,41.866,51.380,0.870,353,19,40,,
T,2026-04-14 10:14:39,53.47783006,-2.23103781,9.11,42.299,51.380,0.880,338,19,40,,
T,2026-04-14 10:14:40,53.47783949,-2.23105057,7.58,42.248,51.380,0.890,310,21,40,,
T,2026-04-14 10:14:41,53.47785342,-2.23106093,7.04,44.016,51.380,1.250,0,21,40,,
T,2026-04-14 10:14:42,53.47786146,-2.23107661,6.57,46.610,51.380,0.860,352,22,41,,
T,2026-04-14 10:14:43,53.47786862,-2.23108749,6.52,46.460,51.380,0.850,352,24,42,,
T,2026-04-14 10:14:44,53.47787540,-2.23110111,5.87,47.698,51.380,0.840,351,24,42,,
T,2026-04-14 10:14:45,53.47787963,-2.23111783,5.93,47.266,51.380,0.950,323,25,42,,
T,2026-04-14 10:14:46,53.47788432,-2.23113111,5.67,48.158,51.380,0.860,339,25,42,,
T,2026-04-14 10:14:47,53.47788734,-2.23114338,5.56,46.959,51.380,0.840,329,25,42,,
T,2026-04-14 10:14:48,53.47789072,-2.23115449,5.50,47.293,51.380,0.850,322,25,42,,
T,2026-04-14 10:14:49,53.47789810,-2.23116187,5.50,46.841,51.380,0.860,336,23,42,,
T,2026-04-14 10:14:50,53.47790583,-2.23117005,5.53,46.535,51.380,0.850,326,23,42,,
T,2026-04-14 10:14:51,53.47791523,-2.23117168,5.81,46.420,51.380,0.930,352,28,42,,
T,2026-04-14 10:14:52,53.47792127,-2.23118538,5.69,47.414,51.380,1.190,306,30,42,,
T,2026-04-14 10:14:53,53.47792947,-2.23118952,5.88,48.214,51.380,0.940,337,31,41,,
T,2026-04-14 10:14:54,53.47793491,-2.23120055,5.63,47.003,51.380,0.970,305,29,42,,
T,2026-04-14 10:14:55,53.47794143,-2.23120839,5.50,45.387,51.380,0.850,320,29,42,,
T,2026-04-14 10:14:56,53.47795097,-2.23121128,5.50,44.592,51.380,0.940,351,27,42,,
T,2026-04-14 10:14:57,53.47795980,-2.23121509,5.58,44.133,51.380,0.820,343,27,42,,
T,2026-04-14 10:14:58,53.47796879,-2.23121963,5.67,43.997,51.380,0.910,349,27,42,,
T,2026-04-14 10:14:59,53.47797733,-2.23122762,5.76,42.570,51.380,0.940,344,20,41,,
T,2026-04-14 10:15:00,53.47798258,-2.23124708,5.52,40.459,51.380,1.170,298,17,41,,
T,2026-04-14 10:15:01,53.47800399,-2.23124115,5.44,40.270,51.380,2.700,9,17,41,,
T,2026-04-14 10:15:02,53.47800815,-2.23121747,5.36,36.821,51.380,1.480,66,17,41,,
T,2026-04-14 10:15:03,53.47800706,-2.23120141,5.25,35.309,51.380,0.940,79,16,41,,
T,2026-04-14 10:15:04,53.47800024,-2.23119523,5.10,35.000,51.380,0.000,,16,41,,
T,2026-04-14 10:15:05,53.47799829,-2.23119455,4.95,34.953,51.380,0.000,,18,41,,
T,2026-04-14 10:15:06,53.47799765,-2.23119456,5.04,34.915,51.380,0.000,,17,41,,
T,2026-04-14 10:15:07,53.47799748,-2.23119448,5.06,34.917,51.380,0.000,,18,41,,
T,2026-04-14 10:15:08,53.47799728,-2.23119457,5.07,34.948,51.380,0.000,,18,41,,
T,2026-04-14 10:15:09,53.47799722,-2.23119455,5.06,34.946,51.380,0.000,,21,41,,
T,2026-04-14 10:15:10,53.47799699,-2.23119470,5.09,34.987,51.380,0.000,,21,41,,
T,2026-04-14 10:15:11,53.47799674,-2.23119464,4.92,35.078,51.380,0.000,,21,41,,
T,2026-04-14 10:15:12,53.47799640,-2.23119482,4.90,35.127,51.380,0.000,,22,41,,
T,2026-04-14 10:15:13,53.47799618,-2.23119484,4.76,35.138,51.380,0.000,,22,40,,
T,2026-04-14 10:15:14,53.47799615,-2.23119565,4.46,35.576,51.380,0.000,,23,40,,
T,2026-04-14 10:15:15,53.47799602,-2.23119632,4.23,35.686,51.380,0.000,,22,40,,
T,2026-04-14 10:15:16,53.47799579,-2.23119692,4.03,35.783,51.380,0.000,,21,40,,
T,2026-04-14 10:15:17,53.47799562,-2.23119733,3.89,35.833,51.380,0.000,,21,40,,
T,2026-04-14 10:15:18,53.47799548,-2.23119770,3.79,35.876,51.380,0.000,,20,40,,
T,2026-04-14 10:15:19,53.47799534,-2.23119811,3.79,35.928,51.380,0.000,,22,40,,
T,2026-04-14 10:15:20,53.47799523,-2.23119843,3.79,35.965,51.380,0.000,,21,40,,
T,2026-04-14 10:15:21,53.47799508,-2.23119877,3.79,36.026,51.380,0.000,,20,40,,
T,2026-04-14 10:15:22,53.47799504,-2.23119888,3.79,36.028,51.380,0.000,,19,41,,
T,2026-04-14 10:15:23,53.47799498,-2.23119886,3.79,36.089,51.380,0.000,,20,40,,
T,2026-04-14 10:15:24,53.47799488,-2.23119901,3.83,36.115,51.380,0.000,,20,40,,
T,2026-04-14 10:15:25,53.47799497,-2.23119883,3.83,36.136,51.380,0.000,,19,40,,
T,2026-04-14 10:15:26,53.47799490,-2.23119896,3.94,36.081,51.380,0.000,,18,38,,
T,2026-04-14 10:15:27,53.47799655,-2.23120504,4.13,36.268,51.380,0.420,79,20,39,,
T,2026-04-14 10:15:28,53.47799664,-2.23120646,4.14,36.289,51.380,0.000,,19,38,,
T,2026-04-14 10:15:29,53.47799687,-2.23121851,4.28,36.411,51.380,0.830,267,18,40,,
T,2026-04-14 10:15:30,53.47799468,-2.23123397,4.43,36.116,51.380,0.980,257,19,41,,
T,2026-04-14 10:15:31,53.47799247,-2.23124928,4.68,35.953,51.380,0.890,261,17,41,,
T,2026-04-14 10:15:32,53.47799379,-2.23126102,4.53,35.265,51.380,0.680,264,17,42,,
T,2026-04-14 10:15:33,53.47799899,-2.23128041,5.17,35.248,51.380,1.240,291,15,42,,
T,2026-04-14 10:15:34,53.47800253,-2.23129115,5.72,34.318,51.380,0.840,274,15,41,,
T,2026-04-14 10:15:35,53.47800533,-2.23130141,5.68,33.832,51.381,0.820,287,15,41,,
T,2026-04-14 10:15:36,53.47800867,-2.23131558,5.83,33.159,51.381,1.000,294,16,42,,
T,2026-04-14 10:15:37,53.47801004,-2.23132809,5.98,32.191,51.381,0.850,295,17,42,,
T,2026-04-14 10:15:38,53.47802276,-2.23133018,6.03,31.635,51.381,1.610,355,17,42,,
T,2026-04-14 10:15:39,53.47803064,-2.23131684,6.20,31.737,51.381,1.010,41,17,42,,
T,2026-04-14 10:15:40,53.47803568,-2.23130839,6.25,31.479,51.381,0.750,34,17,42,,
T,2026-04-14 10:15:41,53.47803957,-2.23131653,6.55,30.697,51.381,0.870,321,17,42,,
T,2026-04-14 10:15:42,53.47803886,-2.23132623,6.64,30.279,51.381,0.610,322,16,42,,
T,2026-04-14 10:15:43,53.47804058,-2.23133239,6.65,28.250,51.381,0.860,289,16,42,,
T,2026-04-14 10:15:44,53.47806157,-2.23132274,6.34,26.769,51.381,2.580,4,16,42,,
T,2026-04-14 10:15:45,53.47806543,-2.23133348,6.26,25.974,51.381,1.320,309,17,42,,
T,2026-04-14 10:15:46,53.47806357,-2.23134867,6.11,26.840,51.381,0.890,284,19,42,,
T,2026-04-14 10:15:47,53.47806322,-2.23136703,6.05,25.287,51.381,0.960,283,20,42,,
T,2026-04-14 10:15:48,53.47806707,-2.23138262,5.98,24.530,51.381,1.110,311,20,42,,
T,2026-04-14 10:15:49,53.47807014,-2.23139615,5.90,24.329,51.381,0.960,306,21,42,,
T,2026-04-14 10:15:50,53.47807446,-2.23140638,5.83,23.841,51.381,1.000,322,24,42,,
T,2026-04-14 10:15:51,53.47807849,-2.23141817,5.88,23.189,51.381,0.970,322,23,42,,
T,2026-04-14 10:15:52,53.47808292,-2.23142946,5.92,22.371,51.381,0.970,325,21,42,,
T,2026-04-14 10:15:53,53.47808855,-2.23144163,5.95,22.032,51.381,1.010,314,21,42,,
T,2026-04-14 10:15:54,53.47809477,-2.23145339,5.96,22.475,51.381,1.030,327,20,42,,
T,2026-04-14 10:15:55,53.47810155,-2.23146453,6.00,22.185,51.381,1.020,331,20,42,,
T,2026-04-14 10:15:56,53.47810807,-2.23148040,6.03,22.568,51.381,1.070,317,19,42,,
T,2026-04-14 10:15:57,53.47811427,-2.23149494,6.00,23.246,51.381,1.060,316,20,42,,
T,2026-04-14 10:15:58,53.47812061,-2.23150967,6.08,23.809,51.381,1.070,315,21,40,,
T,2026-04-14 10:15:59,53.47813015,-2.23152008,6.22,25.615,51.381,1.090,317,22,39,,
T,2026-04-14 10:16:00,53.47813725,-2.23153461,6.19,25.756,51.381,1.100,311,24,39,,
T,2026-04-14 10:16:01,53.47814274,-2.23155075,6.18,25.571,51.381,1.090,306,24,39,,
T,2026-04-14 10:16:02,53.47814885,-2.23156457,6.25,25.767,51.381,1.100,308,23,39,,
T,2026-04-14 10:16:03,53.47815133,-2.23158237,6.23,25.959,51.381,1.120,291,23,39,,
T,2026-04-14 10:16:04,53.47815225,-2.23160435,6.21,26.558,51.381,1.110,277,22,39,,
T,2026-04-14 10:16:05,53.47815386,-2.23162340,6.28,26.452,51.381,1.070,283,21,38,,
T,2026-04-14 10:16:06,53.47815660,-2.23165074,6.28,26.343,51.381,1.250,282,22,38,,
T,2026-04-14 10:16:07,53.47815962,-2.23167336,6.37,26.620,51.381,1.150,290,23,38,,
T,2026-04-14 10:16:08,53.47817337,-2.23168444,6.09,27.733,51.381,1.790,343,23,38,,
T,2026-04-14 10:16:09,53.47818341,-2.23169373,6.12,28.685,51.381,1.140,343,24,38,,
T,2026-04-14 10:16:10,53.47818961,-2.23170691,5.98,29.707,51.381,1.120,318,24,38,,
T,2026-04-14 10:16:11,53.47819403,-2.23172477,5.99,30.811,51.381,1.110,306,23,38,,
T,2026-04-14 10:16:12,53.47819465,-2.23174457,6.10,31.090,51.381,1.090,293,21,38,,
T,2026-04-14 10:16:13,53.47819915,-2.23176479,5.95,31.704,51.381,1.140,311,20,38,,
T,2026-04-14 10:16:14,53.47820064,-2.23179142,5.86,31.548,51.381,1.300,280,21,38,,
T,2026-04-14 10:16:15,53.47820467,-2.23181560,6.01,32.121,51.382,1.200,300,19,38,,
T,2026-04-14 10:16:16,53.47821001,-2.23183802,6.06,32.983,51.382,1.150,305,17,38,,
T,2026-04-14 10:16:17,53.47821271,-2.23186282,5.75,33.604,51.382,1.190,290,18,37,,
T,2026-04-14 10:16:18,53.47821517,-2.23188694,5.62,33.835,51.382,1.170,294,20,37,,
T,2026-04-14 10:16:19,53.47822020,-2.23191275,5.48,33.434,51.382,1.170,299,21,37,,
T,2026-04-14 10:16:20,53.47822501,-2.23193426,5.39,33.174,51.382,1.160,303,19,38,,
T,2026-04-14 10:16:21,53.47823118,-2.23195286,5.58,32.835,51.382,1.190,312,22,38,,
T,2026-04-14 10:16:22,53.47823620,-2.23196902,5.57,34.791,51.382,1.160,306,22,38,,
T,2026-04-14 10:16:23,53.47824065,-2.23198587,5.61,35.859,51.382,1.160,309,23,38,,
T,2026-04-14 10:16:24,53.47824530,-2.23200348,5.41,36.006,51.382,1.120,303,22,39,,
T,2026-04-14 10:16:25,53.47824843,-2.23202004,5.48,36.383,51.382,1.070,302,23,39,,
T,2026-04-14 10:16:26,53.47825245,-2.23203632,5.60,36.529,51.382,1.110,308,24,38,,
T,2026-04-14 10:16:27,53.47825604,-2.23205247,5.74,36.912,51.382,1.110,307,24,38,,
T,2026-04-14 10:16:28,53.47825689,-2.23207027,5.63,37.257,51.382,1.120,294,25,38,,
T,2026-04-14 10:16:29,53.47825923,-2.23208843,5.68,37.368,51.382,1.110,306,24,38,,
T,2026-04-14 10:16:30,53.47826213,-2.23210627,5.63,37.287,51.382,1.080,303,25,38,,
T,2026-04-14 10:16:31,53.47826598,-2.23212162,5.72,36.668,51.382,1.090,317,26,38,,
T,2026-04-14 10:16:32,53.47827042,-2.23213770,5.75,36.142,51.382,1.090,310,26,38,,
T,2026-04-14 10:16:33,53.47827773,-2.23214940,5.70,35.666,51.382,1.150,329,25,38,,
T,2026-04-14 10:16:34,53.47828279,-2.23216481,5.71,35.495,51.382,1.120,318,24,38,,
T,2026-04-14 10:16:35,53.47828542,-2.23218510,5.57,35.852,51.382,1.190,299,23,38,,
T,2026-04-14 10:16:36,53.47828640,-2.23220508,10.84,35.647,51.382,1.170,285,26,38,,
T,2026-04-14 10:16:37,53.47829090,-2.23222384,10.85,36.056,51.382,1.190,301,27,38,,
T,2026-04-14 10:16:38,53.47829394,-2.23224466,10.84,35.921,51.382,1.170,292,27,38,,
T,2026-04-14 10:16:39,53.47829855,-2.23226389,10.90,35.752,51.382,1.190,307,26,38,,
T,2026-04-14 10:16:40,53.47830170,-2.23228645,10.83,35.465,51.382,1.220,300,26,37,,
T,2026-04-14 10:16:41,53.47830587,-2.23230595,10.95,35.501,51.382,1.170,310,25,37,,
T,2026-04-14 10:16:42,53.47830909,-2.23232556,10.88,35.554,51.382,1.160,310,25,37,,
T,2026-04-14 10:16:43,53.47831391,-2.23234180,10.81,35.363,51.382,1.190,323,23,38,,
T,2026-04-14 10:16:44,53.47831786,-2.23235760,10.79,35.749,51.383,1.160,327,23,39,,
T,2026-04-14 10:16:45,53.47832116,-2.23237619,10.87,36.964,51.383,1.170,318,23,39,,
T,2026-04-14 10:16:46,53.47832455,-2.23239644,10.88,37.543,51.383,1.170,317,23,38,,
T,2026-04-14 10:16:47,53.47832958,-2.23242131,10.75,37.180,51.383,1.190,317,24,38,,
T,2026-04-14 10:16:48,53.47833260,-2.23244823,10.72,36.648,51.383,1.210,304,24,38,,
T,2026-04-14 10:16:49,53.47834070,-2.23246625,10.80,36.350,51.383,1.200,314,24,38,,
T,2026-04-14 10:16:50,53.47834579,-2.23248838,10.75,36.412,51.383,1.190,307,23,38,,
T,2026-04-14 10:16:51,53.47834573,-2.23252462,10.61,37.345,51.383,1.220,297,22,38,,
T,2026-04-14 10:16:52,53.47834849,-2.23255802,10.52,38.214,51.383,1.200,301,21,38,,
T,2026-04-14 10:16:53,53.47835009,-2.23258781,10.45,38.519,51.383,1.210,288,21,38,,
T,2026-04-14 10:16:54,53.47835136,-2.23262060,10.58,38.244,51.383,1.230,302,20,38,,
T,2026-04-14 10:16:55,53.47835662,-2.23264759,10.53,38.165,51.383,1.190,305,21,38,,
T,2026-04-14 10:16:56,53.47835946,-2.23267260,10.50,37.483,51.383,1.200,296,24,37,,
T,2026-04-14 10:16:57,53.47836263,-2.23269259,10.55,36.336,51.383,1.200,302,20,37,,
T,2026-04-14 10:16:58,53.47836774,-2.23271242,10.64,36.668,51.383,1.230,310,19,37,,
T,2026-04-14 10:16:59,53.47837418,-2.23272942,10.64,36.812,51.383,1.230,314,18,37,,
T,2026-04-14 10:17:00,53.47837999,-2.23274930,10.67,36.202,51.383,1.240,310,21,36,,
T,2026-04-14 10:17:01,53.47837838,-2.23278464,10.66,35.025,51.383,1.270,298,18,36,,
T,2026-04-14 10:17:02,53.47837855,-2.23281211,10.70,34.242,51.383,1.250,296,15,36,,
T,2026-04-14 10:17:03,53.47838145,-2.23283673,10.73,33.622,51.383,1.290,311,17,36,,
T,2026-04-14 10:17:04,53.47838670,-2.23285904,10.73,34.348,51.383,1.260,312,19,36,,
T,2026-04-14 10:17:05,53.47838922,-2.23288278,10.68,33.434,51.383,1.270,298,20,36,,
T,2026-04-14 10:17:06,53.47839325,-2.23290412,10.72,33.111,51.384,1.220,300,17,37,,
T,2026-04-14 10:17:07,53.47840073,-2.23292166,10.80,32.799,51.384,1.240,308,18,37,,
T,2026-04-14 10:17:08,53.47840915,-2.23293734,10.83,32.793,51.384,1.240,311,19,37,,
T,2026-04-14 10:17:09,53.47841812,-2.23295135,10.93,32.082,51.384,1.230,315,17,37,,
T,2026-04-14 10:17:10,53.47842454,-2.23296763,11.09,32.467,51.384,1.230,309,15,36,,
T,2026-04-14 10:17:11,53.47842445,-2.23298883,11.12,32.009,51.384,1.230,287,14,36,,
T,2026-04-14 10:17:12,53.47841985,-2.23300862,11.06,33.314,51.384,1.250,263,18,35,,
T,2026-04-14 10:17:13,53.47841645,-2.23302617,10.96,32.496,51.384,1.110,263,19,33,,
T,2026-04-14 10:17:14,53.47841458,-2.23304376,10.78,32.303,51.384,1.280,293,20,33,,
T,2026-04-14 10:17:15,53.47840905,-2.23306355,10.67,32.329,51.384,1.270,265,21,32,,
T,2026-04-14 10:17:16,53.47840081,-2.23307782,10.55,34.287,51.384,1.110,267,23,33,,
T,2026-04-14 10:17:17,53.47839723,-2.23309288,10.59,35.204,51.384,1.240,292,24,33,,
T,2026-04-14 10:17:18,53.47840122,-2.23310361,10.67,35.762,51.384,1.230,315,23,34,,
T,2026-04-14 10:17:19,53.47840463,-2.23311315,10.68,36.798,51.384,1.160,303,22,33,,
T,2026-04-14 10:17:20,53.47841069,-2.23312061,10.71,37.353,51.384,1.140,305,21,33,,
T,2026-04-14 10:17:21,53.47841391,-2.23313282,10.73,37.264,51.384,1.200,291,23,33,,
T,2026-04-14 10:17:22,53.47841767,-2.23314587,10.72,37.562,51.384,1.180,298,22,31,,
T,2026-04-14 10:17:23,53.47841997,-2.23315971,10.76,38.300,51.384,1.210,284,19,31,,
T,2026-04-14 10:17:24,53.47842460,-2.23317152,10.94,38.341,51.384,1.150,288,19,33,,
T,2026-04-14 10:17:25,53.47844096,-2.23314756,10.95,38.548,51.384,0.000,,22,33,,
T,2026-04-14 10:17:26,53.47845513,-2.23313303,11.01,38.428,51.384,0.260,5,24,33,,
T,2026-04-14 10:17:27,53.47846004,-2.23311518,10.96,38.199,51.384,0.000,,24,34,,
T,2026-04-14 10:17:28,53.47846168,-2.23310323,10.82,38.326,51.384,0.000,,25,34,,
T,2026-04-14 10:17:29,53.47846196,-2.23310041,10.71,38.407,51.384,0.000,,27,35,,
T,2026-04-14 10:17:30,53.47846185,-2.23309995,10.71,38.452,51.384,0.000,,26,35,,
T,2026-04-14 10:17:31,53.47846165,-2.23310005,10.73,38.501,51.384,0.000,,27,35,,
T,2026-04-14 10:17:32,53.47846157,-2.23310004,10.74,38.526,51.384,0.000,,25,35,,
T,2026-04-14 10:17:33,53.47846138,-2.23310033,10.76,38.621,51.384,0.000,,25,34,,
T,2026-04-14 10:17:34,53.47846243,-2.23310307,10.73,39.005,51.384,0.230,77,26,35,,
T,2026-04-14 10:17:35,53.47846190,-2.23310136,10.72,39.192,51.384,0.000,,25,35,,
T,2026-04-14 10:17:36,53.47845998,-2.23310605,10.65,39.061,51.384,0.370,77,24,35,,
T,2026-04-14 10:17:37,53.47845884,-2.23310945,11.17,40.303,51.384,0.250,77,26,35,,
T,2026-04-14 10:17:38,53.47845765,-2.23310765,11.05,40.819,51.384,0.000,,26,35,,
T,2026-04-14 10:17:39,53.47845625,-2.23310675,11.60,41.516,51.384,0.000,,23,35,,
T,2026-04-14 10:17:40,53.47845224,-2.23311339,11.98,41.640,51.384,0.600,77,22,35,,
T,2026-04-14 10:17:41,53.47845104,-2.23311868,12.78,41.858,51.384,0.560,77,21,35,,
T,2026-04-14 10:17:42,53.47842460,-2.23308475,12.17,42.619,51.384,3.670,161,21,35,,
T,2026-04-14 10:17:43,53.47842173,-2.23305613,12.18,41.272,51.384,1.620,110,19,35,,
T,2026-04-14 10:17:44,53.47842390,-2.23303953,12.23,41.076,51.384,1.070,105,17,35,,
T,2026-04-14 10:17:45,53.47844928,-2.23302441,12.02,39.169,51.384,2.860,29,21,36,,
T,2026-04-14 10:17:46,53.47846530,-2.23302728,12.01,39.242,51.384,1.240,358,27,36,,
T,2026-04-14 10:17:47,53.47847757,-2.23302877,11.99,38.540,51.384,1.120,17,26,35,,
T,2026-04-14 10:17:48,53.47848957,-2.23303855,12.02,37.738,51.384,1.210,354,26,35,,
T,2026-04-14 10:17:49,53.47850148,-2.23305477,11.88,36.675,51.384,1.220,337,27,35,,
T,2026-04-14 10:17:50,53.47851769,-2.23306036,11.81,38.921,51.384,1.190,348,25,35,,
T,2026-04-14 10:17:51,53.47852814,-2.23306992,11.71,36.591,51.384,1.160,353,23,35,,
T,2026-04-14 10:17:52,53.47853402,-2.23310681,11.61,34.752,51.384,1.980,299,21,35,,
T,2026-04-14 10:17:53,53.47851941,-2.23314517,11.54,34.634,51.384,2.660,234,21,34,,
T,2026-04-14 10:17:54,53.47850782,-2.23316373,11.56,33.812,51.384,1.210,215,21,34,,
T,2026-04-14 10:17:55,53.47850168,-2.23318713,11.50,32.433,51.384,1.220,238,19,34,,
T,2026-04-14 10:17:56,53.47850501,-2.23321665,11.38,32.376,51.384,1.590,284,17,34,,
T,2026-04-14 10:17:57,53.47851933,-2.23323419,11.33,31.248,51.384,1.700,333,17,34,,
T,2026-04-14 10:17:58,53.47852878,-2.23325259,11.30,31.960,51.384,1.190,319,16,34,,
T,2026-04-14 10:17:59,53.47853019,-2.23328889,11.21,34.458,51.384,1.310,292,18,34,,
T,2026-04-14 10:18:00,53.47852606,-2.23333087,11.01,37.843,51.384,1.190,279,18,34,,
T,2026-04-14 10:18:01,53.47851822,-2.23336949,10.85,39.689,51.384,1.180,263,18,33,,
T,2026-04-14 10:18:02,53.47851395,-2.23339785,10.88,39.312,51.384,1.140,260,20,33,,
T,2026-04-14 10:18:03,53.47851034,-2.23342611,10.82,38.928,51.385,1.180,274,21,34,,
T,2026-04-14 10:18:04,53.47850546,-2.23345008,10.84,38.394,51.385,1.150,264,20,34,,
T,2026-04-14 10:18:05,53.47850271,-2.23347365,10.87,37.176,51.385,1.170,279,19,33,,
T,2026-04-14 10:18:06,53.47849691,-2.23349660,10.94,35.579,51.385,1.170,266,21,34,,
T,2026-04-14 10:18:07,53.47849334,-2.23351737,11.04,34.958,51.385,1.150,263,22,34,,
T,2026-04-14 10:18:08,53.47848411,-2.23353801,11.08,32.999,51.385,1.170,254,19,33,,
T,2026-04-14 10:18:09,53.47847769,-2.23355924,11.10,33.218,51.385,1.210,271,21,33,,
T,2026-04-14 10:18:10,53.47847565,-2.23357998,10.98,32.770,51.385,1.220,287,19,34,,
T,2026-04-14 10:18:11,53.47847963,-2.23359763,10.83,32.328,51.385,1.240,304,21,35,,
T,2026-04-14 10:18:12,53.47848411,-2.23361415,10.77,33.216,51.385,1.160,309,22,35,,
T,2026-04-14 10:18:13,53.47848560,-2.23363281,10.72,33.857,51.385,1.200,297,22,35,,
T,2026-04-14 10:18:14,53.47848926,-2.23364971,10.72,35.277,51.385,1.190,306,21,35,,
T,2026-04-14 10:18:15,53.47848919,-2.23367177,10.56,34.825,51.385,1.340,275,21,35,,
T,2026-04-14 10:18:16,53.47848335,-2.23369223,10.51,34.655,51.385,1.310,249,21,34,,
T,2026-04-14 10:18:17,53.47847501,-2.23370968,10.51,34.767,51.385,1.170,239,21,34,,
T,2026-04-14 10:18:18,53.47847044,-2.23372530,10.55,35.837,51.385,1.210,261,21,34,,
T,2026-04-14 10:18:19,53.47845763,-2.23373751,10.59,36.171,51.385,1.350,228,20,34,,
T,2026-04-14 10:18:20,53.47844586,-2.23374468,10.73,35.975,51.385,1.170,215,19,34,,
T,2026-04-14 10:18:21,53.47843447,-2.23375286,10.85,35.551,51.385,1.140,213,17,34,,
T,2026-04-14 10:18:22,53.47842185,-2.23375999,10.86,35.305,51.385,1.140,212,17,34,,
T,2026-04-14 10:18:23,53.47840871,-2.23376491,10.98,36.011,51.385,1.140,200,17,34,,
T,2026-04-14 10:18:24,53.47840264,-2.23376229,10.92,34.985,51.385,0.000,,17,35,,
T,2026-04-14 10:18:25,53.47839105,-2.23378212,11.00,38.069,51.385,1.180,216,20,35,,
T,2026-04-14 10:18:26,53.47838732,-2.23378996,10.95,38.535,51.385,0.000,,21,35,,
T,2026-04-14 10:18:27,53.47838611,-2.23379291,10.94,38.876,51.385,0.000,,22,35,,
T,2026-04-14 10:18:28,53.47838580,-2.23379365,10.89,38.886,51.385,0.000,,21,36,,
T,2026-04-14 10:18:29,53.47838548,-2.23379449,10.87,39.021,51.385,0.000,,22,37,,
T,2026-04-14 10:18:30,53.47838526,-2.23379500,10.83,39.086,51.385,0.000,,21,37,,
T,2026-04-14 10:18:31,53.47838512,-2.23379535,10.68,39.133,51.385,0.000,,18,37,,
T,2026-04-14 10:18:32,53.47838498,-2.23379571,10.52,39.187,51.385,0.000,,20,37,,
T,2026-04-14 10:18:33,53.47838485,-2.23379610,10.44,39.252,51.385,0.000,,21,37,,
T,2026-04-14 10:18:34,53.47838477,-2.23379632,10.39,39.277,51.385,0.000,,23,37,,
T,2026-04-14 10:18:35,53.47838471,-2.23379658,10.40,39.327,51.385,0.000,,21,37,,
T,2026-04-14 10:18:36,53.47838464,-2.23379681,10.36,39.369,51.385,0.000,,22,37,,
T,2026-04-14 10:18:37,53.47838455,-2.23379714,10.32,39.424,51.385,0.000,,22,37,,
T,2026-04-14 10:18:38,53.47838439,-2.23379753,10.32,39.486,51.385,0.000,,23,37,,
T,2026-04-14 10:18:39,53.47838473,-2.23379985,10.43,39.555,51.385,0.180,217,22,37,,
T,2026-04-14 10:18:40,53.47838403,-2.23380213,10.56,39.379,51.385,0.000,,21,36,,
T,2026-04-14 10:18:41,53.47838194,-2.23380411,10.53,40.268,51.385,0.290,217,22,36,,
T,2026-04-14 10:18:42,53.47837938,-2.23380497,10.47,40.222,51.385,0.000,,23,36,,
T,2026-04-14 10:18:43,53.47837895,-2.23380934,10.55,40.032,51.385,0.280,217,24,35,,
T,2026-04-14 10:18:44,53.47837870,-2.23382178,10.81,40.188,51.385,0.940,266,20,34,,
T,2026-04-14 10:18:45,53.47837849,-2.23384422,11.42,40.325,51.385,1.340,274,20,34,,
T,2026-04-14 10:18:46,53.47837651,-2.23386873,10.99,40.567,51.385,1.210,268,20,33,,
T,2026-04-14 10:18:47,53.47837669,-2.23389397,10.90,41.021,51.385,1.200,270,20,33,,
T,2026-04-14 10:18:48,53.47838016,-2.23391733,10.86,42.622,51.385,1.240,285,19,33,,
T,2026-04-14 10:18:49,53.47838669,-2.23393368,10.84,45.198,51.385,1.170,300,18,33,,
T,2026-04-14 10:18:50,53.47839002,-2.23395364,10.80,47.709,51.385,1.160,288,20,33,,
T,2026-04-14 10:18:51,53.47839741,-2.23396952,10.77,49.103,51.385,1.250,312,19,33,,
T,2026-04-14 10:18:52,53.47839614,-2.23397230,10.70,48.949,51.385,0.000,,19,33,,
T,2026-04-14 10:18:53,53.47839555,-2.23397224,10.62,49.102,51.385,0.000,,18,33,,
T,2026-04-14 10:18:54,53.47839542,-2.23397227,10.57,49.119,51.385,0.000,,20,33,,
T,2026-04-14 10:18:55,53.47839541,-2.23397230,10.51,49.154,51.385,0.000,,21,33,,
T,2026-04-14 10:18:56,53.47839545,-2.23397230,10.43,49.171,51.385,0.000,,19,33,,
T,2026-04-14 10:18:57,53.47839716,-2.23398234,10.44,49.747,51.386,0.810,297,18,34,,
T,2026-04-14 10:18:58,53.47840035,-2.23399722,10.92,50.303,51.386,0.890,295,19,34,,
T,2026-04-14 10:18:59,53.47840461,-2.23401779,10.61,48.690,51.386,1.240,301,19,37,,
T,2026-04-14 10:19:00,53.47841110,-2.23403721,10.68,47.972,51.386,1.210,310,19,38,,
T,2026-04-14 10:19:01,53.47841773,-2.23405242,10.75,47.372,51.386,1.130,311,21,38,,
T,2026-04-14 10:19:02,53.47842512,-2.23406816,10.76,47.670,51.386,1.100,314,21,38,,
T,2026-04-14 10:19:03,53.47843129,-2.23408584,10.77,47.856,51.386,1.180,305,21,38,,
T,2026-04-14 10:19:04,53.47843653,-2.23410289,10.84,48.300,51.386,1.140,302,19,38,,
T,2026-04-14 10:19:05,53.47844061,-2.23411827,10.77,48.128,51.386,1.120,305,20,38,,
T,2026-04-14 10:19:06,53.47844240,-2.23413575,10.69,46.604,51.386,1.120,299,19,38,,
T,2026-04-14 10:19:07,53.47844877,-2.23414942,10.64,46.835,51.386,1.100,319,17,38,,
T,2026-04-14 10:19:08,53.47845525,-2.23416130,10.64,44.898,51.386,1.150,315,17,38,,
T,2026-04-14 10:19:09,53.47846162,-2.23417328,10.61,44.337,51.386,1.070,318,17,38,,
T,2026-04-14 10:19:10,53.47846650,-2.23418792,10.56,43.504,51.386,1.090,307,17,38,,
T,2026-04-14 10:19:11,53.47847185,-2.23420559,10.41,43.569,51.386,1.160,306,15,38,,
T,2026-04-14 10:19:12,53.47847767,-2.23422176,10.50,42.652,51.386,1.040,314,18,38,,
T,2026-04-14 10:19:13,53.47848411,-2.23423567,10.70,42.012,51.386,1.100,311,19,38,,
T,2026-04-14 10:19:14,53.47849102,-2.23425043,10.87,42.028,51.386,1.080,316,20,38,,
T,2026-04-14 10:19:15,53.47849744,-2.23426602,10.91,41.738,51.386,1.080,322,22,38,,
T,2026-04-14 10:19:16,53.47850241,-2.23427819,10.92,41.277,51.386,1.050,317,23,38,,
T,2026-04-14 10:19:17,53.47850432,-2.23429633,10.84,40.979,51.386,1.110,296,24,38,,
T,2026-04-14 10:19:18,53.47849599,-2.23432147,10.45,41.287,51.386,1.340,252,23,37,,
T,2026-04-14 10:19:19,53.47848845,-2.23434190,10.19,41.432,51.386,1.050,250,25,35,,
T,2026-04-14 10:19:20,53.47848333,-2.23436284,10.06,40.704,51.386,1.070,258,24,35,,
T,2026-04-14 10:19:21,53.47847931,-2.23438249,10.08,39.859,51.386,1.090,257,24,35,,
T,2026-04-14 10:19:22,53.47847687,-2.23440167,10.13,38.976,51.386,1.110,263,21,35,,
T,2026-04-14 10:19:23,53.47847228,-2.23442008,10.12,38.463,51.386,1.150,250,21,35,,
T,2026-04-14 10:19:24,53.47846759,-2.23443845,10.07,37.459,51.386,1.130,250,21,35,,
T,2026-04-14 10:19:25,53.47845873,-2.23445404,10.04,37.097,51.386,1.220,230,19,35,,
T,2026-04-14 10:19:26,53.47845080,-2.23446825,10.03,37.042,51.386,1.130,226,19,35,,
T,2026-04-14 10:19:27,53.47844274,-2.23448489,10.01,36.816,51.386,1.180,232,18,35,,
T,2026-04-14 10:19:28,53.47843461,-2.23449968,9.99,36.301,51.386,1.120,228,20,35,,
T,2026-04-14 10:19:29,53.47842420,-2.23451504,9.98,36.438,51.386,1.270,221,21,35,,
T,2026-04-14 10:19:30,53.47841503,-2.23453137,10.01,36.696,51.387,1.170,228,22,34,,
T,2026-04-14 10:19:31,53.47840634,-2.23454761,10.17,36.681,51.387,1.130,227,23,33,,
T,2026-04-14 10:19:32,53.47839806,-2.23456391,10.27,36.977,51.387,1.130,231,24,33,,
T,2026-04-14 10:19:33,53.47838623,-2.23457470,10.23,37.406,51.387,1.290,206,24,35,,
T,2026-04-14 10:19:34,53.47837715,-2.23458979,10.21,36.895,51.387,1.190,225,23,35,,
T,2026-04-14 10:19:35,53.47836701,-2.23460364,10.28,36.140,51.387,1.210,219,23,35,,
T,2026-04-14 10:19:36,53.47835740,-2.23461671,10.34,35.828,51.387,1.170,229,21,35,,
T,2026-04-14 10:19:37,53.47834570,-2.23462681,10.45,35.239,51.387,1.250,212,19,35,,
T,2026-04-14 10:19:38,53.47833527,-2.23463957,10.54,35.502,51.387,1.180,223,19,35,,
T,2026-04-14 10:19:39,53.47832590,-2.23465417,10.60,35.372,51.387,1.170,230,19,35,,
T,2026-04-14 10:19:40,53.47831628,-2.23466788,10.48,36.347,51.387,1.240,221,20,35,,
T,2026-04-14 10:19:41,53.47830550,-2.23468130,10.43,37.037,51.387,1.110,218,22,36,,
T,2026-04-14 10:19:42,53.47829569,-2.23469739,10.34,38.085,51.387,1.140,226,22,36,,
T,2026-04-14 10:19:43,53.47828550,-2.23471373,10.02,38.704,51.387,1.120,226,22,36,,
T,2026-04-14 10:19:44,53.47827519,-2.23472715,9.94,38.925,51.387,1.110,224,23,36,,
T,2026-04-14 10:19:45,53.47826588,-2.23474063,9.94,38.421,51.387,1.090,236,23,36,,
T,2026-04-14 10:19:46,53.47826002,-2.23475771,9.94,37.878,51.387,1.130,255,25,36,,
T,2026-04-14 10:19:47,53.47825722,-2.23477660,9.94,38.722,51.387,1.080,254,27,36,,
T,2026-04-14 10:19:48,53.47825159,-2.23479227,9.94,38.950,51.387,1.080,246,27,36,,
T,2026-04-14 10:19:49,53.47824796,-2.23480997,9.94,39.863,51.387,1.070,255,27,36,,
T,2026-04-14 10:19:50,53.47824958,-2.23482824,9.94,41.146,51.387,1.050,270,25,36,,
T,2026-04-14 10:19:51,53.47825220,-2.23484688,9.94,41.708,51.387,1.050,274,27,36,,
T,2026-04-14 10:19:52,53.47824795,-2.23486219,9.94,41.604,51.387,1.070,259,25,37,,
T,2026-04-14 10:19:53,53.47824460,-2.23487792,9.94,41.468,51.387,1.060,256,24,37,,
T,2026-04-14 10:19:54,53.47824080,-2.23489554,9.94,41.262,51.387,1.190,250,23,37,,
T,2026-04-14 10:19:55,53.47823877,-2.23491811,9.94,40.461,51.387,1.410,264,23,37,,
T,2026-04-14 10:19:56,53.47824075,-2.23494051,9.94,40.315,51.387,1.380,274,24,37,,
T,2026-04-14 10:19:57,53.47824309,-2.23496317,9.94,39.504,51.387,1.330,271,23,37,,
T,2026-04-14 10:19:58,53.47824033,-2.23498611,9.94,38.404,51.387,1.320,260,24,37,,
T,2026-04-14 10:19:59,53.47823425,-2.23500568,9.94,38.138,51.387,1.310,245,25,37,,
T,2026-04-14 10:20:00,53.47823162,-2.23502319,9.94,38.010,51.387,1.180,260,25,37,,
T,2026-04-14 10:20:01,53.47822864,-2.23503997,9.94,38.603,51.387,1.210,257,26,37,,
T,2026-04-14 10:20:02,53.47821389,-2.23504896,9.94,39.687,51.387,1.600,204,26,37,,
T,2026-04-14 10:20:03,53.47820337,-2.23505581,9.97,40.150,51.387,1.070,211,28,36,,
T,2026-04-14 10:20:04,53.47819474,-2.23506424,10.38,40.354,51.387,0.960,214,26,36,,
T,2026-04-14 10:20:05,53.47818718,-2.23507365,10.44,40.352,51.387,0.960,214,24,35,,
T,2026-04-14 10:20:06,53.47817929,-2.23508627,10.55,40.171,51.387,1.010,226,24,35,,
T,2026-04-14 10:20:07,53.47817275,-2.23510190,10.72,39.716,51.388,1.020,234,24,35,,
T,2026-04-14 10:20:08,53.47816502,-2.23511398,10.73,39.947,51.388,1.040,228,25,35,,
T,2026-04-14 10:20:09,53.47815771,-2.23512578,10.86,39.874,51.388,1.060,232,24,34,,
T,2026-04-14 10:20:10,53.47815157,-2.23513973,10.90,39.972,51.388,1.070,234,23,33,,
T,2026-04-14 10:20:11,53.47814483,-2.23515592,10.93,39.166,51.388,1.080,231,23,33,,
T,2026-04-14 10:20:12,53.47813855,-2.23517268,10.96,38.167,51.388,1.090,230,23,33,,
T,2026-04-14 10:20:13,53.47813146,-2.23518708,10.99,38.060,51.388,1.100,225,22,33,,
T,2026-04-14 10:20:14,53.47812429,-2.23519992,10.93,37.780,51.388,1.100,225,20,34,,
T,2026-04-14 10:20:15,53.47811606,-2.23521076,11.00,37.175,51.388,1.120,219,19,33,,
T,2026-04-14 10:20:16,53.47810710,-2.23521967,10.90,37.391,51.388,1.130,213,16,34,,
T,2026-04-14 10:20:17,53.47809914,-2.23523171,10.84,37.475,51.388,1.210,231,16,34,,
T,2026-04-14 10:20:18,53.47809043,-2.23524457,10.79,37.454,51.388,1.280,226,16,35,,
T,2026-04-14 10:20:19,53.47808244,-2.23525707,10.75,37.024,51.388,1.170,229,17,36,,
T,2026-04-14 10:20:20,53.47807320,-2.23526861,10.75,36.684,51.388,1.160,227,19,36,,
T,2026-04-14 10:20:21,53.47806390,-2.23527904,10.78,36.700,51.388,1.170,224,19,35,,
T,2026-04-14 10:20:22,53.47805472,-2.23528965,10.74,36.690,51.388,1.160,225,19,37,,
T,2026-04-14 10:20:23,53.47804589,-2.23530134,10.81,36.629,51.388,1.240,220,19,38,,
T,2026-04-14 10:20:24,53.47803668,-2.23531403,10.82,36.851,51.388,1.280,223,19,38,,
T,2026-04-14 10:20:25,53.47802792,-2.23532798,10.77,36.796,51.388,1.210,227,19,37,,
T,2026-04-14 10:20:26,53.47801973,-2.23534133,10.74,36.624,51.388,1.190,228,18,37,,
T,2026-04-14 10:20:27,53.47801171,-2.23535527,10.70,36.150,51.388,1.190,229,18,36,,
T,2026-04-14 10:20:28,53.47800371,-2.23536979,10.72,36.053,51.388,1.250,224,18,35,,
T,2026-04-14 10:20:29,53.47799695,-2.23538525,10.61,36.005,51.388,1.200,232,19,35,,
T,2026-04-14 10:20:30,53.47798862,-2.23539960,10.57,35.874,51.388,1.280,223,19,35,,
T,2026-04-14 10:20:31,53.47797994,-2.23541396,10.66,36.059,51.388,1.210,232,20,36,,
T,2026-04-14 10:20:32,53.47796911,-2.23542840,10.79,36.567,51.388,1.390,222,19,37,,
T,2026-04-14 10:20:33,53.47796029,-2.23544254,10.99,36.714,51.388,1.220,228,20,37,,
T,2026-04-14 10:20:34,53.47795122,-2.23545751,11.30,36.899,51.388,1.250,226,20,37,,
T,2026-04-14 10:20:35,53.47794173,-2.23547258,11.46,36.937,51.388,1.270,221,20,37,,
T,2026-04-14 10:20:36,53.47793280,-2.23548678,11.30,36.434,51.388,1.210,222,21,37,,
T,2026-04-14 10:20:37,53.47792407,-2.23550126,11.53,36.638,51.388,1.230,231,22,37,,
T,2026-04-14 10:20:38,53.47791488,-2.23551551,11.72,36.578,51.388,1.240,226,22,37,,
T,2026-04-14 10:20:39,53.47790483,-2.23552877,11.93,36.376,51.388,1.220,223,22,37,,
T,2026-04-14 10:20:40,53.47789579,-2.23554126,12.16,36.467,51.388,1.210,224,22,37,,
T,2026-04-14 10:20:41,53.47788717,-2.23555355,11.82,35.938,51.388,1.230,230,22,38,,
T,2026-04-14 10:20:42,53.47787858,-2.23556835,12.06,36.126,51.388,1.220,231,22,38,,
T,2026-04-14 10:20:43,53.47786969,-2.23558236,11.23,36.219,51.388,1.230,227,20,37,,
T,2026-04-14 10:20:44,53.47786175,-2.23559663,11.48,36.046,51.388,1.230,231,20,38,,
T,2026-04-14 10:20:45,53.47785394,-2.23561085,11.74,35.887,51.388,1.210,230,21,37,,
T,2026-04-14 10:20:46,53.47784497,-2.23562241,11.92,35.570,51.388,1.210,226,20,37,,
T,2026-04-14 10:20:47,53.47783641,-2.23563501,12.20,35.567,51.388,1.210,227,21,36,,
T,2026-04-14 10:20:48,53.47782693,-2.23564717,12.37,35.310,51.388,1.230,219,21,36,,
T,2026-04-14 10:20:49,53.47781917,-2.23566230,12.69,35.119,51.388,1.270,233,21,36,,
T,2026-04-14 10:20:50,53.47780669,-2.23567403,12.86,34.525,51.388,1.400,211,21,36,,
T,2026-04-14 10:20:51,53.47779617,-2.23569004,13.04,34.728,51.388,1.340,230,21,36,,
T,2026-04-14 10:20:52,53.47778351,-2.23570251,13.22,34.231,51.389,1.390,213,21,36,,
T,2026-04-14 10:20:53,53.47777415,-2.23571679,12.55,34.385,51.389,1.270,226,21,36,,
T,2026-04-14 10:20:54,53.47776388,-2.23572890,12.66,34.005,51.389,1.240,222,21,35,,
T,2026-04-14 10:20:55,53.47775575,-2.23574183,12.81,34.108,51.389,1.230,219,21,35,,
T,2026-04-14 10:20:56,53.47774786,-2.23575543,12.95,34.274,51.389,1.260,224,21,35,,
T,2026-04-14 10:20:57,53.47773728,-2.23576606,13.20,34.498,51.389,1.280,211,22,35,,
T,2026-04-14 10:20:58,53.47772831,-2.23578128,13.37,34.434,51.389,1.320,228,21,35,,
T,2026-04-14 10:20:59,53.47772102,-2.23579607,13.64,33.936,51.389,1.230,231,20,35,,
T,2026-04-14 10:21:00,53.47771298,-2.23581137,13.84,33.185,51.389,1.270,233,21,35,,
T,2026-04-14 10:21:01,53.47770601,-2.23582644,14.02,33.037,51.389,1.240,234,21,35,,
T,2026-04-14 10:21:02,53.47769676,-2.23583885,14.06,33.172,51.389,1.320,218,23,35,,
T,2026-04-14 10:21:03,53.47768664,-2.23584984,14.15,33.162,51.389,1.240,214,22,35,,
T,2026-04-14 10:21:04,53.47767645,-2.23586362,14.29,33.114,51.389,1.280,225,22,35,,
T,2026-04-14 10:21:05,53.47766354,-2.23587373,14.26,32.540,51.389,1.410,212,22,35,,
T,2026-04-14 10:21:06,53.47765622,-2.23589192,13.94,32.706,51.389,1.390,231,21,34,,
T,2026-04-14 10:21:07,53.47764903,-2.23591013,12.64,32.492,51.389,1.260,229,21,34,,
T,2026-04-14 10:21:08,53.47764045,-2.23592508,12.59,32.853,51.389,1.230,231,21,34,,
T,2026-04-14 10:21:09,53.47763418,-2.23593795,12.88,32.745,51.389,1.200,243,21,34,,
T,2026-04-14 10:21:10,53.47763059,-2.23595380,11.46,35.963,51.389,1.090,246,21,35,,
T,2026-04-14 10:21:11,53.47762932,-2.23595615,11.67,35.478,51.389,0.000,,22,35,,
T,2026-04-14 10:21:12,53.47762807,-2.23595957,11.88,36.323,51.389,0.000,,22,36,,
T,2026-04-14 10:21:13,53.47762766,-2.23596042,10.26,36.317,51.389,0.000,,25,36,,
T,2026-04-14 10:21:14,53.47762752,-2.23596065,10.18,36.315,51.389,0.000,,24,37,,
T,2026-04-14 10:21:15,53.47762748,-2.23596074,10.28,36.315,51.389,0.000,,22,36,,
T,2026-04-14 10:21:16,53.47762744,-2.23596079,10.33,36.313,51.389,0.000,,22,36,,
T,2026-04-14 10:21:17,53.47762740,-2.23596082,9.94,36.311,51.389,0.000,,21,36,,
T,2026-04-14 10:21:18,53.47762736,-2.23596089,9.94,36.310,51.389,0.000,,21,36,,
T,2026-04-14 10:21:19,53.47762734,-2.23596093,9.94,36.310,51.389,0.000,,20,36,,
T,2026-04-14 10:21:20,53.47762729,-2.23596100,9.94,36.324,51.389,0.000,,20,36,,
T,2026-04-14 10:21:21,53.47762721,-2.23596115,10.32,36.351,51.389,0.000,,20,36,,
T,2026-04-14 10:21:22,53.47762717,-2.23596122,9.94,36.352,51.389,0.000,,20,36,,
T,2026-04-14 10:21:23,53.47762716,-2.23596124,9.94,36.351,51.389,0.000,,20,36,,
T,2026-04-14 10:21:24,53.47762714,-2.23596126,9.94,36.351,51.389,0.000,,21,37,,
T,2026-04-14 10:21:25,53.47762711,-2.23596125,9.94,36.350,51.389,0.000,,21,37,,
T,2026-04-14 10:21:26,53.47762709,-2.23596125,9.94,36.350,51.389,0.000,,20,37,,
T,2026-04-14 10:21:27,53.47762707,-2.23596124,9.94,36.349,51.389,0.000,,21,36,,
T,2026-04-14 10:21:28,53.47762706,-2.23596126,9.94,36.349,51.389,0.000,,21,36,,
T,2026-04-14 10:21:29,53.47762665,-2.23596163,10.17,36.377,51.389,0.000,,22,38,,
T,2026-04-14 10:21:30,53.47762636,-2.23596257,9.94,36.424,51.389,0.000,,21,38,,
T,2026-04-14 10:21:31,53.47762627,-2.23596285,9.94,36.425,51.389,0.000,,21,38,,
T,2026-04-14 10:21:32,53.47762623,-2.23596294,9.94,36.422,51.389,0.000,,21,38,,
T,2026-04-14 10:21:33,53.47762621,-2.23596301,9.94,36.429,51.389,0.000,,20,38,,
T,2026-04-14 10:21:34,53.47762621,-2.23596305,9.94,36.433,51.389,0.000,,19,38,,
T,2026-04-14 10:21:35,53.47762455,-2.23596622,9.94,36.756,51.389,0.320,237,20,38,,
T,2026-04-14 10:21:36,53.47762374,-2.23596928,9.94,36.961,51.389,0.000,,20,38,,
T,2026-04-14 10:21:37,53.47762472,-2.23598293,9.94,37.247,51.389,0.680,237,20,38,,
T,2026-04-14 10:21:38,53.47761878,-2.23600418,9.94,38.201,51.389,1.440,238,20,38,,
T,2026-04-14 10:21:39,53.47760289,-2.23602591,10.23,38.628,51.389,2.110,217,20,38,,
T,2026-04-14 10:21:40,53.47759504,-2.23604455,10.33,39.556,51.389,1.320,234,20,38,,
T,2026-04-14 10:21:41,53.47758677,-2.23605877,10.62,39.592,51.389,1.240,230,23,38,,
T,2026-04-14 10:21:42,53.47757518,-2.23606866,10.92,39.444,51.389,1.280,214,24,38,,
T,2026-04-14 10:21:43,53.47756517,-2.23607822,11.24,39.558,51.389,1.230,215,25,38,,
T,2026-04-14 10:21:44,53.47755768,-2.23609127,11.49,40.701,51.389,1.230,219,25,38,,
T,2026-04-14 10:21:45,53.47755373,-2.23611003,10.50,41.766,51.389,1.310,233,25,38,,
T,2026-04-14 10:21:46,53.47754495,-2.23612196,10.96,41.003,51.389,1.290,216,26,38,,
T,2026-04-14 10:21:47,53.47753902,-2.23613922,11.20,41.686,51.389,1.290,230,24,38,,
T,2026-04-14 10:21:48,53.47753119,-2.23615239,11.29,41.560,51.389,1.260,225,24,39,,
T,2026-04-14 10:21:49,53.47752314,-2.23616604,11.43,41.345,51.389,1.250,226,26,39,,
T,2026-04-14 10:21:50,53.47751527,-2.23617943,11.64,41.541,51.389,1.240,227,24,39,,
T,2026-04-14 10:21:51,53.47750629,-2.23619260,12.03,41.481,51.389,1.260,225,24,39,,
T,2026-04-14 10:21:52,53.47749667,-2.23620665,12.26,40.285,51.389,1.270,228,23,39,,
T,2026-04-14 10:21:53,53.47748695,-2.23621873,12.44,39.454,51.389,1.270,222,22,39,,
T,2026-04-14 10:21:54,53.47747723,-2.23623045,12.59,38.789,51.389,1.270,222,23,39,,
T,2026-04-14 10:21:55,53.47746781,-2.23624191,12.85,37.614,51.389,1.260,222,23,39,,
T,2026-04-14 10:21:56,53.47745765,-2.23625496,13.03,36.297,51.389,1.270,222,23,39,,
T,2026-04-14 10:21:57,53.47744620,-2.23626656,13.18,36.154,51.389,1.250,217,23,39,,
T,2026-04-14 10:21:58,53.47743501,-2.23627998,13.36,35.558,51.389,1.330,225,24,39,,
T,2026-04-14 10:21:59,53.47742236,-2.23629513,11.11,36.312,51.390,1.390,208,24,39,,
T,2026-04-14 10:22:00,53.47741207,-2.23630788,11.02,35.703,51.390,1.280,215,24,39,,
T,2026-04-14 10:22:01,53.47740203,-2.23632117,11.19,35.687,51.390,1.250,218,24,39,,
T,2026-04-14 10:22:02,53.47739215,-2.23633456,11.11,35.026,51.390,1.260,223,25,39,,
T,2026-04-14 10:22:03,53.47738208,-2.23634647,10.89,34.595,51.390,1.210,222,24,39,,
T,2026-04-14 10:22:04,53.47737296,-2.23635872,11.14,34.661,51.390,1.250,225,23,38,,
T,2026-04-14 10:22:05,53.47736266,-2.23636947,11.11,34.826,51.390,1.250,217,23,38,,
T,2026-04-14 10:22:06,53.47735371,-2.23638198,11.36,34.899,51.390,1.240,222,23,38,,
T,2026-04-14 10:22:07,53.47734424,-2.23639251,11.55,34.739,51.390,1.230,219,24,38,,
T,2026-04-14 10:22:08,53.47733499,-2.23640327,11.79,34.720,51.390,1.220,220,23,38,,
T,2026-04-14 10:22:09,53.47732456,-2.23641403,12.08,34.969,51.390,1.220,222,24,38,,
T,2026-04-14 10:22:10,53.47731508,-2.23642498,12.35,35.068,51.390,1.210,222,24,38,,
T,2026-04-14 10:22:11,53.47730465,-2.23643470,12.60,35.401,51.390,1.220,215,23,38,,
T,2026-04-14 10:22:12,53.47729515,-2.23644556,12.86,35.478,51.390,1.220,221,22,38,,
T,2026-04-14 10:22:13,53.47728607,-2.23645830,12.60,35.261,51.390,1.210,222,23,38,,
T,2026-04-14 10:22:14,53.47727895,-2.23647304,12.87,35.501,51.390,1.200,232,24,38,,
T,2026-04-14 10:22:15,53.47727048,-2.23648553,12.48,35.264,51.390,1.210,227,24,37,,
T,2026-04-14 10:22:16,53.47726067,-2.23649798,12.13,35.125,51.390,1.280,228,24,37,,
T,2026-04-14 10:22:17,53.47725299,-2.23651304,12.41,34.752,51.390,1.200,231,23,37,,
T,2026-04-14 10:22:18,53.47724472,-2.23652680,12.68,34.737,51.390,1.170,223,21,37,,
T,2026-04-14 10:22:19,53.47723440,-2.23653744,12.95,34.700,51.390,1.190,220,20,37,,
T,2026-04-14 10:22:20,53.47722629,-2.23655174,13.25,34.575,51.390,1.190,226,21,36,,
T,2026-04-14 10:22:21,53.47721830,-2.23656499,13.50,34.248,51.390,1.180,218,22,36,,
T,2026-04-14 10:22:22,53.47721129,-2.23657922,13.78,34.042,51.390,1.190,225,22,36,,
T,2026-04-14 10:22:23,53.47720379,-2.23659175,14.03,34.145,51.390,1.170,222,22,36,,
T,2026-04-14 10:22:24,53.47719658,-2.23660473,14.03,33.740,51.390,1.180,225,21,37,,
T,2026-04-14 10:22:25,53.47719011,-2.23662017,14.24,33.764,51.390,1.160,232,21,37,,
T,2026-04-14 10:22:26,53.47718235,-2.23663563,14.56,33.608,51.390,1.190,227,21,36,,
T,2026-04-14 10:22:27,53.47717409,-2.23664982,13.14,33.540,51.390,1.220,230,20,36,,
T,2026-04-14 10:22:28,53.47716520,-2.23666311,13.41,33.092,51.390,1.200,223,22,37,,
T,2026-04-14 10:22:29,53.47715717,-2.23667773,13.68,32.774,51.390,1.190,227,19,37,,
T,2026-04-14 10:22:30,53.47714738,-2.23668721,13.34,32.169,51.390,1.190,212,19,37,,
T,2026-04-14 10:22:31,53.47713862,-2.23670371,13.51,32.355,51.390,1.340,231,19,37,,
T,2026-04-14 10:22:32,53.47713064,-2.23671662,13.70,32.168,51.390,1.160,228,20,37,,
T,2026-04-14 10:22:33,53.47712195,-2.23672921,13.89,31.845,51.390,1.170,222,20,37,,
T,2026-04-14 10:22:34,53.47711422,-2.23674201,13.28,31.943,51.390,1.130,224,19,37,,
T,2026-04-14 10:22:35,53.47710677,-2.23675596,13.55,31.550,51.390,1.200,228,19,38,,
T,2026-04-14 10:22:36,53.47709847,-2.23676796,13.84,31.399,51.390,1.170,222,19,39,,
T,2026-04-14 10:22:37,53.47708812,-2.23677765,14.07,30.559,51.390,1.200,212,20,39,,
T,2026-04-14 10:22:38,53.47707659,-2.23678319,14.24,29.707,51.390,1.180,192,20,39,,
T,2026-04-14 10:22:39,53.47706474,-2.23679706,13.34,30.206,51.390,1.240,213,20,39,,
T,2026-04-14 10:22:40,53.47705529,-2.23680889,12.87,29.935,51.390,1.030,214,20,39,,
T,2026-04-14 10:22:41,53.47704465,-2.23682122,10.67,30.625,51.390,1.110,220,21,39,,
T,2026-04-14 10:22:42,53.47703597,-2.23683682,10.69,31.956,51.390,1.150,227,23,39,,
T,2026-04-14 10:22:43,53.47702792,-2.23685245,10.65,32.219,51.390,1.150,236,24,39,,
T,2026-04-14 10:22:44,53.47701352,-2.23686116,10.72,32.588,51.390,1.450,197,24,39,,
T,2026-04-14 10:22:45,53.47700258,-2.23687111,10.72,33.223,51.390,1.130,206,25,39,,
T,2026-04-14 10:22:46,53.47699228,-2.23688058,10.76,33.801,51.390,1.080,206,25,39,,
T,2026-04-14 10:22:47,53.47698227,-2.23688699,10.79,33.871,51.390,1.070,195,25,39,,
T,2026-04-14 10:22:48,53.47697317,-2.23689034,10.74,34.897,51.390,1.040,177,22,39,,
T,2026-04-14 10:22:49,53.47696648,-2.23688679,10.84,34.598,51.390,0.950,168,24,39,,
T,2026-04-14 10:22:50,53.47696064,-2.23688441,10.94,35.148,51.390,0.970,181,23,38,,
T,2026-04-14 10:22:51,53.47695439,-2.23688291,10.62,35.447,51.390,1.010,175,23,36,,
T,2026-04-14 10:22:52,53.47694887,-2.23689703,10.57,35.918,51.391,1.290,220,23,36,,
T,2026-04-14 10:22:53,53.47694484,-2.23691136,10.53,35.417,51.391,0.990,225,23,37,,
T,2026-04-14 10:22:54,53.47693963,-2.23692466,10.55,35.420,51.391,1.000,225,24,37,,
T,2026-04-14 10:22:55,53.47693690,-2.23694324,10.70,35.310,51.391,1.050,242,25,37,,
T,2026-04-14 10:22:56,53.47692754,-2.23695594,10.74,34.432,51.391,1.240,212,25,36,,
T,2026-04-14 10:22:57,53.47691911,-2.23697179,10.81,34.570,51.391,1.250,225,24,36,,
T,2026-04-14 10:22:58,53.47691262,-2.23698818,10.70,34.391,51.391,1.150,228,21,36,,
T,2026-04-14 10:22:59,53.47690507,-2.23700290,10.84,33.971,51.391,1.140,224,22,36,,
T,2026-04-14 10:23:00,53.47689681,-2.23701817,10.99,33.593,51.391,1.200,227,22,36,,
T,2026-04-14 10:23:01,53.47688464,-2.23702935,11.14,32.815,51.391,1.400,206,22,36,,
T,2026-04-14 10:23:02,53.47687696,-2.23704786,11.26,33.348,51.391,1.260,227,23,36,,
T,2026-04-14 10:23:03,53.47687080,-2.23706535,11.47,33.264,51.391,1.190,234,24,36,,
T,2026-04-14 10:23:04,53.47686388,-2.23708177,11.70,32.910,51.391,1.200,232,24,37,,
T,2026-04-14 10:23:05,53.47685527,-2.23709891,11.86,33.418,51.391,1.210,226,24,37,,
T,2026-04-14 10:23:06,53.47684713,-2.23711489,11.99,33.207,51.391,1.210,228,24,37,,
T,2026-04-14 10:23:07,53.47683553,-2.23712603,12.16,32.638,51.391,1.350,207,24,38,,
T,2026-04-14 10:23:08,53.47682588,-2.23713957,12.34,32.581,51.391,1.280,220,24,38,,
T,2026-04-14 10:23:09,53.47681485,-2.23715334,12.11,31.781,51.391,1.390,217,24,38,,
T,2026-04-14 10:23:10,53.47680560,-2.23716665,12.35,31.327,51.391,1.230,221,24,38,,
T,2026-04-14 10:23:11,53.47679722,-2.23718055,12.58,31.283,51.391,1.220,224,23,38,,
T,2026-04-14 10:23:12,53.47678862,-2.23719423,12.82,30.969,51.391,1.220,225,22,38,,
T,2026-04-14 10:23:13,53.47677977,-2.23720670,13.03,30.777,51.391,1.230,223,21,38,,
T,2026-04-14 10:23:14,53.47677036,-2.23721782,13.25,30.346,51.391,1.220,220,21,38,,
T,2026-04-14 10:23:15,53.47676086,-2.23722908,13.47,30.575,51.391,1.210,219,22,37,,
T,2026-04-14 10:23:16,53.47675103,-2.23724094,13.66,30.568,51.391,1.240,221,21,37,,
T,2026-04-14 10:23:17,53.47674221,-2.23725325,13.88,30.615,51.391,1.220,221,22,37,,
T,2026-04-14 10:23:18,53.47673508,-2.23726812,14.02,31.549,51.391,1.250,235,22,36,,
T,2026-04-14 10:23:19,53.47672734,-2.23728332,14.14,31.724,51.391,1.250,233,22,36,,
T,2026-04-14 10:23:20,53.47671919,-2.23729684,14.29,31.832,51.391,1.220,228,22,36,,
T,2026-04-14 10:23:21,53.47671042,-2.23731019,14.34,31.845,51.391,1.260,218,22,36,,
T,2026-04-14 10:23:22,53.47670299,-2.23732772,14.39,32.317,51.391,1.370,234,22,36,,
T,2026-04-14 10:23:23,53.47669466,-2.23734030,14.55,32.306,51.391,1.240,224,22,36,,
T,2026-04-14 10:23:24,53.47668807,-2.23735463,14.68,32.241,51.391,1.240,235,22,36,,
T,2026-04-14 10:23:25,53.47668031,-2.23736869,14.78,31.716,51.391,1.220,233,22,36,,
T,2026-04-14 10:23:26,53.47666988,-2.23738063,14.86,30.933,51.391,1.320,218,21,36,,
T,2026-04-14 10:23:27,53.47665925,-2.23739270,14.94,30.447,51.391,1.280,221,21,36,,
T,2026-04-14 10:23:28,53.47665052,-2.23740695,15.07,30.430,51.391,1.250,228,21,36,,
T,2026-04-14 10:23:29,53.47664105,-2.23741947,15.09,30.099,51.391,1.240,226,21,36,,
T,2026-04-14 10:23:30,53.47663018,-2.23742983,15.00,29.444,51.391,1.270,223,21,35,,
T,2026-04-14 10:23:31,53.47662105,-2.23744435,14.98,29.814,51.391,1.320,235,21,35,,
T,2026-04-14 10:23:32,53.47661008,-2.23745438,15.05,29.750,51.391,1.300,219,21,35,,
T,2026-04-14 10:23:33,53.47660138,-2.23746575,15.18,30.023,51.391,1.230,222,21,35,,
T,2026-04-14 10:23:34,53.47659133,-2.23747725,15.08,29.509,51.391,1.270,238,21,35,,
T,2026-04-14 10:23:35,53.47658032,-2.23748926,11.06,32.052,51.392,1.260,222,21,34,,
T,2026-04-14 10:23:36,53.47656935,-2.23749767,11.15,32.119,51.392,1.220,217,21,32,,
T,2026-04-14 10:23:37,53.47655927,-2.23750620,11.25,32.653,51.392,1.190,217,21,32,,
T,2026-04-14 10:23:38,53.47654970,-2.23751892,11.42,32.139,51.392,1.290,230,21,32,,
T,2026-04-14 10:23:39,53.47654000,-2.23752904,11.63,31.973,51.392,1.180,225,21,32,,
T,2026-04-14 10:23:40,53.47652830,-2.23753809,11.84,31.088,51.392,1.330,214,21,32,,
T,2026-04-14 10:23:41,53.47651846,-2.23754912,12.05,30.923,51.392,1.210,222,21,34,,
T,2026-04-14 10:23:42,53.47650931,-2.23756105,12.28,30.632,51.392,1.210,223,21,34,,
T,2026-04-14 10:23:43,53.47650076,-2.23757500,12.52,30.229,51.392,1.230,227,21,34,,
T,2026-04-14 10:23:44,53.47649278,-2.23758908,12.68,29.985,51.392,1.240,232,21,33,,
T,2026-04-14 10:23:45,53.47648240,-2.23760023,12.90,29.729,51.392,1.290,219,20,33,,
T,2026-04-14 10:23:46,53.47647344,-2.23761276,13.19,29.589,51.392,1.250,229,20,33,,
T,2026-04-14 10:23:47,53.47646236,-2.23762415,13.37,28.705,51.392,1.370,213,21,33,,
T,2026-04-14 10:23:48,53.47645212,-2.23763549,13.58,28.214,51.392,1.260,222,21,34,,
T,2026-04-14 10:23:49,53.47644244,-2.23764640,13.68,27.862,51.392,1.260,222,21,33,,
T,2026-04-14 10:23:50,53.47643304,-2.23765867,13.77,27.255,51.392,1.270,227,21,33,,
T,2026-04-14 10:23:51,53.47642341,-2.23767154,13.90,26.487,51.392,1.270,229,21,33,,
T,2026-04-14 10:23:52,53.47641350,-2.23768313,13.97,25.857,51.392,1.260,233,21,35,,
T,2026-04-14 10:23:53,53.47640423,-2.23769545,13.96,25.441,51.392,1.270,225,21,33,,
T,2026-04-14 10:23:54,53.47639247,-2.23770408,13.96,25.649,51.392,1.300,212,21,33,,
T,2026-04-14 10:23:55,53.47638418,-2.23772171,13.94,27.109,51.392,1.380,218,21,33,,
T,2026-04-14 10:23:56,53.47637902,-2.23774389,13.22,28.012,51.392,1.350,238,21,33,,
T,2026-04-14 10:23:57,53.47637335,-2.23776165,13.17,28.017,51.392,1.220,234,21,33,,
T,2026-04-14 10:23:58,53.47636951,-2.23778153,13.24,28.402,51.392,1.230,241,22,34,,
T,2026-04-14 10:23:59,53.47636510,-2.23780113,11.61,28.167,51.392,1.240,231,22,34,,
T,2026-04-14 10:24:00,53.47636173,-2.23782309,10.68,28.117,51.392,1.310,237,22,33,,
T,2026-04-14 10:24:01,53.47635914,-2.23784397,10.82,28.239,51.392,1.230,244,22,34,,
T,2026-04-14 10:24:02,53.47635759,-2.23786564,10.32,28.370,51.392,1.240,253,22,34,,
T,2026-04-14 10:24:03,53.47635647,-2.23788765,10.25,28.904,51.392,1.200,252,23,34,,
T,2026-04-14 10:24:04,53.47635368,-2.23790836,9.94,29.050,51.392,1.250,245,22,34,,
T,2026-04-14 10:24:05,53.47634721,-2.23792602,9.94,29.859,51.392,1.300,229,23,34,,
T,2026-04-14 10:24:06,53.47634014,-2.23794134,9.94,29.782,51.392,1.240,229,20,34,,
T,2026-04-14 10:24:07,53.47633338,-2.23796038,9.94,31.282,51.392,1.220,234,23,34,,
T,2026-04-14 10:24:08,53.47632620,-2.23797839,9.94,31.489,51.392,1.220,225,22,33,,
T,2026-04-14 10:24:09,53.47631987,-2.23799566,9.94,31.329,51.392,1.240,237,21,33,,
T,2026-04-14 10:24:10,53.47631270,-2.23801203,10.06,30.701,51.392,1.220,232,23,33,,
T,2026-04-14 10:24:11,53.47630458,-2.23802637,10.19,30.403,51.392,1.220,230,23,33,,
T,2026-04-14 10:24:12,53.47629663,-2.23804138,10.07,29.580,51.392,1.260,223,24,33,,
T,2026-04-14 10:24:13,53.47629240,-2.23806140,10.23,29.791,51.392,1.260,235,24,33,,
T,2026-04-14 10:24:14,53.47628871,-2.23808176,10.39,29.601,51.393,1.250,243,24,33,,
T,2026-04-14 10:24:15,53.47628151,-2.23809825,10.48,28.860,51.393,1.280,233,24,33,,
T,2026-04-14 10:24:16,53.47627530,-2.23811713,10.25,28.881,51.393,1.250,236,24,33,,
T,2026-04-14 10:24:17,53.47626930,-2.23813432,10.41,29.422,51.393,1.230,235,24,33,,
T,2026-04-14 10:24:18,53.47626376,-2.23815345,10.56,29.302,51.393,1.270,240,24,33,,
T,2026-04-14 10:24:19,53.47625840,-2.23817341,10.45,29.247,51.393,1.260,242,23,34,,
T,2026-04-14 10:24:20,53.47625255,-2.23819236,10.77,29.424,51.393,1.250,240,22,35,,
T,2026-04-14 10:24:21,53.47624539,-2.23821006,10.85,29.435,51.393,1.250,231,20,35,,
T,2026-04-14 10:24:22,53.47623779,-2.23822802,10.99,29.438,51.393,1.260,231,19,35,,
T,2026-04-14 10:24:23,53.47622965,-2.23824512,11.21,29.316,51.393,1.280,230,22,36,,
T,2026-04-14 10:24:24,53.47622273,-2.23826406,11.42,29.168,51.393,1.280,236,23,36,,
T,2026-04-14 10:24:25,53.47621688,-2.23828324,11.56,29.176,51.393,1.250,241,23,36,,
T,2026-04-14 10:24:26,53.47621221,-2.23830224,11.94,29.077,51.393,1.240,248,22,36,,
T,2026-04-14 10:24:27,53.47620651,-2.23832593,10.32,31.292,51.393,1.220,246,22,35,,
T,2026-04-14 10:24:28,53.47619431,-2.23834229,10.26,32.811,51.393,1.490,209,26,35,,
T,2026-04-14 10:24:29,53.47618486,-2.23834817,10.30,34.744,51.393,1.250,186,25,36,,
T,2026-04-14 10:24:30,53.47617674,-2.23834013,9.94,35.756,51.393,1.370,150,27,36,,
T,2026-04-14 10:24:31,53.47616807,-2.23832803,9.94,37.502,51.393,1.240,138,26,35,,
T,2026-04-14 10:24:32,53.47616113,-2.23831372,9.94,37.542,51.393,1.210,138,28,36,,
T,2026-04-14 10:24:33,53.47615573,-2.23830008,9.94,37.606,51.393,1.150,131,28,36,,
T,2026-04-14 10:24:34,53.47614845,-2.23828593,9.94,37.040,51.393,1.190,137,27,36,,
T,2026-04-14 10:24:35,53.47613884,-2.23827278,9.94,36.947,51.393,1.290,153,27,36,,
T,2026-04-14 10:24:36,53.47613049,-2.23825840,9.94,37.207,51.393,1.270,144,27,36,,
T,2026-04-14 10:24:37,53.47612349,-2.23824256,9.94,37.406,51.393,1.270,131,27,36,,
T,2026-04-14 10:24:38,53.47611680,-2.23822847,9.94,37.670,51.393,1.240,136,26,36,,
T,2026-04-14 10:24:39,53.47611068,-2.23821619,9.94,38.239,51.393,1.240,133,26,36,,
T,2026-04-14 10:24:40,53.47610420,-2.23820345,9.94,38.220,51.393,1.240,132,24,36,,
T,2026-04-14 10:24:41,53.47610250,-2.23818243,9.94,37.445,51.393,1.380,105,23,36,,
T,2026-04-14 10:24:42,53.47610385,-2.23816175,9.94,37.631,51.393,1.240,95,23,36,,
T,2026-04-14 10:24:43,53.47610805,-2.23814397,9.94,37.355,51.393,1.190,86,22,36,,
T,2026-04-14 10:24:44,53.47611491,-2.23812762,9.94,37.576,51.393,1.260,65,24,35,,
T,2026-04-14 10:24:45,53.47612093,-2.23811278,9.94,37.584,51.393,1.130,64,23,35,,
T,2026-04-14 10:24:46,53.47612676,-2.23809873,9.94,37.545,51.393,1.150,60,23,36,,
T,2026-04-14 10:24:47,53.47613509,-2.23808880,9.94,38.965,51.392,1.150,49,21,36,,
T,2026-04-14 10:24:48,53.47614433,-2.23808080,9.94,37.815,51.392,1.060,47,22,36,,
T,2026-04-14 10:24:49,53.47616224,-2.23808794,9.94,36.134,51.392,1.880,351,22,36,,
T,2026-04-14 10:24:50,53.47616580,-2.23809307,9.94,36.385,51.393,0.000,,20,35,,
T,2026-04-14 10:24:51,53.47616598,-2.23809483,9.94,36.383,51.393,0.000,,21,35,,
T,2026-04-14 10:24:52,53.47616614,-2.23809568,9.94,36.389,51.393,0.000,,23,35,,
T,2026-04-14 10:24:53,53.47616626,-2.23809621,9.94,36.392,51.393,0.000,,24,36,,
T,2026-04-14 10:24:54,53.47616780,-2.23810033,9.94,36.581,51.393,0.280,351,22,36,,
T,2026-04-14 10:24:55,53.47616860,-2.23810093,9.94,36.571,51.393,0.000,,20,36,,
T,2026-04-14 10:24:56,53.47616976,-2.23811223,9.94,36.616,51.393,0.720,351,21,35,,
T,2026-04-14 10:24:57,53.47616739,-2.23812600,9.94,35.397,51.393,0.700,351,21,35,,
T,2026-04-14 10:24:58,53.47616494,-2.23813249,9.94,35.723,51.393,0.000,,20,34,,
T,2026-04-14 10:24:59,53.47616021,-2.23814587,9.94,36.089,51.393,0.580,351,20,34,,
T,2026-04-14 10:25:00,53.47615781,-2.23815371,9.94,36.092,51.393,0.300,351,21,34,,
T,2026-04-14 10:25:01,53.47615746,-2.23816035,9.94,35.359,51.393,0.230,351,21,34,,
T,2026-04-14 10:25:02,53.47615590,-2.23817696,9.94,35.655,51.393,1.060,269,20,34,,
T,2026-04-14 10:25:03,53.47615385,-2.23819992,9.94,35.758,51.393,1.110,277,19,34,,
T,2026-04-14 10:25:04,53.47614687,-2.23822213,9.94,36.058,51.393,1.230,251,19,34,,
T,2026-04-14 10:25:05,53.47614296,-2.23823833,9.94,36.856,51.393,0.970,253,18,33,,
T,2026-04-14 10:25:06,53.47614030,-2.23825374,9.94,37.560,51.393,1.040,250,20,33,,
T,2026-04-14 10:25:07,53.47613710,-2.23826910,9.94,38.161,51.393,1.010,243,20,32,,
T,2026-04-14 10:25:08,53.47613636,-2.23827997,9.94,38.577,51.393,0.920,255,21,32,,
T,2026-04-14 10:25:09,53.47613627,-2.23829610,9.94,39.244,51.393,0.980,268,23,32,,
T,2026-04-14 10:25:10,53.47613776,-2.23830599,9.94,38.681,51.393,0.980,275,23,32,,
T,2026-04-14 10:25:11,53.47613191,-2.23831354,9.94,38.583,51.393,0.000,,21,32,,
T,2026-04-14 10:25:12,53.47612913,-2.23832746,9.94,38.719,51.393,0.990,241,20,32,,
T,2026-04-14 10:25:13,53.47612905,-2.23834676,9.94,38.094,51.393,1.050,266,22,32,,
T,2026-04-14 10:25:14,53.47613333,-2.23836365,9.94,38.083,51.393,1.020,288,18,32,,
T,2026-04-14 10:25:15,53.47613464,-2.23836462,9.94,38.055,51.393,0.000,,16,32,,
T,2026-04-14 10:25:16,53.47613482,-2.23836410,9.94,38.045,51.393,0.000,,15,32,,
T,2026-04-14 10:25:17,53.47613486,-2.23836397,9.94,38.045,51.393,0.000,,17,32,,
T,2026-04-14 10:25:18,53.47613487,-2.23836393,9.94,38.051,51.393,0.000,,12,32,,
T,2026-04-14 10:25:19,53.47613487,-2.23836393,9.94,38.048,51.393,0.000,,10,32,,
T,2026-04-14 10:25:20,53.47613488,-2.23836394,9.94,38.037,51.393,0.000,,10,31,,
T,2026-04-14 10:25:21,53.47613487,-2.23836396,9.94,38.045,51.393,0.000,,13,30,,
T,2026-04-14 10:25:22,53.47613488,-2.23836394,9.94,38.042,51.393,0.000,,14,30,,
T,2026-04-14 10:25:23,53.47613489,-2.23836394,9.94,38.041,51.393,0.000,,12,30,,
T,2026-04-14 10:25:24,53.47613490,-2.23836393,9.94,38.039,51.393,0.000,,12,29,,
T,2026-04-14 10:25:25,53.47613491,-2.23836392,9.94,38.036,51.393,0.000,,13,29,,
T,2026-04-14 10:25:26,53.47613490,-2.23836376,9.94,38.035,51.393,0.000,,13,29,,
T,2026-04-14 10:25:27,53.47613490,-2.23836372,9.94,38.032,51.393,0.000,,11,26,,
T,2026-04-14 10:25:28,53.47613488,-2.23836364,9.94,38.030,51.393,0.000,,11,25,,
T,2026-04-14 10:25:29,53.47613487,-2.23836354,9.94,38.030,51.393,0.000,,12,24,,
T,2026-04-14 10:25:30,53.47613487,-2.23836350,9.94,38.028,51.393,0.000,,11,23,,
T,2026-04-14 10:25:31,53.47613487,-2.23836349,9.94,38.027,51.393,0.000,,11,23,,
T,2026-04-14 10:25:32,53.47613493,-2.23836351,9.94,37.965,51.393,0.000,,11,21,,
T,2026-04-14 10:25:33,53.47613508,-2.23836393,9.94,37.953,51.393,0.000,,11,20,,
T,2026-04-14 10:25:34,53.47613517,-2.23836419,9.94,37.942,51.393,0.000,,9,20,,
T,2026-04-14 10:25:35,53.47613522,-2.23836422,9.94,37.933,51.393,0.000,,9,20,,
T,2026-04-14 10:25:36,53.47613524,-2.23836423,9.94,37.932,51.393,0.000,,9,18,,
T,2026-04-14 10:25:37,53.47613526,-2.23836421,9.94,37.927,51.393,0.000,,5,17,,
T,2026-04-14 10:25:38,53.47613527,-2.23836420,9.94,37.927,51.393,0.000,,5,17,,
T,2026-04-14 10:25:39,53.47613528,-2.23836418,9.94,37.925,51.393,0.000,,6,17,,
T,2026-04-14 10:25:40,53.47613532,-2.23836412,9.94,37.919,51.393,0.000,,7,16,,
T,2026-04-14 10:25:41,53.47613533,-2.23836410,9.94,37.919,51.393,0.000,,6,15,,
T,2026-04-14 10:25:42,53.47613534,-2.23836410,9.94,37.917,51.393,0.000,,7,15,,
T,2026-04-14 10:25:43,53.47613534,-2.23836410,9.94,37.916,51.393,0.000,,7,14,,
T,2026-04-14 10:25:44,53.47613536,-2.23836407,9.94,37.912,51.393,0.000,,7,14,,
T,2026-04-14 10:25:45,53.47613538,-2.23836403,9.94,37.910,51.393,0.000,,8,14,,
T,2026-04-14 10:25:46,53.47613543,-2.23836396,9.94,37.904,51.393,0.000,,8,14,,
T,2026-04-14 10:25:47,53.47613544,-2.23836393,9.94,37.904,51.393,0.000,,8,14,,
T,2026-04-14 10:25:48,53.47613546,-2.23836389,9.94,37.901,51.393,0.000,,7,13,,
T,2026-04-14 10:25:49,53.47613521,-2.23836445,10.33,37.854,51.393,0.000,,6,13,,
T,2026-04-14 10:25:50,53.47613559,-2.23836369,10.34,37.742,51.393,0.000,,6,13,,
T,2026-04-14 10:25:51,53.47613565,-2.23836396,10.17,37.664,51.393,0.000,,5,13,,
T,2026-04-14 10:25:52,53.47613579,-2.23836380,10.17,37.679,51.393,0.000,,5,13,,
T,2026-04-14 10:25:53,53.47613599,-2.23836344,10.17,37.702,51.393,0.000,,6,14,,
T,2026-04-14 10:25:54,53.47613604,-2.23836337,10.17,37.701,51.393,0.000,,7,13,,
T,2026-04-14 10:25:55,53.47613601,-2.23836343,9.94,37.695,51.393,0.000,,7,13,,
T,2026-04-14 10:25:56,53.47613600,-2.23836345,9.94,37.695,51.393,0.000,,7,13,,
T,2026-04-14 10:25:57,53.47613600,-2.23836346,9.94,37.695,51.393,0.000,,7,13,,
T,2026-04-14 10:25:58,53.47613603,-2.23836281,9.94,37.667,51.393,0.000,,8,13,,
T,2026-04-14 10:25:59,53.47613616,-2.23836265,9.94,37.659,51.393,0.000,,7,13,,
T,2026-04-14 10:26:00,53.47613621,-2.23836217,9.94,37.640,51.393,0.000,,8,13,,
T,2026-04-14 10:26:01,53.47613633,-2.23836126,9.94,37.593,51.393,0.000,,8,13,,
T,2026-04-14 10:26:02,53.47613652,-2.23836077,10.04,37.555,51.393,0.000,,8,13,,
T,2026-04-14 10:26:03,53.47613698,-2.23835980,10.35,37.453,51.393,0.000,,10,13,,
T,2026-04-14 10:26:04,53.47613713,-2.23835946,10.35,37.441,51.393,0.000,,10,13,,
T,2026-04-14 10:26:05,53.47613720,-2.23835915,10.35,37.430,51.393,0.000,,10,13,,
T,2026-04-14 10:26:06,53.47613722,-2.23835906,10.40,37.428,51.393,0.000,,9,13,,
T,2026-04-14 10:26:07,53.47613725,-2.23835898,10.37,37.422,51.393,0.000,,9,13,,
T,2026-04-14 10:26:08,53.47613727,-2.23835896,10.36,37.421,51.393,0.000,,9,13,,
T,2026-04-14 10:26:09,53.47613733,-2.23835889,10.40,37.408,51.393,0.000,,7,13,,
T,2026-04-14 10:26:10,53.47613747,-2.23835877,10.37,37.384,51.393,0.000,,7,13,,
T,2026-04-14 10:26:11,53.47613763,-2.23835862,10.26,37.358,51.393,0.000,,7,13,,
T,2026-04-14 10:26:12,53.47613766,-2.23835850,9.94,37.356,51.393,0.000,,7,14,,
T,2026-04-14 10:26:13,53.47613775,-2.23835827,10.39,37.331,51.393,0.000,,8,14,,
T,2026-04-14 10:26:14,53.47613792,-2.23835801,10.24,37.297,51.393,0.000,,8,14,,
T,2026-04-14 10:26:15,53.47613797,-2.23835794,10.10,37.297,51.393,0.000,,9,14,,
T,2026-04-14 10:26:16,53.47613790,-2.23835804,10.41,37.316,51.393,0.000,,8,14,,
T,2026-04-14 10:26:17,53.47613791,-2.23835836,10.56,37.327,51.393,0.000,,8,14,,
T,2026-04-14 10:26:18,53.47613795,-2.23835851,10.49,37.325,51.393,0.000,,8,14,,
T,2026-04-14 10:26:19,53.47613799,-2.23835867,10.64,37.329,51.393,0.000,,7,14,,
T,2026-04-14 10:26:20,53.47613799,-2.23835868,10.64,37.328,51.393,0.000,,7,13,,
T,2026-04-14 10:26:21,53.47613797,-2.23835845,10.64,37.321,51.393,0.000,,6,13,,
T,2026-04-14 10:26:22,53.47613797,-2.23835840,10.64,37.321,51.393,0.000,,7,13,,
T,2026-04-14 10:26:23,53.47613798,-2.23835847,10.64,37.324,51.393,0.000,,7,13,,
T,2026-04-14 10:26:24,53.47613799,-2.23835859,10.64,37.328,51.393,0.000,,7,13,,
T,2026-04-14 10:26:25,53.47613800,-2.23835862,10.64,37.328,51.393,0.000,,6,13,,
T,2026-04-14 10:26:26,53.47613775,-2.23835828,10.68,37.250,51.393,0.000,,5,13,,
T,2026-04-14 10:26:27,53.47613775,-2.23835689,10.65,37.221,51.393,0.000,,7,13,,
T,2026-04-14 10:26:28,53.47613787,-2.23835617,10.70,37.183,51.393,0.000,,6,13,,
T,2026-04-14 10:26:29,53.47613801,-2.23835592,10.45,37.162,51.393,0.000,,8,14,,
T,2026-04-14 10:26:30,53.47613805,-2.23835584,10.26,37.160,51.393,0.000,,8,14,,
T,2026-04-14 10:26:31,53.47613812,-2.23835579,10.23,37.150,51.393,0.000,,8,14,,
T,2026-04-14 10:26:32,53.47613647,-2.23835704,10.26,37.531,51.393,0.000,,8,14,,
T,2026-04-14 10:26:33,53.47613604,-2.23835739,10.38,37.534,51.393,0.000,,5,14,,
T,2026-04-14 10:26:34,53.47613598,-2.23835744,10.62,37.523,51.393,0.000,,5,14,,
T,2026-04-14 10:26:35,53.47613602,-2.23835741,10.88,37.514,51.393,0.000,,5,14,,
T,2026-04-14 10:26:36,53.47614204,-2.23835038,11.23,35.653,51.393,0.000,,5,14,,
T,2026-04-14 10:26:37,53.47614843,-2.23834323,11.61,35.433,51.393,0.000,,5,14,,
T,2026-04-14 10:26:38,53.47615042,-2.23834311,11.73,35.582,51.393,0.000,,5,14,,
T,2026-04-14 10:26:39,53.47616379,-2.23836930,11.86,35.577,51.393,0.000,,7,14,,
T,2026-04-14 10:26:40,53.47617235,-2.23838376,11.92,35.565,51.393,0.000,,7,14,,
T,2026-04-14 10:26:41,53.47617436,-2.23838837,11.87,35.565,51.393,0.000,,7,14,,
T,2026-04-14 10:26:42,53.47617478,-2.23839014,11.82,35.567,51.393,0.000,,8,14,,
T,2026-04-14 10:26:43,53.47617482,-2.23839104,11.91,35.567,51.393,0.000,,5,14,,
T,2026-04-14 10:26:44,53.47617477,-2.23839160,11.88,35.569,51.393,0.000,,5,14,,
T,2026-04-14 10:26:45,53.47617470,-2.23839205,12.10,35.571,51.393,0.000,,5,14,,
T,2026-04-14 10:26:46,53.47617470,-2.23839235,12.31,35.571,51.393,0.000,,5,13,,
T,2026-04-14 10:26:47,53.47617463,-2.23839268,12.64,35.571,51.393,0.000,,4,13,,
T,2026-04-14 10:26:48,53.47617458,-2.23839288,12.75,35.572,51.393,0.000,,4,14,,
T,2026-04-14 10:26:49,53.47617470,-2.23839301,12.74,35.556,51.393,0.000,,6,14,,
T,2026-04-14 10:26:50,53.47617473,-2.23839304,12.74,35.555,51.393,0.000,,7,14,,
T,2026-04-14 10:26:51,53.47617472,-2.23839307,12.74,35.557,51.393,0.000,,8,13,,
T,2026-04-14 10:26:52,53.47617472,-2.23839307,12.74,35.556,51.393,0.000,,6,13,,
T,2026-04-14 10:26:53,53.47617430,-2.23839381,14.67,35.583,51.393,0.000,,6,12,,
T,2026-04-14 10:26:54,53.47616235,-2.23840650,12.82,37.058,51.393,0.000,,6,12,,
T,2026-04-14 10:26:55,53.47615825,-2.23841066,12.82,37.130,51.393,0.000,,7,12,,
T,2026-04-14 10:26:56,53.47615721,-2.23841171,12.82,37.130,51.393,0.000,,6,12,,
T,2026-04-14 10:26:57,53.47615696,-2.23841200,12.82,37.130,51.393,0.000,,5,12,,
T,2026-04-14 10:26:58,53.47615695,-2.23841201,12.82,37.121,51.393,0.000,,6,12,,
T,2026-04-14 10:26:59,53.47615692,-2.23841207,12.82,37.126,51.393,0.000,,5,12,,
T,2026-04-14 10:27:00,53.47615684,-2.23841217,12.82,37.139,51.393,0.000,,5,11,,
T,2026-04-14 10:27:01,53.47615681,-2.23841224,12.82,37.141,51.393,0.000,,6,11,,
T,2026-04-14 10:27:02,53.47615682,-2.23841227,12.82,37.140,51.393,0.000,,6,11,,
T,2026-04-14 10:27:03,53.47615685,-2.23841231,12.82,37.137,51.393,0.000,,7,10,,
T,2026-04-14 10:27:04,53.47615701,-2.23841210,12.89,37.086,51.393,0.000,,7,10,,
T,2026-04-14 10:27:05,53.47615691,-2.23841189,13.16,37.139,51.393,0.000,,8,10,,
T,2026-04-14 10:27:06,53.47616691,-2.23841350,13.18,36.545,51.393,0.000,,8,11,,
T,2026-04-14 10:27:07,53.47616954,-2.23841374,13.25,36.558,51.393,0.000,,8,11,,
T,2026-04-14 10:27:08,53.47617012,-2.23841380,15.59,36.558,51.393,0.000,,8,11,,
T,2026-04-14 10:27:09,53.47617787,-2.23842194,19.71,36.244,51.393,0.570,203,7,11,,
T,2026-04-14 10:27:10,53.47617948,-2.23842084,13.66,36.261,51.393,0.000,,5,11,,
T,2026-04-14 10:27:11,53.47618160,-2.23842313,15.98,36.234,51.393,0.000,,5,11,,
T,2026-04-14 10:27:12,53.47618594,-2.23842400,18.88,35.875,51.393,0.000,,6,11,,
T,2026-04-14 10:27:13,53.47618684,-2.23842366,17.58,36.029,51.393,0.000,,6,11,,
T,2026-04-14 10:27:14,53.47618731,-2.23842007,19.53,36.046,51.393,0.000,,6,11,,
T,2026-04-14 10:27:15,53.47618598,-2.23842310,19.31,35.715,51.393,0.000,,6,11,,
T,2026-04-14 10:27:16,53.47618366,-2.23842605,19.38,35.926,51.393,0.000,,5,11,,
T,2026-04-14 10:27:17,53.47618150,-2.23842902,20.61,36.018,51.393,0.000,,5,11,,
T,2026-04-14 10:27:18,53.47618044,-2.23843040,20.46,36.140,51.393,0.000,,4,10,,
T,2026-04-14 10:27:19,53.47618154,-2.23842794,20.44,36.357,51.393,0.000,,5,10,,
T,2026-04-14 10:27:20,53.47618178,-2.23842738,20.44,36.353,51.393,0.000,,4,10,,
T,2026-04-14 10:27:21,53.47618185,-2.23842724,20.44,36.353,51.393,0.000,,5,10,,
T,2026-04-14 10:27:22,53.47618177,-2.23842732,20.44,36.349,51.393,0.000,,5,9,,
T,2026-04-14 10:27:23,53.47618174,-2.23842734,20.44,36.348,51.393,0.000,,3,9,,
T,2026-04-14 10:27:24,53.47618174,-2.23842734,20.44,36.348,51.393,0.000,,4,9,,
T,2026-04-14 10:27:25,53.47618174,-2.23842735,20.44,36.348,51.393,0.000,,3,9,,
T,2026-04-14 10:27:26,53.47618174,-2.23842735,20.44,36.348,51.393,0.000,,3,8,,
T,2026-04-14 10:27:27,53.47618173,-2.23842737,20.44,36.345,51.393,0.000,,2,8,,
T,2026-04-14 10:27:28,53.47618172,-2.23842741,20.44,36.346,51.393,0.000,,2,8,,
T,2026-04-14 10:27:29,53.47618172,-2.23842741,20.44,36.346,51.393,0.000,,3,8,,
T,2026-04-14 10:27:30,53.47618170,-2.23842742,20.44,36.347,51.393,0.000,,2,7,,
T,2026-04-14 10:27:31,53.47618170,-2.23842743,20.44,36.347,51.393,0.000,,3,7,,
T,2026-04-14 10:27:32,53.47618170,-2.23842743,20.64,36.347,51.393,0.000,,3,7,,
T,2026-04-14 10:27:33,53.47618254,-2.23842888,20.71,36.079,51.393,0.000,,4,7,,
T,2026-04-14 10:27:34,53.47618155,-2.23843138,21.90,35.958,51.393,0.000,,4,6,,
T,2026-04-14 10:27:35,53.47618091,-2.23843270,21.77,35.905,51.393,0.000,,3,6,,
T,2026-04-14 10:27:36,53.47618075,-2.23843304,21.77,35.905,51.393,0.000,,4,6,,
T,2026-04-14 10:27:37,53.47618071,-2.23843312,21.77,35.905,51.393,0.000,,3,6,,
T,2026-04-14 10:27:38,53.47618070,-2.23843314,21.77,35.905,51.393,0.000,,3,6,,
T,2026-04-14 10:27:39,53.47618168,-2.23843142,21.75,36.020,51.393,0.000,,2,6,,
T,2026-04-14 10:27:40,53.47618204,-2.23843071,21.74,36.041,51.393,0.000,,1,5,,
T,2026-04-14 10:27:41,53.47618211,-2.23843056,21.74,36.041,51.393,0.000,,1,5,,
T,2026-04-14 10:27:42,53.47618211,-2.23843047,21.74,36.050,51.393,0.000,,3,5,,
T,2026-04-14 10:27:43,53.47618072,-2.23843044,23.60,36.332,51.393,0.000,,3,5,,
T,2026-04-14 10:27:44,53.47617437,-2.23843136,22.36,37.309,51.393,0.000,,3,7,,
T,2026-04-14 10:27:45,53.47619341,-2.23840746,20.50,35.825,51.393,0.000,,4,11,,
T,2026-04-14 10:27:46,53.47619848,-2.23840135,20.49,35.802,51.393,0.000,,8,12,,
T,2026-04-14 10:27:47,53.47619985,-2.23840008,20.47,35.789,51.393,0.000,,10,14,,
T,2026-04-14 10:27:48,53.47620030,-2.23839963,20.45,35.779,51.393,0.000,,11,16,,
T,2026-04-14 10:27:49,53.47620034,-2.23839948,20.45,35.779,51.393,0.000,,12,17,,
T,2026-04-14 10:27:50,53.47620036,-2.23839941,20.44,35.778,51.393,0.000,,13,18,,
T,2026-04-14 10:27:51,53.47619939,-2.23839347,15.81,35.722,51.393,0.000,,13,18,,
T,2026-04-14 10:27:52,53.47619752,-2.23838265,14.84,35.631,51.393,0.000,,15,18,,
T,2026-04-14 10:27:53,53.47619560,-2.23837156,14.60,35.549,51.393,0.000,,15,18,,
T,2026-04-14 10:27:54,53.47619495,-2.23836744,15.78,35.542,51.393,0.000,,14,19,,
T,2026-04-14 10:27:55,53.47619489,-2.23836603,17.44,35.518,51.393,0.000,,15,19,,
T,2026-04-14 10:27:56,53.47619411,-2.23836134,18.85,35.474,51.393,0.000,,15,20,,
T,2026-04-14 10:27:57,53.47619192,-2.23834885,20.09,35.371,51.393,0.000,,15,20,,
T,2026-04-14 10:27:58,53.47619069,-2.23834150,20.56,35.328,51.393,0.000,,13,20,,
T,2026-04-14 10:27:59,53.47618915,-2.23833255,20.70,35.269,51.393,0.000,,14,20,,
T,2026-04-14 10:28:00,53.47619002,-2.23832716,20.91,35.337,51.393,0.000,,16,20,,
T,2026-04-14 10:28:01,53.47619023,-2.23832564,18.99,35.334,51.393,0.000,,16,20,,
T,2026-04-14 10:28:02,53.47619192,-2.23832131,17.45,35.428,51.393,0.000,,16,20,,
T,2026-04-14 10:28:03,53.47619280,-2.23831547,16.61,35.468,51.393,0.000,,14,20,,
T,2026-04-14 10:28:04,53.47619436,-2.23831340,15.73,35.536,51.393,0.000,,16,21,,
T,2026-04-14 10:28:05,53.47619508,-2.23831374,16.59,35.589,51.393,0.000,,16,21,,
T,2026-04-14 10:28:06,53.47619742,-2.23831372,17.36,35.707,51.393,0.000,,17,22,,
T,2026-04-14 10:28:07,53.47620206,-2.23831061,18.76,35.949,51.393,0.000,,17,22,,
T,2026-04-14 10:28:08,53.47620320,-2.23830956,19.17,35.963,51.393,0.000,,18,22,,
T,2026-04-14 10:28:09,53.47620356,-2.23830907,19.41,35.965,51.393,0.000,,18,22,,
T,2026-04-14 10:28:10,53.47620358,-2.23830887,19.62,35.979,51.393,0.000,,18,22,,
T,2026-04-14 10:28:11,53.47620700,-2.23830602,19.80,36.207,51.393,0.000,,17,23,,
T,2026-04-14 10:28:12,53.47624305,-2.23824776,15.82,41.092,51.393,0.000,,19,23,,
T,2026-04-14 10:28:13,53.47626311,-2.23819607,13.77,47.326,51.393,0.000,,20,23,,
T,2026-04-14 10:28:14,53.47626659,-2.23818469,13.45,52.383,51.393,0.620,203,19,24,,
T,2026-04-14 10:28:15,53.47625813,-2.23813954,12.56,51.626,51.393,0.540,203,18,26,,
T,2026-04-14 10:28:16,53.47627613,-2.23815882,12.18,52.340,51.393,1.000,22,19,26,,
T,2026-04-14 10:28:17,53.47631179,-2.23819764,11.42,54.154,51.393,1.030,4,20,27,,
T,2026-04-14 10:28:18,53.47632464,-2.23819763,11.49,55.724,51.393,1.550,57,18,27,,
T,2026-04-14 10:28:19,53.47632669,-2.23819231,11.59,57.277,51.393,0.970,68,19,31,,
T,2026-04-14 10:28:20,53.47628997,-2.23818369,10.90,47.910,51.393,0.990,45,18,31,,
T,2026-04-14 10:28:21,53.47627513,-2.23817749,10.65,47.175,51.393,0.860,46,18,32,,
T,2026-04-14 10:28:22,53.47627219,-2.23816785,10.77,47.667,51.393,0.910,47,24,32,,
T,2026-04-14 10:28:23,53.47627456,-2.23816103,10.72,48.849,51.393,1.050,11,25,33,,
T,2026-04-14 10:28:24,53.47625672,-2.23812258,10.52,46.015,51.393,2.490,81,25,34,,
T,2026-04-14 10:28:25,53.47623710,-2.23810804,10.41,44.068,51.393,1.100,134,25,33,,
T,2026-04-14 10:28:26,53.47623104,-2.23809832,10.35,44.128,51.393,0.890,89,25,33,,
T,2026-04-14 10:28:27,53.47621959,-2.23808673,10.38,42.504,51.393,0.920,110,26,34,,
T,2026-04-14 10:28:28,53.47621289,-2.23807493,10.42,42.957,51.392,0.900,108,23,34,,
T,2026-04-14 10:28:29,53.47620892,-2.23806522,10.47,43.210,51.392,0.920,126,23,34,,
T,2026-04-14 10:28:30,53.47621958,-2.23804528,10.33,43.979,51.392,1.850,62,23,35,,
T,2026-04-14 10:28:31,53.47622613,-2.23803713,10.43,45.077,51.392,0.860,53,26,34,,
T,2026-04-14 10:28:32,53.47623126,-2.23803099,10.40,45.252,51.392,0.880,48,25,34,,
T,2026-04-14 10:28:33,53.47623687,-2.23802516,10.49,45.912,51.392,0.860,45,24,34,,
T,2026-04-14 10:28:34,53.47624320,-2.23802109,10.47,45.854,51.392,0.840,34,23,34,,
T,2026-04-14 10:28:35,53.47624983,-2.23801689,10.47,46.172,51.392,0.830,30,23,34,,
T,2026-04-14 10:28:36,53.47625561,-2.23800967,10.46,46.640,51.392,0.870,47,23,34,,
T,2026-04-14 10:28:37,53.47626126,-2.23800317,10.35,46.535,51.392,0.830,34,20,35,,
T,2026-04-14 10:28:38,53.47626782,-2.23799910,10.34,47.353,51.392,0.910,4,21,36,,
T,2026-04-14 10:28:39,53.47626289,-2.23795631,10.34,46.017,51.392,3.010,80,21,37,,
T,2026-04-14 10:28:40,53.47624427,-2.23794385,10.30,42.629,51.392,1.580,146,23,37,,
T,2026-04-14 10:28:41,53.47623237,-2.23794167,10.29,42.675,51.392,0.860,151,22,37,,
T,2026-04-14 10:28:42,53.47622822,-2.23792094,10.30,41.273,51.392,1.840,90,21,37,,
T,2026-04-14 10:28:43,53.47622929,-2.23791292,10.34,42.269,51.392,0.910,74,21,37,,
T,2026-04-14 10:28:44,53.47623459,-2.23790664,10.47,42.383,51.392,0.930,52,19,37,,
T,2026-04-14 10:28:45,53.47624241,-2.23790450,10.54,42.460,51.392,0.870,43,20,37,,
T,2026-04-14 10:28:46,53.47624907,-2.23790092,10.42,42.376,51.392,0.840,47,18,37,,
T,2026-04-14 10:28:47,53.47625638,-2.23789826,10.46,42.158,51.392,0.840,41,15,37,,
T,2026-04-14 10:28:48,53.47626359,-2.23789556,10.47,41.791,51.392,0.840,41,15,37,,
T,2026-04-14 10:28:49,53.47627229,-2.23789459,10.38,42.763,51.392,0.910,18,15,37,,
T,2026-04-14 10:28:50,53.47627883,-2.23788800,10.39,43.560,51.392,0.920,39,16,37,,
T,2026-04-14 10:28:51,53.47628855,-2.23787871,10.28,43.588,51.392,1.250,29,18,37,,
T,2026-04-14 10:28:52,53.47630151,-2.23786658,10.16,44.251,51.392,1.620,33,20,37,,
T,2026-04-14 10:28:53,53.47630587,-2.23787312,10.38,44.409,51.392,0.640,32,24,37,,
T,2026-04-14 10:28:54,53.47631314,-2.23788375,10.66,44.744,51.392,0.800,332,24,37,,
T,2026-04-14 10:28:55,53.47631743,-2.23789046,10.62,45.233,51.392,0.510,332,24,37,,
T,2026-04-14 10:28:56,53.47631857,-2.23789856,11.14,44.145,51.392,0.390,332,22,37,,
T,2026-04-14 10:28:57,53.47631051,-2.23792124,10.37,43.123,51.392,0.000,,22,37,,
T,2026-04-14 10:28:58,53.47636534,-2.23795119,10.39,43.619,51.392,5.540,335,21,36,,
T,2026-04-14 10:28:59,53.47638957,-2.23792646,10.23,44.046,51.392,2.960,32,18,34,,
T,2026-04-14 10:29:00,53.47640257,-2.23791065,10.29,43.743,51.392,1.770,8,18,33,,
T,2026-04-14 10:29:01,53.47641188,-2.23790678,10.35,43.626,51.392,1.300,7,18,33,,
T,2026-04-14 10:29:02,53.47640647,-2.23788990,10.20,43.085,51.392,0.000,,19,33,,
T,2026-04-14 10:29:03,53.47640861,-2.23787856,10.15,41.982,51.392,0.000,,17,31,,
T,2026-04-14 10:29:04,53.47641853,-2.23786374,10.07,40.816,51.392,1.420,25,15,30,,
T,2026-04-14 10:29:05,53.47641250,-2.23786255,9.94,41.424,51.392,0.000,,16,30,,
T,2026-04-14 10:29:06,53.47641072,-2.23786266,9.94,41.464,51.392,0.000,,15,30,,
T,2026-04-14 10:29:07,53.47641022,-2.23786270,10.01,41.476,51.392,0.000,,15,30,,
T,2026-04-14 10:29:08,53.47641009,-2.23786271,10.16,41.474,51.392,0.000,,14,30,,
T,2026-04-14 10:29:09,53.47641005,-2.23786271,10.22,41.475,51.392,0.000,,14,30,,
T,2026-04-14 10:29:10,53.47641001,-2.23786274,10.28,41.480,51.392,0.000,,14,26,,
T,2026-04-14 10:29:11,53.47640792,-2.23786202,10.40,40.775,51.392,0.180,26,15,25,,
T,2026-04-14 10:29:12,53.47639806,-2.23786528,10.32,41.810,51.392,0.390,26,15,23,,
T,2026-04-14 10:29:13,53.47639329,-2.23786412,10.45,42.096,51.392,0.330,26,16,23,,
T,2026-04-14 10:29:14,53.47638947,-2.23786833,10.32,42.143,51.392,0.000,,16,26,,
T,2026-04-14 10:29:15,53.47638864,-2.23786955,10.32,42.147,51.392,0.000,,19,27,,
T,2026-04-14 10:29:16,53.47638844,-2.23786982,10.30,42.143,51.392,0.000,,20,28,,
T,2026-04-14 10:29:17,53.47638849,-2.23786801,10.37,42.218,51.392,0.380,26,20,28,,
T,2026-04-14 10:29:18,53.47638616,-2.23786455,10.34,40.742,51.392,0.430,26,20,28,,
T,2026-04-14 10:29:19,53.47637809,-2.23786737,10.38,40.665,51.392,0.000,,20,29,,
T,2026-04-14 10:29:20,53.47637643,-2.23786848,10.39,40.610,51.392,0.000,,20,30,,
T,2026-04-14 10:29:21,53.47637378,-2.23786791,10.32,40.443,51.392,0.000,,20,30,,
T,2026-04-14 10:29:22,53.47637234,-2.23786765,10.22,40.453,51.392,0.000,,19,31,,
T,2026-04-14 10:29:23,53.47637201,-2.23786761,10.25,40.454,51.392,0.000,,19,32,,
T,2026-04-14 10:29:24,53.47637191,-2.23786760,10.24,40.456,51.392,0.000,,20,32,,
T,2026-04-14 10:29:25,53.47637187,-2.23786761,10.27,40.455,51.392,0.000,,20,32,,
T,2026-04-14 10:29:26,53.47637182,-2.23786761,10.24,40.459,51.392,0.000,,20,32,,
T,2026-04-14 10:29:27,53.47637180,-2.23786764,10.25,40.462,51.392,0.000,,21,32,,
T,2026-04-14 10:29:28,53.47637177,-2.23786767,10.22,40.465,51.392,0.000,,19,32,,
T,2026-04-14 10:29:29,53.47637174,-2.23786765,10.31,40.462,51.392,0.000,,19,32,,
T,2026-04-14 10:29:30,53.47637169,-2.23786761,10.42,40.461,51.392,0.000,,19,32,,
T,2026-04-14 10:29:31,53.47637164,-2.23786759,10.38,40.461,51.392,0.000,,19,33,,
T,2026-04-14 10:29:32,53.47637156,-2.23786759,10.51,40.461,51.392,0.000,,17,34,,
T,2026-04-14 10:29:33,53.47637154,-2.23786758,10.39,40.462,51.392,0.000,,17,34,,
T,2026-04-14 10:29:34,53.47637149,-2.23786758,10.37,40.459,51.392,0.000,,16,34,,
T,2026-04-14 10:29:35,53.47637145,-2.23786755,10.51,40.454,51.392,0.000,,16,35,,
T,2026-04-14 10:29:36,53.47637139,-2.23786756,10.67,40.453,51.392,0.000,,16,35,,
T,2026-04-14 10:29:37,53.47637131,-2.23786756,10.82,40.449,51.392,0.000,,16,35,,
T,2026-04-14 10:29:38,53.47637125,-2.23786756,10.82,40.448,51.392,0.000,,16,35,,
T,2026-04-14 10:29:39,53.47637122,-2.23786754,10.78,40.444,51.392,0.000,,15,35,,
T,2026-04-14 10:29:40,53.47637121,-2.23786752,10.90,40.443,51.392,0.000,,14,34,,
T,2026-04-14 10:29:41,53.47637118,-2.23786751,11.15,40.442,51.392,0.000,,14,34,,
T,2026-04-14 10:29:42,53.47637116,-2.23786750,11.39,40.442,51.392,0.000,,15,34,,
T,2026-04-14 10:29:43,53.47637108,-2.23786743,11.31,40.439,51.392,0.000,,16,33,,
T,2026-04-14 10:29:44,53.47637102,-2.23786735,11.56,40.445,51.392,0.000,,16,33,,
T,2026-04-14 10:29:45,53.47637100,-2.23786733,11.81,40.444,51.392,0.000,,16,33,,
T,2026-04-14 10:29:46,53.47637100,-2.23786734,12.06,40.448,51.392,0.000,,16,33,,
T,2026-04-14 10:29:47,53.47636715,-2.23786711,10.47,41.496,51.392,0.000,,16,33,,
T,2026-04-14 10:29:48,53.47636448,-2.23786814,10.45,41.521,51.392,0.000,,17,32,,
T,2026-04-14 10:29:49,53.47636384,-2.23786841,10.61,41.521,51.392,0.000,,17,32,,
T,2026-04-14 10:29:50,53.47636367,-2.23786843,10.61,41.521,51.392,0.000,,17,32,,
T,2026-04-14 10:29:51,53.47636365,-2.23786838,10.52,41.516,51.392,0.000,,18,31,,
T,2026-04-14 10:29:52,53.47636363,-2.23786831,10.38,41.511,51.392,0.000,,18,31,,
T,2026-04-14 10:29:53,53.47636361,-2.23786827,10.38,41.508,51.392,0.000,,18,29,,
T,2026-04-14 10:29:54,53.47636359,-2.23786823,10.09,41.506,51.392,0.000,,17,29,,
T,2026-04-14 10:29:55,53.47636358,-2.23786820,10.30,41.507,51.392,0.000,,17,30,,
T,2026-04-14 10:29:56,53.47636359,-2.23786821,9.94,41.508,51.392,0.000,,18,31,,
T,2026-04-14 10:29:57,53.47636359,-2.23786822,10.07,41.507,51.392,0.000,,19,31,,
T,2026-04-14 10:29:58,53.47636359,-2.23786820,10.23,41.504,51.392,0.000,,19,32,,
T,2026-04-14 10:29:59,53.47636356,-2.23786821,9.94,41.512,51.392,0.000,,19,32,,
T,2026-04-14 10:30:00,53.47636356,-2.23786824,9.94,41.511,51.392,0.000,,22,32,,
T,2026-04-14 10:30:01,53.47636358,-2.23786829,9.94,41.521,51.392,0.000,,22,33,,
T,2026-04-14 10:30:02,53.47636359,-2.23786836,9.94,41.521,51.392,0.000,,22,34,,
T,2026-04-14 10:30:03,53.47636361,-2.23786838,9.94,41.531,51.392,0.000,,22,34,,
T,2026-04-14 10:30:04,53.47636362,-2.23786844,9.94,41.536,51.392,0.000,,22,34,,
T,2026-04-14 10:30:05,53.47636378,-2.23786866,9.94,41.553,51.392,0.000,,22,33,,
T,2026-04-14 10:30:06,53.47636382,-2.23786875,9.94,41.556,51.392,0.000,,21,33,,
T,2026-04-14 10:30:07,53.47636384,-2.23786881,9.94,41.559,51.392,0.000,,21,33,,
T,2026-04-14 10:30:08,53.47636383,-2.23786884,10.03,41.561,51.392,0.000,,20,33,,
T,2026-04-14 10:30:09,53.47636391,-2.23786901,10.04,41.552,51.392,0.000,,18,31,,
T,2026-04-14 10:30:10,53.47636391,-2.23786918,10.07,41.551,51.392,0.000,,18,31,,
T,2026-04-14 10:30:11,53.47636391,-2.23786925,10.12,41.553,51.392,0.000,,18,32,,
T,2026-04-14 10:30:12,53.47636390,-2.23786932,9.94,41.571,51.392,0.000,,17,32,,
T,2026-04-14 10:30:13,53.47636392,-2.23786933,9.94,41.578,51.392,0.000,,17,31,,
T,2026-04-14 10:30:14,53.47636394,-2.23786939,9.94,41.582,51.392,0.000,,18,30,,
T,2026-04-14 10:30:15,53.47636398,-2.23786949,9.94,41.597,51.392,0.000,,18,30,,
T,2026-04-14 10:30:16,53.47636400,-2.23786954,9.94,41.600,51.392,0.000,,19,31,,
T,2026-04-14 10:30:17,53.47636401,-2.23786960,9.94,41.607,51.392,0.000,,19,32,,
T,2026-04-14 10:30:18,53.47636402,-2.23786966,9.94,41.608,51.392,0.000,,19,32,,
T,2026-04-14 10:30:19,53.47636297,-2.23787095,9.94,42.125,51.392,0.000,,19,30,,
T,2026-04-14 10:30:20,53.47636108,-2.23787393,9.94,42.087,51.392,0.290,26,20,30,,
T,2026-04-14 10:30:21,53.47635985,-2.23787360,9.94,42.096,51.392,0.000,,23,31,,
T,2026-04-14 10:30:22,53.47635736,-2.23787645,9.94,42.659,51.392,0.310,26,23,32,,
T,2026-04-14 10:30:23,53.47635234,-2.23788261,9.94,41.910,51.392,0.510,26,24,32,,
T,2026-04-14 10:30:24,53.47634826,-2.23788789,9.94,41.983,51.392,0.200,26,24,32,,
T,2026-04-14 10:30:25,53.47634108,-2.23789607,9.94,41.427,51.392,0.680,26,24,32,,
T,2026-04-14 10:30:26,53.47633440,-2.23790075,10.03,41.393,51.392,0.390,26,24,34,,
T,2026-04-14 10:30:27,53.47632665,-2.23791004,10.56,41.461,51.392,0.840,224,22,34,,
T,2026-04-14 10:30:28,53.47631916,-2.23791944,10.70,41.149,51.392,0.840,226,22,34,,
T,2026-04-14 10:30:29,53.47631184,-2.23792703,10.43,41.105,51.392,0.610,221,20,34,,
T,2026-04-14 10:30:30,53.47630488,-2.23793372,10.42,41.076,51.392,0.580,221,20,34,,
T,2026-04-14 10:30:31,53.47629910,-2.23793919,10.44,40.984,51.392,0.490,221,20,33,,
T,2026-04-14 10:30:32,53.47632057,-2.23798340,10.22,39.951,51.392,4.890,306,18,34,,
T,2026-04-14 10:30:33,53.47635434,-2.23796034,10.21,39.620,51.392,4.350,16,17,34,,
T,2026-04-14 10:30:34,53.47636510,-2.23794021,10.25,31.516,51.392,1.270,38,16,35,,
T,2026-04-14 10:30:35,53.47637839,-2.23793654,10.28,29.033,51.392,2.000,358,17,35,,
T,2026-04-14 10:30:36,53.47638531,-2.23794196,10.29,32.548,51.392,1.310,2,18,36,,
T,2026-04-14 10:30:37,53.47639209,-2.23794778,10.27,33.209,51.392,1.300,359,21,36,,
T,2026-04-14 10:30:38,53.47639218,-2.23796331,10.32,32.781,51.392,1.220,347,21,36,,
T,2026-04-14 10:30:39,53.47638964,-2.23796886,10.39,33.127,51.392,0.000,,22,38,,
T,2026-04-14 10:30:40,53.47638848,-2.23797005,10.50,33.123,51.392,0.000,,23,38,,
T,2026-04-14 10:30:41,53.47638822,-2.23797036,10.62,33.124,51.392,0.000,,23,39,,
T,2026-04-14 10:30:42,53.47638816,-2.23797046,10.77,33.120,51.392,0.000,,22,39,,
T,2026-04-14 10:30:43,53.47638816,-2.23797049,10.86,33.120,51.392,0.000,,20,40,,
T,2026-04-14 10:30:44,53.47638572,-2.23797710,10.29,34.408,51.392,0.260,335,19,40,,
T,2026-04-14 10:30:45,53.47637688,-2.23798493,10.28,33.781,51.392,0.000,,19,40,,
T,2026-04-14 10:30:46,53.47637451,-2.23799218,10.70,34.169,51.392,0.160,335,21,40,,
T,2026-04-14 10:30:47,53.47636868,-2.23799160,11.35,34.355,51.392,0.000,,21,40,,
T,2026-04-14 10:30:48,53.47634057,-2.23800393,10.74,34.329,51.392,0.000,,21,40,,
T,2026-04-14 10:30:49,53.47633149,-2.23800976,10.73,34.342,51.392,0.000,,20,40,,
T,2026-04-14 10:30:50,53.47632921,-2.23801129,10.59,34.344,51.392,0.000,,21,40,,
T,2026-04-14 10:30:51,53.47632862,-2.23801174,10.45,34.354,51.392,0.000,,20,40,,
T,2026-04-14 10:30:52,53.47632847,-2.23801198,10.43,34.353,51.392,0.000,,18,39,,
T,2026-04-14 10:30:53,53.47632847,-2.23801217,10.55,34.362,51.392,0.000,,18,39,,
T,2026-04-14 10:30:54,53.47632852,-2.23801241,10.57,34.362,51.392,0.000,,20,39,,
T,2026-04-14 10:30:55,53.47632854,-2.23801255,10.26,34.368,51.392,0.000,,21,39,,
T,2026-04-14 10:30:56,53.47632860,-2.23801273,9.94,34.377,51.392,0.000,,24,39,,
T,2026-04-14 10:30:57,53.47632865,-2.23801293,9.94,34.385,51.392,0.000,,25,39,,
T,2026-04-14 10:30:58,53.47632863,-2.23801304,10.04,34.395,51.392,0.000,,26,39,,
T,2026-04-14 10:30:59,53.47632866,-2.23801312,10.21,34.399,51.392,0.000,,25,37,,
T,2026-04-14 10:31:00,53.47632865,-2.23801319,10.27,34.409,51.392,0.000,,24,35,,
T,2026-04-14 10:31:01,53.47632864,-2.23801330,10.46,34.424,51.392,0.000,,23,35,,
T,2026-04-14 10:31:02,53.47632865,-2.23801341,10.49,34.429,51.392,0.000,,19,35,,
T,2026-04-14 10:31:03,53.47632874,-2.23801356,10.54,34.439,51.392,0.000,,17,35,,
T,2026-04-14 10:31:04,53.47632876,-2.23801366,10.57,34.447,51.392,0.000,,17,33,,
T,2026-04-14 10:31:05,53.47632878,-2.23801368,10.58,34.453,51.392,0.000,,17,33,,
T,2026-04-14 10:31:06,53.47632877,-2.23801371,10.48,34.459,51.392,0.000,,19,33,,
T,2026-04-14 10:31:07,53.47632872,-2.23801374,10.11,34.467,51.392,0.000,,21,33,,
T,2026-04-14 10:31:08,53.47632773,-2.23801672,9.94,34.697,51.392,0.000,,23,32,,
T,2026-04-14 10:31:09,53.47632942,-2.23802584,9.94,35.546,51.392,0.000,,23,31,,
T,2026-04-14 10:31:10,53.47633007,-2.23802844,9.94,35.565,51.392,0.000,,26,31,,
T,2026-04-14 10:31:11,53.47633021,-2.23802907,9.94,35.562,51.392,0.000,,26,30,,
T,2026-04-14 10:31:12,53.47633021,-2.23802921,9.94,35.564,51.392,0.000,,23,30,,
T,2026-04-14 10:31:13,53.47633021,-2.23802921,9.94,35.562,51.392,0.000,,19,30,,
T,2026-04-14 10:31:14,53.47633022,-2.23802924,9.94,35.566,51.392,0.000,,17,30,,
T,2026-04-14 10:31:15,53.47633025,-2.23802928,9.94,35.571,51.392,0.000,,16,31,,
T,2026-04-14 10:31:16,53.47633025,-2.23802933,9.94,35.577,51.392,0.000,,14,30,,
T,2026-04-14 10:31:17,53.47633028,-2.23802936,9.94,35.580,51.392,0.000,,14,30,,
T,2026-04-14 10:31:18,53.47633031,-2.23802938,9.94,35.585,51.392,0.000,,14,31,,
T,2026-04-14 10:31:19,53.47633030,-2.23802942,9.94,35.579,51.392,0.000,,16,31,,
T,2026-04-14 10:31:20,53.47633003,-2.23803231,9.94,35.790,51.392,0.220,194,17,31,,
T,2026-04-14 10:31:21,53.47633012,-2.23803259,9.94,35.810,51.392,0.000,,16,31,,
T,2026-04-14 10:31:22,53.47633018,-2.23803248,9.94,35.812,51.392,0.000,,18,31,,
T,2026-04-14 10:31:23,53.47633021,-2.23803242,9.94,35.819,51.392,0.000,,17,31,,
T,2026-04-14 10:31:24,53.47633025,-2.23803241,9.94,35.825,51.392,0.000,,17,31,,
T,2026-04-14 10:31:25,53.47633025,-2.23803239,9.94,35.832,51.392,0.000,,17,31,,
T,2026-04-14 10:31:26,53.47633023,-2.23803237,9.94,35.831,51.392,0.000,,16,29,,
T,2026-04-14 10:31:27,53.47633021,-2.23803235,9.94,35.830,51.392,0.000,,15,27,,
T,2026-04-14 10:31:28,53.47633018,-2.23803236,9.94,35.830,51.392,0.000,,13,27,,
T,2026-04-14 10:31:29,53.47633011,-2.23803235,9.94,35.830,51.392,0.000,,14,26,,
T,2026-04-14 10:31:30,53.47633006,-2.23803236,9.94,35.829,51.392,0.000,,14,26,,
T,2026-04-14 10:31:31,53.47633006,-2.23803241,9.94,35.833,51.392,0.000,,13,26,,
T,2026-04-14 10:31:32,53.47633006,-2.23803247,9.94,35.836,51.392,0.000,,12,26,,
T,2026-04-14 10:31:33,53.47633004,-2.23803254,9.94,35.837,51.392,0.000,,14,26,,
T,2026-04-14 10:31:34,53.47633003,-2.23803258,9.94,35.838,51.392,0.000,,16,26,,
T,2026-04-14 10:31:35,53.47633004,-2.23803263,9.94,35.842,51.392,0.000,,16,26,,
T,2026-04-14 10:31:36,53.47632764,-2.23803435,9.94,35.554,51.392,0.160,194,17,26,,
T,2026-04-14 10:31:37,53.47631887,-2.23803724,9.94,35.128,51.392,0.270,194,18,26,,
T,2026-04-14 10:31:38,53.47631529,-2.23803878,9.94,36.137,51.392,0.600,194,17,26,,
T,2026-04-14 10:31:39,53.47631358,-2.23804647,9.94,35.911,51.392,0.520,194,16,26,,
T,2026-04-14 10:31:40,53.47631070,-2.23805100,9.94,36.320,51.392,0.430,194,14,26,,
T,2026-04-14 10:31:41,53.47630365,-2.23804555,9.94,36.752,51.392,0.360,194,15,27,,
T,2026-04-14 10:31:42,53.47629855,-2.23805423,9.94,36.834,51.392,0.750,244,16,29,,
T,2026-04-14 10:31:43,53.47629132,-2.23806351,9.94,37.123,51.392,0.840,232,15,29,,
T,2026-04-14 10:31:44,53.47628387,-2.23807536,9.94,37.424,51.393,0.950,238,16,29,,
T,2026-04-14 10:31:45,53.47627827,-2.23808760,9.99,36.911,51.393,0.980,242,17,29,,
T,2026-04-14 10:31:46,53.47626416,-2.23809862,10.19,38.932,51.393,1.100,223,18,29,,
T,2026-04-14 10:31:47,53.47625219,-2.23811536,9.94,39.227,51.393,1.290,238,18,29,,
T,2026-04-14 10:31:48,53.47623859,-2.23812952,9.94,41.064,51.393,1.270,227,18,29,,
T,2026-04-14 10:31:49,53.47622800,-2.23814160,9.94,40.788,51.393,1.100,225,18,29,,
T,2026-04-14 10:31:50,53.47621474,-2.23814710,9.94,40.895,51.393,1.160,211,16,29,,
T,2026-04-14 10:31:51,53.47619971,-2.23814308,9.94,41.745,51.393,1.130,186,16,29,,
T,2026-04-14 10:31:52,53.47618988,-2.23813616,9.94,39.471,51.393,0.950,178,17,29,,
T,2026-04-14 10:31:53,53.47618524,-2.23812572,9.94,40.176,51.393,0.420,178,17,29,,
T,2026-04-14 10:31:54,53.47617869,-2.23811991,9.94,40.042,51.393,0.750,184,18,29,,
T,2026-04-14 10:31:55,53.47617512,-2.23811935,9.95,40.364,51.393,0.320,207,18,29,,
T,2026-04-14 10:31:56,53.47616730,-2.23811667,9.94,41.401,51.393,0.890,181,18,29,,
T,2026-04-14 10:31:57,53.47616068,-2.23810788,9.94,40.980,51.393,1.120,160,19,29,,
T,2026-04-14 10:31:58,53.47615355,-2.23809799,9.94,40.725,51.393,1.020,155,17,28,,
T,2026-04-14 10:31:59,53.47614428,-2.23809248,10.33,40.390,51.393,1.050,164,19,28,,
T,2026-04-14 10:32:00,53.47613190,-2.23810835,9.94,41.295,51.393,1.320,196,19,29,,
T,2026-04-14 10:32:01,53.47612329,-2.23812989,9.94,41.491,51.393,1.130,220,19,31,,
T,2026-04-14 10:32:02,53.47611796,-2.23815196,9.94,40.651,51.393,1.050,226,18,31,,
T,2026-04-14 10:32:03,53.47611421,-2.23817233,9.94,41.047,51.393,1.020,233,18,31,,
T,2026-04-14 10:32:04,53.47611153,-2.23819149,9.94,41.092,51.393,1.010,242,19,31,,
T,2026-04-14 10:32:05,53.47611016,-2.23820809,9.94,41.590,51.393,0.970,246,20,31,,
T,2026-04-14 10:32:06,53.47611378,-2.23822746,9.94,42.056,51.393,1.020,272,20,31,,
T,2026-04-14 10:32:07,53.47612083,-2.23824357,9.94,43.777,51.393,0.990,301,21,33,,
T,2026-04-14 10:32:08,53.47612870,-2.23825653,10.07,43.745,51.393,0.990,310,23,34,,
T,2026-04-14 10:32:09,53.47613510,-2.23827006,10.07,43.249,51.393,0.940,311,24,34,,
T,2026-04-14 10:32:10,53.47614424,-2.23828074,9.94,43.132,51.393,1.010,328,24,34,,
T,2026-04-14 10:32:11,53.47615472,-2.23829271,9.94,42.647,51.393,1.190,323,23,35,,
T,2026-04-14 10:32:12,53.47616265,-2.23830069,9.94,43.192,51.393,0.940,327,24,35,,
T,2026-04-14 10:32:13,53.47617174,-2.23831180,9.94,43.845,51.393,1.140,319,23,35,,
T,2026-04-14 10:32:14,53.47618121,-2.23832221,9.94,43.720,51.393,1.010,320,22,35,,
T,2026-04-14 10:32:15,53.47619033,-2.23833427,9.94,43.587,51.393,1.100,316,21,35,,
T,2026-04-14 10:32:16,53.47619905,-2.23834604,9.94,43.240,51.393,1.030,316,21,36,,
T,2026-04-14 10:32:17,53.47620709,-2.23835868,9.94,42.427,51.393,1.100,320,22,36,,
T,2026-04-14 10:32:18,53.47621557,-2.23837014,9.94,41.818,51.393,1.060,321,20,35,,
T,2026-04-14 10:32:19,53.47622215,-2.23838410,10.30,41.348,51.393,1.100,312,21,37,,
T,2026-04-14 10:32:20,53.47622359,-2.23840249,10.69,42.129,51.393,1.130,278,22,37,,
T,2026-04-14 10:32:21,53.47623130,-2.23841607,10.70,42.479,51.393,1.140,305,21,37,,
T,2026-04-14 10:32:22,53.47623706,-2.23842905,10.02,42.541,51.393,1.000,302,23,37,,
T,2026-04-14 10:32:23,53.47624624,-2.23843932,9.94,42.287,51.393,1.100,327,25,37,,
T,2026-04-14 10:32:24,53.47625440,-2.23844882,9.94,42.347,51.393,1.020,323,25,37,,
T,2026-04-14 10:32:25,53.47626287,-2.23846057,9.94,41.832,51.393,1.120,316,25,38,,
T,2026-04-14 10:32:26,53.47627110,-2.23847112,9.94,41.386,51.393,1.030,322,26,37,,
T,2026-04-14 10:32:27,53.47627753,-2.23848251,9.94,41.790,51.393,1.010,316,25,37,,
T,2026-04-14 10:32:28,53.47628500,-2.23849334,9.94,41.562,51.393,1.010,321,26,38,,
T,2026-04-14 10:32:29,53.47629314,-2.23850321,9.94,41.283,51.393,1.040,328,25,39,,
T,2026-04-14 10:32:30,53.47630201,-2.23851074,9.94,41.228,51.393,1.030,340,23,38,,
T,2026-04-14 10:32:31,53.47630892,-2.23852842,9.94,41.338,51.393,1.320,303,23,38,,
T,2026-04-14 10:32:32,53.47631816,-2.23853929,9.94,40.863,51.393,1.180,332,23,38,,
T,2026-04-14 10:32:33,53.47632161,-2.23856110,9.94,40.323,51.393,1.530,285,21,38,,
T,2026-04-14 10:32:34,53.47633003,-2.23857389,9.94,40.074,51.393,1.240,321,23,38,,
T,2026-04-14 10:32:35,53.47633790,-2.23858422,9.94,41.781,51.393,1.080,333,24,38,,
T,2026-04-14 10:32:36,53.47634473,-2.23859839,9.94,43.073,51.393,1.120,321,24,39,,
T,2026-04-14 10:32:37,53.47635182,-2.23861281,9.94,42.918,51.394,1.120,316,22,39,,
T,2026-04-14 10:32:38,53.47635883,-2.23862532,9.94,42.783,51.394,1.030,317,22,38,,
T,2026-04-14 10:32:39,53.47636761,-2.23863782,9.94,42.587,51.394,1.180,322,22,37,,
T,2026-04-14 10:32:40,53.47637670,-2.23864978,9.94,42.542,51.394,1.150,322,21,37,,
T,2026-04-14 10:32:41,53.47638180,-2.23866154,9.94,42.944,51.394,0.840,313,22,37,,
T,2026-04-14 10:32:42,53.47638820,-2.23867508,9.94,43.710,51.394,1.080,314,23,37,,
T,2026-04-14 10:32:43,53.47639576,-2.23868683,9.94,43.610,51.394,1.050,320,23,37,,
T,2026-04-14 10:32:44,53.47640246,-2.23869988,9.94,43.537,51.394,1.050,313,23,37,,
T,2026-04-14 10:32:45,53.47641074,-2.23871178,9.94,43.727,51.394,1.130,323,21,37,,
T,2026-04-14 10:32:46,53.47641926,-2.23872289,9.94,43.807,51.394,1.110,321,21,37,,
T,2026-04-14 10:32:47,53.47642500,-2.23873807,9.94,43.989,51.394,1.060,313,22,37,,
T,2026-04-14 10:32:48,53.47642936,-2.23875709,9.94,44.651,51.394,1.050,316,22,37,,
T,2026-04-14 10:32:49,53.47643708,-2.23876784,9.94,43.480,51.394,1.100,338,24,38,,
T,2026-04-14 10:32:50,53.47644208,-2.23878654,9.94,43.676,51.394,1.170,313,26,38,,
T,2026-04-14 10:32:51,53.47644794,-2.23880131,9.94,44.072,51.394,1.080,319,25,38,,
T,2026-04-14 10:32:52,53.47645508,-2.23881389,9.94,44.355,51.394,1.080,324,24,36,,
T,2026-04-14 10:32:53,53.47646234,-2.23882677,9.94,44.984,51.394,1.060,322,24,36,,
T,2026-04-14 10:32:54,53.47646891,-2.23884018,9.94,44.897,51.394,1.080,312,24,36,,
T,2026-04-14 10:32:55,53.47647804,-2.23885192,9.94,44.795,51.394,1.190,323,21,37,,
T,2026-04-14 10:32:56,53.47648640,-2.23886178,9.94,45.194,51.394,1.070,330,18,37,,
T,2026-04-14 10:32:57,53.47649538,-2.23886919,9.94,45.608,51.394,1.090,340,16,37,,
T,2026-04-14 10:32:58,53.47650465,-2.23887844,9.94,45.636,51.394,1.090,334,18,37,,
T,2026-04-14 10:32:59,53.47651405,-2.23889263,9.94,45.763,51.394,1.140,321,20,37,,
T,2026-04-14 10:33:00,53.47652186,-2.23890864,9.94,45.530,51.394,1.120,318,20,37,,
T,2026-04-14 10:33:01,53.47652883,-2.23892609,9.94,45.430,51.394,1.130,316,21,37,,
T,2026-04-14 10:33:02,53.47653582,-2.23894260,9.94,45.319,51.394,1.140,317,22,37,,
T,2026-04-14 10:33:03,53.47654500,-2.23895497,9.94,45.640,51.394,1.130,322,23,37,,
T,2026-04-14 10:33:04,53.47655546,-2.23896689,9.94,46.002,51.394,1.140,323,23,37,,
T,2026-04-14 10:33:05,53.47656575,-2.23897824,9.94,45.953,51.394,1.160,325,23,36,,
T,2026-04-14 10:33:06,53.47657513,-2.23899135,9.94,45.983,51.394,1.180,320,23,36,,
T,2026-04-14 10:33:07,53.47658325,-2.23900628,9.94,45.748,51.394,1.190,316,24,36,,
T,2026-04-14 10:33:08,53.47659265,-2.23901833,9.94,45.992,51.394,1.180,323,25,36,,
T,2026-04-14 10:33:09,53.47660151,-2.23903085,9.94,46.115,51.394,1.160,317,23,35,,
T,2026-04-14 10:33:10,53.47661101,-2.23904254,9.94,46.115,51.394,1.160,323,21,35,,
T,2026-04-14 10:33:11,53.47661921,-2.23905519,9.94,46.129,51.394,1.150,316,19,35,,
T,2026-04-14 10:33:12,53.47662679,-2.23906960,9.94,46.192,51.394,1.150,314,17,35,,
T,2026-04-14 10:33:13,53.47663486,-2.23908293,9.94,45.918,51.394,1.160,322,17,35,,
T,2026-04-14 10:33:14,53.47664504,-2.23909186,9.94,46.295,51.394,1.150,327,17,35,,
T,2026-04-14 10:33:15,53.47665421,-2.23910285,9.94,46.247,51.394,1.140,328,16,35,,
T,2026-04-14 10:33:16,53.47666355,-2.23911635,9.94,46.297,51.394,1.260,323,15,35,,
T,2026-04-14 10:33:17,53.47667241,-2.23913113,9.94,46.182,51.395,1.270,316,16,35,,
T,2026-04-14 10:33:18,53.47668172,-2.23914285,9.94,46.162,51.395,1.200,326,16,35,,
T,2026-04-14 10:33:19,53.47669251,-2.23915159,9.94,45.944,51.395,1.200,339,15,35,,
T,2026-04-14 10:33:20,53.47670360,-2.23915882,9.94,45.913,51.395,1.180,339,17,35,,
T,2026-04-14 10:33:21,53.47671326,-2.23916881,9.94,45.662,51.395,1.180,336,17,35,,
T,2026-04-14 10:33:22,53.47672190,-2.23918175,9.94,45.518,51.395,1.210,323,17,36,,
T,2026-04-14 10:33:23,53.47672997,-2.23919693,9.94,45.404,51.395,1.250,317,20,36,,
T,2026-04-14 10:33:24,53.47673986,-2.23920744,9.94,45.427,51.395,1.210,333,20,36,,
T,2026-04-14 10:33:25,53.47675014,-2.23921408,9.94,45.724,51.395,1.150,343,23,35,,
T,2026-04-14 10:33:26,53.47676331,-2.23920147,9.94,46.752,51.395,1.500,24,24,35,,
T,2026-04-14 10:33:27,53.47677011,-2.23917045,9.94,47.299,51.395,1.720,72,25,35,,
T,2026-04-14 10:33:28,53.47676994,-2.23915072,9.94,46.531,51.395,1.130,78,27,35,,
T,2026-04-14 10:33:29,53.47676434,-2.23913631,9.94,45.579,51.395,1.250,101,30,35,,
T,2026-04-14 10:33:30,53.47675869,-2.23912050,9.94,45.167,51.395,1.220,107,30,35,,
T,2026-04-14 10:33:31,53.47675387,-2.23910349,9.94,44.974,51.394,1.220,111,30,35,,
T,2026-04-14 10:33:32,53.47674575,-2.23909016,9.94,44.323,51.394,1.240,123,28,33,,
T,2026-04-14 10:33:33,53.47674297,-2.23908978,9.94,44.151,51.394,0.000,,27,33,,
T,2026-04-14 10:33:34,53.47674256,-2.23909042,9.94,44.148,51.394,0.000,,25,33,,
T,2026-04-14 10:33:35,53.47674241,-2.23909057,9.94,44.143,51.394,0.000,,24,33,,
T,2026-04-14 10:33:36,53.47674286,-2.23908976,9.94,44.054,51.394,0.000,,24,33,,
T,2026-04-14 10:33:37,53.47674245,-2.23909173,9.94,43.737,51.394,0.000,,24,33,,
T,2026-04-14 10:33:38,53.47674230,-2.23909204,9.94,43.738,51.394,0.000,,23,33,,
T,2026-04-14 10:33:39,53.47674144,-2.23909459,9.94,43.664,51.394,0.230,124,23,33,,
T,2026-04-14 10:33:40,53.47673991,-2.23909585,9.94,43.658,51.394,0.000,,24,33,,
T,2026-04-14 10:33:41,53.47673961,-2.23909602,9.94,43.655,51.394,0.000,,25,33,,
T,2026-04-14 10:33:42,53.47673955,-2.23909605,9.94,43.652,51.394,0.000,,23,33,,
T,2026-04-14 10:33:43,53.47673954,-2.23909605,9.94,43.652,51.394,0.000,,24,33,,
T,2026-04-14 10:33:44,53.47673955,-2.23909603,9.94,43.649,51.394,0.000,,24,33,,
T,2026-04-14 10:33:45,53.47673956,-2.23909600,9.94,43.646,51.394,0.000,,24,33,,
T,2026-04-14 10:33:46,53.47673957,-2.23909599,9.94,43.644,51.394,0.000,,19,33,,
T,2026-04-14 10:33:47,53.47673958,-2.23909599,9.94,43.642,51.394,0.000,,19,33,,
T,2026-04-14 10:33:48,53.47673959,-2.23909597,9.94,43.647,51.394,0.000,,17,32,,
T,2026-04-14 10:33:49,53.47673959,-2.23909596,9.94,43.647,51.394,0.000,,12,32,,
T,2026-04-14 10:33:50,53.47673960,-2.23909595,9.94,43.649,51.394,0.000,,12,31,,
T,2026-04-14 10:33:51,53.47673961,-2.23909594,9.94,43.647,51.394,0.000,,11,30,,
T,2026-04-14 10:33:52,53.47673961,-2.23909593,9.94,43.649,51.394,0.000,,10,30,,
T,2026-04-14 10:33:53,53.47673962,-2.23909592,9.94,43.648,51.394,0.000,,9,30,,
T,2026-04-14 10:33:54,53.47673962,-2.23909592,9.94,43.648,51.394,0.000,,8,30,,
T,2026-04-14 10:33:55,53.47673962,-2.23909593,9.94,43.650,51.394,0.000,,10,30,,
T,2026-04-14 10:33:56,53.47673962,-2.23909593,9.94,43.649,51.394,0.000,,9,30,,
T,2026-04-14 10:33:57,53.47673963,-2.23909592,9.94,43.651,51.394,0.000,,9,30,,
T,2026-04-14 10:33:58,53.47673963,-2.23909592,9.94,43.647,51.394,0.000,,8,30,,
T,2026-04-14 10:33:59,53.47673963,-2.23909591,9.94,43.650,51.394,0.000,,9,28,,
T,2026-04-14 10:34:00,53.47673964,-2.23909590,9.94,43.651,51.394,0.000,,10,26,,
T,2026-04-14 10:34:01,53.47673965,-2.23909589,9.94,43.648,51.394,0.000,,8,26,,
T,2026-04-14 10:34:02,53.47673965,-2.23909589,9.94,43.649,51.394,0.000,,9,26,,
T,2026-04-14 10:34:03,53.47673966,-2.23909587,9.94,43.649,51.394,0.000,,11,25,,
T,2026-04-14 10:34:04,53.47673965,-2.23909587,9.94,43.646,51.394,0.000,,13,25,,
T,2026-04-14 10:34:05,53.47673815,-2.23909541,9.94,43.358,51.394,0.000,,16,25,,
T,2026-04-14 10:34:06,53.47673791,-2.23909731,9.94,42.997,51.394,0.000,,19,25,,
T,2026-04-14 10:34:07,53.47673559,-2.23910480,9.94,42.597,51.394,0.490,124,20,27,,
T,2026-04-14 10:34:08,53.47673102,-2.23910996,9.94,42.907,51.394,0.490,124,21,27,,
T,2026-04-14 10:34:09,53.47672962,-2.23911122,9.94,42.813,51.395,0.000,,23,27,,
T,2026-04-14 10:34:10,53.47672979,-2.23911200,9.94,42.811,51.395,0.000,,23,27,,
T,2026-04-14 10:34:11,53.47673160,-2.23912032,9.94,42.684,51.395,0.510,124,25,29,,
T,2026-04-14 10:34:12,53.47673422,-2.23914104,9.94,42.678,51.395,1.040,271,23,28,,
T,2026-04-14 10:34:13,53.47673973,-2.23915345,9.94,43.013,51.395,0.580,269,23,29,,
T,2026-04-14 10:34:14,53.47674623,-2.23916474,9.94,43.446,51.395,0.610,269,23,30,,
T,2026-04-14 10:34:15,53.47675246,-2.23916970,9.94,43.930,51.395,0.430,269,23,31,,
T,2026-04-14 10:34:16,53.47676286,-2.23917568,9.94,44.935,51.395,0.840,348,23,31,,
T,2026-04-14 10:34:17,53.47677347,-2.23918758,9.94,45.072,51.395,0.880,337,20,31,,
T,2026-04-14 10:34:18,53.47677162,-2.23924374,9.94,44.991,51.395,3.640,261,20,30,,
T,2026-04-14 10:34:19,53.47674855,-2.23925699,9.94,45.813,51.395,3.100,192,18,30,,
T,2026-04-14 10:34:20,53.47674007,-2.23925791,9.94,43.045,51.395,1.160,192,18,32,,
T,2026-04-14 10:34:21,53.47673164,-2.23925275,9.94,41.527,51.395,1.220,175,16,31,,
T,2026-04-14 10:34:22,53.47672462,-2.23924351,9.94,39.718,51.395,1.240,151,14,32,,
T,2026-04-14 10:34:23,53.47670636,-2.23929429,9.94,39.611,51.395,3.920,225,14,32,,
T,2026-04-14 10:34:24,53.47670795,-2.23932434,9.94,39.940,51.395,1.320,252,17,32,,
T,2026-04-14 10:34:25,53.47670172,-2.23933493,9.94,38.437,51.395,2.200,193,16,31,,
T,2026-04-14 10:34:26,53.47669342,-2.23933515,9.94,38.030,51.395,0.900,168,19,33,,
T,2026-04-14 10:34:27,53.47669871,-2.23934247,9.94,39.043,51.395,0.000,,24,33,,
T,2026-04-14 10:34:28,53.47670274,-2.23935080,9.94,39.412,51.395,0.220,168,24,33,,
T,2026-04-14 10:34:29,53.47671007,-2.23935906,9.94,39.425,51.395,0.000,,23,33,,
T,2026-04-14 10:34:30,53.47671204,-2.23936101,9.94,39.428,51.395,0.000,,23,33,,
T,2026-04-14 10:34:31,53.47671558,-2.23936327,9.94,39.560,51.395,0.000,,23,33,,
T,2026-04-14 10:34:32,53.47671883,-2.23936382,9.94,39.578,51.395,0.000,,22,33,,
T,2026-04-14 10:34:33,53.47671967,-2.23936392,9.94,39.574,51.395,0.000,,19,33,,
T,2026-04-14 10:34:34,53.47671991,-2.23936395,9.94,39.576,51.395,0.000,,21,33,,
T,2026-04-14 10:34:35,53.47672002,-2.23936398,9.94,39.573,51.395,0.000,,21,33,,
T,2026-04-14 10:34:36,53.47672006,-2.23936402,9.94,39.575,51.395,0.000,,21,33,,
T,2026-04-14 10:34:37,53.47672008,-2.23936406,9.94,39.575,51.395,0.000,,21,33,,
T,2026-04-14 10:34:38,53.47672010,-2.23936409,9.94,39.571,51.395,0.000,,20,33,,
T,2026-04-14 10:34:39,53.47672012,-2.23936412,9.94,39.566,51.395,0.000,,19,32,,
T,2026-04-14 10:34:40,53.47672014,-2.23936415,9.94,39.566,51.395,0.000,,18,31,,
T,2026-04-14 10:34:41,53.47672016,-2.23936417,9.94,39.565,51.395,0.000,,17,31,,
T,2026-04-14 10:34:42,53.47672018,-2.23936418,9.94,39.564,51.395,0.000,,17,30,,
T,2026-04-14 10:34:43,53.47672019,-2.23936421,9.94,39.564,51.395,0.000,,16,30,,
T,2026-04-14 10:34:44,53.47672024,-2.23936419,9.94,39.559,51.395,0.000,,15,30,,
T,2026-04-14 10:34:45,53.47672030,-2.23936422,9.94,39.557,51.395,0.000,,17,30,,
T,2026-04-14 10:34:46,53.47672034,-2.23936426,9.94,39.557,51.395,0.000,,17,29,,
T,2026-04-14 10:34:47,53.47672038,-2.23936425,9.94,39.551,51.395,0.000,,19,30,,
T,2026-04-14 10:34:48,53.47672041,-2.23936428,9.94,39.544,51.395,0.000,,20,30,,
T,2026-04-14 10:34:49,53.47672044,-2.23936428,9.94,39.541,51.395,0.000,,20,30,,
T,2026-04-14 10:34:50,53.47672049,-2.23936431,9.94,39.539,51.395,0.000,,23,30,,
T,2026-04-14 10:34:51,53.47672054,-2.23936429,9.94,39.535,51.395,0.000,,23,30,,
T,2026-04-14 10:34:52,53.47672056,-2.23936429,9.94,39.532,51.395,0.000,,23,30,,
T,2026-04-14 10:34:53,53.47672058,-2.23936434,9.94,39.526,51.395,0.000,,22,30,,
T,2026-04-14 10:34:54,53.47672061,-2.23936437,9.94,39.524,51.395,0.000,,22,29,,
T,2026-04-14 10:34:55,53.47672066,-2.23936442,9.94,39.524,51.395,0.000,,22,29,,
T,2026-04-14 10:34:56,53.47672069,-2.23936445,9.94,39.519,51.395,0.000,,19,29,,
T,2026-04-14 10:34:57,53.47672071,-2.23936448,9.94,39.515,51.395,0.000,,19,29,,
T,2026-04-14 10:34:58,53.47672073,-2.23936451,9.94,39.510,51.395,0.000,,18,29,,
T,2026-04-14 10:34:59,53.47672076,-2.23936455,9.94,39.504,51.395,0.000,,16,29,,
T,2026-04-14 10:35:00,53.47672081,-2.23936455,9.94,39.505,51.395,0.000,,16,29,,
T,2026-04-14 10:35:01,53.47672086,-2.23936458,9.94,39.504,51.395,0.000,,15,29,,
T,2026-04-14 10:35:02,53.47672414,-2.23936608,9.94,39.263,51.395,0.240,168,18,28,,
T,2026-04-14 10:35:03,53.47672617,-2.23936650,9.94,39.253,51.395,0.000,,19,27,,
T,2026-04-14 10:35:04,53.47672665,-2.23936644,9.94,39.260,51.395,0.000,,19,27,,
T,2026-04-14 10:35:05,53.47672680,-2.23936640,9.94,39.259,51.395,0.000,,19,27,,
T,2026-04-14 10:35:06,53.47672688,-2.23936637,9.94,39.260,51.395,0.000,,19,27,,
T,2026-04-14 10:35:07,53.47672986,-2.23936610,9.94,39.344,51.395,0.180,168,20,27,,
T,2026-04-14 10:35:08,53.47673636,-2.23936483,9.94,39.097,51.395,0.560,168,19,27,,
T,2026-04-14 10:35:09,53.47674536,-2.23937252,9.94,38.700,51.395,0.970,328,18,25,,
T,2026-04-14 10:35:10,53.47677168,-2.23934300,9.94,39.298,51.395,3.580,32,18,26,,
T,2026-04-14 10:35:11,53.47676668,-2.23929704,9.94,37.856,51.395,3.180,102,17,28,,
T,2026-04-14 10:35:12,53.47676707,-2.23927677,9.94,37.142,51.395,1.250,77,17,31,,
T,2026-04-14 10:35:13,53.47677220,-2.23926282,9.94,36.521,51.395,1.150,63,15,32,,
T,2026-04-14 10:35:14,53.47678179,-2.23925100,9.94,36.619,51.395,1.300,43,14,31,,
T,2026-04-14 10:35:15,53.47679369,-2.23924393,9.94,36.342,51.395,1.130,32,13,32,,
T,2026-04-14 10:35:16,53.47680671,-2.23924102,9.94,36.975,51.395,1.150,24,14,33,,
T,2026-04-14 10:35:17,53.47682177,-2.23924569,9.94,37.333,51.395,1.190,7,17,33,,
T,2026-04-14 10:35:18,53.47683398,-2.23924749,9.94,37.531,51.395,1.130,2,20,33,,
T,2026-04-14 10:35:19,53.47684769,-2.23924764,10.06,37.759,51.395,1.150,10,20,33,,
T,2026-04-14 10:35:20,53.47686104,-2.23924834,10.22,37.650,51.395,1.160,6,21,33,,
T,2026-04-14 10:35:21,53.47687473,-2.23925479,10.25,37.896,51.395,1.160,357,22,34,,
T,2026-04-14 10:35:22,53.47688913,-2.23927136,10.19,38.675,51.395,1.300,335,23,34,,
T,2026-04-14 10:35:23,53.47690984,-2.23930604,10.06,39.912,51.395,1.190,329,21,34,,
T,2026-04-14 10:35:24,53.47692371,-2.23933345,10.07,39.788,51.395,1.210,318,21,34,,
T,2026-04-14 10:35:25,53.47694066,-2.23938550,9.94,40.369,51.395,1.200,334,23,34,,
T,2026-04-14 10:35:26,53.47695518,-2.23942034,9.94,40.851,51.395,1.240,350,25,34,,
T,2026-04-14 10:35:27,53.47697009,-2.23944661,9.94,41.559,51.395,1.230,332,26,34,,
T,2026-04-14 10:35:28,53.47698589,-2.23946854,9.94,42.298,51.395,1.190,327,27,34,,
T,2026-04-14 10:35:29,53.47700012,-2.23948712,9.94,42.673,51.395,1.180,320,27,34,,
T,2026-04-14 10:35:30,53.47701827,-2.23949817,9.94,43.307,51.395,1.330,347,27,34,,
T,2026-04-14 10:35:31,53.47703236,-2.23952064,9.94,43.549,51.395,1.450,312,26,33,,
T,2026-04-14 10:35:32,53.47704774,-2.23953497,9.94,44.368,51.395,1.240,335,26,34,,
T,2026-04-14 10:35:33,53.47706056,-2.23954565,9.94,44.704,51.395,1.150,330,26,36,,
T,2026-04-14 10:35:34,53.47707196,-2.23955540,9.94,44.453,51.395,1.090,328,25,36,,
T,2026-04-14 10:35:35,53.47708438,-2.23956654,9.94,44.372,51.395,1.180,341,21,36,,
T,2026-04-14 10:35:36,53.47709841,-2.23957516,9.94,44.355,51.395,1.170,347,15,36,,
T,2026-04-14 10:35:37,53.47711018,-2.23958896,9.94,44.153,51.395,1.250,327,17,36,,
T,2026-04-14 10:35:38,53.47712105,-2.23960135,9.94,44.133,51.395,1.180,336,17,36,,
T,2026-04-14 10:35:39,53.47713206,-2.23961748,9.94,44.198,51.396,1.210,323,15,36,,
T,2026-04-14 10:35:40,53.47714547,-2.23962608,9.94,44.907,51.396,1.340,352,16,36,,
T,2026-04-14 10:35:41,53.47715557,-2.23964518,9.94,44.954,51.396,1.400,317,16,36,,
T,2026-04-14 10:35:42,53.47716697,-2.23965624,9.94,45.400,51.396,1.370,346,16,36,,
T,2026-04-14 10:35:43,53.47717514,-2.23966994,9.94,45.512,51.396,1.240,328,15,35,,
T,2026-04-14 10:35:44,53.47718087,-2.23969106,9.94,44.986,51.396,1.450,299,16,35,,
T,2026-04-14 10:35:45,53.47718900,-2.23970503,9.94,45.000,51.396,1.240,321,17,35,,
T,2026-04-14 10:35:46,53.47719692,-2.23971847,9.94,45.120,51.396,1.170,317,16,35,,
T,2026-04-14 10:35:47,53.47720663,-2.23972996,9.94,45.289,51.396,1.160,324,17,35,,
T,2026-04-14 10:35:48,53.47721783,-2.23973890,9.94,45.416,51.396,1.150,334,18,35,,
T,2026-04-14 10:35:49,53.47722785,-2.23975050,9.94,45.254,51.396,1.180,323,17,35,,
T,2026-04-14 10:35:50,53.47724008,-2.23975462,9.94,45.521,51.396,1.230,347,17,35,,
T,2026-04-14 10:35:51,53.47725308,-2.23975540,9.94,45.838,51.396,1.140,346,19,34,,
T,2026-04-14 10:35:52,53.47726492,-2.23975936,9.94,45.797,51.396,1.130,330,22,34,,
T,2026-04-14 10:35:53,53.47727349,-2.23977194,9.94,45.542,51.396,1.240,304,22,34,,
T,2026-04-14 10:35:54,53.47727441,-2.23979173,9.94,48.373,51.396,1.710,255,22,33,,
T,2026-04-14 10:35:55,53.47724686,-2.23979279,9.94,49.608,51.396,3.600,181,22,33,,
T,2026-04-14 10:35:56,53.47723578,-2.23976344,9.94,50.493,51.396,2.060,122,22,33,,
T,2026-04-14 10:35:57,53.47723882,-2.23974192,9.94,50.463,51.396,1.270,89,22,33,,
T,2026-04-14 10:35:58,53.47724808,-2.23972324,9.94,50.626,51.396,1.350,59,22,33,,
T,2026-04-14 10:35:59,53.47725553,-2.23970476,9.94,50.555,51.396,1.340,63,21,33,,
T,2026-04-14 10:36:00,53.47726341,-2.23968432,9.94,50.443,51.396,1.330,60,19,33,,
T,2026-04-14 10:36:01,53.47727126,-2.23966223,9.94,50.161,51.396,1.310,63,20,31,,
T,2026-04-14 10:36:02,53.47727742,-2.23964066,9.94,50.603,51.396,1.280,66,18,31,,
T,2026-04-14 10:36:03,53.47728365,-2.23962232,9.95,43.463,51.396,1.060,60,16,31,,
T,2026-04-14 10:36:04,53.47728622,-2.23961781,10.19,41.160,51.396,0.230,60,16,31,,
T,2026-04-14 10:36:05,53.47726917,-2.23957457,9.94,40.043,51.395,4.870,119,15,31,,
T,2026-04-14 10:36:06,53.47725432,-2.23954617,9.94,39.974,51.395,0.000,,19,31,,
T,2026-04-14 10:36:07,53.47723006,-2.23951820,11.08,38.716,51.395,2.840,145,19,31,,
T,2026-04-14 10:36:08,53.47721717,-2.23950994,11.26,39.175,51.395,1.600,150,21,31,,
T,2026-04-14 10:36:09,53.47722066,-2.23952068,11.50,40.448,51.395,0.700,154,20,30,,
T,2026-04-14 10:36:10,53.47723026,-2.23952536,11.46,40.623,51.395,0.000,,21,29,,
T,2026-04-14 10:36:11,53.47723402,-2.23952460,11.73,40.973,51.395,0.000,,21,29,,
T,2026-04-14 10:36:12,53.47724007,-2.23952134,11.69,41.196,51.395,0.000,,19,28,,
T,2026-04-14 10:36:13,53.47724256,-2.23951921,11.73,41.340,51.395,0.000,,18,28,,
T,2026-04-14 10:36:14,53.47724420,-2.23951776,11.72,41.444,51.395,0.000,,15,28,,
T,2026-04-14 10:36:15,53.47724550,-2.23951643,11.73,41.552,51.395,0.000,,13,28,,
T,2026-04-14 10:36:16,53.47724690,-2.23951509,11.73,41.666,51.395,0.000,,12,28,,
T,2026-04-14 10:36:17,53.47724826,-2.23951374,11.74,41.779,51.395,0.000,,11,28,,
T,2026-04-14 10:36:18,53.47724937,-2.23951271,11.71,41.858,51.395,0.000,,13,27,,
T,2026-04-14 10:36:19,53.47725051,-2.23951171,11.71,41.940,51.395,0.000,,14,25,,
T,2026-04-14 10:36:20,53.47725160,-2.23951056,11.60,42.031,51.395,0.000,,14,24,,
T,2026-04-14 10:36:21,53.47725246,-2.23950976,11.47,42.096,51.395,0.000,,13,23,,
T,2026-04-14 10:36:22,53.47725326,-2.23950904,11.34,42.158,51.395,0.000,,14,22,,
T,2026-04-14 10:36:23,53.47725398,-2.23950833,11.24,42.218,51.395,0.000,,15,22,,
T,2026-04-14 10:36:24,53.47725452,-2.23950747,11.22,42.291,51.395,0.000,,12,22,,
T,2026-04-14 10:36:25,53.47725515,-2.23950670,11.18,42.354,51.395,0.000,,12,22,,
T,2026-04-14 10:36:26,53.47725578,-2.23950584,11.18,42.424,51.395,0.000,,12,22,,
T,2026-04-14 10:36:27,53.47725632,-2.23950497,11.18,42.488,51.395,0.000,,15,21,,
T,2026-04-14 10:36:28,53.47725669,-2.23950416,11.12,42.538,51.395,0.000,,14,21,,
T,2026-04-14 10:36:29,53.47725717,-2.23950387,11.12,42.584,51.395,0.000,,13,21,,
T,2026-04-14 10:36:30,53.47725752,-2.23950379,10.97,42.599,51.395,0.000,,13,21,,
T,2026-04-14 10:36:31,53.47726439,-2.23950291,10.84,43.829,51.395,0.200,154,13,21,,
T,2026-04-14 10:36:32,53.47729474,-2.23952959,10.77,44.859,51.395,0.000,,15,21,,
T,2026-04-14 10:36:33,53.47732037,-2.23954871,10.56,46.064,51.395,0.200,154,18,21,,
T,2026-04-14 10:36:34,53.47733235,-2.23956031,10.48,44.990,51.395,0.000,,19,21,,
T,2026-04-14 10:36:35,53.47732957,-2.23956052,10.58,45.489,51.395,0.340,154,19,21,,
T,2026-04-14 10:36:36,53.47732901,-2.23956009,10.29,45.900,51.395,0.000,,19,22,,
T,2026-04-14 10:36:37,53.47732401,-2.23956578,10.32,45.577,51.395,0.240,154,19,22,,
T,2026-04-14 10:36:38,53.47732422,-2.23957669,10.34,44.791,51.395,0.000,,20,23,,
T,2026-04-14 10:36:39,53.47732236,-2.23957863,10.28,45.030,51.395,0.000,,19,24,,
T,2026-04-14 10:36:40,53.47731750,-2.23957713,10.36,44.320,51.395,0.170,154,20,24,,
T,2026-04-14 10:36:41,53.47731107,-2.23957314,10.56,43.864,51.395,0.240,154,20,24,,
T,2026-04-14 10:36:42,53.47730753,-2.23957294,10.36,42.554,51.395,0.350,154,19,25,,
T,2026-04-14 10:36:43,53.47730851,-2.23957684,10.48,41.724,51.395,0.320,154,20,25,,
T,2026-04-14 10:36:44,53.47730947,-2.23960435,10.39,41.315,51.396,1.390,275,20,30,,
T,2026-04-14 10:36:45,53.47731000,-2.23963739,10.43,42.150,51.396,1.300,291,22,32,,
T,2026-04-14 10:36:46,53.47730685,-2.23967554,10.30,45.254,51.396,1.650,333,23,32,,
T,2026-04-14 10:36:47,53.47730921,-2.23970559,10.26,44.448,51.396,1.410,300,23,33,,
T,2026-04-14 10:36:48,53.47731929,-2.23972127,10.25,43.836,51.396,1.360,330,23,33,,
T,2026-04-14 10:36:49,53.47732925,-2.23973458,10.22,43.881,51.396,1.190,326,21,33,,
T,2026-04-14 10:36:50,53.47733914,-2.23975002,9.94,44.471,51.396,1.190,319,18,33,,
T,2026-04-14 10:36:51,53.47734947,-2.23976364,9.94,44.245,51.396,1.200,325,21,33,,
T,2026-04-14 10:36:52,53.47735813,-2.23977721,9.97,44.460,51.396,1.190,316,18,32,,
T,2026-04-14 10:36:53,53.47736691,-2.23979113,9.94,44.009,51.396,1.170,311,18,31,,
T,2026-04-14 10:36:54,53.47737990,-2.23980537,9.94,44.200,51.396,1.230,330,18,31,,
T,2026-04-14 10:36:55,53.47738779,-2.23983179,9.94,42.482,51.396,1.240,323,19,31,,
T,2026-04-14 10:36:56,53.47739540,-2.23985973,9.94,43.171,51.396,1.160,327,19,31,,
T,2026-04-14 10:36:57,53.47740313,-2.23988704,9.94,42.175,51.396,1.160,329,18,31,,
T,2026-04-14 10:36:58,53.47741084,-2.23990851,9.94,42.395,51.396,1.130,321,17,33,,
T,2026-04-14 10:36:59,53.47741985,-2.23992527,9.94,41.983,51.396,1.160,329,16,33,,
T,2026-04-14 10:37:00,53.47742810,-2.23994033,10.01,42.536,51.396,1.190,309,16,34,,
T,2026-04-14 10:37:01,53.47743834,-2.23994973,10.06,42.696,51.396,1.210,327,16,35,,
T,2026-04-14 10:37:02,53.47744761,-2.23995964,10.03,43.133,51.396,1.170,322,16,35,,
T,2026-04-14 10:37:03,53.47745679,-2.23996967,9.96,43.188,51.396,1.180,322,16,34,,
T,2026-04-14 10:37:04,53.47746612,-2.23997958,9.94,43.378,51.396,1.190,326,14,34,,
T,2026-04-14 10:37:05,53.47747607,-2.23998832,9.94,43.889,51.396,1.220,335,15,34,,
T,2026-04-14 10:37:06,53.47748559,-2.24000008,9.94,44.111,51.396,1.210,339,15,35,,
T,2026-04-14 10:37:07,53.47749845,-2.24000334,9.94,44.838,51.396,1.200,340,16,35,,
T,2026-04-14 10:37:08,53.47751115,-2.24000109,9.94,44.706,51.396,1.230,355,17,35,,
T,2026-04-14 10:37:09,53.47752378,-2.23999666,9.94,45.447,51.396,1.200,8,16,34,,
T,2026-04-14 10:37:10,53.47753435,-2.23999078,9.94,43.625,51.396,1.090,26,18,33,,
T,2026-04-14 10:37:11,53.47754673,-2.23999850,9.94,43.483,51.396,1.410,345,19,35,,
T,2026-04-14 10:37:12,53.47755513,-2.24001563,9.94,45.360,51.396,1.360,305,16,34,,
T,2026-04-14 10:37:13,53.47755539,-2.24002503,9.94,45.495,51.396,0.000,,16,33,,
T,2026-04-14 10:37:14,53.47755529,-2.24002441,9.94,45.670,51.396,0.000,,17,33,,
T,2026-04-14 10:37:15,53.47755483,-2.24002361,9.94,45.686,51.396,0.000,,16,33,,
T,2026-04-14 10:37:16,53.47755471,-2.24002340,9.94,45.691,51.396,0.000,,15,33,,
T,2026-04-14 10:37:17,53.47755694,-2.24002527,9.94,46.087,51.396,0.460,305,14,34,,
T,2026-04-14 10:37:18,53.47755855,-2.24002578,9.94,46.334,51.396,0.000,,12,34,,
T,2026-04-14 10:37:19,53.47755791,-2.24002330,9.94,46.972,51.396,0.000,,11,34,,
T,2026-04-14 10:37:20,53.47755785,-2.24002255,9.94,47.008,51.396,0.000,,10,34,,
T,2026-04-14 10:37:21,53.47755782,-2.24002235,9.94,47.013,51.396,0.000,,10,34,,
T,2026-04-14 10:37:22,53.47755780,-2.24002231,9.98,47.012,51.396,0.000,,10,34,,
T,2026-04-14 10:37:23,53.47755778,-2.24002230,9.98,47.013,51.396,0.000,,10,34,,
T,2026-04-14 10:37:24,53.47755775,-2.24002228,10.03,47.014,51.396,0.000,,11,34,,
T,2026-04-14 10:37:25,53.47755772,-2.24002227,9.94,47.014,51.396,0.000,,10,33,,
T,2026-04-14 10:37:26,53.47755769,-2.24002227,9.94,47.014,51.396,0.000,,18,33,,
T,2026-04-14 10:37:27,53.47755766,-2.24002227,9.94,47.018,51.396,0.000,,18,33,,
T,2026-04-14 10:37:28,53.47755764,-2.24002225,9.94,47.016,51.396,0.000,,18,33,,
T,2026-04-14 10:37:29,53.47755761,-2.24002224,9.94,47.014,51.396,0.000,,18,33,,
T,2026-04-14 10:37:30,53.47755760,-2.24002223,9.94,47.015,51.396,0.000,,18,33,,
T,2026-04-14 10:37:31,53.47755760,-2.24002223,9.94,47.014,51.396,0.000,,18,33,,
T,2026-04-14 10:37:32,53.47755759,-2.24002221,9.94,47.014,51.396,0.000,,10,33,,
T,2026-04-14 10:37:33,53.47755759,-2.24002221,9.94,47.016,51.396,0.000,,9,33,,
T,2026-04-14 10:37:34,53.47755758,-2.24002220,9.94,47.019,51.396,0.000,,9,33,,
T,2026-04-14 10:37:35,53.47755758,-2.24002219,9.94,47.019,51.396,0.000,,9,33,,
T,2026-04-14 10:37:36,53.47755756,-2.24002218,9.98,47.020,51.396,0.000,,9,31,,
T,2026-04-14 10:37:37,53.47755756,-2.24002218,9.94,47.023,51.396,0.000,,9,28,,
T,2026-04-14 10:37:38,53.47755700,-2.24002278,9.94,47.248,51.396,0.000,,18,26,,
T,2026-04-14 10:37:39,53.47755511,-2.24003034,10.26,46.308,51.396,0.340,305,20,27,,
T,2026-04-14 10:37:40,53.47756534,-2.24005128,9.94,47.993,51.396,1.460,316,20,28,,
T,2026-04-14 10:37:41,53.47757690,-2.24006190,9.94,48.909,51.396,1.290,338,22,32,,
T,2026-04-14 10:37:42,53.47759026,-2.24006622,9.94,48.161,51.396,1.210,338,24,32,,
T,2026-04-14 10:37:43,53.47760343,-2.24007612,9.94,48.574,51.396,1.220,323,28,33,,
T,2026-04-14 10:37:44,53.47761366,-2.24009004,9.94,48.672,51.396,1.240,308,26,33,,
T,2026-04-14 10:37:45,53.47762212,-2.24010642,9.94,48.407,51.397,1.250,308,26,34,,
T,2026-04-14 10:37:46,53.47763190,-2.24012261,9.94,47.903,51.397,1.330,325,28,34,,
T,2026-04-14 10:37:47,53.47763947,-2.24013971,9.94,47.964,51.397,1.210,312,29,34,,
T,2026-04-14 10:37:48,53.47764360,-2.24015950,9.94,47.927,51.397,1.080,302,28,34,,
T,2026-04-14 10:37:49,53.47764953,-2.24017856,9.94,48.279,51.397,1.260,304,29,35,,
T,2026-04-14 10:37:50,53.47765408,-2.24019529,9.94,48.630,51.397,1.100,298,28,35,,
T,2026-04-14 10:37:51,53.47765343,-2.24021018,9.94,50.298,51.397,0.980,267,28,35,,
T,2026-04-14 10:37:52,53.47765741,-2.24022493,9.94,50.864,51.397,1.250,296,27,35,,
T,2026-04-14 10:37:53,53.47766553,-2.24023580,9.94,51.117,51.397,1.280,317,28,35,,
T,2026-04-14 10:37:54,53.47767531,-2.24024648,9.94,51.483,51.397,1.340,326,28,35,,
T,2026-04-14 10:37:55,53.47768260,-2.24025876,9.94,51.383,51.397,1.140,313,25,35,,
T,2026-04-14 10:37:56,53.47769135,-2.24026892,9.94,51.394,51.397,1.150,327,26,35,,
T,2026-04-14 10:37:57,53.47770001,-2.24028246,9.94,50.762,51.397,1.160,313,25,35,,
T,2026-04-14 10:37:58,53.47770936,-2.24029284,9.94,50.868,51.397,1.160,328,23,33,,
T,2026-04-14 10:37:59,53.47771726,-2.24030709,9.94,51.066,51.397,1.180,311,22,34,,
T,2026-04-14 10:38:00,53.47772540,-2.24031972,9.94,51.283,51.397,1.140,318,21,33,,
T,2026-04-14 10:38:01,53.47773251,-2.24033409,9.94,51.291,51.397,1.150,311,23,33,,
T,2026-04-14 10:38:02,53.47774114,-2.24034615,9.94,51.471,51.397,1.150,318,25,33,,
T,2026-04-14 10:38:03,53.47775240,-2.24035528,9.94,50.810,51.397,1.210,333,25,33,,
T,2026-04-14 10:38:04,53.47776029,-2.24037403,9.94,50.823,51.397,1.380,300,24,34,,
T,2026-04-14 10:38:05,53.47776446,-2.24039248,9.94,50.599,51.397,1.210,282,26,34,,
T,2026-04-14 10:38:06,53.47777100,-2.24040817,9.94,50.357,51.397,1.210,302,26,34,,
T,2026-04-14 10:38:07,53.47778047,-2.24042412,9.94,48.883,51.397,1.370,314,26,35,,
T,2026-04-14 10:38:08,53.47778787,-2.24043623,9.94,46.939,51.397,1.140,311,27,36,,
T,2026-04-14 10:38:09,53.47779660,-2.24044887,9.94,46.475,51.397,1.210,322,27,36,,
T,2026-04-14 10:38:10,53.47780670,-2.24045860,9.94,45.362,51.397,1.230,329,23,35,,
T,2026-04-14 10:38:11,53.47781543,-2.24047284,9.94,46.524,51.397,1.240,319,22,36,,
T,2026-04-14 10:38:12,53.47782225,-2.24048990,9.94,45.282,51.397,1.190,304,26,36,,
T,2026-04-14 10:38:13,53.47782958,-2.24050438,9.94,45.059,51.397,1.140,308,26,36,,
T,2026-04-14 10:38:14,53.47783636,-2.24051947,9.96,44.799,51.397,1.120,306,24,36,,
T,2026-04-14 10:38:15,53.47784292,-2.24053432,10.31,44.699,51.397,1.140,307,24,35,,
T,2026-04-14 10:38:16,53.47785204,-2.24054893,10.53,44.552,51.397,1.250,317,24,35,,
T,2026-04-14 10:38:17,53.47785926,-2.24056440,10.15,43.060,51.397,1.150,308,23,34,,
T,2026-04-14 10:38:18,53.47786594,-2.24058122,10.84,42.670,51.397,1.170,302,24,35,,
T,2026-04-14 10:38:19,53.47787409,-2.24059714,10.96,42.632,51.397,1.180,309,25,35,,
T,2026-04-14 10:38:20,53.47788118,-2.24061397,10.95,42.359,51.398,1.180,308,26,35,,
T,2026-04-14 10:38:21,53.47789054,-2.24062787,10.60,42.341,51.398,1.220,321,26,35,,
T,2026-04-14 10:38:22,53.47790353,-2.24063390,10.14,43.331,51.398,1.290,344,25,35,,
T,2026-04-14 10:38:23,53.47791400,-2.24064710,9.94,43.708,51.398,1.250,324,25,35,,
T,2026-04-14 10:38:24,53.47792317,-2.24066073,9.94,44.272,51.398,1.180,323,23,34,,
T,2026-04-14 10:38:25,53.47793192,-2.24067341,9.94,44.401,51.398,1.180,324,23,34,,
T,2026-04-14 10:38:26,53.47794235,-2.24068065,9.94,44.392,51.398,1.100,335,22,34,,
T,2026-04-14 10:38:27,53.47795460,-2.24067071,9.94,42.262,51.398,1.490,33,22,35,,
T,2026-04-14 10:38:28,53.47798049,-2.24071770,9.94,41.743,51.398,4.630,317,21,35,,
T,2026-04-14 10:38:29,53.47797325,-2.24075318,9.94,44.430,51.398,1.940,258,20,35,,
T,2026-04-14 10:38:30,53.47797179,-2.24076855,9.94,45.233,51.398,1.260,277,20,35,,
T,2026-04-14 10:38:31,53.47797864,-2.24078080,9.94,47.044,51.398,1.320,308,20,35,,
T,2026-04-14 10:38:32,53.47798342,-2.24079359,9.94,47.783,51.398,1.150,295,21,35,,
T,2026-04-14 10:38:33,53.47799111,-2.24080526,9.94,47.998,51.398,1.210,315,20,35,,
T,2026-04-14 10:38:34,53.47799650,-2.24082044,9.94,47.836,51.398,1.230,299,18,35,,
T,2026-04-14 10:38:35,53.47800507,-2.24083229,9.94,47.337,51.398,1.260,321,20,35,,
T,2026-04-14 10:38:36,53.47801386,-2.24084496,9.94,47.340,51.398,1.340,321,19,35,,
T,2026-04-14 10:38:37,53.47802085,-2.24085717,9.94,47.473,51.398,1.130,314,19,34,,
T,2026-04-14 10:38:38,53.47802649,-2.24087063,9.94,48.409,51.398,1.090,319,19,34,,
T,2026-04-14 10:38:39,53.47803308,-2.24088387,9.94,48.335,51.398,1.070,317,19,35,,
T,2026-04-14 10:38:40,53.47803955,-2.24089735,9.94,47.670,51.398,1.120,314,20,36,,
T,2026-04-14 10:38:41,53.47804575,-2.24091018,9.94,47.568,51.398,1.080,313,19,35,,
T,2026-04-14 10:38:42,53.47805392,-2.24091960,9.94,46.966,51.398,1.100,324,21,35,,
T,2026-04-14 10:38:43,53.47806102,-2.24093115,9.94,47.091,51.398,1.110,314,21,35,,
T,2026-04-14 10:38:44,53.47806814,-2.24094340,10.11,47.210,51.398,1.060,311,21,35,,
T,2026-04-14 10:38:45,53.47807494,-2.24095580,10.15,47.210,51.398,1.080,312,23,35,,
T,2026-04-14 10:38:46,53.47808537,-2.24096608,10.16,47.059,51.398,1.290,327,22,34,,
T,2026-04-14 10:38:47,53.47809171,-2.24098171,10.35,47.584,51.398,1.200,304,21,35,,
T,2026-04-14 10:38:48,53.47809811,-2.24099503,10.35,47.405,51.398,1.170,314,21,35,,
T,2026-04-14 10:38:49,53.47810405,-2.24100993,10.27,47.409,51.398,1.140,315,19,35,,
T,2026-04-14 10:38:50,53.47810964,-2.24102955,9.94,47.211,51.398,1.350,299,18,35,,
T,2026-04-14 10:38:51,53.47811409,-2.24104575,9.94,46.359,51.398,1.100,286,16,35,,
T,2026-04-14 10:38:52,53.47812327,-2.24106094,9.94,44.938,51.398,1.180,311,15,35,,
T,2026-04-14 10:38:53,53.47813117,-2.24107633,9.94,44.578,51.398,1.120,318,16,35,,
T,2026-04-14 10:38:54,53.47813915,-2.24108914,10.11,44.410,51.398,1.120,312,16,34,,
T,2026-04-14 10:38:55,53.47814559,-2.24110341,10.11,43.835,51.398,1.170,296,16,35,,
T,2026-04-14 10:38:56,53.47815561,-2.24111330,10.02,43.291,51.398,1.260,324,16,35,,
T,2026-04-14 10:38:57,53.47816357,-2.24112413,10.00,43.184,51.399,1.150,314,16,36,,
T,2026-04-14 10:38:58,53.47817125,-2.24113615,9.94,43.614,51.399,1.190,322,16,36,,
T,2026-04-14 10:38:59,53.47817644,-2.24115374,10.06,44.331,51.399,1.250,296,16,36,,
T,2026-04-14 10:39:00,53.47818318,-2.24116887,10.00,43.817,51.399,1.180,307,15,36,,
T,2026-04-14 10:39:01,53.47819220,-2.24117960,9.94,44.249,51.399,1.190,325,15,36,,
T,2026-04-14 10:39:02,53.47819989,-2.24119270,9.94,44.498,51.399,1.150,311,17,36,,
T,2026-04-14 10:39:03,53.47821006,-2.24120129,9.94,45.083,51.399,1.200,330,18,36,,
T,2026-04-14 10:39:04,53.47821779,-2.24121735,9.94,44.162,51.399,1.220,313,18,36,,
T,2026-04-14 10:39:05,53.47822836,-2.24122638,9.94,43.986,51.399,1.260,337,20,36,,
T,2026-04-14 10:39:06,53.47823826,-2.24123463,9.97,43.865,51.399,1.150,332,21,36,,
T,2026-04-14 10:39:07,53.47824843,-2.24123951,10.30,44.057,51.399,1.140,340,21,36,,
T,2026-04-14 10:39:08,53.47825747,-2.24124747,10.25,44.271,51.399,1.150,322,20,36,,
T,2026-04-14 10:39:09,53.47826458,-2.24125866,9.94,43.961,51.399,1.140,306,20,35,,
T,2026-04-14 10:39:10,53.47827399,-2.24126187,9.94,45.038,51.399,1.490,347,20,35,,
T,2026-04-14 10:39:11,53.47827770,-2.24126094,9.94,44.837,51.399,0.000,,20,35,,
T,2026-04-14 10:39:12,53.47828168,-2.24127117,9.94,44.590,51.399,0.820,314,19,35,,
T,2026-04-14 10:39:13,53.47828997,-2.24128611,9.94,44.366,51.399,1.200,304,19,34,,
T,2026-04-14 10:39:14,53.47829405,-2.24130204,9.94,44.581,51.399,1.170,299,21,33,,
T,2026-04-14 10:39:15,53.47830077,-2.24131641,10.18,42.358,51.399,1.220,309,22,34,,
T,2026-04-14 10:39:16,53.47830600,-2.24133228,10.73,42.991,51.399,1.250,297,23,34,,
T,2026-04-14 10:39:17,53.47831366,-2.24134644,11.14,42.523,51.399,1.330,314,23,34,,
T,2026-04-14 10:39:18,53.47831687,-2.24136625,10.98,45.403,51.399,1.270,304,23,34,,
T,2026-04-14 10:39:19,53.47832102,-2.24138496,10.68,45.441,51.399,1.260,312,24,34,,
T,2026-04-14 10:39:20,53.47832610,-2.24140363,10.82,45.439,51.399,1.240,307,24,34,,
T,2026-04-14 10:39:21,53.47834450,-2.24140410,10.64,45.518,51.399,1.950,358,22,34,,
T,2026-04-14 10:39:22,53.47835681,-2.24140268,10.80,44.203,51.399,1.230,4,21,34,,
T,2026-04-14 10:39:23,53.47836752,-2.24139958,10.69,44.489,51.399,1.200,9,22,34,,
T,2026-04-14 10:39:24,53.47837750,-2.24139934,10.58,44.382,51.399,1.220,359,22,34,,
T,2026-04-14 10:39:25,53.47838714,-2.24140565,10.82,44.160,51.399,1.190,342,22,35,,
T,2026-04-14 10:39:26,53.47839528,-2.24142037,10.74,43.966,51.399,1.220,322,20,34,,
T,2026-04-14 10:39:27,53.47840153,-2.24143669,10.93,43.852,51.399,1.130,314,21,35,,
T,2026-04-14 10:39:28,53.47840617,-2.24146256,10.88,43.606,51.399,1.140,305,20,34,,
T,2026-04-14 10:39:29,53.47841540,-2.24148144,10.89,43.927,51.399,1.200,326,19,34,,
T,2026-04-14 10:39:30,53.47842253,-2.24149740,10.92,43.809,51.399,1.150,315,20,34,,
T,2026-04-14 10:39:31,53.47842851,-2.24151432,10.90,43.101,51.399,1.150,308,17,34,,
T,2026-04-14 10:39:32,53.47843534,-2.24152812,10.89,43.305,51.399,1.150,311,17,36,,
T,2026-04-14 10:39:33,53.47844290,-2.24154064,10.79,43.113,51.399,1.150,313,17,36,,
T,2026-04-14 10:39:34,53.47844450,-2.24158019,10.97,38.893,51.399,1.220,296,17,35,,
T,2026-04-14 10:39:35,53.47844941,-2.24160054,11.02,42.292,51.399,1.320,291,18,35,,
T,2026-04-14 10:39:36,53.47845547,-2.24161148,10.95,41.997,51.399,1.150,289,22,34,,
T,2026-04-14 10:39:37,53.47846382,-2.24162288,10.91,41.908,51.400,1.200,305,23,34,,
T,2026-04-14 10:39:38,53.47847429,-2.24163508,10.92,42.187,51.400,1.210,317,23,35,,
T,2026-04-14 10:39:39,53.47847922,-2.24165417,10.98,41.777,51.400,1.370,286,23,35,,
T,2026-04-14 10:39:40,53.47848815,-2.24166818,10.89,41.466,51.400,1.310,311,23,33,,
T,2026-04-14 10:39:41,53.47849745,-2.24167922,10.91,41.165,51.400,1.210,320,23,33,,
T,2026-04-14 10:39:42,53.47850631,-2.24169164,10.95,40.806,51.400,1.190,318,21,33,,
T,2026-04-14 10:39:43,53.47851538,-2.24170694,11.01,40.175,51.400,1.200,319,22,33,,
T,2026-04-14 10:39:44,53.47852425,-2.24172451,11.08,41.028,51.400,1.260,307,20,33,,
T,2026-04-14 10:39:45,53.47853093,-2.24174209,11.16,39.892,51.400,1.240,295,20,34,,
T,2026-04-14 10:39:46,53.47853914,-2.24176144,11.08,38.470,51.400,1.250,311,20,34,,
T,2026-04-14 10:39:47,53.47854678,-2.24177856,11.28,38.089,51.400,1.210,310,19,35,,
T,2026-04-14 10:39:48,53.47855407,-2.24179409,11.42,37.882,51.400,1.210,310,17,35,,
T,2026-04-14 10:39:49,53.47856298,-2.24180990,11.53,37.999,51.400,1.220,311,18,36,,
T,2026-04-14 10:39:50,53.47857272,-2.24182682,11.48,37.882,51.400,1.230,313,19,34,,
T,2026-04-14 10:39:51,53.47858270,-2.24184148,11.55,38.798,51.400,1.200,317,17,33,,
T,2026-04-14 10:39:52,53.47859161,-2.24185810,11.71,38.891,51.400,1.200,311,18,35,,
T,2026-04-14 10:39:53,53.47860013,-2.24187276,11.77,39.293,51.400,1.130,315,18,35,,
T,2026-04-14 10:39:54,53.47860784,-2.24188705,11.91,39.304,51.400,1.160,312,19,35,,
T,2026-04-14 10:39:55,53.47861217,-2.24190704,12.00,38.100,51.400,1.270,286,19,34,,
T,2026-04-14 10:39:56,53.47861949,-2.24192208,12.03,37.423,51.400,1.210,306,20,34,,
T,2026-04-14 10:39:57,53.47862824,-2.24193472,12.16,37.777,51.400,1.140,312,22,34,,
T,2026-04-14 10:39:58,53.47863408,-2.24194996,12.27,37.257,51.400,1.160,300,22,34,,
T,2026-04-14 10:39:59,53.47864068,-2.24196357,12.50,36.866,51.400,1.140,306,22,34,,
T,2026-04-14 10:40:00,53.47864922,-2.24197687,12.62,36.823,51.400,1.140,312,20,35,,
T,2026-04-14 10:40:01,53.47865719,-2.24199064,12.87,36.560,51.400,1.140,311,20,35,,
T,2026-04-14 10:40:02,53.47866347,-2.24200495,12.95,36.785,51.400,1.140,304,21,35,,
T,2026-04-14 10:40:03,53.47867194,-2.24201919,12.46,35.853,51.400,1.090,308,19,35,,
T,2026-04-14 10:40:04,53.47868147,-2.24203275,12.44,36.394,51.400,1.170,323,23,35,,
T,2026-04-14 10:40:05,53.47869004,-2.24204600,8.39,35.443,51.400,1.150,327,22,36,,
T,2026-04-14 10:40:06,53.47869792,-2.24205949,7.48,36.750,51.400,1.140,327,22,35,,
T,2026-04-14 10:40:07,53.47869737,-2.24209519,5.97,43.753,51.400,1.140,331,23,34,,
T,2026-04-14 10:40:08,53.47870253,-2.24210792,5.34,45.935,51.400,1.550,24,24,34,,
T,2026-04-14 10:40:09,53.47871197,-2.24213009,5.59,44.934,51.400,1.670,336,25,35,,
T,2026-04-14 10:40:10,53.47871983,-2.24214757,5.91,41.750,51.401,1.150,345,24,35,,
T,2026-04-14 10:40:11,53.47872312,-2.24218551,5.86,40.298,51.401,2.000,289,24,35,,
T,2026-04-14 10:40:12,53.47871184,-2.24221706,5.17,41.150,51.401,1.820,237,24,35,,
T,2026-04-14 10:40:13,53.47870529,-2.24223955,5.42,45.586,51.401,1.230,254,24,36,,
T,2026-04-14 10:40:14,53.47870246,-2.24226253,5.68,48.043,51.401,1.230,254,24,36,,
T,2026-04-14 10:40:15,53.47871492,-2.24228904,5.73,48.489,51.401,1.960,307,24,37,,
T,2026-04-14 10:40:16,53.47872374,-2.24230557,6.04,48.486,51.401,1.190,314,25,37,,
T,2026-04-14 10:40:17,53.47873519,-2.24231137,5.99,45.772,51.401,1.430,356,25,37,,
T,2026-04-14 10:40:18,53.47874521,-2.24231242,6.23,43.733,51.401,1.110,360,25,37,,
T,2026-04-14 10:40:19,53.47875516,-2.24230726,5.57,43.857,51.401,1.150,25,24,35,,
T,2026-04-14 10:40:20,53.47877026,-2.24232537,5.87,42.754,51.401,2.110,325,24,35,,
T,2026-04-14 10:40:21,53.47878472,-2.24232068,4.05,39.200,51.401,1.360,7,23,35,,
T,2026-04-14 10:40:22,53.47879620,-2.24233685,4.16,38.402,51.401,1.820,312,23,35,,
T,2026-04-14 10:40:23,53.47880165,-2.24234885,4.48,37.861,51.401,1.070,302,23,35,,
T,2026-04-14 10:40:24,53.47880604,-2.24236090,4.24,37.210,51.401,1.090,317,23,35,,
T,2026-04-14 10:40:25,53.47881008,-2.24237169,4.11,37.263,51.401,1.040,321,23,35,,
T,2026-04-14 10:40:26,53.47881372,-2.24238598,3.95,37.147,51.401,1.080,306,22,36,,
T,2026-04-14 10:40:27,53.47881810,-2.24240021,4.08,37.030,51.401,1.050,303,21,35,,
T,2026-04-14 10:40:28,53.47882419,-2.24241097,3.79,36.948,51.401,1.090,316,21,35,,
T,2026-04-14 10:40:29,53.47882986,-2.24242050,3.79,37.010,51.401,1.050,314,21,35,,
T,2026-04-14 10:40:30,53.47883285,-2.24243300,3.79,36.705,51.401,1.110,295,16,35,,
T,2026-04-14 10:40:31,53.47883480,-2.24244566,4.79,36.200,51.401,1.050,302,17,36,,
T,2026-04-14 10:40:32,53.47883080,-2.24246290,5.43,35.670,51.401,1.270,260,18,36,,
T,2026-04-14 10:40:33,53.47882864,-2.24247811,5.62,36.118,51.401,1.100,282,18,36,,
T,2026-04-14 10:40:34,53.47882624,-2.24249140,6.01,36.204,51.401,1.030,281,20,36,,
T,2026-04-14 10:40:35,53.47882329,-2.24250552,6.09,36.153,51.401,1.040,268,20,36,,
T,2026-04-14 10:40:36,53.47882592,-2.24252059,6.08,36.663,51.401,1.160,296,20,36,,
T,2026-04-14 10:40:37,53.47883249,-2.24253189,6.17,37.101,51.401,1.090,316,19,36,,
T,2026-04-14 10:40:38,53.47883899,-2.24254135,6.00,37.306,51.401,1.010,323,20,37,,
T,2026-04-14 10:40:39,53.47884457,-2.24255216,5.79,37.349,51.401,1.000,315,21,38,,
T,2026-04-14 10:40:40,53.47885122,-2.24256312,5.30,38.034,51.401,1.040,317,20,38,,
T,2026-04-14 10:40:41,53.47885832,-2.24257642,4.78,38.272,51.401,1.200,311,19,38,,
T,2026-04-14 10:40:42,53.47886648,-2.24258902,4.54,37.924,51.401,1.210,315,19,37,,
T,2026-04-14 10:40:43,53.47887392,-2.24260156,4.40,37.983,51.401,1.090,308,19,37,,
T,2026-04-14 10:40:44,53.47888182,-2.24261346,4.16,38.735,51.401,1.100,304,19,37,,
T,2026-04-14 10:40:45,53.47889067,-2.24262446,3.94,39.031,51.401,1.150,312,19,37,,
T,2026-04-14 10:40:46,53.47890055,-2.24263540,3.81,39.519,51.401,1.180,308,19,38,,
T,2026-04-14 10:40:47,53.47891079,-2.24264593,3.79,39.020,51.401,1.210,323,19,38,,
T,2026-04-14 10:40:48,53.47891880,-2.24266293,3.79,39.461,51.402,1.300,301,19,39,,
T,2026-04-14 10:40:49,53.47892955,-2.24267667,3.79,38.402,51.402,1.360,318,19,39,,
T,2026-04-14 10:40:50,53.47893793,-2.24269426,3.79,39.935,51.402,1.390,308,20,39,,
T,2026-04-14 10:40:51,53.47894586,-2.24270979,3.79,39.751,51.402,1.250,312,20,39,,
T,2026-04-14 10:40:52,53.47895146,-2.24272584,3.79,40.662,51.402,1.210,301,18,38,,
T,2026-04-14 10:40:53,53.47895820,-2.24274128,3.79,40.950,51.402,1.190,309,18,38,,
T,2026-04-14 10:40:54,53.47896509,-2.24275710,3.79,41.267,51.402,1.200,302,20,39,,
T,2026-04-14 10:40:55,53.47897281,-2.24277121,3.79,41.665,51.402,1.150,304,19,38,,
T,2026-04-14 10:40:56,53.47897851,-2.24278765,3.79,41.635,51.402,1.180,289,18,37,,
T,2026-04-14 10:40:57,53.47898539,-2.24280252,3.79,40.995,51.402,1.170,304,18,37,,
T,2026-04-14 10:40:58,53.47899383,-2.24281590,3.79,40.548,51.402,1.200,314,18,38,,
T,2026-04-14 10:40:59,53.47900156,-2.24282828,3.79,41.186,51.402,1.130,319,20,38,,
T,2026-04-14 10:41:00,53.47900796,-2.24283964,3.79,40.914,51.402,1.070,320,19,38,,
T,2026-04-14 10:41:01,53.47899629,-2.24287361,3.79,50.570,51.402,2.620,241,20,37,,
T,2026-04-14 10:41:02,53.47898721,-2.24288487,3.79,55.919,51.402,1.140,236,21,37,,
T,2026-04-14 10:41:03,53.47897914,-2.24289778,3.79,58.913,51.402,1.150,247,22,38,,
T,2026-04-14 10:41:04,53.47897606,-2.24291571,3.79,60.188,51.402,1.150,262,20,35,,
T,2026-04-14 10:41:05,53.47897825,-2.24293260,3.79,61.926,51.402,1.140,281,20,36,,
T,2026-04-14 10:41:06,53.47898214,-2.24294902,3.79,62.519,51.402,1.120,290,19,37,,
T,2026-04-14 10:41:07,53.47898825,-2.24296290,3.79,63.067,51.402,1.080,295,19,37,,
T,2026-04-14 10:41:08,53.47899866,-2.24297237,3.79,63.285,51.402,1.160,322,21,37,,
T,2026-04-14 10:41:09,53.47900764,-2.24298160,3.79,63.577,51.402,1.040,320,21,37,,
T,2026-04-14 10:41:10,53.47902652,-2.24297779,3.79,56.158,51.402,1.040,336,22,38,,
T,2026-04-14 10:41:11,53.47903806,-2.24298651,3.79,56.332,51.402,1.070,309,23,38,,
T,2026-04-14 10:41:12,53.47905001,-2.24298975,3.79,56.307,51.402,1.100,349,24,39,,
T,2026-04-14 10:41:13,53.47905810,-2.24299896,3.79,56.342,51.402,1.010,321,24,40,,
T,2026-04-14 10:41:14,53.47906312,-2.24301803,3.79,57.025,51.402,1.240,306,24,40,,
T,2026-04-14 10:41:15,53.47906552,-2.24304267,4.09,56.836,51.402,1.270,289,25,40,,
T,2026-04-14 10:41:16,53.47906822,-2.24306219,4.28,56.601,51.402,1.210,291,24,40,,
T,2026-04-14 10:41:17,53.47907125,-2.24308137,4.33,56.189,51.402,1.210,290,24,40,,
T,2026-04-14 10:41:18,53.47907590,-2.24309888,4.52,56.126,51.402,1.180,296,23,40,,
T,2026-04-14 10:41:19,53.47908409,-2.24311531,10.93,50.924,51.402,1.220,310,23,40,,
T,2026-04-14 10:41:20,53.47909215,-2.24312906,10.88,50.909,51.402,1.170,315,24,40,,
T,2026-04-14 10:41:21,53.47909506,-2.24315019,10.87,49.060,51.402,1.170,302,23,40,,
T,2026-04-14 10:41:22,53.47910104,-2.24316483,10.86,48.129,51.402,1.200,314,21,40,,
T,2026-04-14 10:41:23,53.47911050,-2.24317900,10.83,47.084,51.403,1.230,323,20,40,,
T,2026-04-14 10:41:24,53.47912061,-2.24319441,10.83,45.505,51.403,1.150,322,18,40,,
T,2026-04-14 10:41:25,53.47912978,-2.24320758,10.85,45.426,51.403,1.160,320,18,40,,
T,2026-04-14 10:41:26,53.47913912,-2.24322061,10.77,44.984,51.403,1.170,316,19,40,,
T,2026-04-14 10:41:27,53.47914795,-2.24323280,10.74,45.228,51.403,1.170,320,20,39,,
T,2026-04-14 10:41:28,53.47915818,-2.24324188,10.72,44.765,51.403,1.180,326,20,39,,
T,2026-04-14 10:41:29,53.47916772,-2.24325282,10.63,44.947,51.403,1.170,325,21,39,,
T,2026-04-14 10:41:30,53.47917701,-2.24326345,10.84,45.311,51.403,1.180,323,20,39,,
T,2026-04-14 10:41:31,53.47918497,-2.24327613,10.66,45.468,51.403,1.180,319,19,39,,
T,2026-04-14 10:41:32,53.47919237,-2.24328902,10.59,46.305,51.403,1.190,316,17,40,,
T,2026-04-14 10:41:33,53.47919976,-2.24330195,10.58,46.518,51.403,1.190,316,17,40,,
T,2026-04-14 10:41:34,53.47920754,-2.24331434,10.60,46.427,51.403,1.190,316,18,40,,
T,2026-04-14 10:41:35,53.47921558,-2.24332633,10.63,46.348,51.403,1.200,325,17,40,,
T,2026-04-14 10:41:36,53.47922303,-2.24333946,10.63,46.344,51.403,1.210,314,17,39,,
T,2026-04-14 10:41:37,53.47923084,-2.24335145,10.58,46.651,51.403,1.190,320,14,39,,
T,2026-04-14 10:41:38,53.47923843,-2.24336904,10.65,45.818,51.403,1.210,315,14,39,,
T,2026-04-14 10:41:39,53.47924628,-2.24338459,10.60,47.272,51.403,1.190,316,14,39,,
T,2026-04-14 10:41:40,53.47925449,-2.24339794,10.66,47.593,51.403,1.190,319,16,40,,
T,2026-04-14 10:41:41,53.47926063,-2.24341496,10.71,47.069,51.403,1.310,295,16,40,,
T,2026-04-14 10:41:42,53.47927003,-2.24342628,10.69,46.941,51.403,1.270,317,16,40,,
T,2026-04-14 10:41:43,53.47927762,-2.24343879,10.64,46.417,51.403,1.220,305,16,40,,
T,2026-04-14 10:41:44,53.47928576,-2.24345089,10.70,45.991,51.403,1.200,316,15,40,,
T,2026-04-14 10:41:45,53.47929370,-2.24346272,10.68,45.918,51.403,1.180,316,15,40,,
T,2026-04-14 10:41:46,53.47930206,-2.24347352,10.62,46.276,51.403,1.170,318,13,40,,
T,2026-04-14 10:41:47,53.47930975,-2.24348559,10.58,46.117,51.403,1.170,312,13,40,,
T,2026-04-14 10:41:48,53.47931963,-2.24349947,10.58,45.959,51.403,1.170,319,13,40,,
T,2026-04-14 10:41:49,53.47933040,-2.24350845,10.58,45.859,51.403,1.180,314,13,40,,
T,2026-04-14 10:41:50,53.47934231,-2.24351891,10.64,45.771,51.403,1.230,335,13,40,,
T,2026-04-14 10:41:51,53.47935205,-2.24353252,10.63,46.149,51.403,1.180,320,13,40,,
T,2026-04-14 10:41:52,53.47936271,-2.24354767,10.63,46.867,51.403,1.130,323,13,40,,
T,2026-04-14 10:41:53,53.47937180,-2.24356255,10.65,46.693,51.403,1.130,318,15,40,,
T,2026-04-14 10:41:54,53.47938085,-2.24358004,10.79,46.555,51.403,1.130,320,16,40,,
T,2026-04-14 10:41:55,53.47938904,-2.24359522,10.80,46.521,51.403,1.130,317,16,41,,
T,2026-04-14 10:41:56,53.47939799,-2.24361059,10.80,46.272,51.403,1.120,318,16,41,,
T,2026-04-14 10:41:57,53.47940142,-2.24363478,10.66,44.517,51.403,1.120,301,16,41,,
T,2026-04-14 10:41:58,53.47940165,-2.24365889,10.94,44.401,51.403,1.200,282,17,41,,
T,2026-04-14 10:41:59,53.47940735,-2.24367734,10.90,44.937,51.403,1.170,304,17,40,,
T,2026-04-14 10:42:00,53.47941315,-2.24369406,10.92,45.168,51.404,1.100,320,16,40,,
T,2026-04-14 10:42:01,53.47941971,-2.24370809,10.86,45.434,51.404,1.090,314,16,39,,
T,2026-04-14 10:42:02,53.47942806,-2.24372113,10.85,45.252,51.404,1.170,320,20,39,,
T,2026-04-14 10:42:03,53.47943760,-2.24373172,10.79,44.918,51.404,1.130,327,22,38,,
T,2026-04-14 10:42:04,53.47944667,-2.24374292,10.84,44.843,51.404,1.110,321,22,37,,
T,2026-04-14 10:42:05,53.47945615,-2.24375729,10.85,44.612,51.404,1.260,318,22,38,,
T,2026-04-14 10:42:06,53.47946611,-2.24377189,10.90,45.006,51.404,1.300,320,24,37,,
T,2026-04-14 10:42:07,53.47947469,-2.24378584,10.93,45.292,51.404,1.160,316,24,37,,
T,2026-04-14 10:42:08,53.47948575,-2.24379834,11.00,45.725,51.404,1.260,326,24,37,,
T,2026-04-14 10:42:09,53.47949430,-2.24381403,11.09,46.024,51.404,1.270,307,23,37,,
T,2026-04-14 10:42:10,53.47950367,-2.24382673,11.05,46.328,51.404,1.160,320,22,38,,
T,2026-04-14 10:42:11,53.47951198,-2.24383954,10.97,46.540,51.404,1.160,320,24,40,,
T,2026-04-14 10:42:12,53.47952157,-2.24385021,10.83,47.408,51.404,1.180,323,24,40,,
T,2026-04-14 10:42:13,53.47953256,-2.24385776,10.83,48.209,51.404,1.180,329,24,41,,
T,2026-04-14 10:42:14,53.47953998,-2.24387346,10.79,48.537,51.404,1.270,305,25,41,,
T,2026-04-14 10:42:15,53.47954979,-2.24388610,10.98,49.067,51.404,1.280,330,26,41,,
T,2026-04-14 10:42:16,53.47954641,-2.24392679,11.00,48.993,51.404,2.680,265,26,41,,
T,2026-04-14 10:42:17,53.47953953,-2.24394675,10.77,49.020,51.404,1.220,248,25,41,,
T,2026-04-14 10:42:18,53.47955552,-2.24395837,10.63,49.756,51.404,1.400,300,25,41,,
T,2026-04-14 10:42:19,53.47956490,-2.24397574,10.83,49.819,51.404,1.390,305,25,40,,
T,2026-04-14 10:42:20,53.47957624,-2.24399054,10.67,49.761,51.404,1.420,320,22,40,,
T,2026-04-14 10:42:21,53.47958853,-2.24399732,10.56,49.541,51.404,1.320,344,20,38,,
T,2026-04-14 10:42:22,53.47959844,-2.24399883,10.52,48.967,51.404,1.170,357,19,38,,
T,2026-04-14 10:42:23,53.47960392,-2.24400312,10.56,48.711,51.404,0.690,357,19,38,,
T,2026-04-14 10:42:24,53.47961289,-2.24401257,10.76,49.006,51.404,1.000,341,21,38,,
T,2026-04-14 10:42:25,53.47962153,-2.24402777,10.56,49.523,51.404,0.790,340,22,38,,
T,2026-04-14 10:42:26,53.47962893,-2.24404595,10.61,49.995,51.404,0.930,318,21,39,,
T,2026-04-14 10:42:27,53.47963715,-2.24406820,10.73,49.083,51.404,1.160,311,21,39,,
T,2026-04-14 10:42:28,53.47964208,-2.24409156,10.78,49.454,51.404,0.990,303,22,39,,
T,2026-04-14 10:42:29,53.47964664,-2.24411042,10.77,50.424,51.404,0.910,302,26,39,,
T,2026-04-14 10:42:30,53.47965416,-2.24412703,10.73,51.855,51.404,1.130,329,28,39,,
T,2026-04-14 10:42:31,53.47966252,-2.24413686,10.61,52.075,51.404,0.950,335,31,39,,
T,2026-04-14 10:42:32,53.47966967,-2.24414577,10.57,51.686,51.404,0.940,333,32,38,,
T,2026-04-14 10:42:33,53.47967663,-2.24415721,10.69,52.140,51.404,1.060,314,31,38,,
T,2026-04-14 10:42:34,53.47968479,-2.24416750,10.84,51.654,51.404,1.090,325,29,38,,
T,2026-04-14 10:42:35,53.47969285,-2.24417499,10.98,50.243,51.404,0.960,329,26,38,,
T,2026-04-14 10:42:36,53.47969967,-2.24418445,10.81,48.551,51.404,0.940,325,24,38,,
T,2026-04-14 10:42:37,53.47970656,-2.24419537,10.70,49.133,51.405,0.970,316,20,38,,
T,2026-04-14 10:42:38,53.47971293,-2.24422630,10.52,48.991,51.405,1.060,304,20,37,,
T,2026-04-14 10:42:39,53.47972084,-2.24424419,10.67,48.754,51.405,1.080,321,20,37,,
T,2026-04-14 10:42:40,53.47972769,-2.24425953,10.78,48.785,51.405,1.060,312,20,37,,
T,2026-04-14 10:42:41,53.47973513,-2.24427242,10.84,48.221,51.405,1.060,314,19,37,,
T,2026-04-14 10:42:42,53.47974323,-2.24428370,10.95,48.188,51.405,1.070,317,16,38,,
T,2026-04-14 10:42:43,53.47975031,-2.24429528,11.06,47.924,51.405,1.070,312,17,38,,
T,2026-04-14 10:42:44,53.47975760,-2.24430670,11.13,47.201,51.405,1.090,302,17,38,,
T,2026-04-14 10:42:45,53.47975930,-2.24432087,10.86,48.655,51.405,1.040,304,15,38,,
T,2026-04-14 10:42:46,53.47976145,-2.24433476,10.61,49.277,51.405,1.030,300,15,38,,
T,2026-04-14 10:42:47,53.47976969,-2.24434960,10.51,49.066,51.405,1.110,314,14,38,,
T,2026-04-14 10:42:48,53.47977768,-2.24436206,10.52,48.660,51.405,1.070,316,15,37,,
T,2026-04-14 10:42:49,53.47978549,-2.24437449,10.33,48.554,51.405,1.070,309,15,38,,
T,2026-04-14 10:42:50,53.47979474,-2.24438792,10.44,48.525,51.405,1.070,300,15,37,,
T,2026-04-14 10:42:51,53.47980439,-2.24440606,10.34,48.623,51.405,1.120,295,14,37,,
T,2026-04-14 10:42:52,53.47981226,-2.24442321,10.25,49.120,51.405,1.110,293,14,37,,
T,2026-04-14 10:42:53,53.47982163,-2.24443810,10.16,49.272,51.405,1.160,305,12,38,,
T,2026-04-14 10:42:54,53.47982809,-2.24445741,9.94,49.546,51.405,1.150,285,13,39,,
T,2026-04-14 10:42:55,53.47983105,-2.24447729,9.94,49.929,51.405,1.170,278,11,39,,
T,2026-04-14 10:42:56,53.47983555,-2.24449585,9.94,49.607,51.405,1.190,288,11,39,,
T,2026-04-14 10:42:57,53.47984347,-2.24454029,10.28,51.256,51.405,1.320,308,12,38,,
T,2026-04-14 10:42:58,53.47985044,-2.24457169,10.31,50.627,51.405,1.300,297,13,38,,
T,2026-04-14 10:42:59,53.47985865,-2.24459382,10.42,50.473,51.405,1.300,307,14,38,,
T,2026-04-14 10:43:00,53.47986392,-2.24462103,10.42,50.849,51.405,1.320,295,15,38,,
T,2026-04-14 10:43:01,53.47987038,-2.24464369,10.43,51.327,51.405,1.340,295,16,39,,
T,2026-04-14 10:43:02,53.47987464,-2.24466356,10.38,51.407,51.405,1.340,289,16,38,,
T,2026-04-14 10:43:03,53.47988417,-2.24468129,10.37,51.388,51.405,1.420,306,18,38,,
T,2026-04-14 10:43:04,53.47989206,-2.24469914,10.32,51.381,51.405,1.360,298,16,38,,
T,2026-04-14 10:43:05,53.47989919,-2.24471615,10.26,51.463,51.406,1.350,298,16,38,,
T,2026-04-14 10:43:06,53.47990111,-2.24473993,10.26,51.677,51.406,1.350,285,17,38,,
T,2026-04-14 10:43:07,53.47990650,-2.24470740,10.06,47.645,51.405,1.150,288,17,38,,
T,2026-04-14 10:43:08,53.47991512,-2.24469930,10.19,47.817,51.405,1.240,303,21,38,,
T,2026-04-14 10:43:09,53.47992324,-2.24470362,10.37,47.763,51.405,1.200,307,21,37,,
T,2026-04-14 10:43:10,53.47992957,-2.24471426,10.62,47.907,51.406,1.210,299,22,38,,
T,2026-04-14 10:43:11,53.47993775,-2.24471178,10.42,47.436,51.406,1.200,311,22,37,,
T,2026-04-14 10:43:12,53.47994220,-2.24472205,10.44,47.418,51.406,1.220,298,23,37,,
T,2026-04-14 10:43:13,53.47995232,-2.24473280,10.48,46.606,51.406,1.240,308,23,38,,
T,2026-04-14 10:43:14,53.47995867,-2.24474044,10.48,46.562,51.406,1.150,309,21,38,,
T,2026-04-14 10:43:15,53.47996495,-2.24475357,10.56,46.460,51.406,1.200,303,19,38,,
T,2026-04-14 10:43:16,53.47997044,-2.24476669,10.57,46.597,51.406,1.140,301,19,37,,
T,2026-04-14 10:43:17,53.47997579,-2.24478444,10.59,46.507,51.406,1.220,299,19,37,,
T,2026-04-14 10:43:18,53.47998102,-2.24479747,10.63,46.915,51.406,1.120,306,19,37,,
T,2026-04-14 10:43:19,53.47998766,-2.24481170,10.69,47.205,51.406,1.150,309,20,37,,
T,2026-04-14 10:43:20,53.47999324,-2.24482745,10.74,47.393,51.406,1.140,301,19,37,,
T,2026-04-14 10:43:21,53.47999835,-2.24484219,10.75,46.079,51.406,1.100,292,19,37,,
T,2026-04-14 10:43:22,53.48000180,-2.24485592,10.79,45.522,51.406,1.120,287,19,38,,
T,2026-04-14 10:43:23,53.48000229,-2.24487575,10.84,45.914,51.406,1.150,284,19,38,,
T,2026-04-14 10:43:24,53.48000543,-2.24489110,10.87,46.169,51.406,1.120,299,19,38,,
T,2026-04-14 10:43:25,53.48000966,-2.24490555,10.89,45.878,51.406,1.110,296,18,37,,
T,2026-04-14 10:43:26,53.48001314,-2.24491973,11.01,45.812,51.406,1.140,297,18,37,,
T,2026-04-14 10:43:27,53.48001595,-2.24493305,11.01,45.627,51.406,1.090,294,19,37,,
T,2026-04-14 10:43:28,53.48002262,-2.24494586,10.86,45.789,51.406,1.280,311,19,37,,
T,2026-04-14 10:43:29,53.48002624,-2.24496251,11.01,46.039,51.406,1.140,295,19,37,,
T,2026-04-14 10:43:30,53.48002843,-2.24498058,10.98,45.437,51.406,1.160,287,19,37,,
T,2026-04-14 10:43:31,53.48002836,-2.24499581,11.06,46.347,51.406,1.060,273,20,37,,
T,2026-04-14 10:43:32,53.48003458,-2.24501069,10.99,46.654,51.406,1.370,308,20,37,,
T,2026-04-14 10:43:33,53.48004046,-2.24502411,11.00,47.045,51.406,1.180,303,20,37,,
T,2026-04-14 10:43:34,53.48004956,-2.24503495,10.93,46.918,51.406,1.250,314,20,37,,
T,2026-04-14 10:43:35,53.48005825,-2.24504412,10.96,47.877,51.406,1.150,312,20,37,,
T,2026-04-14 10:43:36,53.48006435,-2.24505502,10.96,47.480,51.406,1.150,300,20,37,,
T,2026-04-14 10:43:37,53.48006185,-2.24504786,10.91,48.828,51.406,0.690,238,20,36,,
T,2026-04-14 10:43:38,53.48005684,-2.24504920,10.89,51.361,51.406,1.040,232,19,36,,
T,2026-04-14 10:43:39,53.48005381,-2.24506046,10.89,51.745,51.406,0.780,258,19,38,,
T,2026-04-14 10:43:40,53.48005233,-2.24506852,10.95,52.329,51.406,0.520,257,19,37,,
T,2026-04-14 10:43:41,53.48005186,-2.24506807,10.95,52.320,51.406,0.000,,19,37,,
T,2026-04-14 10:43:42,53.48005189,-2.24506731,4.83,52.284,51.406,0.000,,19,38,,
T,2026-04-14 10:43:43,53.48005181,-2.24506632,4.97,52.216,51.406,0.000,,21,38,,
T,2026-04-14 10:43:44,53.48005190,-2.24506559,5.08,52.165,51.406,0.000,,22,38,,
T,2026-04-14 10:43:45,53.48005185,-2.24506625,5.22,52.280,51.406,0.000,,22,38,,
T,2026-04-14 10:43:46,53.48005183,-2.24506638,5.27,52.276,51.406,0.000,,22,39,,
T,2026-04-14 10:43:47,53.48005182,-2.24506535,5.37,52.153,51.406,0.000,,22,39,,
T,2026-04-14 10:43:48,53.48005179,-2.24506475,5.44,52.180,51.406,0.000,,22,39,,
T,2026-04-14 10:43:49,53.48005177,-2.24506442,5.52,52.196,51.406,0.000,,20,39,,
T,2026-04-14 10:43:50,53.48005176,-2.24506424,5.57,52.212,51.406,0.000,,20,39,,
T,2026-04-14 10:43:51,53.48005174,-2.24506418,5.55,52.217,51.406,0.000,,20,39,,
T,2026-04-14 10:43:52,53.48005171,-2.24506399,5.51,52.232,51.406,0.000,,20,38,,
T,2026-04-14 10:43:53,53.48005170,-2.24506395,5.50,52.232,51.406,0.000,,20,39,,
T,2026-04-14 10:43:54,53.48005158,-2.24506412,5.44,52.243,51.406,0.000,,19,39,,
T,2026-04-14 10:43:55,53.48004825,-2.24507225,5.88,51.547,51.406,1.030,238,19,39,,
T,2026-04-14 10:43:56,53.48004404,-2.24507925,6.46,49.049,51.406,1.420,235,21,38,,
T,2026-04-14 10:43:57,53.48004460,-2.24507915,4.84,47.765,51.406,1.310,261,20,38,,
T,2026-04-14 10:43:58,53.48003819,-2.24508296,4.85,47.211,51.406,1.270,235,22,37,,
T,2026-04-14 10:43:59,53.48003167,-2.24508447,4.29,45.824,51.406,1.190,231,23,37,,
T,2026-04-14 10:44:00,53.48002310,-2.24508945,4.04,45.100,51.406,1.300,221,23,37,,
T,2026-04-14 10:44:01,53.48001274,-2.24509516,3.83,45.404,51.406,1.210,218,23,37,,
T,2026-04-14 10:44:02,53.48000322,-2.24510058,3.79,44.901,51.406,1.220,216,23,37,,
T,2026-04-14 10:44:03,53.47999228,-2.24510626,3.79,44.400,51.406,1.320,208,22,37,,
T,2026-04-14 10:44:04,53.47998202,-2.24511580,3.80,44.943,51.406,1.330,216,22,38,,
T,2026-04-14 10:44:05,53.47997259,-2.24512609,3.90,45.479,51.406,1.230,221,21,38,,
T,2026-04-14 10:44:06,53.47996332,-2.24513496,4.03,45.202,51.406,1.160,224,21,39,,
T,2026-04-14 10:44:07,53.47995520,-2.24514416,4.19,45.385,51.406,1.130,223,21,39,,
T,2026-04-14 10:44:08,53.47994632,-2.24515552,4.35,45.704,51.406,1.180,230,21,39,,
T,2026-04-14 10:44:09,53.47993731,-2.24516557,4.56,45.940,51.406,1.170,218,20,39,,
T,2026-04-14 10:44:10,53.47993275,-2.24518175,4.14,45.961,51.406,1.210,241,21,37,,
T,2026-04-14 10:44:11,53.47993005,-2.24519727,3.84,46.621,51.406,1.090,248,21,38,,
T,2026-04-14 10:44:12,53.47993480,-2.24521230,3.79,44.394,51.406,1.360,299,23,39,,
T,2026-04-14 10:44:13,53.47991272,-2.24524552,3.79,43.272,51.406,4.270,222,24,39,,
T,2026-04-14 10:44:14,53.47989349,-2.24521903,3.79,42.454,51.406,2.950,151,25,39,,
T,2026-04-14 10:44:15,53.47990190,-2.24519157,3.79,41.209,51.406,0.000,,24,38,,
T,2026-04-14 10:44:16,53.47990843,-2.24517812,3.85,41.093,51.406,0.000,,24,38,,
T,2026-04-14 10:44:17,53.47991004,-2.24517439,3.98,41.046,51.406,0.000,,25,39,,
T,2026-04-14 10:44:18,53.47991253,-2.24517296,4.18,41.006,51.406,0.000,,25,39,,
T,2026-04-14 10:44:19,53.47991403,-2.24517183,4.03,40.994,51.406,0.000,,25,39,,
T,2026-04-14 10:44:20,53.47991214,-2.24516746,4.07,40.710,51.406,0.530,123,25,38,,
T,2026-04-14 10:44:21,53.47991025,-2.24516415,3.96,40.585,51.406,0.430,123,25,39,,
T,2026-04-14 10:44:22,53.47991316,-2.24516173,3.97,40.531,51.406,0.000,,25,39,,
T,2026-04-14 10:44:23,53.47991404,-2.24516088,3.79,40.531,51.406,0.000,,25,38,,
T,2026-04-14 10:44:24,53.47991425,-2.24516102,3.79,40.579,51.406,0.000,,23,38,,
T,2026-04-14 10:44:25,53.47991429,-2.24516112,3.79,40.591,51.406,0.000,,23,38,,
T,2026-04-14 10:44:26,53.47991409,-2.24515601,3.81,40.276,51.406,0.390,123,22,38,,
T,2026-04-14 10:44:27,53.47991446,-2.24515335,3.79,40.171,51.406,0.000,,21,38,,
T,2026-04-14 10:44:28,53.47991470,-2.24515284,3.87,40.218,51.406,0.000,,22,38,,
T,2026-04-14 10:44:29,53.47991485,-2.24515260,3.89,40.210,51.406,0.000,,22,38,,
T,2026-04-14 10:44:30,53.47991495,-2.24515242,3.95,40.205,51.406,0.000,,22,37,,
T,2026-04-14 10:44:31,53.47991497,-2.24515225,4.02,40.205,51.406,0.000,,22,37,,
T,2026-04-14 10:44:32,53.47991500,-2.24515214,4.14,40.188,51.406,0.000,,22,37,,
T,2026-04-14 10:44:33,53.47991702,-2.24514919,3.97,39.716,51.406,0.210,123,21,37,,
T,2026-04-14 10:44:34,53.47991919,-2.24514862,3.97,39.708,51.406,0.000,,21,37,,
T,2026-04-14 10:44:35,53.47991971,-2.24514850,4.07,39.706,51.406,0.000,,21,37,,
T,2026-04-14 10:44:36,53.47991990,-2.24514832,4.06,39.724,51.406,0.000,,22,37,,
T,2026-04-14 10:44:37,53.47991996,-2.24514826,4.09,39.724,51.406,0.000,,23,37,,
T,2026-04-14 10:44:38,53.47992011,-2.24514803,4.09,39.717,51.406,0.000,,23,37,,
T,2026-04-14 10:44:39,53.47992029,-2.24514824,3.88,39.676,51.406,0.000,,24,37,,
T,2026-04-14 10:44:40,53.47992036,-2.24514831,3.79,39.664,51.406,0.000,,24,37,,
T,2026-04-14 10:44:41,53.47992026,-2.24514811,3.79,39.640,51.406,0.000,,24,37,,
T,2026-04-14 10:44:42,53.47992196,-2.24515303,3.79,39.689,51.406,0.430,123,24,37,,
T,2026-04-14 10:44:43,53.47992073,-2.24515886,3.79,39.740,51.406,0.420,123,23,37,,
T,2026-04-14 10:44:44,53.47991928,-2.24516593,3.79,39.791,51.406,0.460,123,23,37,,
T,2026-04-14 10:44:45,53.47991767,-2.24517036,3.79,39.975,51.406,0.380,123,22,37,,
T,2026-04-14 10:44:46,53.47991784,-2.24516930,3.84,39.939,51.406,0.000,,22,37,,
T,2026-04-14 10:44:47,53.47992024,-2.24516620,4.17,39.583,51.406,0.200,123,22,38,,
T,2026-04-14 10:44:48,53.47992282,-2.24516367,3.79,39.579,51.406,0.000,,22,38,,
T,2026-04-14 10:44:49,53.47992341,-2.24516312,3.79,39.575,51.406,0.000,,21,38,,
T,2026-04-14 10:44:50,53.47992357,-2.24516298,3.79,39.574,51.406,0.000,,21,38,,
T,2026-04-14 10:44:51,53.47992362,-2.24516295,3.79,39.573,51.406,0.000,,22,39,,
T,2026-04-14 10:44:52,53.47992377,-2.24516270,3.79,39.557,51.406,0.000,,23,40,,
T,2026-04-14 10:44:53,53.47992397,-2.24516248,3.79,39.543,51.406,0.000,,24,40,,
T,2026-04-14 10:44:54,53.47992443,-2.24516220,3.79,39.329,51.406,0.000,,24,40,,
T,2026-04-14 10:44:55,53.47992429,-2.24516245,3.79,39.340,51.406,0.000,,24,40,,
T,2026-04-14 10:44:56,53.47992428,-2.24516248,3.79,39.336,51.406,0.000,,24,40,,
T,2026-04-14 10:44:57,53.47992430,-2.24516249,3.79,39.333,51.406,0.000,,24,40,,
T,2026-04-14 10:44:58,53.47992431,-2.24516244,3.79,39.330,51.406,0.000,,24,40,,
T,2026-04-14 10:44:59,53.47992433,-2.24516241,3.79,39.328,51.406,0.000,,21,39,,
T,2026-04-14 10:45:00,53.47992435,-2.24516237,3.79,39.325,51.406,0.000,,21,39,,
T,2026-04-14 10:45:01,53.47992437,-2.24516237,3.79,39.322,51.406,0.000,,21,39,,
T,2026-04-14 10:45:02,53.47992450,-2.24516167,3.79,39.272,51.406,0.000,,21,38,,
T,2026-04-14 10:45:03,53.47992473,-2.24516110,3.79,39.210,51.406,0.000,,23,38,,
T,2026-04-14 10:45:04,53.47992482,-2.24516080,3.79,39.176,51.406,0.000,,23,38,,
T,2026-04-14 10:45:05,53.47992481,-2.24516078,3.79,39.192,51.406,0.000,,23,38,,
T,2026-04-14 10:45:06,53.47992487,-2.24516068,3.79,39.211,51.406,0.000,,23,37,,
T,2026-04-14 10:45:07,53.47992519,-2.24516049,3.79,39.181,51.406,0.000,,22,37,,
T,2026-04-14 10:45:08,53.47992531,-2.24516043,3.79,39.177,51.406,0.000,,23,37,,
T,2026-04-14 10:45:09,53.47992566,-2.24516026,3.79,39.148,51.406,0.000,,22,37,,
T,2026-04-14 10:45:10,53.47992601,-2.24516016,3.79,39.129,51.406,0.000,,24,38,,
T,2026-04-14 10:45:11,53.47992994,-2.24516983,3.79,38.733,51.406,0.780,320,24,38,,
T,2026-04-14 10:45:12,53.47993388,-2.24518193,3.79,38.852,51.406,0.730,291,24,37,,
T,2026-04-14 10:45:13,53.47993943,-2.24519841,3.79,38.889,51.406,1.060,296,24,38,,
T,2026-04-14 10:45:14,53.47994554,-2.24521620,3.79,39.005,51.406,0.990,297,25,39,,
T,2026-04-14 10:45:15,53.47992943,-2.24524561,3.79,40.406,51.406,3.020,224,28,40,,
T,2026-04-14 10:45:16,53.47992173,-2.24524689,3.79,41.230,51.406,1.140,267,27,40,,
T,2026-04-14 10:45:17,53.47993266,-2.24526892,3.79,40.995,51.407,1.070,296,27,40,,
T,2026-04-14 10:45:18,53.47993624,-2.24529223,3.79,41.401,51.407,1.030,273,26,40,,
T,2026-04-14 10:45:19,53.47993534,-2.24530972,3.79,41.031,51.407,0.970,257,26,40,,
T,2026-04-14 10:45:20,53.47993254,-2.24532305,3.94,40.839,51.407,0.940,251,26,40,,
T,2026-04-14 10:45:21,53.47992747,-2.24533365,4.08,40.834,51.407,0.950,238,25,40,,
T,2026-04-14 10:45:22,53.47992078,-2.24534255,4.16,41.055,51.407,0.940,227,25,39,,
T,2026-04-14 10:45:23,53.47991616,-2.24535204,4.27,41.264,51.407,0.880,240,24,39,,
T,2026-04-14 10:45:24,53.47991119,-2.24536193,4.42,41.589,51.407,0.930,239,22,39,,
T,2026-04-14 10:45:25,53.47990223,-2.24536936,4.49,41.713,51.407,1.070,210,20,38,,
T,2026-04-14 10:45:26,53.47989525,-2.24537930,4.64,41.919,51.407,1.000,227,20,38,,
T,2026-04-14 10:45:27,53.47988640,-2.24538356,4.85,41.503,51.407,1.020,204,18,38,,
T,2026-04-14 10:45:28,53.47987834,-2.24538943,4.78,40.692,51.407,0.950,209,17,38,,
T,2026-04-14 10:45:29,53.47987356,-2.24539702,4.73,40.233,51.407,1.040,230,18,38,,
T,2026-04-14 10:45:30,53.47986869,-2.24540488,4.69,40.404,51.407,0.960,234,18,38,,
T,2026-04-14 10:45:31,53.47986016,-2.24540980,4.78,40.426,51.407,0.990,216,19,38,,
T,2026-04-14 10:45:32,53.47985276,-2.24541580,5.06,40.196,51.407,0.950,224,19,38,,
T,2026-04-14 10:45:33,53.47984561,-2.24542414,5.23,40.055,51.407,0.990,225,19,38,,
T,2026-04-14 10:45:34,53.47983817,-2.24542984,5.47,40.064,51.407,0.990,212,19,38,,
T,2026-04-14 10:45:35,53.47983200,-2.24543995,5.46,39.884,51.407,1.050,233,18,37,,
T,2026-04-14 10:45:36,53.47982730,-2.24545083,5.50,40.236,51.407,1.010,243,19,37,,
T,2026-04-14 10:45:37,53.47981776,-2.24545667,5.65,40.091,51.407,1.160,210,17,37,,
T,2026-04-14 10:45:38,53.47980929,-2.24546241,5.36,40.221,51.407,1.000,212,19,37,,
T,2026-04-14 10:45:39,53.47980077,-2.24546726,5.10,40.225,51.407,0.990,206,19,37,,
T,2026-04-14 10:45:40,53.47979272,-2.24547383,5.11,39.956,51.407,1.000,217,19,37,,
T,2026-04-14 10:45:41,53.47978409,-2.24548168,4.97,39.770,51.407,1.000,219,18,37,,
T,2026-04-14 10:45:42,53.47977703,-2.24549004,4.82,39.559,51.407,1.000,226,18,37,,
T,2026-04-14 10:45:43,53.47977021,-2.24550109,4.64,39.563,51.407,1.040,239,19,37,,
T,2026-04-14 10:45:44,53.47976219,-2.24550985,10.82,39.364,51.407,1.030,224,21,38,,
T,2026-04-14 10:45:45,53.47975502,-2.24552022,10.73,39.432,51.407,1.080,240,21,38,,
T,2026-04-14 10:45:46,53.47974371,-2.24552515,10.71,39.525,51.407,1.190,214,21,38,,
T,2026-04-14 10:45:47,53.47973219,-2.24552977,10.78,40.063,51.407,1.010,215,21,38,,
T,2026-04-14 10:45:48,53.47972096,-2.24553360,10.75,40.127,51.407,1.040,214,21,38,,
T,2026-04-14 10:45:49,53.47971070,-2.24554021,10.69,40.718,51.407,1.020,217,20,38,,
T,2026-04-14 10:45:50,53.47970131,-2.24554620,10.68,40.897,51.407,1.020,206,20,38,,
T,2026-04-14 10:45:51,53.47968927,-2.24555253,10.57,40.231,51.407,0.990,205,20,39,,
T,2026-04-14 10:45:52,53.47967682,-2.24556114,10.52,40.289,51.407,1.070,205,20,39,,
T,2026-04-14 10:45:53,53.47966499,-2.24557350,10.55,39.772,51.407,1.080,218,20,39,,
T,2026-04-14 10:45:54,53.47965310,-2.24558577,10.52,38.987,51.407,1.040,215,21,39,,
T,2026-04-14 10:45:55,53.47964166,-2.24559422,10.52,38.553,51.407,1.060,202,25,39,,
T,2026-04-14 10:45:56,53.47963052,-2.24560342,10.49,38.513,51.407,1.050,211,25,38,,
T,2026-04-14 10:45:57,53.47961831,-2.24560874,10.49,38.012,51.407,1.060,195,25,38,,
T,2026-04-14 10:45:58,53.47960628,-2.24561556,10.50,37.568,51.407,1.020,198,25,38,,
T,2026-04-14 10:45:59,53.47959443,-2.24561674,10.55,37.024,51.407,1.050,178,26,38,,
T,2026-04-14 10:46:00,53.47958385,-2.24562467,10.42,36.932,51.407,1.100,205,26,40,,
T,2026-04-14 10:46:01,53.47957175,-2.24561711,10.52,35.527,51.407,1.470,152,25,40,,
T,2026-04-14 10:46:02,53.47956047,-2.24562413,10.54,35.094,51.407,1.320,193,26,39,,
T,2026-04-14 10:46:03,53.47955273,-2.24563490,10.68,35.200,51.407,1.050,214,27,39,,
T,2026-04-14 10:46:04,53.47954508,-2.24564360,10.89,35.238,51.407,0.980,208,27,39,,
T,2026-04-14 10:46:05,53.47953629,-2.24564928,10.87,35.008,51.407,1.000,198,26,38,,
T,2026-04-14 10:46:06,53.47952750,-2.24565650,10.93,35.121,51.407,1.020,207,25,38,,
T,2026-04-14 10:46:07,53.47951807,-2.24566172,11.01,35.069,51.407,1.020,196,25,38,,
T,2026-04-14 10:46:08,53.47950837,-2.24566897,10.78,34.810,51.407,0.980,205,23,38,,
T,2026-04-14 10:46:09,53.47949934,-2.24567782,11.04,34.847,51.407,0.980,209,23,38,,
T,2026-04-14 10:46:10,53.47949209,-2.24569126,11.17,35.035,51.407,1.070,233,22,38,,
T,2026-04-14 10:46:11,53.47948310,-2.24569954,11.35,34.972,51.407,1.030,214,20,38,,
T,2026-04-14 10:46:12,53.47947560,-2.24571073,11.36,35.167,51.407,1.020,232,20,38,,
T,2026-04-14 10:46:13,53.47946371,-2.24571404,11.44,34.967,51.407,1.300,191,19,38,,
T,2026-04-14 10:46:14,53.47945495,-2.24572238,11.51,34.840,51.407,1.030,211,18,38,,
T,2026-04-14 10:46:15,53.47944730,-2.24572997,11.40,34.756,51.407,0.940,208,20,38,,
T,2026-04-14 10:46:16,53.47943688,-2.24573627,10.80,34.431,51.407,0.980,206,20,38,,
T,2026-04-14 10:46:17,53.47942729,-2.24574519,10.96,33.970,51.407,1.060,217,20,38,,
T,2026-04-14 10:46:18,53.47942027,-2.24575780,11.15,34.045,51.407,1.040,235,20,38,,
T,2026-04-14 10:46:19,53.47940414,-2.24575885,10.68,33.686,51.407,1.490,188,21,38,,
T,2026-04-14 10:46:20,53.47939427,-2.24576447,10.86,33.587,51.407,1.060,211,21,38,,
T,2026-04-14 10:46:21,53.47938536,-2.24577090,10.92,32.767,51.407,1.030,208,21,38,,
T,2026-04-14 10:46:22,53.47937667,-2.24577795,11.01,32.562,51.407,1.020,207,20,39,,
T,2026-04-14 10:46:23,53.47936705,-2.24578192,11.07,32.281,51.407,1.020,194,21,38,,
T,2026-04-14 10:46:24,53.47935783,-2.24578933,11.04,32.367,51.407,1.010,202,22,38,,
T,2026-04-14 10:46:25,53.47935023,-2.24579838,11.08,32.342,51.407,1.030,213,20,38,,
T,2026-04-14 10:46:26,53.47934138,-2.24580504,11.31,31.858,51.407,1.010,208,18,37,,
T,2026-04-14 10:46:27,53.47933271,-2.24581632,10.66,31.980,51.407,1.080,227,20,37,,
T,2026-04-14 10:46:28,53.47932101,-2.24582143,10.68,31.885,51.407,1.180,198,21,37,,
T,2026-04-14 10:46:29,53.47931082,-2.24582749,10.68,31.868,51.407,1.030,206,20,37,,
T,2026-04-14 10:46:30,53.47930086,-2.24583178,10.87,31.844,51.407,1.020,200,19,37,,
T,2026-04-14 10:46:31,53.47928943,-2.24583712,10.64,31.285,51.407,1.030,202,19,36,,
T,2026-04-14 10:46:32,53.47927863,-2.24584443,10.70,31.180,51.407,1.050,207,21,36,,
T,2026-04-14 10:46:33,53.47926867,-2.24584945,10.65,31.094,51.407,1.050,199,21,36,,
T,2026-04-14 10:46:34,53.47925598,-2.24585379,10.68,30.752,51.407,1.110,201,20,36,,
T,2026-04-14 10:46:35,53.47924348,-2.24586043,10.77,30.841,51.407,1.050,202,20,36,,
T,2026-04-14 10:46:36,53.47923231,-2.24586978,10.83,30.622,51.407,1.080,208,23,36,,
T,2026-04-14 10:46:37,53.47922116,-2.24587832,10.88,30.499,51.407,1.070,206,23,36,,
T,2026-04-14 10:46:38,53.47921177,-2.24588860,10.77,29.997,51.407,1.080,215,24,36,,
T,2026-04-14 10:46:39,53.47920210,-2.24589615,10.70,29.429,51.407,1.080,210,24,35,,
T,2026-04-14 10:46:40,53.47919098,-2.24590190,10.70,28.707,51.408,1.110,195,24,35,,
T,2026-04-14 10:46:41,53.47918107,-2.24590940,10.63,28.613,51.408,1.090,205,23,35,,
T,2026-04-14 10:46:42,53.47917218,-2.24591855,10.64,28.474,51.408,1.090,215,21,35,,
T,2026-04-14 10:46:43,53.47916021,-2.24592350,10.61,28.240,51.408,1.130,197,21,35,,
T,2026-04-14 10:46:44,53.47914911,-2.24592393,10.49,27.884,51.408,1.110,183,19,35,,
T,2026-04-14 10:46:45,53.47913802,-2.24592613,10.53,28.380,51.408,1.040,185,19,34,,
T,2026-04-14 10:46:46,53.47912697,-2.24592772,10.56,28.451,51.408,1.060,185,24,34,,
T,2026-04-14 10:46:47,53.47911465,-2.24592818,10.54,28.676,51.408,1.070,175,24,35,,
T,2026-04-14 10:46:48,53.47910239,-2.24592793,10.47,28.821,51.408,1.090,174,24,35,,
T,2026-04-14 10:46:49,53.47909227,-2.24592766,10.18,29.265,51.408,1.050,170,25,35,,
T,2026-04-14 10:46:50,53.47908190,-2.24592550,9.94,28.932,51.408,1.040,167,25,35,,
T,2026-04-14 10:46:51,53.47907309,-2.24591871,9.94,28.716,51.408,1.070,150,26,35,,
T,2026-04-14 10:46:52,53.47906251,-2.24591753,9.94,28.480,51.408,1.120,168,25,35,,
T,2026-04-14 10:46:53,53.47905271,-2.24590712,9.94,28.489,51.407,1.130,144,25,35,,
T,2026-04-14 10:46:54,53.47904389,-2.24590080,9.94,28.906,51.407,1.040,151,25,35,,
T,2026-04-14 10:46:55,53.47903633,-2.24589477,9.94,29.250,51.407,1.010,149,25,35,,
T,2026-04-14 10:46:56,53.47902982,-2.24588337,9.94,29.866,51.407,1.040,136,23,35,,
T,2026-04-14 10:46:57,53.47902343,-2.24587406,9.94,30.600,51.407,1.000,133,24,35,,
T,2026-04-14 10:46:58,53.47901587,-2.24586605,9.94,31.102,51.407,1.010,148,24,36,,
T,2026-04-14 10:46:59,53.47900820,-2.24585818,9.94,31.244,51.407,0.970,151,22,36,,
T,2026-04-14 10:47:00,53.47900254,-2.24584467,9.94,31.106,51.407,1.080,125,22,36,,
T,2026-04-14 10:47:01,53.47899802,-2.24583088,9.94,31.058,51.407,1.000,117,22,36,,
T,2026-04-14 10:47:02,53.47899326,-2.24581708,9.94,31.025,51.407,0.990,120,23,36,,
T,2026-04-14 10:47:03,53.47898873,-2.24580478,9.94,31.427,51.407,1.010,119,23,36,,
T,2026-04-14 10:47:04,53.47898435,-2.24579175,10.08,31.362,51.407,1.020,119,22,36,,
T,2026-04-14 10:47:05,53.47897976,-2.24577930,10.10,31.954,51.407,1.020,124,22,36,,
T,2026-04-14 10:47:06,53.47897590,-2.24576537,10.13,31.804,51.407,1.040,117,21,37,,
T,2026-04-14 10:47:07,53.47897346,-2.24574996,10.27,31.591,51.407,1.050,107,21,37,,
T,2026-04-14 10:47:08,53.47897117,-2.24573301,10.29,31.742,51.407,1.040,104,20,37,,
T,2026-04-14 10:47:09,53.47896882,-2.24571664,10.32,31.270,51.407,1.040,106,24,38,,
T,2026-04-14 10:47:10,53.47896661,-2.24570075,10.32,30.758,51.407,1.090,97,23,38,,
T,2026-04-14 10:47:11,53.47896535,-2.24567966,10.37,30.457,51.407,1.050,98,23,38,,
T,2026-04-14 10:47:12,53.47896076,-2.24566198,10.41,29.868,51.407,1.110,116,22,38,,
T,2026-04-14 10:47:13,53.47895749,-2.24564105,10.43,29.616,51.407,1.060,113,19,38,,
T,2026-04-14 10:47:14,53.47895458,-2.24562099,10.45,29.291,51.407,1.060,112,19,38,,
T,2026-04-14 10:47:15,53.47895255,-2.24560014,10.44,29.214,51.407,1.050,111,16,38,,
T,2026-04-14 10:47:16,53.47894923,-2.24558236,10.46,29.410,51.407,1.060,115,14,38,,
T,2026-04-14 10:47:17,53.47894571,-2.24556222,10.45,30.155,51.407,1.070,117,15,38,,
T,2026-04-14 10:47:18,53.47894375,-2.24553974,10.42,30.664,51.407,1.080,107,14,38,,
T,2026-04-14 10:47:19,53.47894318,-2.24551762,10.41,30.748,51.407,1.040,109,14,38,,
T,2026-04-14 10:47:20,53.47894179,-2.24549872,10.41,30.643,51.407,1.060,109,14,37,,
T,2026-04-14 10:47:21,53.47894230,-2.24547974,10.44,30.504,51.407,1.090,96,13,37,,
T,2026-04-14 10:47:22,53.47894186,-2.24546164,10.44,29.948,51.407,1.060,96,14,38,,
T,2026-04-14 10:47:23,53.47894057,-2.24544293,10.46,29.596,51.407,1.050,100,15,38,,
T,2026-04-14 10:47:24,53.47894104,-2.24542526,10.46,29.919,51.407,1.060,88,15,38,,
T,2026-04-14 10:47:25,53.47894083,-2.24540761,10.43,30.290,51.407,1.040,94,16,38,,
T,2026-04-14 10:47:26,53.47894055,-2.24539062,10.37,30.104,51.407,1.020,96,15,38,,
T,2026-04-14 10:47:27,53.47893764,-2.24537296,10.31,29.953,51.406,1.040,107,15,37,,
T,2026-04-14 10:47:28,53.47892851,-2.24535884,10.26,29.361,51.406,1.150,141,15,37,,
T,2026-04-14 10:47:29,53.47892102,-2.24534570,10.22,29.206,51.406,1.050,128,13,37,,
T,2026-04-14 10:47:30,53.47891206,-2.24533591,10.20,28.647,51.406,1.060,144,12,37,,
T,2026-04-14 10:47:31,53.47889949,-2.24533289,10.14,26.546,51.406,1.250,177,13,37,,
T,2026-04-14 10:47:32,53.47889056,-2.24532334,10.09,27.235,51.406,1.090,149,14,38,,
T,2026-04-14 10:47:33,53.47888050,-2.24531879,10.03,26.528,51.406,1.050,166,13,37,,
T,2026-04-14 10:47:34,53.47887191,-2.24531441,9.95,26.685,51.406,1.010,166,12,37,,
T,2026-04-14 10:47:35,53.47886322,-2.24531222,9.94,26.895,51.406,1.010,174,12,37,,
T,2026-04-14 10:47:36,53.47885423,-2.24531085,9.94,26.604,51.406,1.020,177,13,37,,
T,2026-04-14 10:47:37,53.47884554,-2.24530760,9.94,26.289,51.406,1.020,172,13,37,,
T,2026-04-14 10:47:38,53.47883617,-2.24530413,9.94,26.236,51.406,1.030,173,13,37,,
T,2026-04-14 10:47:39,53.47882599,-2.24530139,9.94,25.390,51.406,1.050,176,13,37,,
T,2026-04-14 10:47:40,53.47881641,-2.24529647,9.94,25.225,51.406,1.060,169,13,37,,
T,2026-04-14 10:47:41,53.47880761,-2.24528924,9.94,25.659,51.406,1.070,160,14,37,,
T,2026-04-14 10:47:42,53.47879875,-2.24528294,9.94,26.524,51.406,1.060,162,13,36,,
T,2026-04-14 10:47:43,53.47878934,-2.24527622,9.94,26.332,51.406,1.080,157,14,36,,
T,2026-04-14 10:47:44,53.47877983,-2.24526831,9.94,27.160,51.406,1.070,151,15,36,,
T,2026-04-14 10:47:45,53.47876959,-2.24526193,9.94,27.433,51.406,1.090,160,15,35,,
T,2026-04-14 10:47:46,53.47875945,-2.24525407,9.94,28.137,51.406,1.090,162,17,35,,
T,2026-04-14 10:47:47,53.47875004,-2.24524129,9.94,27.962,51.406,1.160,143,16,35,,
T,2026-04-14 10:47:48,53.47874028,-2.24523204,9.94,27.344,51.406,1.110,152,16,36,,
T,2026-04-14 10:47:49,53.47872968,-2.24522188,9.94,27.504,51.406,1.070,150,16,36,,
T,2026-04-14 10:47:50,53.47872171,-2.24520943,9.94,27.240,51.406,1.110,138,18,36,,
T,2026-04-14 10:47:51,53.47871326,-2.24519600,9.94,28.152,51.406,1.100,136,18,36,,
T,2026-04-14 10:47:52,53.47870460,-2.24518121,9.94,28.090,51.406,1.100,134,19,35,,
T,2026-04-14 10:47:53,53.47869556,-2.24516848,9.94,28.210,51.406,1.100,141,18,35,,
T,2026-04-14 10:47:54,53.47868494,-2.24516434,9.94,29.019,51.406,1.160,163,16,35,,
T,2026-04-14 10:47:55,53.47867445,-2.24516598,9.94,29.149,51.406,1.110,179,15,35,,
T,2026-04-14 10:47:56,53.47866447,-2.24517029,9.94,29.484,51.406,1.090,187,15,35,,
T,2026-04-14 10:47:57,53.47865474,-2.24517498,9.94,31.064,51.406,1.080,191,18,35,,
T,2026-04-14 10:47:58,53.47864578,-2.24518262,9.94,32.136,51.406,1.100,205,18,35,,
T,2026-04-14 10:47:59,53.47863694,-2.24518953,9.94,32.217,51.406,1.070,199,20,35,,
T,2026-04-14 10:48:00,53.47862874,-2.24519877,9.94,32.700,51.406,1.070,215,21,34,,
T,2026-04-14 10:48:01,53.47861817,-2.24519926,9.94,32.935,51.406,1.150,189,23,34,,
T,2026-04-14 10:48:02,53.47860752,-2.24519430,9.94,33.351,51.406,1.030,173,23,34,,
T,2026-04-14 10:48:03,53.47859623,-2.24519571,9.94,33.091,51.406,1.140,199,22,34,,
T,2026-04-14 10:48:04,53.47858581,-2.24520041,9.94,33.547,51.406,1.080,217,21,34,,
T,2026-04-14 10:48:05,53.47857503,-2.24520250,9.94,32.942,51.406,1.010,210,19,34,,
T,2026-04-14 10:48:06,53.47856267,-2.24519867,9.98,32.700,51.406,1.190,181,21,34,,
T,2026-04-14 10:48:07,53.47855248,-2.24519434,10.05,32.786,51.406,1.050,175,21,34,,
T,2026-04-14 10:48:08,53.47854126,-2.24518592,10.04,32.536,51.406,1.050,168,21,36,,
T,2026-04-14 10:48:09,53.47853016,-2.24517733,10.05,31.760,51.406,1.060,160,21,36,,
T,2026-04-14 10:48:10,53.47851772,-2.24518048,10.09,30.798,51.406,1.240,191,22,36,,
T,2026-04-14 10:48:11,53.47850502,-2.24517965,9.94,30.778,51.406,1.090,181,24,36,,
T,2026-04-14 10:48:12,53.47849334,-2.24517523,9.94,31.080,51.406,1.140,163,22,36,,
T,2026-04-14 10:48:13,53.47848004,-2.24518006,10.03,31.870,51.406,1.300,198,21,36,,
T,2026-04-14 10:48:14,53.47846929,-2.24518262,10.01,32.070,51.406,1.090,192,22,36,,
T,2026-04-14 10:48:15,53.47845787,-2.24517930,10.00,31.735,51.406,1.120,177,23,36,,
T,2026-04-14 10:48:16,53.47844813,-2.24517838,9.94,31.168,51.406,1.110,186,24,36,,
T,2026-04-14 10:48:17,53.47843927,-2.24518336,9.96,30.233,51.406,1.100,199,23,36,,
T,2026-04-14 10:48:18,53.47842900,-2.24518467,10.01,30.560,51.406,1.060,187,23,36,,
T,2026-04-14 10:48:19,53.47841747,-2.24518161,10.01,31.396,51.406,1.040,175,23,36,,
T,2026-04-14 10:48:20,53.47840535,-2.24518308,10.04,31.627,51.406,1.110,197,23,37,,
T,2026-04-14 10:48:21,53.47839471,-2.24518318,10.23,31.575,51.406,1.050,187,23,37,,
T,2026-04-14 10:48:22,53.47838499,-2.24518570,10.36,31.710,51.406,1.030,192,23,37,,
T,2026-04-14 10:48:23,53.47837481,-2.24518754,10.31,31.520,51.406,1.010,191,23,37,,
T,2026-04-14 10:48:24,53.47836489,-2.24519069,10.30,31.167,51.406,1.030,195,22,38,,
T,2026-04-14 10:48:25,53.47835512,-2.24519962,10.26,30.755,51.406,1.110,218,23,38,,
T,2026-04-14 10:48:26,53.47834383,-2.24520446,10.27,30.445,51.406,1.050,205,22,38,,
T,2026-04-14 10:48:27,53.47833334,-2.24521131,10.30,30.773,51.406,1.070,219,21,38,,
T,2026-04-14 10:48:28,53.47832074,-2.24521194,10.30,30.336,51.406,1.200,191,23,38,,
T,2026-04-14 10:48:29,53.47830983,-2.24521200,10.30,29.975,51.406,1.060,192,22,37,,
T,2026-04-14 10:48:30,53.47829950,-2.24521426,10.23,29.496,51.406,1.070,191,21,37,,
T,2026-04-14 10:48:31,53.47828929,-2.24521705,10.32,29.585,51.406,1.060,191,20,37,,
T,2026-04-14 10:48:32,53.47827947,-2.24522155,10.33,29.953,51.406,1.060,195,20,37,,
T,2026-04-14 10:48:33,53.47827042,-2.24522929,10.29,30.601,51.406,1.120,212,20,37,,
T,2026-04-14 10:48:34,53.47826005,-2.24523154,10.44,31.068,51.406,1.130,192,18,37,,
T,2026-04-14 10:48:35,53.47824998,-2.24523365,10.44,31.322,51.406,1.060,194,18,37,,
T,2026-04-14 10:48:36,53.47824060,-2.24523642,10.39,30.943,51.406,1.060,192,19,37,,
T,2026-04-14 10:48:37,53.47823112,-2.24524029,10.38,31.558,51.406,1.070,196,19,37,,
T,2026-04-14 10:48:38,53.47822131,-2.24524403,10.43,32.238,51.406,1.080,195,19,37,,
T,2026-04-14 10:48:39,53.47821139,-2.24524758,10.48,32.837,51.406,1.080,195,19,37,,
T,2026-04-14 10:48:40,53.47820164,-2.24525209,10.45,32.957,51.406,1.090,197,19,37,,
T,2026-04-14 10:48:41,53.47819163,-2.24525566,10.48,32.892,51.406,1.100,191,18,37,,
T,2026-04-14 10:48:42,53.47818146,-2.24526069,10.43,33.012,51.406,1.110,195,15,37,,
T,2026-04-14 10:48:43,53.47817106,-2.24526420,10.38,33.389,51.406,1.120,187,15,37,,
T,2026-04-14 10:48:44,53.47816107,-2.24526914,10.22,33.930,51.406,1.130,195,16,37,,
T,2026-04-14 10:48:45,53.47815126,-2.24527370,10.12,34.264,51.406,1.110,195,17,36,,
T,2026-04-14 10:48:46,53.47814115,-2.24527773,10.15,34.490,51.406,1.110,192,17,36,,
T,2026-04-14 10:48:47,53.47813102,-2.24528241,10.31,34.952,51.406,1.110,193,17,36,,
T,2026-04-14 10:48:48,53.47812086,-2.24528677,10.46,35.062,51.406,1.130,191,17,36,,
T,2026-04-14 10:48:49,53.47810978,-2.24527959,10.24,34.805,51.406,1.140,174,19,36,,
T,2026-04-14 10:48:50,53.47809908,-2.24527618,10.25,35.127,51.406,1.140,171,20,36,,
T,2026-04-14 10:48:51,53.47808851,-2.24527523,10.17,35.130,51.406,1.140,177,20,36,,
T,2026-04-14 10:48:52,53.47807579,-2.24527200,10.40,35.244,51.406,1.140,175,20,37,,
T,2026-04-14 10:48:53,53.47806400,-2.24527569,10.33,35.648,51.406,1.150,186,22,37,,
T,2026-04-14 10:48:54,53.47805089,-2.24528117,10.33,35.901,51.406,1.130,188,22,37,,
T,2026-04-14 10:48:55,53.47803873,-2.24528381,10.34,35.860,51.406,1.140,188,21,37,,
T,2026-04-14 10:48:56,53.47802737,-2.24528543,10.29,35.656,51.406,1.130,187,20,37,,
T,2026-04-14 10:48:57,53.47801699,-2.24528637,10.27,34.500,51.406,1.140,188,19,37,,
T,2026-04-14 10:48:58,53.47800666,-2.24528349,10.16,33.247,51.406,1.150,186,20,37,,
T,2026-04-14 10:48:59,53.47799691,-2.24528194,10.19,32.749,51.406,1.150,187,18,37,,
T,2026-04-14 10:49:00,53.47798709,-2.24528129,10.06,32.025,51.406,1.150,187,18,37,,
T,2026-04-14 10:49:01,53.47797660,-2.24528022,10.01,31.707,51.406,1.150,177,17,37,,
T,2026-04-14 10:49:02,53.47796570,-2.24527869,10.01,30.727,51.406,1.140,176,14,37,,
T,2026-04-14 10:49:03,53.47795694,-2.24527116,9.99,30.093,51.406,1.150,168,14,37,,
T,2026-04-14 10:49:04,53.47794643,-2.24526435,9.99,29.077,51.406,1.140,168,13,37,,
T,2026-04-14 10:49:05,53.47793677,-2.24525846,9.97,28.751,51.406,1.150,177,13,37,,
T,2026-04-14 10:49:06,53.47792739,-2.24525691,9.99,28.836,51.406,1.140,180,14,38,,
T,2026-04-14 10:49:07,53.47791732,-2.24524925,10.00,28.358,51.406,1.240,157,16,38,,
T,2026-04-14 10:49:08,53.47790937,-2.24524087,10.02,27.682,51.406,1.140,164,16,38,,
T,2026-04-14 10:49:09,53.47790140,-2.24523403,10.05,27.888,51.406,1.140,163,17,38,,
T,2026-04-14 10:49:10,53.47789175,-2.24522604,10.08,27.654,51.406,1.140,159,16,37,,
T,2026-04-14 10:49:11,53.47788226,-2.24521733,10.07,27.634,51.406,1.150,153,14,37,,
T,2026-04-14 10:49:12,53.47787398,-2.24520432,10.14,27.592,51.406,1.170,139,14,37,,
T,2026-04-14 10:49:13,53.47786717,-2.24518738,10.16,26.437,51.406,1.150,127,16,37,,
T,2026-04-14 10:49:14,53.47786454,-2.24516610,10.18,25.375,51.406,1.190,112,20,37,,
T,2026-04-14 10:49:15,53.47786116,-2.24514005,10.18,25.298,51.406,1.130,110,20,37,,
T,2026-04-14 10:49:16,53.47785635,-2.24510608,10.13,25.275,51.406,1.140,101,20,37,,
T,2026-04-14 10:49:17,53.47785194,-2.24507409,10.13,25.385,51.406,1.110,96,20,37,,
T,2026-04-14 10:49:18,53.47784264,-2.24503906,10.16,24.954,51.406,1.200,116,20,37,,
T,2026-04-14 10:49:19,53.47784821,-2.24500390,10.11,24.288,51.406,2.690,48,18,37,,
T,2026-04-14 10:49:20,53.47786554,-2.24501491,10.12,23.867,51.406,1.830,338,16,37,,
T,2026-04-14 10:49:21,53.47788383,-2.24501867,10.08,23.771,51.406,0.000,,17,37,,
T,2026-04-14 10:49:22,53.47789279,-2.24502321,10.87,24.285,51.406,1.190,343,19,37,,
T,2026-04-14 10:49:23,53.47789760,-2.24500215,11.57,22.673,51.406,1.140,2,18,35,,
T,2026-04-14 10:49:24,53.47790841,-2.24498099,10.78,21.198,51.406,1.490,46,19,35,,
T,2026-04-14 10:49:25,53.47791946,-2.24495084,12.04,20.349,51.405,1.700,55,20,35,,
T,2026-04-14 10:49:26,53.47791858,-2.24492342,10.79,20.868,51.405,1.380,84,22,35,,
T,2026-04-14 10:49:27,53.47791588,-2.24490290,10.76,21.293,51.405,1.220,94,23,35,,
T,2026-04-14 10:49:28,53.47791309,-2.24488487,10.85,21.298,51.405,1.180,96,23,35,,
T,2026-04-14 10:49:29,53.47790945,-2.24486630,10.64,22.322,51.405,1.180,105,23,35,,
T,2026-04-14 10:49:30,53.47790885,-2.24484877,10.65,22.563,51.405,1.250,84,22,35,,
T,2026-04-14 10:49:31,53.47790800,-2.24483216,11.09,22.982,51.405,1.170,87,22,35,,
T,2026-04-14 10:49:32,53.47790532,-2.24478866,10.39,26.286,51.405,1.320,107,21,35,,
T,2026-04-14 10:49:33,53.47790074,-2.24474646,10.18,30.067,51.405,1.200,99,20,35,,
T,2026-04-14 10:49:34,53.47789625,-2.24471345,10.18,30.872,51.405,1.180,101,20,35,,
T,2026-04-14 10:49:35,53.47789264,-2.24468917,10.27,30.940,51.405,1.190,101,22,35,,
T,2026-04-14 10:49:36,53.47788932,-2.24466858,10.35,30.906,51.405,1.190,103,24,35,,
T,2026-04-14 10:49:37,53.47788323,-2.24464961,10.33,30.659,51.405,1.180,107,24,35,,
T,2026-04-14 10:49:38,53.47787953,-2.24463145,10.36,30.707,51.405,1.170,102,25,35,,
T,2026-04-14 10:49:39,53.47787276,-2.24461524,10.27,30.371,51.405,1.150,111,25,35,,
T,2026-04-14 10:49:40,53.47786445,-2.24459347,10.14,30.794,51.405,1.150,112,24,35,,
T,2026-04-14 10:49:41,53.47785472,-2.24457926,10.15,31.047,51.405,1.200,113,23,35,,
T,2026-04-14 10:49:42,53.47784988,-2.24456277,10.25,31.535,51.405,1.200,100,25,34,,
T,2026-04-14 10:49:43,53.47785154,-2.24454218,10.32,32.265,51.405,1.250,79,25,34,,
T,2026-04-14 10:49:44,53.47785242,-2.24452260,10.37,33.001,51.405,1.150,85,25,34,,
T,2026-04-14 10:49:45,53.47784969,-2.24450188,10.29,34.321,51.405,1.180,95,25,36,,
T,2026-04-14 10:49:46,53.47784369,-2.24448083,10.24,35.332,51.405,1.140,97,25,36,,
T,2026-04-14 10:49:47,53.47784160,-2.24446131,10.28,35.782,51.405,1.180,85,26,36,,
T,2026-04-14 10:49:48,53.47783528,-2.24444221,10.33,35.857,51.405,1.300,113,26,36,,
T,2026-04-14 10:49:49,53.47782920,-2.24442596,10.40,36.408,51.404,1.140,115,26,37,,
T,2026-04-14 10:49:50,53.47782494,-2.24440869,10.47,37.160,51.404,1.190,107,26,37,,
T,2026-04-14 10:49:51,53.47781865,-2.24439289,10.58,37.463,51.404,1.190,120,25,37,,
T,2026-04-14 10:49:52,53.47781291,-2.24437752,10.56,37.549,51.404,1.170,117,24,37,,
T,2026-04-14 10:49:53,53.47780097,-2.24436446,10.61,36.517,51.404,1.180,129,22,37,,
T,2026-04-14 10:49:54,53.47778779,-2.24435344,10.53,35.559,51.404,1.170,136,22,37,,
T,2026-04-14 10:49:55,53.47777315,-2.24434429,5.25,34.663,51.404,1.180,143,22,37,,
T,2026-04-14 10:49:56,53.47775752,-2.24433413,4.73,33.151,51.404,1.170,142,22,37,,
T,2026-04-14 10:49:57,53.47774669,-2.24431887,4.66,32.245,51.404,1.180,135,24,37,,
T,2026-04-14 10:49:58,53.47773405,-2.24430496,4.29,30.812,51.404,1.200,134,25,37,,
T,2026-04-14 10:49:59,53.47772105,-2.24429242,4.42,29.391,51.404,1.190,144,25,37,,
T,2026-04-14 10:50:00,53.47771036,-2.24427981,4.82,28.875,51.404,1.180,139,25,37,,
T,2026-04-14 10:50:01,53.47770162,-2.24426517,5.04,28.151,51.404,1.180,131,23,37,,
T,2026-04-14 10:50:02,53.47769339,-2.24425016,5.18,27.243,51.404,1.160,127,23,37,,
T,2026-04-14 10:50:03,53.47768391,-2.24423695,5.01,27.309,51.404,1.170,135,24,37,,
T,2026-04-14 10:50:04,53.47767558,-2.24422362,5.18,27.155,51.404,1.160,131,25,37,,
T,2026-04-14 10:50:05,53.47766796,-2.24420695,5.14,26.768,51.404,1.160,124,25,37,,
T,2026-04-14 10:50:06,53.47765807,-2.24419434,5.35,26.428,51.404,1.250,144,25,37,,
T,2026-04-14 10:50:07,53.47764899,-2.24418086,5.58,25.774,51.404,1.190,131,24,37,,
T,2026-04-14 10:50:08,53.47764304,-2.24416417,5.64,25.371,51.404,1.160,125,24,37,,
T,2026-04-14 10:50:09,53.47763659,-2.24414788,5.05,24.834,51.404,1.190,129,23,37,,
T,2026-04-14 10:50:10,53.47762970,-2.24413256,4.97,24.763,51.404,1.160,130,22,37,,
T,2026-04-14 10:50:11,53.47762303,-2.24411760,4.87,24.630,51.404,1.150,127,21,37,,
T,2026-04-14 10:50:12,53.47761650,-2.24410189,4.67,24.155,51.404,1.150,121,18,38,,
T,2026-04-14 10:50:13,53.47760985,-2.24408636,4.34,23.637,51.404,1.150,122,19,38,,
T,2026-04-14 10:50:14,53.47760295,-2.24407195,4.28,23.376,51.404,1.150,122,20,38,,
T,2026-04-14 10:50:15,53.47759552,-2.24405834,4.42,23.101,51.404,1.150,129,20,37,,
T,2026-04-14 10:50:16,53.47758671,-2.24404614,4.62,23.005,51.404,1.140,130,20,36,,
T,2026-04-14 10:50:17,53.47757904,-2.24403250,4.68,22.608,51.404,1.140,129,20,36,,
T,2026-04-14 10:50:18,53.47757299,-2.24401746,4.99,22.352,51.404,1.150,123,18,36,,
T,2026-04-14 10:50:19,53.47756764,-2.24400137,5.29,21.861,51.404,1.140,121,18,36,,
T,2026-04-14 10:50:20,53.47755951,-2.24398840,4.78,21.988,51.404,1.160,133,18,36,,
T,2026-04-14 10:50:21,53.47755083,-2.24397674,5.18,21.994,51.404,1.130,135,17,36,,
T,2026-04-14 10:50:22,53.47754521,-2.24396138,5.60,21.767,51.404,1.130,125,18,37,,
T,2026-04-14 10:50:23,53.47753929,-2.24394685,6.02,21.756,51.404,1.100,124,18,37,,
T,2026-04-14 10:50:24,53.47753218,-2.24393370,6.45,21.406,51.404,1.110,131,18,37,,
T,2026-04-14 10:50:25,53.47752672,-2.24391868,7.29,21.007,51.403,1.090,124,18,37,,
T,2026-04-14 10:50:26,53.47752094,-2.24390523,7.63,20.909,51.403,1.090,130,19,37,,
T,2026-04-14 10:50:27,53.47751737,-2.24388862,8.23,20.376,51.403,1.100,118,17,37,,
T,2026-04-14 10:50:28,53.47751129,-2.24387615,8.16,20.734,51.403,1.100,136,19,37,,
T,2026-04-14 10:50:29,53.47750266,-2.24386956,7.91,21.634,51.403,1.020,148,19,37,,
T,2026-04-14 10:50:30,53.47749661,-2.24387083,5.63,21.017,51.403,0.000,,19,37,,
T,2026-04-14 10:50:31,53.47749057,-2.24385492,5.38,22.663,51.403,1.040,124,17,37,,
T,2026-04-14 10:50:32,53.47749096,-2.24385656,5.25,21.835,51.403,0.000,,13,37,,
T,2026-04-14 10:50:33,53.47749123,-2.24385728,4.55,21.853,51.403,0.000,,13,37,,
T,2026-04-14 10:50:34,53.47749134,-2.24385773,4.13,21.835,51.403,0.000,,14,37,,
T,2026-04-14 10:50:35,53.47749135,-2.24385781,4.46,21.835,51.403,0.000,,14,37,,
T,2026-04-14 10:50:36,53.47749108,-2.24385808,4.77,21.847,51.403,0.000,,14,37,,
T,2026-04-14 10:50:37,53.47748987,-2.24385826,5.51,21.787,51.403,0.150,124,14,37,,
T,2026-04-14 10:50:38,53.47748979,-2.24385818,5.37,21.775,51.403,0.000,,16,37,,
T,2026-04-14 10:50:39,53.47748984,-2.24385813,5.63,21.777,51.403,0.000,,16,37,,
T,2026-04-14 10:50:40,53.47748984,-2.24385813,6.03,21.779,51.403,0.000,,11,37,,
T,2026-04-14 10:50:41,53.47748984,-2.24385813,6.93,21.783,51.403,0.000,,12,37,,
T,2026-04-14 10:50:42,53.47748985,-2.24385812,6.59,21.785,51.403,0.000,,14,36,,
T,2026-04-14 10:50:43,53.47748984,-2.24385812,6.65,21.788,51.403,0.000,,14,36,,
T,2026-04-14 10:50:44,53.47748985,-2.24385811,5.98,21.790,51.403,0.000,,13,36,,
T,2026-04-14 10:50:45,53.47748985,-2.24385811,5.82,21.793,51.403,0.000,,13,36,,
T,2026-04-14 10:50:46,53.47748984,-2.24385802,4.76,21.798,51.403,0.000,,13,36,,
T,2026-04-14 10:50:47,53.47748985,-2.24385797,4.60,21.794,51.403,0.000,,12,36,,
T,2026-04-14 10:50:48,53.47748986,-2.24385795,4.43,21.795,51.403,0.000,,17,36,,
T,2026-04-14 10:50:49,53.47748988,-2.24385793,4.31,21.791,51.403,0.000,,16,36,,
T,2026-04-14 10:50:50,53.47748988,-2.24385790,4.42,21.787,51.403,0.000,,16,36,,
T,2026-04-14 10:50:51,53.47748989,-2.24385776,4.28,21.789,51.403,0.000,,17,36,,
T,2026-04-14 10:50:52,53.47748985,-2.24385758,4.20,21.797,51.403,0.000,,17,36,,
T,2026-04-14 10:50:53,53.47748980,-2.24385740,4.28,21.800,51.403,0.000,,18,36,,
T,2026-04-14 10:50:54,53.47748970,-2.24385741,4.62,21.768,51.403,0.000,,18,36,,
T,2026-04-14 10:50:55,53.47748971,-2.24385722,5.01,21.810,51.403,0.000,,19,36,,
T,2026-04-14 10:50:56,53.47748968,-2.24385703,5.13,21.817,51.403,0.000,,18,36,,
T,2026-04-14 10:50:57,53.47748966,-2.24385700,5.31,21.824,51.403,0.000,,18,36,,
T,2026-04-14 10:50:58,53.47748965,-2.24385700,5.21,21.829,51.403,0.000,,18,36,,
T,2026-04-14 10:50:59,53.47748965,-2.24385701,5.06,21.835,51.403,0.000,,18,36,,
T,2026-04-14 10:51:00,53.47748971,-2.24385688,4.46,21.952,51.403,0.000,,17,36,,
T,2026-04-14 10:51:01,53.47748955,-2.24385684,4.86,21.969,51.403,0.000,,16,36,,
T,2026-04-14 10:51:02,53.47748951,-2.24385684,5.20,21.974,51.403,0.000,,13,37,,
T,2026-04-14 10:51:03,53.47748950,-2.24385685,4.94,21.979,51.403,0.000,,14,37,,
T,2026-04-14 10:51:04,53.47748950,-2.24385685,5.71,21.980,51.403,0.000,,14,37,,
T,2026-04-14 10:51:05,53.47748949,-2.24385686,5.96,21.981,51.403,0.000,,14,37,,
T,2026-04-14 10:51:06,53.47748949,-2.24385685,6.14,21.982,51.403,0.000,,14,37,,
T,2026-04-14 10:51:07,53.47748947,-2.24385678,6.12,21.985,51.403,0.000,,14,37,,
T,2026-04-14 10:51:08,53.47748943,-2.24385663,6.43,21.988,51.403,0.000,,13,37,,
T,2026-04-14 10:51:09,53.47748942,-2.24385604,6.80,22.032,51.403,0.000,,13,37,,
T,2026-04-14 10:51:10,53.47748912,-2.24385419,6.59,22.160,51.403,0.000,,14,37,,
T,2026-04-14 10:51:11,53.47748903,-2.24385361,6.57,22.165,51.403,0.000,,14,37,,
T,2026-04-14 10:51:12,53.47748899,-2.24385340,6.77,22.170,51.403,0.000,,15,37,,
T,2026-04-14 10:51:13,53.47748898,-2.24385334,7.17,22.170,51.403,0.000,,16,36,,
T,2026-04-14 10:51:14,53.47748895,-2.24385322,7.29,22.176,51.403,0.000,,16,36,,
T,2026-04-14 10:51:15,53.47748893,-2.24385311,7.59,22.180,51.403,0.000,,16,37,,
T,2026-04-14 10:51:16,53.47748892,-2.24385304,7.23,22.178,51.403,0.000,,16,37,,
T,2026-04-14 10:51:17,53.47748891,-2.24385299,6.51,22.182,51.403,0.000,,15,37,,
T,2026-04-14 10:51:18,53.47748891,-2.24385296,6.64,22.184,51.403,0.000,,14,37,,
T,2026-04-14 10:51:19,53.47748889,-2.24385294,6.84,22.186,51.403,0.000,,14,37,,
T,2026-04-14 10:51:20,53.47748457,-2.24384820,7.05,23.039,51.403,0.290,124,15,37,,
T,2026-04-14 10:51:21,53.47747581,-2.24383937,6.37,24.432,51.403,0.770,215,15,37,,
T,2026-04-14 10:51:22,53.47746449,-2.24384081,6.80,24.505,51.403,1.150,217,14,37,,
T,2026-04-14 10:51:23,53.47745386,-2.24383989,7.61,24.971,51.403,0.990,207,16,37,,
T,2026-04-14 10:51:24,53.47743046,-2.24381706,7.22,26.307,51.403,1.740,188,17,37,,
T,2026-04-14 10:51:25,53.47741546,-2.24380753,7.84,26.698,51.403,1.230,192,17,37,,
T,2026-04-14 10:51:26,53.47740708,-2.24380898,7.55,26.269,51.403,1.080,200,17,37,,
T,2026-04-14 10:51:27,53.47739554,-2.24381648,6.46,26.590,51.403,1.150,211,17,37,,
T,2026-04-14 10:51:28,53.47738181,-2.24382289,6.15,27.439,51.403,1.140,202,17,37,,
T,2026-04-14 10:51:29,53.47736989,-2.24383012,6.13,27.635,51.403,1.160,207,17,37,,
T,2026-04-14 10:51:30,53.47735773,-2.24383212,6.19,27.710,51.403,1.200,192,15,37,,
T,2026-04-14 10:51:31,53.47735166,-2.24382875,6.22,28.034,51.403,1.200,177,15,37,,
T,2026-04-14 10:51:32,53.47734855,-2.24382226,6.22,28.002,51.403,1.170,170,15,37,,
T,2026-04-14 10:51:33,53.47734381,-2.24381061,6.45,27.768,51.403,1.230,150,16,37,,
T,2026-04-14 10:51:34,53.47733985,-2.24379564,6.40,28.423,51.403,1.190,138,16,37,,
T,2026-04-14 10:51:35,53.47733258,-2.24378520,6.40,28.318,51.403,1.170,147,16,37,,
T,2026-04-14 10:51:36,53.47732433,-2.24377563,6.56,28.363,51.403,1.160,147,15,37,,
T,2026-04-14 10:51:37,53.47731592,-2.24376525,6.74,28.393,51.403,1.180,145,15,37,,
T,2026-04-14 10:51:38,53.47730736,-2.24375448,6.81,28.377,51.403,1.180,144,13,37,,
T,2026-04-14 10:51:39,53.47729892,-2.24374327,6.80,28.540,51.403,1.190,142,12,37,,
T,2026-04-14 10:51:40,53.47729040,-2.24373207,6.91,28.535,51.403,1.200,142,8,37,,
T,2026-04-14 10:51:41,53.47728261,-2.24371927,6.58,28.546,51.403,1.210,137,8,36,,
T,2026-04-14 10:51:42,53.47727545,-2.24370539,6.62,28.604,51.403,1.210,128,7,36,,
T,2026-04-14 10:51:43,53.47726652,-2.24369415,6.51,28.181,51.403,1.240,143,8,36,,
T,2026-04-14 10:51:44,53.47725878,-2.24368120,6.32,27.975,51.403,1.220,132,7,36,,
T,2026-04-14 10:51:45,53.47724747,-2.24366566,5.92,27.323,51.403,1.200,131,8,36,,
T,2026-04-14 10:51:46,53.47723438,-2.24364991,5.62,27.898,51.403,1.220,136,10,36,,
T,2026-04-14 10:51:47,53.47722287,-2.24363498,5.53,26.849,51.403,1.210,136,11,35,,
T,2026-04-14 10:51:48,53.47721253,-2.24362269,5.68,26.824,51.403,1.220,142,12,35,,
T,2026-04-14 10:51:49,53.47720419,-2.24360910,5.45,25.502,51.403,1.230,135,12,35,,
T,2026-04-14 10:51:50,53.47719597,-2.24359614,5.25,25.492,51.403,1.220,137,12,35,,
T,2026-04-14 10:51:51,53.47718783,-2.24358212,5.38,24.243,51.403,1.220,133,11,35,,
T,2026-04-14 10:51:52,53.47717929,-2.24356932,5.53,24.565,51.403,1.220,138,11,35,,
T,2026-04-14 10:51:53,53.47717021,-2.24355815,5.75,24.358,51.403,1.220,142,10,36,,
T,2026-04-14 10:51:54,53.47716137,-2.24354712,5.84,24.418,51.403,1.210,142,9,36,,
T,2026-04-14 10:51:55,53.47715264,-2.24353595,5.93,23.950,51.403,1.210,142,9,33,,
T,2026-04-14 10:51:56,53.47714296,-2.24352694,5.82,23.484,51.403,1.220,151,9,33,,
T,2026-04-14 10:51:57,53.47713391,-2.24351694,5.82,23.598,51.403,1.200,146,9,33,,
T,2026-04-14 10:51:58,53.47712459,-2.24350773,5.95,23.580,51.403,1.200,149,8,33,,
T,2026-04-14 10:51:59,53.47711498,-2.24349949,6.10,24.136,51.403,1.200,152,6,34,,
T,2026-04-14 10:52:00,53.47710567,-2.24349108,6.25,24.866,51.403,1.180,151,6,34,,
T,2026-04-14 10:52:01,53.47710113,-2.24347290,6.18,24.731,51.403,1.200,121,7,34,,
T,2026-04-14 10:52:02,53.47709583,-2.24345648,5.82,24.778,51.403,1.160,130,8,34,,
T,2026-04-14 10:52:03,53.47708707,-2.24344596,5.45,24.749,51.403,1.160,147,9,34,,
T,2026-04-14 10:52:04,53.47707394,-2.24344220,5.51,24.632,51.403,1.170,166,9,34,,
T,2026-04-14 10:52:05,53.47706299,-2.24343768,4.72,24.585,51.402,1.100,161,9,35,,
T,2026-04-14 10:52:06,53.47705292,-2.24343407,4.67,24.145,51.402,1.120,167,9,35,,
T,2026-04-14 10:52:07,53.47704313,-2.24342659,4.92,23.837,51.402,1.180,155,9,35,,
T,2026-04-14 10:52:08,53.47703369,-2.24341826,5.16,23.295,51.402,1.190,155,9,35,,
T,2026-04-14 10:52:09,53.47702279,-2.24341225,5.10,23.501,51.402,1.240,165,9,36,,
T,2026-04-14 10:52:10,53.47701260,-2.24340273,5.26,23.119,51.402,1.250,153,11,36,,
T,2026-04-14 10:52:11,53.47700436,-2.24339244,4.80,22.921,51.402,1.230,149,12,36,,
T,2026-04-14 10:52:12,53.47699493,-2.24338411,5.20,22.532,51.402,1.230,155,13,36,,
T,2026-04-14 10:52:13,53.47698556,-2.24337394,5.12,21.911,51.402,1.240,148,13,36,,
T,2026-04-14 10:52:14,53.47697550,-2.24336571,4.90,21.817,51.402,1.240,151,12,35,,
T,2026-04-14 10:52:15,53.47696543,-2.24335778,4.30,21.417,51.402,1.230,150,14,35,,
T,2026-04-14 10:52:16,53.47695490,-2.24335085,4.17,21.474,51.402,1.240,152,14,36,,
T,2026-04-14 10:52:17,53.47694463,-2.24334344,4.23,21.347,51.402,1.230,149,13,35,,
T,2026-04-14 10:52:18,53.47693449,-2.24333636,4.38,21.214,51.402,1.210,152,11,34,,
T,2026-04-14 10:52:19,53.47692460,-2.24332889,4.28,21.020,51.402,1.200,152,12,34,,
T,2026-04-14 10:52:20,53.47691460,-2.24332131,4.13,20.840,51.402,1.210,153,11,34,,
T,2026-04-14 10:52:21,53.47690498,-2.24331264,3.89,21.073,51.402,1.220,150,11,35,,
T,2026-04-14 10:52:22,53.47689494,-2.24330552,9.94,20.984,51.402,1.210,155,11,35,,
T,2026-04-14 10:52:23,53.47688504,-2.24329896,9.94,21.428,51.402,1.190,156,10,34,,
T,2026-04-14 10:52:24,53.47687526,-2.24329232,9.94,21.976,51.402,1.180,156,9,34,,
T,2026-04-14 10:52:25,53.47686555,-2.24328543,9.94,21.919,51.402,1.170,154,7,35,,
T,2026-04-14 10:52:26,53.47685649,-2.24327730,9.94,22.747,51.402,1.160,150,6,35,,
T,2026-04-14 10:52:27,53.47684540,-2.24327370,9.94,22.761,51.402,1.300,176,6,35,,
T,2026-04-14 10:52:28,53.47683585,-2.24326348,9.94,22.855,51.402,1.270,152,6,35,,
T,2026-04-14 10:52:29,53.47682701,-2.24325571,9.94,22.787,51.402,1.140,154,6,34,,
T,2026-04-14 10:52:30,53.47681758,-2.24324988,9.94,22.569,51.402,1.140,160,6,34,,
T,2026-04-14 10:52:31,53.47680864,-2.24324127,10.05,22.491,51.402,1.160,149,7,34,,
T,2026-04-14 10:52:32,53.47679901,-2.24323515,10.08,22.547,51.402,1.150,157,8,34,,
T,2026-04-14 10:52:33,53.47678924,-2.24322838,10.09,22.490,51.402,1.170,159,9,34,,
T,2026-04-14 10:52:34,53.47677991,-2.24322066,10.18,22.355,51.402,1.160,154,9,34,,
T,2026-04-14 10:52:35,53.47677056,-2.24321295,10.19,22.131,51.402,1.160,150,9,34,,
T,2026-04-14 10:52:36,53.47676120,-2.24320520,10.05,22.149,51.402,1.160,152,9,34,,
T,2026-04-14 10:52:37,53.47675091,-2.24319798,9.94,22.120,51.402,1.160,153,8,36,,
T,2026-04-14 10:52:38,53.47674044,-2.24319174,9.94,22.207,51.402,1.160,156,8,36,,
T,2026-04-14 10:52:39,53.47672974,-2.24318472,9.94,21.724,51.402,1.160,156,8,36,,
T,2026-04-14 10:52:40,53.47671786,-2.24317824,10.09,21.590,51.402,1.190,162,8,36,,
T,2026-04-14 10:52:41,53.47670781,-2.24316870,10.23,21.093,51.402,1.210,147,8,36,,
T,2026-04-14 10:52:42,53.47669767,-2.24316077,10.26,20.961,51.402,1.180,154,8,36,,
T,2026-04-14 10:52:43,53.47668670,-2.24315265,10.10,20.787,51.402,1.230,154,10,36,,
T,2026-04-14 10:52:44,53.47667738,-2.24314488,10.18,20.836,51.402,1.130,154,11,36,,
T,2026-04-14 10:52:45,53.47666819,-2.24313743,10.30,20.851,51.402,1.130,156,11,36,,
T,2026-04-14 10:52:46,53.47665776,-2.24312935,10.41,20.884,51.402,1.180,156,11,36,,
T,2026-04-14 10:52:47,53.47664839,-2.24312000,10.01,20.511,51.402,1.150,151,11,36,,
T,2026-04-14 10:52:48,53.47663817,-2.24311172,10.05,19.796,51.402,1.190,157,11,36,,
T,2026-04-14 10:52:49,53.47662854,-2.24310461,10.23,19.705,51.402,1.160,164,9,36,,
T,2026-04-14 10:52:50,53.47661923,-2.24309502,10.18,19.561,51.402,1.170,153,9,36,,
T,2026-04-14 10:52:51,53.47660990,-2.24308526,10.07,19.291,51.402,1.170,153,9,36,,
T,2026-04-14 10:52:52,53.47660065,-2.24307562,10.17,19.386,51.402,1.160,152,9,36,,
T,2026-04-14 10:52:53,53.47659469,-2.24305348,10.30,21.049,51.402,1.930,98,9,36,,
T,2026-04-14 10:52:54,53.47660978,-2.24303611,10.39,21.490,51.402,2.110,35,11,36,,
T,2026-04-14 10:52:55,53.47662968,-2.24304720,10.47,18.736,51.402,0.000,,13,36,,
T,2026-04-14 10:52:56,53.47663408,-2.24305111,10.39,18.751,51.402,0.000,,13,36,,
T,2026-04-14 10:52:57,53.47663191,-2.24305353,10.49,19.313,51.402,0.150,35,13,36,,
T,2026-04-14 10:52:58,53.47663656,-2.24301730,10.29,17.771,51.402,1.490,95,13,36,,
T,2026-04-14 10:52:59,53.47663388,-2.24299388,10.44,17.503,51.402,1.280,112,13,36,,
T,2026-04-14 10:53:00,53.47662313,-2.24298216,10.40,17.680,51.402,1.410,146,11,36,,
T,2026-04-14 10:53:01,53.47661341,-2.24297607,10.38,17.387,51.402,1.160,154,11,36,,
T,2026-04-14 10:53:02,53.47660513,-2.24296729,10.16,16.845,51.402,1.140,144,11,36,,
T,2026-04-14 10:53:03,53.47659790,-2.24295993,9.94,16.357,51.402,0.980,147,11,36,,
T,2026-04-14 10:53:04,53.47659123,-2.24295274,9.94,15.801,51.401,0.930,146,11,36,,
T,2026-04-14 10:53:05,53.47658365,-2.24294662,9.94,15.083,51.401,0.950,152,8,36,,
T,2026-04-14 10:53:06,53.47657569,-2.24294053,9.94,14.498,51.401,0.950,154,8,36,,
T,2026-04-14 10:53:07,53.47656757,-2.24293431,9.94,14.009,51.401,0.970,154,8,36,,
T,2026-04-14 10:53:08,53.47655972,-2.24292710,9.94,13.454,51.401,0.980,149,8,36,,
T,2026-04-14 10:53:09,53.47655288,-2.24291599,9.94,13.803,51.401,1.000,134,8,36,,
T,2026-04-14 10:53:10,53.47654735,-2.24290027,9.94,13.710,51.401,1.050,117,9,36,,
T,2026-04-14 10:53:11,53.47653981,-2.24288805,9.94,13.195,51.401,1.170,144,9,36,,
T,2026-04-14 10:53:12,53.47653229,-2.24287821,9.94,12.985,51.401,1.090,148,9,35,,
T,2026-04-14 10:53:13,53.47652568,-2.24286726,9.94,12.377,51.401,1.060,139,9,35,,
T,2026-04-14 10:53:14,53.47651818,-2.24285932,9.94,12.369,51.401,1.030,153,9,35,,
T,2026-04-14 10:53:15,53.47651049,-2.24285059,9.94,11.939,51.401,1.040,151,10,35,,
T,2026-04-14 10:53:16,53.47650244,-2.24284225,9.94,11.716,51.401,1.040,155,10,35,,
T,2026-04-14 10:53:17,53.47649442,-2.24283095,9.94,11.595,51.401,1.070,137,8,35,,
T,2026-04-14 10:53:18,53.47648227,-2.24282742,9.94,11.703,51.401,1.090,157,10,35,,
T,2026-04-14 10:53:19,53.47647065,-2.24282597,9.94,11.287,51.401,1.030,156,12,34,,
T,2026-04-14 10:53:20,53.47645806,-2.24282652,9.94,11.459,51.401,1.050,166,13,34,,
T,2026-04-14 10:53:21,53.47644571,-2.24282474,9.94,12.057,51.401,1.030,169,14,35,,
T,2026-04-14 10:53:22,53.47643226,-2.24282254,9.94,12.064,51.401,1.070,167,14,35,,
T,2026-04-14 10:53:23,53.47641574,-2.24282498,10.26,12.927,51.401,1.210,176,23,35,,
T,2026-04-14 10:53:24,53.47639963,-2.24282882,10.41,13.373,51.401,1.110,195,23,36,,
T,2026-04-14 10:53:25,53.47638012,-2.24282257,10.39,14.620,51.401,1.400,171,26,38,,
T,2026-04-14 10:53:26,53.47636102,-2.24282147,10.39,14.659,51.401,1.440,192,30,38,,
T,2026-04-14 10:53:27,53.47634311,-2.24281329,10.28,15.922,51.401,1.370,179,31,38,,
T,2026-04-14 10:53:28,53.47632646,-2.24280686,10.42,16.553,51.401,1.330,178,32,37,,
T,2026-04-14 10:53:29,53.47632049,-2.24280578,10.39,14.886,51.401,0.000,,31,36,,
T,2026-04-14 10:53:30,53.47630698,-2.24276782,10.37,16.437,51.401,2.360,112,31,36,,
T,2026-04-14 10:53:31,53.47630899,-2.24276338,10.35,15.044,51.401,0.000,,30,36,,
T,2026-04-14 10:53:32,53.47631004,-2.24276313,10.39,15.086,51.401,0.000,,29,36,,
T,2026-04-14 10:53:33,53.47631033,-2.24276252,10.40,15.125,51.401,0.000,,28,37,,
T,2026-04-14 10:53:34,53.47631043,-2.24276201,10.33,15.150,51.401,0.000,,25,37,,
T,2026-04-14 10:53:35,53.47631045,-2.24276162,10.24,15.174,51.401,0.000,,24,37,,
T,2026-04-14 10:53:36,53.47631045,-2.24276130,9.99,15.195,51.401,0.000,,24,37,,
T,2026-04-14 10:53:37,53.47631044,-2.24276103,9.94,15.215,51.401,0.000,,24,37,,
T,2026-04-14 10:53:38,53.47631040,-2.24276080,9.98,15.242,51.401,0.000,,24,37,,
T,2026-04-14 10:53:39,53.47631038,-2.24276061,10.20,15.261,51.401,0.000,,22,37,,
T,2026-04-14 10:53:40,53.47631035,-2.24276040,10.31,15.287,51.401,0.000,,23,37,,
T,2026-04-14 10:53:41,53.47631036,-2.24276024,10.37,15.294,51.401,0.000,,25,36,,
T,2026-04-14 10:53:42,53.47631032,-2.24276008,10.34,15.316,51.401,0.000,,23,37,,
T,2026-04-14 10:53:43,53.47631029,-2.24275991,10.36,15.341,51.401,0.000,,23,37,,
T,2026-04-14 10:53:44,53.47631022,-2.24275977,10.45,15.368,51.401,0.000,,25,37,,
T,2026-04-14 10:53:45,53.47631021,-2.24275965,10.36,15.379,51.401,0.000,,25,37,,
T,2026-04-14 10:53:46,53.47631019,-2.24275954,10.38,15.392,51.401,0.000,,25,37,,
T,2026-04-14 10:53:47,53.47631018,-2.24275939,10.33,15.406,51.401,0.000,,24,37,,
T,2026-04-14 10:53:48,53.47631005,-2.24275910,10.19,15.456,51.401,0.000,,23,36,,
T,2026-04-14 10:53:49,53.47630994,-2.24275878,9.94,15.490,51.401,0.000,,24,36,,
T,2026-04-14 10:53:50,53.47630980,-2.24275846,9.94,15.528,51.401,0.000,,23,36,,
T,2026-04-14 10:53:51,53.47630974,-2.24275827,9.94,15.543,51.401,0.000,,23,36,,
T,2026-04-14 10:53:52,53.47630976,-2.24275815,9.94,15.543,51.401,0.000,,24,36,,
T,2026-04-14 10:53:53,53.47630977,-2.24275805,9.94,15.547,51.401,0.000,,24,36,,
T,2026-04-14 10:53:54,53.47630977,-2.24275797,9.94,15.558,51.401,0.000,,24,36,,
T,2026-04-14 10:53:55,53.47630977,-2.24275787,9.94,15.561,51.401,0.000,,23,36,,
T,2026-04-14 10:53:56,53.47630979,-2.24275780,9.94,15.566,51.401,0.000,,23,36,,
T,2026-04-14 10:53:57,53.47630981,-2.24275771,10.10,15.566,51.401,0.000,,23,36,,
T,2026-04-14 10:53:58,53.47630984,-2.24275763,10.30,15.567,51.401,0.000,,23,36,,
T,2026-04-14 10:53:59,53.47630987,-2.24275755,10.33,15.567,51.401,0.000,,22,36,,
T,2026-04-14 10:54:00,53.47630987,-2.24275749,10.42,15.573,51.401,0.000,,22,36,,
T,2026-04-14 10:54:01,53.47630982,-2.24275740,10.35,15.589,51.401,0.000,,21,36,,
T,2026-04-14 10:54:02,53.47630976,-2.24275732,10.43,15.605,51.401,0.000,,22,35,,
T,2026-04-14 10:54:03,53.47630960,-2.24275710,10.45,15.656,51.401,0.000,,22,36,,
T,2026-04-14 10:54:04,53.47630935,-2.24275668,10.34,15.732,51.401,0.000,,25,35,,
T,2026-04-14 10:54:05,53.47630923,-2.24275651,10.39,15.748,51.401,0.000,,24,35,,
T,2026-04-14 10:54:06,53.47630914,-2.24275638,10.39,15.769,51.401,0.000,,23,35,,
T,2026-04-14 10:54:07,53.47630903,-2.24275627,10.45,15.796,51.401,0.000,,25,34,,
T,2026-04-14 10:54:08,53.47630893,-2.24275619,10.43,15.821,51.401,0.000,,25,34,,
T,2026-04-14 10:54:09,53.47630883,-2.24275610,10.33,15.844,51.401,0.000,,25,34,,
T,2026-04-14 10:54:10,53.47630877,-2.24275601,10.46,15.854,51.401,0.000,,25,34,,
T,2026-04-14 10:54:11,53.47630873,-2.24275593,10.63,15.861,51.401,0.000,,24,34,,
T,2026-04-14 10:54:12,53.47630870,-2.24275587,10.80,15.870,51.401,0.000,,24,35,,
T,2026-04-14 10:54:13,53.47630867,-2.24275580,10.56,15.878,51.401,0.000,,23,35,,
T,2026-04-14 10:54:14,53.47630866,-2.24275574,10.75,15.881,51.401,0.000,,23,36,,
T,2026-04-14 10:54:15,53.47630864,-2.24275570,10.46,15.889,51.401,0.000,,24,35,,
T,2026-04-14 10:54:16,53.47630863,-2.24275565,10.32,15.893,51.401,0.000,,24,35,,
T,2026-04-14 10:54:17,53.47630862,-2.24275560,10.34,15.899,51.401,0.000,,24,35,,
T,2026-04-14 10:54:18,53.47630860,-2.24275555,10.49,15.909,51.401,0.000,,23,35,,
T,2026-04-14 10:54:19,53.47630860,-2.24275551,10.42,15.913,51.401,0.000,,23,35,,
T,2026-04-14 10:54:20,53.47630860,-2.24275547,10.43,15.916,51.401,0.000,,23,35,,
T,2026-04-14 10:54:21,53.47630857,-2.24275542,10.36,15.925,51.401,0.000,,22,35,,
T,2026-04-14 10:54:22,53.47630851,-2.24275536,10.45,15.940,51.401,0.000,,22,35,,
T,2026-04-14 10:54:23,53.47630844,-2.24275530,10.66,15.957,51.401,0.000,,23,35,,
T,2026-04-14 10:54:24,53.47630836,-2.24275526,10.87,15.973,51.401,0.000,,24,35,,
T,2026-04-14 10:54:25,53.47630829,-2.24275520,11.08,15.986,51.401,0.000,,24,35,,
T,2026-04-14 10:54:26,53.47630821,-2.24275514,10.65,16.005,51.401,0.000,,25,35,,
T,2026-04-14 10:54:27,53.47630813,-2.24275506,10.87,16.021,51.401,0.000,,25,36,,
T,2026-04-14 10:54:28,53.47630803,-2.24275499,11.09,16.038,51.401,0.000,,24,36,,
T,2026-04-14 10:54:29,53.47630435,-2.24274861,11.44,16.486,51.401,0.480,112,25,36,,
T,2026-04-14 10:54:30,53.47630011,-2.24273970,12.20,17.608,51.401,0.630,112,25,36,,
T,2026-04-14 10:54:31,53.47628687,-2.24271856,10.37,19.024,51.401,1.440,130,25,37,,
T,2026-04-14 10:54:32,53.47627471,-2.24269908,9.94,19.911,51.401,1.340,128,25,37,,
T,2026-04-14 10:54:33,53.47626089,-2.24268384,9.94,20.894,51.401,1.320,138,25,37,,
T,2026-04-14 10:54:34,53.47624898,-2.24266896,9.94,22.099,51.401,1.290,130,24,37,,
T,2026-04-14 10:54:35,53.47623640,-2.24265637,9.94,23.350,51.401,1.300,143,23,37,,
T,2026-04-14 10:54:36,53.47622352,-2.24264732,9.94,23.674,51.401,1.240,146,24,37,,
T,2026-04-14 10:54:37,53.47621545,-2.24262790,9.94,24.788,51.401,1.470,110,23,37,,
T,2026-04-14 10:54:38,53.47620857,-2.24261211,9.94,25.663,51.401,1.180,114,23,37,,
T,2026-04-14 10:54:39,53.47619755,-2.24259930,9.94,26.393,51.401,1.220,131,24,38,,
T,2026-04-14 10:54:40,53.47618456,-2.24258884,9.94,26.388,51.401,1.130,135,23,38,,
T,2026-04-14 10:54:41,53.47617304,-2.24257939,9.94,26.928,51.401,1.100,138,23,38,,
T,2026-04-14 10:54:42,53.47615991,-2.24257326,10.08,27.659,51.401,1.140,156,24,38,,
T,2026-04-14 10:54:43,53.47614616,-2.24256964,10.08,27.644,51.401,1.090,160,24,38,,
T,2026-04-14 10:54:44,53.47613341,-2.24256723,10.15,27.732,51.401,1.100,166,22,38,,
T,2026-04-14 10:54:45,53.47612175,-2.24256157,10.21,28.316,51.401,1.140,155,21,38,,
T,2026-04-14 10:54:46,53.47610758,-2.24255920,10.23,28.222,51.401,1.160,172,22,38,,
T,2026-04-14 10:54:47,53.47609511,-2.24255548,10.31,28.629,51.401,1.120,168,21,38,,
T,2026-04-14 10:54:48,53.47608423,-2.24254576,10.29,28.409,51.401,1.170,151,22,38,,
T,2026-04-14 10:54:49,53.47607505,-2.24253731,10.29,27.896,51.401,1.130,154,22,38,,
T,2026-04-14 10:54:50,53.47606594,-2.24252771,10.28,27.579,51.401,1.140,148,21,38,,
T,2026-04-14 10:54:51,53.47605597,-2.24251968,10.29,27.233,51.401,1.140,151,20,38,,
T,2026-04-14 10:54:52,53.47604583,-2.24251227,10.30,26.874,51.401,1.140,153,17,38,,
T,2026-04-14 10:54:53,53.47603580,-2.24250474,10.31,26.404,51.401,1.150,154,12,36,,
T,2026-04-14 10:54:54,53.47602638,-2.24249566,10.26,26.092,51.401,1.160,149,7,36,,
T,2026-04-14 10:54:55,53.47601729,-2.24248678,10.19,26.306,51.401,1.160,150,7,36,,
T,2026-04-14 10:54:56,53.47600708,-2.24248003,10.14,25.882,51.400,1.160,156,9,37,,
T,2026-04-14 10:54:57,53.47599736,-2.24247183,10.14,25.536,51.400,1.150,152,9,37,,
T,2026-04-14 10:54:58,53.47598758,-2.24246397,10.06,24.919,51.400,1.140,154,9,37,,
T,2026-04-14 10:54:59,53.47597804,-2.24245498,10.04,24.640,51.400,1.140,148,9,37,,
T,2026-04-14 10:55:00,53.47596868,-2.24244643,9.94,24.370,51.400,1.120,149,10,37,,
T,2026-04-14 10:55:01,53.47595872,-2.24243984,9.94,24.516,51.400,1.140,157,10,38,,
T,2026-04-14 10:55:02,53.47594978,-2.24243137,9.94,24.848,51.400,1.130,151,10,38,,
T,2026-04-14 10:55:03,53.47594080,-2.24242307,9.94,24.747,51.400,1.120,153,10,38,,
T,2026-04-14 10:55:04,53.47593160,-2.24241530,9.94,24.644,51.400,1.120,156,9,38,,
T,2026-04-14 10:55:05,53.47592267,-2.24240617,9.94,24.717,51.400,1.120,151,9,38,,
T,2026-04-14 10:55:06,53.47591394,-2.24239670,9.94,24.926,51.400,1.130,148,10,38,,
T,2026-04-14 10:55:07,53.47590442,-2.24238892,10.08,24.986,51.400,1.130,155,11,38,,
T,2026-04-14 10:55:08,53.47589494,-2.24238138,10.08,24.762,51.400,1.130,156,10,38,,
T,2026-04-14 10:55:09,53.47588617,-2.24237181,9.94,24.991,51.400,1.140,148,11,37,,
T,2026-04-14 10:55:10,53.47587757,-2.24236165,9.94,24.051,51.400,1.140,150,11,36,,
T,2026-04-14 10:55:11,53.47586869,-2.24235187,9.94,23.446,51.400,1.140,150,11,36,,
T,2026-04-14 10:55:12,53.47585931,-2.24234346,9.94,23.069,51.400,1.150,153,10,36,,
T,2026-04-14 10:55:13,53.47584999,-2.24233471,9.94,22.915,51.400,1.150,153,9,36,,
T,2026-04-14 10:55:14,53.47584018,-2.24232778,9.94,22.609,51.400,1.160,157,9,36,,
T,2026-04-14 10:55:15,53.47583106,-2.24231855,9.94,22.423,51.400,1.160,149,8,36,,
T,2026-04-14 10:55:16,53.47582205,-2.24230945,9.94,22.310,51.400,1.150,149,9,36,,
T,2026-04-14 10:55:17,53.47581555,-2.24229521,9.94,21.776,51.400,1.150,137,6,36,,
T,2026-04-14 10:55:18,53.47580977,-2.24227881,9.94,21.645,51.400,1.150,140,6,36,,
T,2026-04-14 10:55:19,53.47580177,-2.24226681,9.94,21.099,51.400,1.160,148,7,36,,
T,2026-04-14 10:55:20,53.47579290,-2.24225745,9.94,21.134,51.400,1.150,150,8,36,,
T,2026-04-14 10:55:21,53.47578350,-2.24224605,9.94,21.263,51.400,1.150,152,9,36,,
T,2026-04-14 10:55:22,53.47577414,-2.24223662,10.11,21.053,51.400,1.130,153,10,37,,
T,2026-04-14 10:55:23,53.47576468,-2.24222871,10.16,20.883,51.400,1.130,154,11,37,,
T,2026-04-14 10:55:24,53.47575559,-2.24221998,10.17,20.860,51.400,1.120,150,11,37,,
T,2026-04-14 10:55:25,53.47574700,-2.24220970,10.06,20.624,51.400,1.130,145,11,37,,
T,2026-04-14 10:55:26,53.47574191,-2.24219260,10.08,20.240,51.400,1.130,125,11,37,,
T,2026-04-14 10:55:27,53.47573785,-2.24217129,9.94,20.179,51.400,1.130,125,14,36,,
T,2026-04-14 10:55:28,53.47572959,-2.24214716,9.94,20.274,51.400,1.160,134,13,35,,
T,2026-04-14 10:55:29,53.47571902,-2.24212145,9.94,20.731,51.400,1.160,139,13,35,,
T,2026-04-14 10:55:30,53.47570887,-2.24210621,9.94,21.035,51.400,1.160,146,13,35,,
T,2026-04-14 10:55:31,53.47569980,-2.24209458,9.94,20.694,51.400,1.160,144,14,35,,
T,2026-04-14 10:55:32,53.47569098,-2.24208197,9.94,20.986,51.400,1.150,143,15,35,,
T,2026-04-14 10:55:33,53.47568342,-2.24206820,9.94,21.660,51.400,1.170,134,14,35,,
T,2026-04-14 10:55:34,53.47567566,-2.24205319,9.94,21.317,51.400,1.160,135,14,35,,
T,2026-04-14 10:55:35,53.47566605,-2.24204301,9.94,21.287,51.400,1.180,148,14,35,,
T,2026-04-14 10:55:36,53.47565626,-2.24203490,9.94,20.426,51.400,1.160,152,13,35,,
T,2026-04-14 10:55:37,53.47564699,-2.24202586,9.94,20.205,51.400,1.160,148,13,35,,
T,2026-04-14 10:55:38,53.47563691,-2.24201874,9.94,19.807,51.400,1.190,158,12,35,,
T,2026-04-14 10:55:39,53.47562669,-2.24201358,9.94,19.657,51.400,1.180,162,12,35,,
T,2026-04-14 10:55:40,53.47561597,-2.24201237,9.94,19.287,51.400,1.190,175,10,34,,
T,2026-04-14 10:55:41,53.47560629,-2.24200283,9.94,18.594,51.400,1.250,153,8,35,,
T,2026-04-14 10:55:42,53.47559827,-2.24199103,9.94,18.314,51.400,1.160,144,8,35,,
T,2026-04-14 10:55:43,53.47558979,-2.24198089,9.94,17.832,51.399,1.140,147,7,35,,
T,2026-04-14 10:55:44,53.47558084,-2.24197229,9.94,18.219,51.399,1.140,152,7,35,,
T,2026-04-14 10:55:45,53.47557156,-2.24196457,9.94,18.242,51.399,1.130,153,7,35,,
T,2026-04-14 10:55:46,53.47556163,-2.24195882,9.94,17.942,51.399,1.140,161,7,35,,
T,2026-04-14 10:55:47,53.47555244,-2.24195099,9.94,17.907,51.399,1.130,153,6,35,,
T,2026-04-14 10:55:48,53.47554353,-2.24194147,9.94,17.909,51.399,1.130,150,6,35,,
T,2026-04-14 10:55:49,53.47553370,-2.24193462,9.94,18.079,51.399,1.180,166,7,34,,
T,2026-04-14 10:55:50,53.47552532,-2.24192295,9.94,18.095,51.399,1.180,151,7,34,,
T,2026-04-14 10:55:51,53.47551902,-2.24190769,9.94,17.582,51.399,1.170,132,7,34,,
T,2026-04-14 10:55:52,53.47551103,-2.24189690,9.94,17.401,51.399,1.130,145,8,34,,
T,2026-04-14 10:55:53,53.47550301,-2.24188711,9.99,17.343,51.399,1.090,146,9,34,,
T,2026-04-14 10:55:54,53.47549447,-2.24187848,10.03,17.326,51.399,1.100,153,9,34,,
T,2026-04-14 10:55:55,53.47548673,-2.24186790,9.97,17.596,51.399,1.100,144,8,34,,
T,2026-04-14 10:55:56,53.47547759,-2.24186091,9.94,17.483,51.399,1.110,157,8,33,,
T,2026-04-14 10:55:57,53.47546831,-2.24185508,9.94,17.451,51.399,1.070,159,8,33,,
T,2026-04-14 10:55:58,53.47545977,-2.24184661,9.94,17.340,51.399,1.080,151,7,33,,
T,2026-04-14 10:55:59,53.47545136,-2.24183802,9.94,17.061,51.399,1.060,150,7,33,,
T,2026-04-14 10:56:00,53.47544409,-2.24182639,9.94,16.626,51.399,1.140,128,7,31,,
T,2026-04-14 10:56:01,53.47543527,-2.24181867,9.94,16.694,51.399,1.100,146,7,33,,
T,2026-04-14 10:56:02,53.47542469,-2.24181874,9.94,16.689,51.399,1.050,165,7,33,,
T,2026-04-14 10:56:03,53.47541381,-2.24182099,9.94,16.578,51.399,1.050,166,8,33,,
T,2026-04-14 10:56:04,53.47540366,-2.24181980,10.03,16.600,51.399,1.050,162,8,33,,
T,2026-04-14 10:56:05,53.47539385,-2.24181750,10.08,16.288,51.399,1.050,164,8,33,,
T,2026-04-14 10:56:06,53.47538476,-2.24181119,10.09,16.475,51.399,1.080,152,8,33,,
T,2026-04-14 10:56:07,53.47537599,-2.24180449,10.16,16.693,51.399,1.060,151,8,33,,
T,2026-04-14 10:56:08,53.47536716,-2.24179749,10.18,16.912,51.399,1.060,151,7,33,,
T,2026-04-14 10:56:09,53.47535765,-2.24179185,10.25,16.715,51.399,1.090,156,6,34,,
T,2026-04-14 10:56:10,53.47534817,-2.24178644,10.32,16.663,51.399,1.070,158,7,34,,
T,2026-04-14 10:56:11,53.47533887,-2.24177993,10.27,16.551,51.399,1.080,154,8,34,,
T,2026-04-14 10:56:12,53.47532999,-2.24177236,10.28,16.816,51.399,1.080,150,9,34,,
T,2026-04-14 10:56:13,53.47532052,-2.24176680,10.37,16.757,51.399,1.080,157,10,34,,
T,2026-04-14 10:56:14,53.47531107,-2.24176083,10.35,16.430,51.399,1.080,160,10,34,,
T,2026-04-14 10:56:15,53.47530097,-2.24175748,10.39,16.683,51.399,1.100,177,9,33,,
T,2026-04-14 10:56:16,53.47529133,-2.24174667,10.23,16.384,51.399,1.250,146,11,33,,
T,2026-04-14 10:56:17,53.47528240,-2.24173871,10.22,16.195,51.399,1.090,155,11,33,,
T,2026-04-14 10:56:18,53.47527381,-2.24172966,10.12,15.755,51.399,1.100,146,12,33,,
T,2026-04-14 10:56:19,53.47526465,-2.24172226,9.94,15.218,51.399,1.090,152,12,34,,
T,2026-04-14 10:56:20,53.47525485,-2.24171336,9.94,15.749,51.399,1.090,154,12,34,,
T,2026-04-14 10:56:21,53.47524223,-2.24171035,10.01,16.430,51.399,1.160,173,12,36,,
T,2026-04-14 10:56:22,53.47523418,-2.24174424,10.06,16.464,51.399,2.570,255,12,36,,
T,2026-04-14 10:56:23,53.47526128,-2.24176809,10.04,15.688,51.399,3.360,328,16,37,,
T,2026-04-14 10:56:24,53.47527160,-2.24176267,10.02,15.928,51.399,1.140,342,17,37,,
T,2026-04-14 10:56:25,53.47527715,-2.24176956,10.03,15.985,51.399,1.340,309,19,37,,
T,2026-04-14 10:56:26,53.47527508,-2.24178462,10.06,16.126,51.399,1.190,276,20,37,,
T,2026-04-14 10:56:27,53.47527255,-2.24180102,10.07,15.729,51.399,1.130,265,20,37,,
T,2026-04-14 10:56:28,53.47527360,-2.24181797,10.04,13.980,51.399,1.110,274,19,35,,
T,2026-04-14 10:56:29,53.47527450,-2.24183440,10.05,13.466,51.399,1.150,273,19,35,,
T,2026-04-14 10:56:30,53.47527585,-2.24185163,10.08,12.674,51.399,1.190,268,19,36,,
T,2026-04-14 10:56:31,53.47527426,-2.24187005,10.10,11.259,51.399,1.270,248,17,36,,
T,2026-04-14 10:56:32,53.47528172,-2.24189129,10.18,11.489,51.399,1.640,294,16,35,,
T,2026-04-14 10:56:33,53.47527944,-2.24190958,10.20,12.867,51.399,1.390,260,15,35,,
T,2026-04-14 10:56:34,53.47527387,-2.24192901,10.21,13.068,51.399,1.480,247,14,35,,
T,2026-04-14 10:56:35,53.47526949,-2.24195001,10.23,13.656,51.399,1.510,247,14,35,,
T,2026-04-14 10:56:36,53.47526496,-2.24196807,10.24,13.946,51.399,1.310,245,14,35,,
T,2026-04-14 10:56:37,53.47525900,-2.24198021,10.18,14.288,51.399,1.130,229,13,34,,
T,2026-04-14 10:56:38,53.47525363,-2.24199394,10.14,14.079,51.399,1.100,237,10,35,,
T,2026-04-14 10:56:39,53.47524897,-2.24200949,10.12,13.834,51.399,1.090,245,9,34,,
T,2026-04-14 10:56:40,53.47524345,-2.24202495,10.17,13.743,51.399,1.080,238,10,35,,
T,2026-04-14 10:56:41,53.47523692,-2.24204025,10.23,13.536,51.400,1.090,243,12,33,,
T,2026-04-14 10:56:42,53.47522913,-2.24205505,10.27,12.896,51.400,1.080,236,12,33,,
T,2026-04-14 10:56:43,53.47522385,-2.24207166,10.29,12.630,51.400,1.100,249,14,33,,
T,2026-04-14 10:56:44,53.47521800,-2.24208755,10.30,11.740,51.400,1.080,241,14,34,,
T,2026-04-14 10:56:45,53.47521505,-2.24210492,10.36,12.388,51.400,1.140,262,14,33,,
T,2026-04-14 10:56:46,53.47520968,-2.24212019,10.40,13.654,51.400,1.130,245,13,33,,
T,2026-04-14 10:56:47,53.47520834,-2.24213774,10.46,12.898,51.400,1.190,269,14,33,,
T,2026-04-14 10:56:48,53.47520583,-2.24215497,10.66,12.658,51.400,1.100,262,16,34,,
T,2026-04-14 10:56:49,53.47520045,-2.24217140,10.67,12.511,51.400,1.130,248,15,34,,
T,2026-04-14 10:56:50,53.47519647,-2.24218865,10.95,12.467,51.400,1.130,260,17,34,,
T,2026-04-14 10:56:51,53.47519134,-2.24220573,11.00,11.917,51.400,1.160,251,18,34,,
T,2026-04-14 10:56:52,53.47518627,-2.24222267,11.11,11.651,51.400,1.160,250,19,35,,
T,2026-04-14 10:56:53,53.47517762,-2.24223809,11.08,11.340,51.400,1.220,235,20,34,,
T,2026-04-14 10:56:54,53.47517112,-2.24225403,10.81,12.227,51.400,1.190,247,20,35,,
T,2026-04-14 10:56:55,53.47516238,-2.24226939,10.82,13.199,51.400,1.210,239,20,35,,
T,2026-04-14 10:56:56,53.47515237,-2.24228337,10.80,15.772,51.400,1.210,240,17,35,,
T,2026-04-14 10:56:57,53.47514448,-2.24229717,10.59,17.376,51.400,1.220,248,16,35,,
T,2026-04-14 10:56:58,53.47513995,-2.24231048,10.46,19.596,51.400,1.180,247,16,36,,
T,2026-04-14 10:56:59,53.47513579,-2.24232874,10.35,19.477,51.400,1.230,251,16,36,,
T,2026-04-14 10:57:00,53.47512911,-2.24234731,10.30,19.468,51.400,1.230,239,16,36,,
T,2026-04-14 10:57:01,53.47512073,-2.24236542,10.25,18.974,51.400,1.270,237,18,36,,
T,2026-04-14 10:57:02,53.47512248,-2.24236896,10.25,17.130,51.400,0.000,,19,37,,
T,2026-04-14 10:57:03,53.47513519,-2.24240529,10.18,17.889,51.400,3.550,308,19,35,,
T,2026-04-14 10:57:04,53.47515385,-2.24239528,10.11,20.397,51.400,2.690,11,20,35,,
T,2026-04-14 10:57:05,53.47516008,-2.24238296,10.03,22.490,51.400,1.320,10,20,35,,
T,2026-04-14 10:57:06,53.47516120,-2.24236972,10.00,24.744,51.400,1.340,18,21,36,,
T,2026-04-14 10:57:07,53.47516605,-2.24235493,9.98,24.678,51.400,1.510,43,21,36,,
T,2026-04-14 10:57:08,53.47517562,-2.24234071,10.02,24.273,51.400,1.370,44,21,36,,
T,2026-04-14 10:57:09,53.47518863,-2.24236066,10.01,23.063,51.400,1.490,330,21,36,,
T,2026-04-14 10:57:10,53.47519086,-2.24237082,10.11,22.788,51.400,0.260,323,20,36,,
T,2026-04-14 10:57:11,53.47519136,-2.24237236,10.46,22.818,51.400,0.000,,20,36,,
T,2026-04-14 10:57:12,53.47519023,-2.24237449,10.13,22.950,51.400,0.000,,20,36,,
T,2026-04-14 10:57:13,53.47518988,-2.24237508,10.13,22.940,51.400,0.000,,19,36,,
T,2026-04-14 10:57:14,53.47518979,-2.24237523,10.16,22.940,51.400,0.000,,16,36,,
T,2026-04-14 10:57:15,53.47518976,-2.24237527,10.20,22.933,51.400,0.000,,15,36,,
T,2026-04-14 10:57:16,53.47518975,-2.24237528,10.24,22.931,51.400,0.000,,15,36,,
T,2026-04-14 10:57:17,53.47518974,-2.24237530,10.28,22.931,51.400,0.000,,15,36,,
T,2026-04-14 10:57:18,53.47518973,-2.24237530,10.35,22.934,51.400,0.000,,16,36,,
T,2026-04-14 10:57:19,53.47518972,-2.24237529,10.35,22.933,51.400,0.000,,17,36,,
T,2026-04-14 10:57:20,53.47518878,-2.24237519,10.20,23.062,51.400,0.180,323,18,36,,
T,2026-04-14 10:57:21,53.47518654,-2.24237745,10.59,21.757,51.400,0.220,323,19,36,,
T,2026-04-14 10:57:22,53.47518773,-2.24240266,10.15,23.309,51.400,1.590,282,20,34,,
T,2026-04-14 10:57:23,53.47518874,-2.24241668,10.11,23.278,51.400,0.000,,20,35,,
T,2026-04-14 10:57:24,53.47518876,-2.24241900,10.06,23.297,51.400,0.000,,19,34,,
T,2026-04-14 10:57:25,53.47518870,-2.24241959,10.05,23.312,51.400,0.000,,19,34,,
T,2026-04-14 10:57:26,53.47518864,-2.24241979,10.01,23.314,51.400,0.000,,19,33,,
T,2026-04-14 10:57:27,53.47518859,-2.24241986,10.00,23.316,51.400,0.000,,19,34,,
T,2026-04-14 10:57:28,53.47518855,-2.24241992,9.98,23.319,51.400,0.000,,16,33,,
T,2026-04-14 10:57:29,53.47518851,-2.24241997,9.97,23.320,51.400,0.000,,16,36,,
T,2026-04-14 10:57:30,53.47518848,-2.24242002,9.94,23.324,51.400,0.000,,14,37,,
T,2026-04-14 10:57:31,53.47518460,-2.24241712,9.94,23.470,51.400,0.000,,14,36,,
T,2026-04-14 10:57:32,53.47518433,-2.24241657,3.79,23.275,51.400,0.000,,14,35,,
T,2026-04-14 10:57:33,53.47518414,-2.24241564,3.79,23.333,51.400,0.000,,15,35,,
T,2026-04-14 10:57:34,53.47518405,-2.24241453,3.79,23.963,51.400,0.250,282,16,35,,
T,2026-04-14 10:57:35,53.47518217,-2.24241218,3.79,23.982,51.400,0.000,,17,34,,
T,2026-04-14 10:57:36,53.47518158,-2.24241151,3.79,23.997,51.400,0.000,,18,34,,
T,2026-04-14 10:57:37,53.47518132,-2.24241119,3.79,23.986,51.400,0.000,,18,34,,
T,2026-04-14 10:57:38,53.47518132,-2.24241116,3.79,24.019,51.400,0.000,,18,34,,
T,2026-04-14 10:57:39,53.47518130,-2.24241112,3.79,24.029,51.400,0.000,,18,34,,
T,2026-04-14 10:57:40,53.47518114,-2.24241094,3.79,24.017,51.400,0.000,,17,34,,
T,2026-04-14 10:57:41,53.47518120,-2.24241096,3.79,24.056,51.400,0.000,,17,35,,
T,2026-04-14 10:57:42,53.47518092,-2.24241061,3.79,24.017,51.400,0.000,,15,34,,
T,2026-04-14 10:57:43,53.47518081,-2.24241046,3.79,24.027,51.400,0.000,,15,34,,
T,2026-04-14 10:57:44,53.47518064,-2.24241020,3.81,24.022,51.400,0.000,,16,34,,
T,2026-04-14 10:57:45,53.47518051,-2.24240998,3.79,24.017,51.400,0.000,,16,35,,
T,2026-04-14 10:57:46,53.47518045,-2.24240987,3.88,24.021,51.400,0.000,,16,34,,
T,2026-04-14 10:57:47,53.47518039,-2.24240980,3.87,24.027,51.400,0.000,,16,34,,
T,2026-04-14 10:57:48,53.47518034,-2.24240977,3.79,24.038,51.400,0.000,,16,34,,
T,2026-04-14 10:57:49,53.47518001,-2.24240928,3.79,23.964,51.400,0.000,,16,36,,
T,2026-04-14 10:57:50,53.47517557,-2.24240851,3.79,23.891,51.400,0.000,,16,35,,
T,2026-04-14 10:57:51,53.47516991,-2.24240811,3.79,24.365,51.400,0.450,282,16,35,,
T,2026-04-14 10:57:52,53.47516182,-2.24240597,3.79,27.174,51.400,0.480,282,17,36,,
T,2026-04-14 10:57:53,53.47515601,-2.24240509,3.79,27.671,51.400,0.270,282,17,36,,
T,2026-04-14 10:57:54,53.47514936,-2.24240686,3.79,29.608,51.400,0.500,282,18,36,,
T,2026-04-14 10:57:55,53.47514435,-2.24240958,3.79,30.072,51.400,0.330,282,18,37,,
T,2026-04-14 10:57:56,53.47513931,-2.24240639,3.79,30.143,51.400,0.000,,18,36,,
T,2026-04-14 10:57:57,53.47513778,-2.24240537,3.79,30.099,51.400,0.000,,19,36,,
T,2026-04-14 10:57:58,53.47513854,-2.24240424,3.79,29.835,51.400,0.000,,18,35,,
T,2026-04-14 10:57:59,53.47513933,-2.24240202,3.79,29.826,51.400,0.000,,18,36,,
T,2026-04-14 10:58:00,53.47513975,-2.24240044,3.79,29.736,51.400,0.000,,19,36,,
T,2026-04-14 10:58:01,53.47513992,-2.24239972,3.79,29.748,51.400,0.000,,19,34,,
T,2026-04-14 10:58:02,53.47514013,-2.24239949,3.79,29.633,51.400,0.000,,18,34,,
T,2026-04-14 10:58:03,53.47514016,-2.24239954,3.79,29.636,51.400,0.000,,19,36,,
T,2026-04-14 10:58:04,53.47514014,-2.24239965,3.79,29.637,51.400,0.000,,19,36,,
T,2026-04-14 10:58:05,53.47514019,-2.24239967,3.79,29.614,51.400,0.000,,21,36,,
T,2026-04-14 10:58:06,53.47514015,-2.24240007,3.79,29.553,51.400,0.000,,21,36,,
T,2026-04-14 10:58:07,53.47514002,-2.24240056,3.79,29.530,51.400,0.000,,21,35,,
T,2026-04-14 10:58:08,53.47513997,-2.24240067,3.79,29.528,51.400,0.000,,21,35,,
T,2026-04-14 10:58:09,53.47514001,-2.24240086,3.79,29.557,51.400,0.000,,20,35,,
T,2026-04-14 10:58:10,53.47514004,-2.24240097,3.79,29.525,51.400,0.000,,19,34,,
T,2026-04-14 10:58:11,53.47513987,-2.24240103,3.79,29.478,51.400,0.000,,17,35,,
T,2026-04-14 10:58:12,53.47513985,-2.24240127,3.79,29.463,51.400,0.000,,18,35,,
T,2026-04-14 10:58:13,53.47513980,-2.24240135,3.79,29.466,51.400,0.000,,19,35,,
T,2026-04-14 10:58:14,53.47513973,-2.24240161,3.79,29.446,51.400,0.000,,20,35,,
T,2026-04-14 10:58:15,53.47513936,-2.24240131,3.79,29.433,51.400,0.000,,20,34,,
T,2026-04-14 10:58:16,53.47513932,-2.24240134,3.79,29.455,51.400,0.000,,20,35,,
T,2026-04-14 10:58:17,53.47513916,-2.24240090,3.79,29.530,51.400,0.000,,19,37,,
T,2026-04-14 10:58:18,53.47513911,-2.24240058,3.79,29.531,51.400,0.000,,20,37,,
T,2026-04-14 10:58:19,53.47513914,-2.24240080,3.79,29.546,51.400,0.000,,20,36,,
T,2026-04-14 10:58:20,53.47513890,-2.24240086,3.79,29.513,51.400,0.000,,21,36,,
T,2026-04-14 10:58:21,53.47513860,-2.24240076,3.79,29.492,51.400,0.000,,21,36,,
T,2026-04-14 10:58:22,53.47513874,-2.24240049,3.79,29.383,51.400,0.000,,21,36,,
T,2026-04-14 10:58:23,53.47513852,-2.24240045,3.79,29.292,51.400,0.000,,21,37,,
T,2026-04-14 10:58:24,53.47513829,-2.24240030,3.79,29.298,51.400,0.000,,20,36,,
T,2026-04-14 10:58:25,53.47513823,-2.24240046,3.79,29.275,51.400,0.000,,20,36,,
T,2026-04-14 10:58:26,53.47513810,-2.24240044,3.79,29.258,51.400,0.000,,20,36,,
T,2026-04-14 10:58:27,53.47513808,-2.24240043,3.79,29.250,51.400,0.000,,20,36,,
T,2026-04-14 10:58:28,53.47513780,-2.24240021,3.79,29.219,51.400,0.000,,20,36,,
T,2026-04-14 10:58:29,53.47513787,-2.24240035,3.79,29.248,51.400,0.000,,20,36,,
T,2026-04-14 10:58:30,53.47513769,-2.24240021,3.79,29.210,51.400,0.000,,20,36,,
T,2026-04-14 10:58:31,53.47513757,-2.24239993,3.79,29.201,51.400,0.000,,18,36,,
T,2026-04-14 10:58:32,53.47513760,-2.24240005,3.79,29.227,51.400,0.000,,17,36,,
T,2026-04-14 10:58:33,53.47513770,-2.24240034,3.79,29.253,51.400,0.000,,17,36,,
T,2026-04-14 10:58:34,53.47513752,-2.24240054,3.79,29.175,51.400,0.000,,17,36,,
T,2026-04-14 10:58:35,53.47513760,-2.24240090,3.79,29.211,51.400,0.000,,18,36,,
T,2026-04-14 10:58:36,53.47513752,-2.24240095,3.79,29.189,51.400,0.000,,17,36,,
T,2026-04-14 10:58:37,53.47516001,-2.24242265,3.79,29.578,51.400,3.270,330,17,36,,
T,2026-04-14 10:58:38,53.47517010,-2.24243261,3.79,29.595,51.400,0.000,,18,36,,
T,2026-04-14 10:58:39,53.47517146,-2.24243362,3.79,29.667,51.400,0.000,,21,36,,
T,2026-04-14 10:58:40,53.47517190,-2.24243378,3.79,29.713,51.400,0.000,,22,36,,
T,2026-04-14 10:58:41,53.47518751,-2.24244280,3.79,30.240,51.400,2.010,344,22,36,,
T,2026-04-14 10:58:42,53.47520067,-2.24245495,3.79,30.641,51.400,1.880,337,23,37,,
T,2026-04-14 10:58:43,53.47521392,-2.24246537,3.79,32.290,51.400,1.840,342,23,36,,
T,2026-04-14 10:58:44,53.47521246,-2.24246809,3.79,32.599,51.400,0.000,,23,36,,
T,2026-04-14 10:58:45,53.47520668,-2.24247004,3.79,33.145,51.400,0.350,343,23,37,,
T,2026-04-14 10:58:46,53.47521984,-2.24248340,3.79,33.583,51.400,0.000,,23,37,,
T,2026-04-14 10:58:47,53.47522327,-2.24248688,3.79,33.602,51.400,0.000,,23,36,,
T,2026-04-14 10:58:48,53.47523708,-2.24250725,3.79,33.648,51.400,2.160,321,21,36,,
T,2026-04-14 10:58:49,53.47523966,-2.24251161,3.79,33.683,51.400,0.000,,22,35,,
T,2026-04-14 10:58:50,53.47523932,-2.24251145,3.79,33.636,51.400,0.000,,22,35,,
T,2026-04-14 10:58:51,53.47523756,-2.24250944,3.79,34.230,51.400,0.000,,22,35,,
T,2026-04-14 10:58:52,53.47523677,-2.24250968,3.79,34.328,51.400,0.000,,21,35,,
T,2026-04-14 10:58:53,53.47523633,-2.24250967,3.79,34.321,51.400,0.000,,23,36,,
T,2026-04-14 10:58:54,53.47523596,-2.24250894,3.79,34.332,51.400,0.000,,24,35,,
T,2026-04-14 10:58:55,53.47523580,-2.24250863,3.79,34.350,51.400,0.000,,24,36,,
T,2026-04-14 10:58:56,53.47523576,-2.24250768,3.79,34.324,51.400,0.000,,24,36,,
T,2026-04-14 10:58:57,53.47523576,-2.24250721,3.79,34.319,51.400,0.000,,24,36,,
T,2026-04-14 10:58:58,53.47523532,-2.24250731,3.79,34.452,51.400,0.000,,24,36,,
T,2026-04-14 10:58:59,53.47523540,-2.24250476,3.79,35.407,51.400,0.250,321,24,36,,
T,2026-04-14 10:59:00,53.47523416,-2.24250317,3.79,35.559,51.400,0.000,,23,36,,
T,2026-04-14 10:59:01,53.47523164,-2.24250996,3.79,36.774,51.400,0.520,321,23,36,,
T,2026-04-14 10:59:02,53.47522505,-2.24251390,3.79,36.955,51.400,0.440,321,23,36,,
T,2026-04-14 10:59:03,53.47522255,-2.24251341,3.79,37.218,51.400,0.320,321,23,36,,
T,2026-04-14 10:59:04,53.47522363,-2.24251049,3.79,37.602,51.400,0.290,321,22,36,,
T,2026-04-14 10:59:05,53.47522092,-2.24250675,3.79,37.598,51.400,0.000,,21,36,,
T,2026-04-14 10:59:06,53.47522041,-2.24250603,3.79,37.650,51.400,0.000,,21,36,,
T,2026-04-14 10:59:07,53.47522026,-2.24250579,3.79,37.651,51.400,0.000,,21,36,,
T,2026-04-14 10:59:08,53.47522016,-2.24250562,3.79,37.642,51.400,0.000,,19,35,,
T,2026-04-14 10:59:09,53.47522011,-2.24250556,3.79,37.639,51.400,0.000,,20,35,,
T,2026-04-14 10:59:10,53.47522004,-2.24250545,3.79,37.638,51.400,0.000,,20,35,,
T,2026-04-14 10:59:11,53.47521989,-2.24250522,3.79,37.624,51.400,0.000,,20,36,,
T,2026-04-14 10:59:12,53.47521958,-2.24250502,3.79,37.610,51.400,0.000,,20,36,,
T,2026-04-14 10:59:13,53.47521896,-2.24250440,3.79,37.614,51.400,0.000,,20,36,,
T,2026-04-14 10:59:14,53.47521868,-2.24250421,3.79,37.603,51.400,0.000,,19,36,,
T,2026-04-14 10:59:15,53.47521860,-2.24250422,3.79,37.601,51.400,0.000,,19,36,,
T,2026-04-14 10:59:16,53.47521839,-2.24250414,3.79,37.593,51.400,0.000,,19,36,,
T,2026-04-14 10:59:17,53.47521829,-2.24250407,3.79,37.593,51.400,0.000,,20,35,,
T,2026-04-14 10:59:18,53.47521808,-2.24250398,3.79,37.585,51.400,0.000,,22,35,,
T,2026-04-14 10:59:19,53.47521786,-2.24250382,3.79,37.580,51.400,0.000,,22,35,,
T,2026-04-14 10:59:20,53.47521764,-2.24250364,3.79,37.577,51.400,0.000,,22,35,,
T,2026-04-14 10:59:21,53.47521717,-2.24250322,3.79,37.550,51.400,0.000,,22,35,,
T,2026-04-14 10:59:22,53.47521680,-2.24250287,3.79,37.542,51.400,0.000,,21,35,,
T,2026-04-14 10:59:23,53.47521663,-2.24250271,3.89,37.533,51.400,0.000,,21,35,,
T,2026-04-14 10:59:24,53.47521412,-2.24250034,3.79,37.480,51.400,0.000,,21,33,,
T,2026-04-14 10:59:25,53.47521144,-2.24249826,3.79,37.468,51.400,0.000,,21,33,,
T,2026-04-14 10:59:26,53.47521062,-2.24249759,3.79,37.478,51.400,0.000,,22,33,,
T,2026-04-14 10:59:27,53.47521031,-2.24249736,3.79,37.467,51.400,0.000,,22,33,,
T,2026-04-14 10:59:28,53.47521010,-2.24249743,3.79,37.446,51.400,0.000,,22,33,,
T,2026-04-14 10:59:29,53.47520825,-2.24249612,3.79,37.483,51.400,0.000,,22,34,,
T,2026-04-14 10:59:30,53.47520650,-2.24249558,3.79,37.463,51.400,0.000,,22,34,,
T,2026-04-14 10:59:31,53.47520587,-2.24249520,3.79,37.482,51.400,0.000,,22,34,,
T,2026-04-14 10:59:32,53.47520569,-2.24249509,3.79,37.480,51.400,0.000,,22,32,,
T,2026-04-14 10:59:33,53.47520552,-2.24249477,3.79,37.514,51.400,0.000,,22,32,,
T,2026-04-14 10:59:34,53.47520542,-2.24249469,3.79,37.522,51.400,0.000,,22,32,,
T,2026-04-14 10:59:35,53.47520523,-2.24249476,3.79,37.518,51.400,0.000,,23,33,,
T,2026-04-14 10:59:36,53.47520522,-2.24249468,3.79,37.523,51.400,0.000,,24,33,,
T,2026-04-14 10:59:37,53.47520520,-2.24249468,3.79,37.523,51.400,0.000,,25,33,,
T,2026-04-14 10:59:38,53.47520501,-2.24249474,3.79,37.512,51.400,0.000,,25,33,,
T,2026-04-14 10:59:39,53.47520491,-2.24249479,3.79,37.509,51.400,0.000,,25,33,,
T,2026-04-14 10:59:40,53.47520483,-2.24249479,3.79,37.506,51.400,0.000,,24,33,,
T,2026-04-14 10:59:41,53.47520449,-2.24249508,3.79,37.462,51.400,0.000,,21,33,,
T,2026-04-14 10:59:42,53.47520428,-2.24249543,3.79,37.446,51.400,0.000,,19,33,,
T,2026-04-14 10:59:43,53.47520411,-2.24249568,3.79,37.439,51.400,0.000,,19,33,,
T,2026-04-14 10:59:44,53.47520394,-2.24249576,3.79,37.437,51.400,0.000,,20,33,,
T,2026-04-14 10:59:45,53.47520389,-2.24249577,3.79,37.438,51.400,0.000,,20,32,,
T,2026-04-14 10:59:46,53.47520385,-2.24249578,3.79,37.434,51.400,0.000,,20,31,,
T,2026-04-14 10:59:47,53.47520381,-2.24249576,3.79,37.433,51.400,0.000,,22,31,,
T,2026-04-14 10:59:48,53.47520376,-2.24249573,3.79,37.431,51.400,0.000,,23,31,,
T,2026-04-14 10:59:49,53.47520372,-2.24249571,3.82,37.429,51.400,0.000,,23,31,,
T,2026-04-14 10:59:50,53.47520198,-2.24249369,3.85,37.748,51.400,0.000,,22,31,,
T,2026-04-14 10:59:51,53.47520035,-2.24249069,4.00,38.297,51.400,0.170,321,23,31,,
T,2026-04-14 10:59:52,53.47519503,-2.24249601,3.99,38.127,51.400,0.000,,23,33,,
T,2026-04-14 10:59:53,53.47519446,-2.24249639,4.07,37.754,51.400,0.160,321,21,33,,
T,2026-04-14 10:59:54,53.47519309,-2.24249712,3.95,37.768,51.400,0.000,,21,33,,
T,2026-04-14 10:59:55,53.47519253,-2.24249674,3.87,37.757,51.400,0.000,,21,33,,
T,2026-04-14 10:59:56,53.47518839,-2.24249670,3.83,37.902,51.400,0.230,321,22,33,,
T,2026-04-14 10:59:57,53.47518539,-2.24249416,3.84,37.887,51.400,0.000,,22,33,,
T,2026-04-14 10:59:58,53.47518464,-2.24249326,3.81,37.893,51.400,0.000,,22,33,,
T,2026-04-14 10:59:59,53.47518440,-2.24249285,3.79,37.893,51.400,0.000,,22,33,,
T,2026-04-14 11:00:00,53.47518022,-2.24248561,4.11,38.027,51.400,0.400,321,22,33,,
T,2026-04-14 11:00:01,53.47517676,-2.24247465,4.99,38.704,51.400,0.610,321,22,33,,
T,2026-04-14 11:00:02,53.47517408,-2.24246322,10.34,38.609,51.400,0.470,321,22,33,,
T,2026-04-14 11:00:03,53.47517831,-2.24243332,10.41,42.262,51.400,1.610,71,22,33,,
T,2026-04-14 11:00:04,53.47518631,-2.24240402,10.47,43.294,51.400,1.630,60,22,33,,
T,2026-04-14 11:00:05,53.47519601,-2.24237911,10.46,44.131,51.400,1.460,48,22,33,,
T,2026-04-14 11:00:06,53.47520159,-2.24235701,10.50,46.290,51.400,1.360,53,22,33,,
T,2026-04-14 11:00:07,53.47519983,-2.24233184,10.53,47.744,51.400,1.460,80,22,33,,
T,2026-04-14 11:00:08,53.47520540,-2.24231367,10.45,46.031,51.400,2.260,22,21,33,,
T,2026-04-14 11:00:09,53.47520513,-2.24229911,10.41,46.590,51.400,1.300,39,21,33,,
T,2026-04-14 11:00:10,53.47520682,-2.24228737,10.38,47.259,51.400,1.250,43,21,32,,
T,2026-04-14 11:00:11,53.47520947,-2.24227023,10.45,48.104,51.400,1.310,57,22,32,,
T,2026-04-14 11:00:12,53.47520800,-2.24224973,10.40,48.403,51.400,1.270,70,23,32,,
T,2026-04-14 11:00:13,53.47520843,-2.24222950,10.53,48.639,51.400,1.230,69,24,32,,
T,2026-04-14 11:00:14,53.47521189,-2.24221152,10.50,49.215,51.400,1.240,61,24,32,,
T,2026-04-14 11:00:15,53.47520925,-2.24219085,10.40,48.395,51.400,1.180,69,24,32,,
T,2026-04-14 11:00:16,53.47520857,-2.24216939,10.42,48.352,51.400,1.240,79,23,32,,
T,2026-04-14 11:00:17,53.47520661,-2.24214937,10.36,48.702,51.400,1.250,94,21,32,,
T,2026-04-14 11:00:18,53.47520235,-2.24212858,10.34,47.322,51.400,1.220,88,20,32,,
T,2026-04-14 11:00:19,53.47520570,-2.24211117,10.28,47.605,51.400,1.340,63,23,31,,
T,2026-04-14 11:00:20,53.47520886,-2.24209380,10.35,47.119,51.400,1.210,70,24,32,,
T,2026-04-14 11:00:21,53.47521066,-2.24207625,10.31,47.101,51.400,1.240,87,25,32,,
T,2026-04-14 11:00:22,53.47521630,-2.24206168,10.26,47.786,51.400,1.290,63,26,32,,
T,2026-04-14 11:00:23,53.47521826,-2.24204455,10.22,46.790,51.400,1.240,84,27,32,,
T,2026-04-14 11:00:24,53.47521802,-2.24202588,10.24,46.328,51.399,1.150,97,27,32,,
T,2026-04-14 11:00:25,53.47522441,-2.24200680,10.17,45.931,51.399,1.310,68,25,32,,
T,2026-04-14 11:00:26,53.47523384,-2.24199421,10.23,46.637,51.399,1.280,43,23,32,,
T,2026-04-14 11:00:27,53.47523908,-2.24197073,10.21,46.473,51.399,1.440,80,22,32,,
T,2026-04-14 11:00:28,53.47524346,-2.24195420,10.16,44.710,51.399,1.160,77,23,32,,
T,2026-04-14 11:00:29,53.47524894,-2.24193946,10.20,45.006,51.399,1.180,66,23,31,,
T,2026-04-14 11:00:30,53.47525419,-2.24192259,10.18,44.741,51.399,1.180,68,22,31,,
T,2026-04-14 11:00:31,53.47526223,-2.24190661,10.13,43.905,51.399,1.230,49,22,31,,
T,2026-04-14 11:00:32,53.47526882,-2.24189595,10.02,43.905,51.399,1.170,35,23,31,,
T,2026-04-14 11:00:33,53.47527546,-2.24188626,9.94,44.284,51.399,1.170,29,24,31,,
T,2026-04-14 11:00:34,53.47528120,-2.24187769,9.94,45.379,51.399,1.170,28,24,31,,
T,2026-04-14 11:00:35,53.47528809,-2.24186312,9.94,45.395,51.399,1.190,46,24,31,,
T,2026-04-14 11:00:36,53.47529422,-2.24184601,9.94,44.941,51.399,1.170,49,25,31,,
T,2026-04-14 11:00:37,53.47529947,-2.24182655,10.06,43.841,51.399,1.160,56,27,31,,
T,2026-04-14 11:00:38,53.47530471,-2.24180905,10.21,43.613,51.399,1.160,60,25,31,,
T,2026-04-14 11:00:39,53.47530988,-2.24179027,10.25,44.611,51.399,1.180,64,24,33,,
T,2026-04-14 11:00:40,53.47531878,-2.24177481,10.22,42.160,51.399,1.340,33,25,33,,
T,2026-04-14 11:00:41,53.47532337,-2.24175500,10.22,41.351,51.399,1.340,66,25,33,,
T,2026-04-14 11:00:42,53.47532395,-2.24173487,10.26,41.376,51.399,1.200,80,24,33,,
T,2026-04-14 11:00:43,53.47531660,-2.24171146,10.24,33.841,51.399,1.160,93,22,33,,
T,2026-04-14 11:00:44,53.47530778,-2.24168968,10.29,30.050,51.399,1.130,105,23,33,,
T,2026-04-14 11:00:45,53.47529466,-2.24167434,10.27,25.700,51.399,1.200,129,22,34,,
T,2026-04-14 11:00:46,53.47528243,-2.24166293,10.23,23.515,51.399,1.090,128,19,36,,
T,2026-04-14 11:00:47,53.47526889,-2.24165564,10.19,22.566,51.399,1.150,145,19,36,,
T,2026-04-14 11:00:48,53.47525610,-2.24165016,10.15,21.598,51.399,1.100,148,18,36,,
T,2026-04-14 11:00:49,53.47524299,-2.24164823,10.07,20.597,51.399,1.120,163,17,36,,
T,2026-04-14 11:00:50,53.47522977,-2.24164864,10.03,19.909,51.399,1.090,169,16,36,,
T,2026-04-14 11:00:51,53.47521706,-2.24164867,10.02,19.122,51.399,1.080,172,15,36,,
T,2026-04-14 11:00:52,53.47520483,-2.24164577,10.08,18.684,51.399,1.080,167,14,36,,
T,2026-04-14 11:00:53,53.47519286,-2.24163902,10.09,17.786,51.399,1.100,156,13,36,,
T,2026-04-14 11:00:54,53.47517922,-2.24163859,10.09,17.723,51.399,1.140,177,14,36,,
T,2026-04-14 11:00:55,53.47516692,-2.24163236,10.11,17.061,51.399,1.140,159,14,36,,
T,2026-04-14 11:00:56,53.47515440,-2.24162543,10.10,16.327,51.399,1.100,159,14,36,,
T,2026-04-14 11:00:57,53.47514104,-2.24161872,10.05,15.732,51.399,1.140,161,12,36,,
T,2026-04-14 11:00:58,53.47512759,-2.24161256,9.94,14.761,51.399,1.170,165,13,36,,
T,2026-04-14 11:00:59,53.47511442,-2.24160603,10.01,14.407,51.399,1.190,160,12,36,,
T,2026-04-14 11:01:00,53.47510334,-2.24159533,10.12,13.083,51.399,1.220,149,12,36,,
T,2026-04-14 11:01:01,53.47509218,-2.24158680,10.11,12.209,51.399,1.210,155,13,36,,
T,2026-04-14 11:01:02,53.47508119,-2.24157834,10.10,11.446,51.399,1.210,156,13,36,,
T,2026-04-14 11:01:03,53.47507032,-2.24156999,10.09,11.093,51.399,1.210,154,13,36,,
T,2026-04-14 11:01:04,53.47506059,-2.24155811,10.16,10.581,51.399,1.210,139,13,36,,
T,2026-04-14 11:01:05,53.47504960,-2.24155048,10.19,10.577,51.399,1.250,152,13,36,,
T,2026-04-14 11:01:06,53.47503900,-2.24154157,9.94,9.631,51.399,1.220,148,8,37,,
T,2026-04-14 11:01:07,53.47502791,-2.24153388,10.14,8.695,51.399,1.230,154,7,37,,
T,2026-04-14 11:01:08,53.47501520,-2.24152921,9.96,9.076,51.399,1.230,156,8,38,,
T,2026-04-14 11:01:09,53.47500170,-2.24152380,10.27,9.419,51.399,1.250,150,11,38,,
T,2026-04-14 11:01:10,53.47498679,-2.24152125,10.42,10.123,51.398,1.270,165,11,38,,
T,2026-04-14 11:01:11,53.47497167,-2.24151746,10.20,11.113,51.398,1.260,158,11,38,,
T,2026-04-14 11:01:12,53.47495683,-2.24151431,9.94,11.270,51.398,1.350,164,12,38,,
T,2026-04-14 11:01:13,53.47494406,-2.24150883,9.94,11.606,51.398,1.260,164,12,38,,
T,2026-04-14 11:01:14,53.47492968,-2.24150966,9.94,11.408,51.398,1.190,175,12,39,,
T,2026-04-14 11:01:15,53.47491631,-2.24150759,9.94,11.562,51.398,1.160,173,13,40,,
T,2026-04-14 11:01:16,53.47490183,-2.24150964,9.94,12.213,51.398,1.150,180,13,39,,
T,2026-04-14 11:01:17,53.47488681,-2.24151198,9.94,12.502,51.398,1.060,178,14,39,,
T,2026-04-14 11:01:18,53.47487395,-2.24151414,9.94,14.383,51.398,0.940,184,14,39,,
T,2026-04-14 11:01:19,53.47486321,-2.24151326,3.79,15.700,51.398,0.000,,14,39,,
T,2026-04-14 11:01:20,53.47485858,-2.24151267,3.79,16.877,51.398,0.000,,14,39,,
T,2026-04-14 11:01:21,53.47485734,-2.24151237,3.79,16.885,51.398,0.000,,14,39,,
T,2026-04-14 11:01:22,53.47485698,-2.24151243,3.81,16.880,51.398,0.000,,14,41,,
T,2026-04-14 11:01:23,53.47485685,-2.24151245,3.80,16.878,51.398,0.000,,14,42,,
T,2026-04-14 11:01:24,53.47485690,-2.24151244,3.83,16.865,51.398,0.000,,15,42,,
T,2026-04-14 11:01:25,53.47485676,-2.24151247,3.90,16.879,51.398,0.000,,14,42,,
T,2026-04-14 11:01:26,53.47485669,-2.24151249,3.98,16.878,51.398,0.000,,15,42,,
T,2026-04-14 11:01:27,53.47485665,-2.24151250,4.02,16.878,51.398,0.000,,15,42,,
T,2026-04-14 11:01:28,53.47485661,-2.24151248,4.13,16.883,51.398,0.000,,14,42,,
T,2026-04-14 11:01:29,53.47484829,-2.24151178,4.31,17.030,51.398,0.900,177,15,42,,
T,2026-04-14 11:01:30,53.47483558,-2.24150231,4.20,17.632,51.398,1.220,151,15,42,,
T,2026-04-14 11:01:31,53.47482265,-2.24149663,4.14,17.776,51.398,1.150,163,15,42,,
T,2026-04-14 11:01:32,53.47481179,-2.24148512,4.23,17.665,51.398,1.170,149,15,42,,
T,2026-04-14 11:01:33,53.47480207,-2.24147350,4.29,17.877,51.398,1.160,144,15,42,,
T,2026-04-14 11:01:34,53.47479080,-2.24146615,4.30,17.919,51.398,1.220,163,16,42,,
T,2026-04-14 11:01:35,53.47477998,-2.24145910,4.44,18.059,51.398,1.190,152,15,42,,
T,2026-04-14 11:01:36,53.47476963,-2.24145256,4.53,17.930,51.398,1.180,158,15,42,,
T,2026-04-14 11:01:37,53.47475922,-2.24144682,4.74,18.195,51.398,1.170,157,15,42,,
T,2026-04-14 11:01:38,53.47474844,-2.24144071,4.19,18.371,51.398,1.170,163,15,42,,
T,2026-04-14 11:01:39,53.47473795,-2.24143248,4.28,17.877,51.398,1.180,161,16,42,,
T,2026-04-14 11:01:40,53.47472585,-2.24141945,4.39,18.755,51.398,1.200,151,17,42,,
T,2026-04-14 11:01:41,53.47471458,-2.24140340,4.41,19.065,51.398,1.220,138,18,42,,
T,2026-04-14 11:01:42,53.47470413,-2.24138919,4.48,19.514,51.398,1.190,141,23,42,,
T,2026-04-14 11:01:43,53.47469357,-2.24137508,4.55,20.415,51.398,1.180,137,23,42,,
T,2026-04-14 11:01:44,53.47468536,-2.24135872,4.45,21.317,51.398,1.200,123,23,42,,
T,2026-04-14 11:01:45,53.47467623,-2.24134470,4.46,21.576,51.398,1.160,135,21,42,,
T,2026-04-14 11:01:46,53.47466732,-2.24133092,4.48,20.927,51.398,1.110,130,23,42,,
T,2026-04-14 11:01:47,53.47465693,-2.24131884,4.41,21.478,51.398,1.130,143,23,42,,
T,2026-04-14 11:01:48,53.47464814,-2.24130556,4.69,21.299,51.398,1.110,137,23,42,,
T,2026-04-14 11:01:49,53.47463968,-2.24129306,4.29,21.380,51.398,1.130,138,23,42,,
T,2026-04-14 11:01:50,53.47463205,-2.24128065,4.00,21.346,51.398,1.120,136,23,42,,
T,2026-04-14 11:01:51,53.47462382,-2.24126910,3.83,20.932,51.398,1.130,140,21,42,,
T,2026-04-14 11:01:52,53.47461452,-2.24126115,3.79,21.646,51.398,1.180,151,20,42,,
T,2026-04-14 11:01:53,53.47460524,-2.24125248,3.79,21.376,51.398,1.140,150,20,42,,
T,2026-04-14 11:01:54,53.47459639,-2.24124314,3.79,21.447,51.398,1.140,150,20,42,,
T,2026-04-14 11:01:55,53.47458746,-2.24123334,3.79,20.724,51.398,1.150,145,18,42,,
T,2026-04-14 11:01:56,53.47457745,-2.24122582,3.79,20.193,51.398,1.150,153,20,42,,
T,2026-04-14 11:01:57,53.47456763,-2.24121702,3.79,19.741,51.398,1.140,149,18,42,,
T,2026-04-14 11:01:58,53.47455814,-2.24120830,3.79,19.898,51.398,1.150,150,18,42,,
T,2026-04-14 11:01:59,53.47454775,-2.24120050,3.79,19.123,51.398,1.160,154,17,42,,
T,2026-04-14 11:02:00,53.47453770,-2.24119253,3.79,19.095,51.398,1.150,153,17,41,,
T,2026-04-14 11:02:01,53.47452702,-2.24118439,3.79,18.545,51.398,1.160,152,16,40,,
T,2026-04-14 11:02:02,53.47451717,-2.24117540,3.79,17.889,51.398,1.160,150,15,40,,
T,2026-04-14 11:02:03,53.47450750,-2.24116699,3.79,17.751,51.398,1.160,152,14,40,,
T,2026-04-14 11:02:04,53.47449754,-2.24115723,3.79,17.411,51.398,1.160,146,12,39,,
T,2026-04-14 11:02:05,53.47448733,-2.24114916,3.79,16.910,51.398,1.170,155,9,39,,
T,2026-04-14 11:02:06,53.47447931,-2.24113821,3.79,16.271,51.398,1.170,145,8,38,,
T,2026-04-14 11:02:07,53.47446900,-2.24113412,3.89,16.903,51.398,1.150,165,8,38,,
T,2026-04-14 11:02:08,53.47445809,-2.24113007,4.10,16.875,51.398,1.160,153,11,38,,
T,2026-04-14 11:02:09,53.47444637,-2.24112874,4.20,16.483,51.398,1.210,168,12,38,,
T,2026-04-14 11:02:10,53.47443556,-2.24112455,4.36,16.664,51.398,1.180,163,12,38,,
T,2026-04-14 11:02:11,53.47442732,-2.24111845,4.49,16.037,51.398,1.180,160,12,38,,
T,2026-04-14 11:02:12,53.47441778,-2.24111059,4.56,15.626,51.398,1.180,155,12,38,,
T,2026-04-14 11:02:13,53.47440785,-2.24110282,4.63,15.559,51.398,1.180,156,13,38,,
T,2026-04-14 11:02:14,53.47439708,-2.24109734,4.06,15.193,51.398,1.200,162,10,38,,
T,2026-04-14 11:02:15,53.47438679,-2.24108995,4.10,14.331,51.398,1.190,159,11,38,,
T,2026-04-14 11:02:16,53.47437649,-2.24108212,4.36,14.181,51.398,1.210,162,11,38,,
T,2026-04-14 11:02:17,53.47436709,-2.24106993,4.54,14.297,51.398,1.260,145,11,38,,
T,2026-04-14 11:02:18,53.47435666,-2.24106091,4.66,14.285,51.398,1.230,154,12,38,,
T,2026-04-14 11:02:19,53.47434643,-2.24105198,4.72,13.993,51.397,1.230,152,12,37,,
T,2026-04-14 11:02:20,53.47433680,-2.24104104,4.73,14.082,51.397,1.240,149,11,37,,
T,2026-04-14 11:02:21,53.47432692,-2.24103099,4.84,14.316,51.397,1.250,150,10,37,,
T,2026-04-14 11:02:22,53.47431671,-2.24102198,4.64,14.472,51.397,1.250,152,11,36,,
T,2026-04-14 11:02:23,53.47430618,-2.24101421,4.18,14.500,51.397,1.260,156,11,35,,
T,2026-04-14 11:02:24,53.47429589,-2.24100608,4.20,14.524,51.397,1.250,154,11,34,,
T,2026-04-14 11:02:25,53.47428624,-2.24099542,4.30,14.799,51.397,1.260,147,10,33,,
T,2026-04-14 11:02:26,53.47427589,-2.24098553,4.27,14.153,51.397,1.270,151,10,33,,
T,2026-04-14 11:02:27,53.47426542,-2.24097517,4.02,13.242,51.397,1.280,150,11,33,,
T,2026-04-14 11:02:28,53.47425482,-2.24096516,3.95,13.066,51.397,1.280,150,10,33,,
T,2026-04-14 11:02:29,53.47424417,-2.24095529,4.10,12.930,51.397,1.280,150,10,33,,
T,2026-04-14 11:02:30,53.47423304,-2.24094699,4.37,12.676,51.397,1.290,156,10,34,,
T,2026-04-14 11:02:31,53.47422263,-2.24093612,4.44,12.206,51.397,1.290,148,10,34,,
T,2026-04-14 11:02:32,53.47421182,-2.24092708,4.24,12.236,51.397,1.280,153,9,34,,
T,2026-04-14 11:02:33,53.47420138,-2.24091569,4.04,11.210,51.397,1.280,153,8,34,,
T,2026-04-14 11:02:34,53.47419075,-2.24090627,4.27,11.373,51.397,1.270,154,7,34,,
T,2026-04-14 11:02:35,53.47417789,-2.24089366,5.15,12.179,51.397,1.270,157,7,36,,
T,2026-04-14 11:02:36,53.47416453,-2.24088294,5.83,11.471,51.397,1.290,150,10,36,,
T,2026-04-14 11:02:37,53.47415167,-2.24086959,6.37,10.328,51.397,1.280,145,11,36,,
T,2026-04-14 11:02:38,53.47413930,-2.24085945,6.50,10.139,51.397,1.300,152,11,36,,
T,2026-04-14 11:02:39,53.47412440,-2.24085802,6.57,10.728,51.397,1.460,180,12,36,,
T,2026-04-14 11:02:40,53.47411158,-2.24084692,6.43,10.666,51.397,1.440,151,12,35,,
T,2026-04-14 11:02:41,53.47409822,-2.24084348,6.41,11.107,51.397,1.300,169,12,36,,
T,2026-04-14 11:02:42,53.47408363,-2.24084168,6.32,10.820,51.397,1.270,166,12,36,,
T,2026-04-14 11:02:43,53.47407105,-2.24083813,6.46,10.838,51.397,1.260,166,12,36,,
T,2026-04-14 11:02:44,53.47406035,-2.24082864,11.36,10.778,51.397,1.280,151,11,36,,
T,2026-04-14 11:02:45,53.47404867,-2.24081344,11.37,11.533,51.397,1.230,151,11,36,,
T,2026-04-14 11:02:46,53.47403769,-2.24079741,11.41,11.868,51.397,1.230,150,18,36,,
T,2026-04-14 11:02:47,53.47402693,-2.24078326,11.30,12.046,51.397,1.230,150,17,36,,
T,2026-04-14 11:02:48,53.47401592,-2.24077090,11.27,9.880,51.397,1.230,157,17,37,,
T,2026-04-14 11:02:49,53.47400547,-2.24075888,11.24,9.870,51.397,1.210,154,18,37,,
T,2026-04-14 11:02:50,53.47399470,-2.24074623,11.12,9.357,51.397,1.190,153,18,37,,
T,2026-04-14 11:02:51,53.47398525,-2.24073462,11.17,9.654,51.397,1.190,151,18,37,,
T,2026-04-14 11:02:52,53.47397630,-2.24072380,11.20,9.155,51.397,1.190,149,15,37,,
T,2026-04-14 11:02:53,53.47396912,-2.24070794,11.24,8.999,51.397,1.190,137,10,37,,
T,2026-04-14 11:02:54,53.47396268,-2.24069091,11.28,8.363,51.397,1.180,139,10,37,,
T,2026-04-14 11:02:55,53.47395337,-2.24068007,11.26,9.371,51.397,1.190,148,10,37,,
T,2026-04-14 11:02:56,53.47394297,-2.24067272,11.24,9.518,51.397,1.190,152,9,37,,
T,2026-04-14 11:02:57,53.47393219,-2.24066692,11.23,9.752,51.397,1.190,159,8,37,,
T,2026-04-14 11:02:58,53.47392198,-2.24065896,11.17,10.771,51.397,1.190,152,7,37,,
T,2026-04-14 11:02:59,53.47391135,-2.24065430,11.24,10.901,51.397,1.200,164,7,38,,
T,2026-04-14 11:03:00,53.47390273,-2.24064285,11.21,10.832,51.397,1.290,136,7,38,,
T,2026-04-14 11:03:01,53.47389337,-2.24063473,11.11,10.317,51.397,1.140,148,8,38,,
T,2026-04-14 11:03:02,53.47388427,-2.24062770,11.13,10.071,51.397,1.130,159,10,38,,
T,2026-04-14 11:03:03,53.47387668,-2.24061569,11.19,10.361,51.397,1.170,140,11,38,,
T,2026-04-14 11:03:04,53.47386537,-2.24060788,11.35,10.491,51.397,1.200,156,11,37,,
T,2026-04-14 11:03:05,53.47385257,-2.24060334,11.45,10.463,51.397,1.220,167,17,37,,
T,2026-04-14 11:03:06,53.47383882,-2.24060040,11.56,11.069,51.397,1.210,173,18,37,,
T,2026-04-14 11:03:07,53.47382622,-2.24058998,11.49,11.734,51.397,1.310,148,21,37,,
T,2026-04-14 11:03:08,53.47381422,-2.24058019,11.35,12.377,51.397,1.200,149,22,37,,
T,2026-04-14 11:03:09,53.47380222,-2.24056903,11.19,12.472,51.396,1.200,149,23,37,,
T,2026-04-14 11:03:10,53.47379132,-2.24055875,10.99,12.585,51.396,1.190,149,25,36,,
T,2026-04-14 11:03:11,53.47378129,-2.24054826,11.00,13.406,51.396,1.180,147,25,36,,
T,2026-04-14 11:03:12,53.47377284,-2.24053437,10.79,13.631,51.396,1.220,132,25,36,,
T,2026-04-14 11:03:13,53.47376401,-2.24052257,10.91,13.598,51.396,1.190,141,22,36,,
T,2026-04-14 11:03:14,53.47375416,-2.24051341,10.69,13.671,51.396,1.190,149,19,36,,
T,2026-04-14 11:03:15,53.47374365,-2.24050743,10.81,13.919,51.396,1.190,154,17,36,,
T,2026-04-14 11:03:16,53.47373340,-2.24049947,11.27,13.757,51.396,1.190,151,10,36,,
T,2026-04-14 11:03:17,53.47372379,-2.24048985,11.42,13.791,51.396,1.200,145,11,36,,
T,2026-04-14 11:03:18,53.47371361,-2.24048153,11.58,13.355,51.396,1.220,153,9,36,,
T,2026-04-14 11:03:19,53.47370354,-2.24047326,11.81,13.493,51.396,1.210,153,9,37,,
T,2026-04-14 11:03:20,53.47369264,-2.24046531,11.99,13.896,51.396,1.200,158,15,37,,
T,2026-04-14 11:03:21,53.47368259,-2.24045481,12.21,13.740,51.396,1.230,148,18,37,,
T,2026-04-14 11:03:22,53.47367269,-2.24044517,12.26,13.619,51.396,1.220,150,18,39,,
T,2026-04-14 11:03:23,53.47366309,-2.24043553,12.25,13.809,51.396,1.210,150,17,39,,
T,2026-04-14 11:03:24,53.47365387,-2.24042514,12.28,13.736,51.396,1.200,144,16,38,,
T,2026-04-14 11:03:25,53.47364336,-2.24041787,12.14,13.646,51.396,1.200,155,16,38,,
T,2026-04-14 11:03:26,53.47363352,-2.24040997,12.21,13.269,51.396,1.160,152,14,38,,
T,2026-04-14 11:03:27,53.47362465,-2.24040020,12.29,13.315,51.396,1.150,146,8,37,,
T,2026-04-14 11:03:28,53.47361603,-2.24039109,12.35,13.512,51.396,1.120,147,8,37,,
T,2026-04-14 11:03:29,53.47360385,-2.24038895,12.04,13.609,51.396,1.360,179,8,37,,
T,2026-04-14 11:03:30,53.47359379,-2.24037871,12.15,13.282,51.396,1.280,152,8,37,,
T,2026-04-14 11:03:31,53.47358432,-2.24036976,12.40,13.064,51.396,1.170,157,9,37,,
T,2026-04-14 11:03:32,53.47357565,-2.24035855,12.57,13.087,51.396,1.200,146,9,37,,
T,2026-04-14 11:03:33,53.47356545,-2.24034893,12.33,12.758,51.396,1.190,151,9,38,,
T,2026-04-14 11:03:34,53.47355532,-2.24033985,12.58,12.308,51.396,1.200,153,8,38,,
T,2026-04-14 11:03:35,53.47354464,-2.24033055,12.22,11.999,51.396,1.220,153,8,38,,
T,2026-04-14 11:03:36,53.47353515,-2.24031852,11.86,11.974,51.396,1.240,146,8,38,,
T,2026-04-14 11:03:37,53.47352438,-2.24031023,11.68,12.460,51.396,1.230,151,9,38,,
T,2026-04-14 11:03:38,53.47351326,-2.24030216,11.65,12.786,51.396,1.230,153,9,38,,
T,2026-04-14 11:03:39,53.47350144,-2.24029372,11.63,13.463,51.396,1.230,149,9,37,,
T,2026-04-14 11:03:40,53.47349068,-2.24028435,11.57,13.460,51.396,1.240,149,9,37,,
T,2026-04-14 11:03:41,53.47347917,-2.24027614,11.35,12.922,51.396,1.240,154,9,36,,
T,2026-04-14 11:03:42,53.47346605,-2.24026877,11.17,12.985,51.396,1.250,157,11,37,,
T,2026-04-14 11:03:43,53.47345428,-2.24026036,11.01,12.759,51.396,1.240,157,12,37,,
T,2026-04-14 11:03:44,53.47344349,-2.24024868,11.10,12.909,51.396,1.260,145,12,37,,
T,2026-04-14 11:03:45,53.47343377,-2.24023533,6.16,12.301,51.396,1.230,146,12,37,,
T,2026-04-14 11:03:46,53.47342396,-2.24022352,6.07,12.595,51.396,1.220,144,12,37,,
T,2026-04-14 11:03:47,53.47341303,-2.24021527,6.18,12.544,51.396,1.210,154,12,37,,
T,2026-04-14 11:03:48,53.47340302,-2.24020738,6.06,12.599,51.396,1.180,152,12,38,,
T,2026-04-14 11:03:49,53.47339420,-2.24019718,5.78,12.619,51.396,1.180,145,11,38,,
T,2026-04-14 11:03:50,53.47338357,-2.24018982,5.71,12.160,51.396,1.200,157,11,38,,
T,2026-04-14 11:03:51,53.47337408,-2.24018047,5.79,12.042,51.396,1.190,149,10,38,,
T,2026-04-14 11:03:52,53.47336481,-2.24017130,5.79,11.997,51.396,1.180,150,10,38,,
T,2026-04-14 11:03:53,53.47335538,-2.24016277,5.68,11.706,51.396,1.180,151,9,36,,
T,2026-04-14 11:03:54,53.47334689,-2.24015194,5.68,12.460,51.396,1.200,138,9,36,,
T,2026-04-14 11:03:55,53.47333713,-2.24014398,5.41,12.758,51.396,1.200,152,10,36,,
T,2026-04-14 11:03:56,53.47332666,-2.24010454,5.09,13.665,51.396,1.280,125,11,36,,
T,2026-04-14 11:03:57,53.47332737,-2.24003954,4.89,16.414,51.395,2.020,69,10,36,,
T,2026-04-14 11:03:58,53.47333309,-2.24000200,5.00,17.438,51.395,1.260,50,17,36,,
T,2026-04-14 11:03:59,53.47333879,-2.23997616,4.94,18.262,51.395,1.250,48,17,37,,
T,2026-04-14 11:04:00,53.47334250,-2.23994704,4.86,19.791,51.395,1.330,63,17,37,,
T,2026-04-14 11:04:01,53.47334537,-2.23991891,4.81,20.489,51.395,1.310,60,18,37,,
T,2026-04-14 11:04:02,53.47334906,-2.23989358,4.97,20.994,51.395,1.340,62,18,38,,
T,2026-04-14 11:04:03,53.47335293,-2.23987012,5.09,20.582,51.395,1.360,69,19,38,,
T,2026-04-14 11:04:04,53.47335484,-2.23984271,5.01,20.053,51.395,1.370,68,18,38,,
T,2026-04-14 11:04:05,53.47335270,-2.23980950,4.97,19.682,51.395,1.400,77,17,38,,
T,2026-04-14 11:04:06,53.47334649,-2.23977962,5.02,18.432,51.395,1.530,105,16,38,,
T,2026-04-14 11:04:07,53.47333744,-2.23975341,5.17,17.618,51.395,1.400,115,15,37,,
T,2026-04-14 11:04:08,53.47332481,-2.23973448,5.26,16.701,51.395,1.450,136,13,37,,
T,2026-04-14 11:04:09,53.47331373,-2.23972007,5.26,15.852,51.395,1.280,138,15,37,,
T,2026-04-14 11:04:10,53.47330397,-2.23971099,5.39,15.270,51.395,1.130,149,15,37,,
T,2026-04-14 11:04:11,53.47329640,-2.23969700,5.23,15.611,51.395,1.190,127,15,37,,
T,2026-04-14 11:04:12,53.47327862,-2.23968766,5.10,17.286,51.395,1.530,172,15,37,,
T,2026-04-14 11:04:13,53.47326868,-2.23966119,4.89,16.244,51.395,1.610,122,16,36,,
T,2026-04-14 11:04:14,53.47326286,-2.23964598,4.98,16.898,51.395,0.950,128,15,36,,
T,2026-04-14 11:04:15,53.47325442,-2.23963123,5.01,15.647,51.395,1.100,141,14,37,,
T,2026-04-14 11:04:16,53.47324773,-2.23961629,5.19,15.999,51.395,1.100,130,14,37,,
T,2026-04-14 11:04:17,53.47324070,-2.23960189,5.27,15.876,51.395,1.080,132,15,36,,
T,2026-04-14 11:04:18,53.47323101,-2.23959240,5.30,15.198,51.395,1.150,151,15,36,,
T,2026-04-14 11:04:19,53.47322234,-2.23958222,5.36,15.468,51.395,1.100,145,15,36,,
T,2026-04-14 11:04:20,53.47321411,-2.23957097,5.45,15.891,51.395,1.130,141,17,36,,
T,2026-04-14 11:04:21,53.47320419,-2.23956018,5.56,15.725,51.394,1.170,152,17,36,,
T,2026-04-14 11:04:22,53.47319294,-2.23954946,5.62,16.435,51.394,1.220,171,19,36,,
T,2026-04-14 11:04:23,53.47318168,-2.23953605,4.85,17.004,51.394,1.250,152,19,35,,
T,2026-04-14 11:04:24,53.47317178,-2.23952227,5.40,16.876,51.394,1.200,147,22,35,,
T,2026-04-14 11:04:25,53.47315942,-2.23951262,5.55,17.295,51.394,1.240,161,22,36,,
T,2026-04-14 11:04:26,53.47314740,-2.23950559,5.67,17.775,51.394,1.220,162,22,36,,
T,2026-04-14 11:04:27,53.47313657,-2.23949600,6.37,18.043,51.394,1.230,155,23,37,,
T,2026-04-14 11:04:28,53.47312707,-2.23948284,6.24,18.162,51.394,1.250,143,23,38,,
T,2026-04-14 11:04:29,53.47311742,-2.23947318,6.50,17.220,51.394,1.240,152,23,38,,
T,2026-04-14 11:04:30,53.47310830,-2.23946144,6.25,17.422,51.394,1.240,143,22,38,,
T,2026-04-14 11:04:31,53.47309726,-2.23945211,6.42,18.001,51.394,1.270,156,22,38,,
T,2026-04-14 11:04:32,53.47308714,-2.23944301,6.29,17.412,51.394,1.240,150,20,38,,
T,2026-04-14 11:04:33,53.47307644,-2.23943303,6.31,18.766,51.394,1.250,152,20,38,,
T,2026-04-14 11:04:34,53.47306489,-2.23942319,6.61,18.747,51.394,1.260,156,19,38,,
T,2026-04-14 11:04:35,53.47305384,-2.23941262,6.92,18.728,51.394,1.260,156,19,38,,
T,2026-04-14 11:04:36,53.47304359,-2.23939924,7.23,18.920,51.394,1.280,147,18,38,,
T,2026-04-14 11:04:37,53.47303263,-2.23938998,7.65,18.735,51.394,1.270,155,18,37,,
T,2026-04-14 11:04:38,53.47302144,-2.23938056,7.92,18.964,51.394,1.260,161,18,37,,
T,2026-04-14 11:04:39,53.47301018,-2.23937068,7.73,19.837,51.394,1.260,160,18,34,,
T,2026-04-14 11:04:40,53.47299973,-2.23935857,7.72,20.130,51.394,1.270,153,17,33,,
T,2026-04-14 11:04:41,53.47298840,-2.23934603,7.43,20.433,51.394,1.270,151,16,33,,
T,2026-04-14 11:04:42,53.47297660,-2.23933071,7.77,21.386,51.394,1.300,144,17,33,,
T,2026-04-14 11:04:43,53.47296469,-2.23932153,8.00,21.571,51.394,1.300,155,17,33,,
T,2026-04-14 11:04:44,53.47295114,-2.23931309,8.64,22.249,51.394,1.280,159,17,33,,
T,2026-04-14 11:04:45,53.47293670,-2.23929832,8.11,21.273,51.394,1.330,147,18,33,,
T,2026-04-14 11:04:46,53.47292644,-2.23927927,8.49,20.396,51.394,1.370,123,18,33,,
T,2026-04-14 11:04:47,53.47291520,-2.23926526,9.10,20.326,51.394,1.330,144,18,33,,
T,2026-04-14 11:04:48,53.47290456,-2.23925294,12.21,20.594,51.394,1.260,140,18,33,,
T,2026-04-14 11:04:49,53.47289350,-2.23924346,12.61,20.746,51.394,1.270,147,17,33,,
T,2026-04-14 11:04:50,53.47287901,-2.23924139,12.43,19.294,51.394,1.420,175,17,33,,
T,2026-04-14 11:04:51,53.47286590,-2.23923054,12.75,17.984,51.394,1.410,152,16,34,,
T,2026-04-14 11:04:52,53.47285030,-2.23922457,13.04,17.371,51.394,1.290,158,16,34,,
T,2026-04-14 11:04:53,53.47283601,-2.23921731,13.36,17.734,51.394,1.270,156,16,34,,
T,2026-04-14 11:04:54,53.47282336,-2.23920538,13.68,17.994,51.394,1.270,149,16,35,,
T,2026-04-14 11:04:55,53.47281172,-2.23919480,14.01,17.812,51.394,1.260,151,16,36,,
T,2026-04-14 11:04:56,53.47280013,-2.23918800,14.04,17.983,51.394,1.270,156,16,37,,
T,2026-04-14 11:04:57,53.47278921,-2.23917975,14.27,17.957,51.394,1.290,153,17,36,,
T,2026-04-14 11:04:58,53.47277851,-2.23916588,14.61,17.942,51.394,1.310,148,17,36,,
T,2026-04-14 11:04:59,53.47276920,-2.23914886,14.70,17.758,51.394,1.380,131,16,36,,
T,2026-04-14 11:05:00,53.47275694,-2.23913732,14.04,17.401,51.394,1.380,149,16,36,,
T,2026-04-14 11:05:01,53.47274528,-2.23912342,10.74,16.423,51.394,1.320,145,19,36,,
T,2026-04-14 11:05:02,53.47273606,-2.23910018,6.98,15.909,51.394,1.480,118,21,36,,
T,2026-04-14 11:05:03,53.47272525,-2.23908169,7.21,16.721,51.394,1.340,126,22,37,,
T,2026-04-14 11:05:04,53.47270767,-2.23906982,6.69,15.550,51.393,1.410,147,24,37,,
T,2026-04-14 11:05:05,53.47269288,-2.23905875,6.90,15.157,51.393,1.290,146,26,37,,
T,2026-04-14 11:05:06,53.47267434,-2.23905313,6.40,18.170,51.393,1.310,154,26,37,,
T,2026-04-14 11:05:07,53.47265773,-2.23904460,6.31,16.584,51.393,1.310,151,25,37,,
T,2026-04-14 11:05:08,53.47264329,-2.23903428,5.98,17.388,51.393,1.300,153,22,37,,
T,2026-04-14 11:05:09,53.47262776,-2.23902929,5.93,18.108,51.393,1.310,148,20,37,,
T,2026-04-14 11:05:10,53.47261432,-2.23902310,6.29,17.588,51.393,1.320,157,22,37,,
T,2026-04-14 11:05:11,53.47260224,-2.23901550,6.60,17.627,51.393,1.300,157,22,37,,
T,2026-04-14 11:05:12,53.47259074,-2.23900776,6.76,17.315,51.393,1.300,154,22,37,,
T,2026-04-14 11:05:13,53.47257924,-2.23900136,6.71,16.606,51.393,1.310,155,23,37,,
T,2026-04-14 11:05:14,53.47256708,-2.23899470,6.36,17.680,51.393,1.310,156,22,37,,
T,2026-04-14 11:05:15,53.47255536,-2.23898748,6.44,17.391,51.393,1.310,156,21,37,,
T,2026-04-14 11:05:16,53.47254507,-2.23897621,6.64,17.528,51.393,1.310,147,21,36,,
T,2026-04-14 11:05:17,53.47253428,-2.23896717,6.61,18.102,51.393,1.300,144,19,36,,
T,2026-04-14 11:05:18,53.47252153,-2.23895878,6.66,18.399,51.393,1.300,145,20,36,,
T,2026-04-14 11:05:19,53.47250857,-2.23895170,6.66,19.167,51.393,1.300,150,20,36,,
T,2026-04-14 11:05:20,53.47249545,-2.23894479,6.45,19.404,51.393,1.300,151,20,36,,
T,2026-04-14 11:05:21,53.47248287,-2.23893770,5.94,19.547,51.393,1.310,145,20,36,,
T,2026-04-14 11:05:22,53.47247104,-2.23892974,5.96,20.390,51.393,1.310,144,20,36,,
T,2026-04-14 11:05:23,53.47245936,-2.23892157,6.27,21.077,51.393,1.320,141,20,36,,
T,2026-04-14 11:05:24,53.47244568,-2.23891446,6.40,21.572,51.393,1.340,150,21,36,,
T,2026-04-14 11:05:25,53.47243298,-2.23890530,6.66,21.989,51.393,1.330,149,22,36,,
T,2026-04-14 11:05:26,53.47242052,-2.23889753,6.92,22.582,51.393,1.330,151,21,36,,
T,2026-04-14 11:05:27,53.47240470,-2.23889733,6.95,22.152,51.393,1.340,157,21,36,,
T,2026-04-14 11:05:28,53.47238966,-2.23889592,5.70,22.751,51.393,1.350,153,21,36,,
T,2026-04-14 11:05:29,53.47237488,-2.23889477,6.12,22.997,51.393,1.350,159,21,36,,
T,2026-04-14 11:05:30,53.47236184,-2.23888895,6.51,23.991,51.393,1.350,152,21,36,,
T,2026-04-14 11:05:31,53.47235105,-2.23888032,6.78,24.708,51.393,1.330,153,21,37,,
T,2026-04-14 11:05:32,53.47234137,-2.23887230,5.79,26.154,51.393,1.330,157,22,37,,
T,2026-04-14 11:05:33,53.47233089,-2.23886695,5.24,27.179,51.393,1.320,165,25,37,,
T,2026-04-14 11:05:34,53.47231826,-2.23886138,5.51,27.794,51.393,1.330,162,25,37,,
T,2026-04-14 11:05:35,53.47230399,-2.23885607,5.07,27.496,51.393,1.340,158,25,37,,
T,2026-04-14 11:05:36,53.47228985,-2.23885099,4.69,27.537,51.393,1.360,165,26,37,,
T,2026-04-14 11:05:37,53.47227813,-2.23884170,4.53,28.300,51.393,1.370,153,25,37,,
T,2026-04-14 11:05:38,53.47226529,-2.23883555,4.62,29.098,51.393,1.310,159,24,37,,
T,2026-04-14 11:05:39,53.47225388,-2.23882639,4.70,29.256,51.393,1.340,146,25,37,,
T,2026-04-14 11:05:40,53.47224360,-2.23881772,5.03,29.875,51.393,1.300,148,25,38,,
T,2026-04-14 11:05:41,53.47223379,-2.23880926,5.26,30.288,51.393,1.280,141,25,38,,
T,2026-04-14 11:05:42,53.47222386,-2.23880069,5.25,31.019,51.393,1.280,146,25,39,,
T,2026-04-14 11:05:43,53.47221433,-2.23879101,4.72,31.167,51.393,1.260,142,25,39,,
T,2026-04-14 11:05:44,53.47220588,-2.23877944,5.01,31.710,51.393,1.240,138,23,39,,
T,2026-04-14 11:05:45,53.47219618,-2.23876484,4.79,31.428,51.393,1.250,148,21,39,,
T,2026-04-14 11:05:46,53.47218713,-2.23874108,4.68,29.729,51.393,1.400,126,20,39,,
T,2026-04-14 11:05:47,53.47217682,-2.23872621,5.09,29.490,51.393,1.290,143,22,39,,
T,2026-04-14 11:05:48,53.47216499,-2.23871851,5.39,29.307,51.393,1.280,157,23,39,,
T,2026-04-14 11:05:49,53.47215092,-2.23871764,5.26,29.110,51.393,1.250,172,24,39,,
T,2026-04-14 11:05:50,53.47213763,-2.23871494,5.57,29.040,51.393,1.340,164,24,39,,
T,2026-04-14 11:05:51,53.47212393,-2.23871394,6.09,29.565,51.393,1.390,170,23,39,,
T,2026-04-14 11:05:52,53.47211128,-2.23870891,6.26,29.839,51.393,1.400,163,21,39,,
T,2026-04-14 11:05:53,53.47209873,-2.23870277,6.44,30.661,51.393,1.400,159,21,39,,
T,2026-04-14 11:05:54,53.47208723,-2.23869300,6.65,30.457,51.393,1.400,154,20,39,,
T,2026-04-14 11:05:55,53.47207537,-2.23868555,6.63,30.676,51.393,1.370,157,19,39,,
T,2026-04-14 11:05:56,53.47206439,-2.23867482,6.81,30.566,51.393,1.390,150,18,39,,
T,2026-04-14 11:05:57,53.47205315,-2.23866590,7.25,30.475,51.393,1.380,153,18,39,,
T,2026-04-14 11:05:58,53.47204226,-2.23865526,7.41,30.539,51.393,1.380,149,20,39,,
T,2026-04-14 11:05:59,53.47202965,-2.23864772,7.84,30.733,51.393,1.390,155,21,38,,
T,2026-04-14 11:06:00,53.47201900,-2.23863854,7.78,30.312,51.393,1.330,153,21,38,,
T,2026-04-14 11:06:01,53.47200875,-2.23862722,7.91,30.517,51.393,1.380,152,22,38,,
T,2026-04-14 11:06:02,53.47199291,-2.23859719,5.26,31.429,51.392,1.390,143,22,38,,
T,2026-04-14 11:06:03,53.47197888,-2.23857927,5.77,31.170,51.392,1.370,151,23,38,,
T,2026-04-14 11:06:04,53.47196662,-2.23856418,5.07,31.298,51.392,1.330,163,23,38,,
T,2026-04-14 11:06:05,53.47195494,-2.23854836,5.63,31.493,51.392,1.400,144,24,38,,
T,2026-04-14 11:06:06,53.47194472,-2.23853497,6.01,31.534,51.392,1.350,151,24,38,,
T,2026-04-14 11:06:07,53.47192935,-2.23853135,5.81,31.778,51.392,1.500,178,26,38,,
T,2026-04-14 11:06:08,53.47191488,-2.23852224,6.14,31.880,51.392,1.410,163,26,38,,
T,2026-04-14 11:06:09,53.47190206,-2.23851024,6.45,32.132,51.392,1.400,153,26,38,,
T,2026-04-14 11:06:10,53.47189005,-2.23849922,7.04,32.256,51.392,1.390,155,26,38,,
T,2026-04-14 11:06:11,53.47187822,-2.23848789,7.45,32.454,51.392,1.390,153,24,38,,
T,2026-04-14 11:06:12,53.47186697,-2.23847488,7.80,32.847,51.392,1.400,150,24,38,,
T,2026-04-14 11:06:13,53.47185540,-2.23846146,5.61,33.039,51.392,1.380,145,24,38,,
T,2026-04-14 11:06:14,53.47184442,-2.23844872,5.87,33.066,51.392,1.400,150,22,38,,
T,2026-04-14 11:06:15,53.47183246,-2.23843994,5.99,33.167,51.392,1.390,154,23,38,,
T,2026-04-14 11:06:16,53.47181991,-2.23842919,5.10,33.867,51.392,1.370,151,24,38,,
T,2026-04-14 11:06:17,53.47180680,-2.23841540,5.19,35.790,51.392,1.360,148,23,38,,
T,2026-04-14 11:06:18,53.47179613,-2.23839952,5.12,36.198,51.392,1.350,137,24,38,,
T,2026-04-14 11:06:19,53.47178619,-2.23838417,5.08,36.544,51.392,1.350,139,26,38,,
T,2026-04-14 11:06:20,53.47177316,-2.23837427,5.16,36.843,51.392,1.420,157,26,38,,
T,2026-04-14 11:06:21,53.47176182,-2.23836257,5.26,37.463,51.392,1.390,148,26,38,,
T,2026-04-14 11:06:22,53.47175118,-2.23835016,5.43,37.612,51.392,1.350,141,25,38,,
T,2026-04-14 11:06:23,53.47174100,-2.23833896,5.71,36.997,51.392,1.330,139,24,38,,
T,2026-04-14 11:06:24,53.47172802,-2.23833639,5.79,37.600,51.392,1.510,168,24,38,,
T,2026-04-14 11:06:25,53.47171519,-2.23833745,5.95,38.153,51.392,1.380,180,25,37,,
T,2026-04-14 11:06:26,53.47170300,-2.23833998,6.12,38.286,51.392,1.330,187,25,37,,
T,2026-04-14 11:06:27,53.47169076,-2.23833966,6.14,38.180,51.392,1.330,184,27,37,,
T,2026-04-14 11:06:28,53.47167888,-2.23833446,6.18,38.292,51.392,1.360,170,26,37,,
T,2026-04-14 11:06:29,53.47166629,-2.23832658,6.27,38.122,51.392,1.310,165,28,37,,
T,2026-04-14 11:06:30,53.47165293,-2.23832589,6.32,39.036,51.392,1.400,186,28,38,,
T,2026-04-14 11:06:31,53.47163886,-2.23832092,6.36,40.207,51.392,1.380,170,28,38,,
T,2026-04-14 11:06:32,53.47162647,-2.23831018,6.23,41.331,51.392,1.360,156,28,38,,
T,2026-04-14 11:06:33,53.47161369,-2.23829997,6.43,41.463,51.392,1.330,153,26,38,,
T,2026-04-14 11:06:34,53.47160005,-2.23829848,6.23,42.747,51.392,1.360,173,28,38,,
T,2026-04-14 11:06:35,53.47158682,-2.23828757,6.08,42.959,51.392,1.420,147,28,38,,
T,2026-04-14 11:06:36,53.47157244,-2.23828143,5.99,42.850,51.392,1.340,162,27,40,,
T,2026-04-14 11:06:37,53.47155747,-2.23827528,6.00,43.072,51.392,1.320,157,26,40,,
T,2026-04-14 11:06:38,53.47154378,-2.23826316,5.43,41.846,51.392,1.290,154,28,40,,
T,2026-04-14 11:06:39,53.47153063,-2.23825633,5.32,42.302,51.392,1.450,185,31,40,,
T,2026-04-14 11:06:40,53.47151867,-2.23824093,5.18,42.398,51.392,1.320,166,31,40,,
T,2026-04-14 11:06:41,53.47151114,-2.23821857,5.00,40.989,51.392,1.300,148,30,40,,
T,2026-04-14 11:06:42,53.47150275,-2.23820004,5.01,41.222,51.392,1.230,149,31,40,,
T,2026-04-14 11:06:43,53.47149356,-2.23817966,4.99,41.422,51.392,1.220,145,32,40,,
T,2026-04-14 11:06:44,53.47148136,-2.23816683,4.77,40.473,51.392,1.240,158,31,41,,
T,2026-04-14 11:06:45,53.47147104,-2.23815458,4.62,40.737,51.392,1.230,153,28,41,,
T,2026-04-14 11:06:46,53.47146140,-2.23814289,4.57,39.277,51.391,1.220,163,28,41,,
T,2026-04-14 11:06:47,53.47144818,-2.23812702,4.42,38.712,51.391,1.210,160,26,41,,
T,2026-04-14 11:06:48,53.47143498,-2.23810760,4.62,38.553,51.391,1.290,150,24,41,,
T,2026-04-14 11:06:49,53.47142354,-2.23809184,4.91,38.413,51.391,1.280,148,24,41,,
T,2026-04-14 11:06:50,53.47141243,-2.23807950,5.15,38.127,51.391,1.280,151,24,41,,
T,2026-04-14 11:06:51,53.47140187,-2.23806609,6.25,37.609,51.391,1.270,148,24,41,,
T,2026-04-14 11:06:52,53.47139082,-2.23805599,5.74,37.720,51.391,1.270,157,21,41,,
T,2026-04-14 11:06:53,53.47138090,-2.23804327,5.52,36.854,51.391,1.330,141,22,41,,
T,2026-04-14 11:06:54,53.47137066,-2.23803041,5.60,36.251,51.391,1.280,145,21,41,,
T,2026-04-14 11:06:55,53.47135874,-2.23802042,5.44,35.035,51.391,1.290,153,20,40,,
T,2026-04-14 11:06:56,53.47134763,-2.23801125,5.57,34.508,51.391,1.280,152,19,40,,
T,2026-04-14 11:06:57,53.47133649,-2.23799950,5.51,34.312,51.391,1.280,148,19,40,,
T,2026-04-14 11:06:58,53.47132550,-2.23798719,5.61,33.706,51.391,1.280,148,19,40,,
T,2026-04-14 11:06:59,53.47131610,-2.23797290,5.72,34.417,51.391,1.320,131,19,40,,
T,2026-04-14 11:07:00,53.47130372,-2.23796356,5.76,34.547,51.391,1.390,156,19,40,,
T,2026-04-14 11:07:01,53.47129294,-2.23795447,5.86,33.756,51.391,1.290,152,19,40,,
T,2026-04-14 11:07:02,53.47128297,-2.23794467,5.74,33.783,51.391,1.300,145,18,41,,
T,2026-04-14 11:07:03,53.47127174,-2.23793518,6.07,34.066,51.391,1.300,150,17,41,,
T,2026-04-14 11:07:04,53.47126219,-2.23792356,6.31,33.640,51.391,1.300,154,19,41,,
T,2026-04-14 11:07:05,53.47125222,-2.23791297,6.34,33.698,51.391,1.290,151,24,41,,
T,2026-04-14 11:07:06,53.47123723,-2.23791256,5.83,35.324,51.391,1.290,156,24,41,,
T,2026-04-14 11:07:07,53.47122372,-2.23791088,5.70,34.988,51.391,1.300,158,25,42,,
T,2026-04-14 11:07:08,53.47121176,-2.23790563,5.71,34.890,51.391,1.280,151,27,42,,
T,2026-04-14 11:07:09,53.47119892,-2.23790067,5.83,35.143,51.391,1.260,157,27,42,,
T,2026-04-14 11:07:10,53.47118795,-2.23789296,6.25,36.093,51.391,1.250,152,27,42,,
T,2026-04-14 11:07:11,53.47117766,-2.23788734,6.20,34.966,51.391,1.290,167,26,42,,
T,2026-04-14 11:07:12,53.47116610,-2.23787649,4.49,34.268,51.391,1.260,156,27,42,,
T,2026-04-14 11:07:13,53.47115491,-2.23786947,4.57,34.475,51.391,1.270,160,27,42,,
T,2026-04-14 11:07:14,53.47114376,-2.23786391,4.70,34.347,51.391,1.270,159,29,42,,
T,2026-04-14 11:07:15,53.47113222,-2.23785815,4.91,34.348,51.391,1.260,158,30,42,,
T,2026-04-14 11:07:16,53.47112045,-2.23784889,5.08,33.887,51.391,1.260,152,31,42,,
T,2026-04-14 11:07:17,53.47110866,-2.23784210,5.07,33.633,51.391,1.300,161,31,42,,
T,2026-04-14 11:07:18,53.47109839,-2.23783079,4.34,33.147,51.391,1.280,149,31,42,,
T,2026-04-14 11:07:19,53.47108813,-2.23781953,3.99,33.156,51.391,1.280,151,31,41,,
T,2026-04-14 11:07:20,53.47107729,-2.23780805,3.81,33.005,51.391,1.290,153,29,41,,
T,2026-04-14 11:07:21,53.47106633,-2.23779500,3.79,32.661,51.391,1.290,150,28,41,,
T,2026-04-14 11:07:22,53.47105693,-2.23777650,3.79,32.926,51.391,1.400,129,26,41,,
T,2026-04-14 11:07:23,53.47104679,-2.23776434,3.79,32.885,51.391,1.190,145,21,41,,
T,2026-04-14 11:07:24,53.47103639,-2.23775315,3.79,32.890,51.391,1.270,146,21,41,,
T,2026-04-14 11:07:25,53.47102541,-2.23774442,3.79,32.874,51.391,1.280,151,15,41,,
T,2026-04-14 11:07:26,53.47101522,-2.23773417,3.79,32.800,51.391,1.270,152,15,41,,
T,2026-04-14 11:07:27,53.47100533,-2.23772305,3.79,32.269,51.391,1.240,155,16,41,,
T,2026-04-14 11:07:28,53.47099502,-2.23771522,3.79,32.022,51.391,1.220,161,16,41,,
T,2026-04-14 11:07:29,53.47098459,-2.23770582,3.83,32.085,51.391,1.250,151,16,40,,
T,2026-04-14 11:07:30,53.47097407,-2.23769725,4.08,32.165,51.391,1.250,155,16,40,,
T,2026-04-14 11:07:31,53.47096402,-2.23768782,4.47,31.882,51.391,1.260,152,16,40,,
T,2026-04-14 11:07:32,53.47095407,-2.23767442,5.01,30.869,51.391,1.260,152,16,40,,
T,2026-04-14 11:07:33,53.47094283,-2.23765842,3.99,30.039,51.390,1.290,148,15,40,,
T,2026-04-14 11:07:34,53.47093148,-2.23764751,4.27,29.823,51.390,1.280,154,16,40,,
T,2026-04-14 11:07:35,53.47092164,-2.23763537,4.41,29.876,51.390,1.280,146,16,40,,
T,2026-04-14 11:07:36,53.47091019,-2.23762515,4.29,30.628,51.390,1.310,151,16,40,,
T,2026-04-14 11:07:37,53.47089850,-2.23761721,4.63,30.463,51.390,1.280,159,15,40,,
T,2026-04-14 11:07:38,53.47088699,-2.23760445,4.68,29.677,51.390,1.260,155,16,40,,
T,2026-04-14 11:07:39,53.47087551,-2.23759308,4.81,29.793,51.390,1.270,159,16,39,,
T,2026-04-14 11:07:40,53.47086478,-2.23757873,5.29,29.558,51.390,1.320,147,17,38,,
T,2026-04-14 11:07:41,53.47085308,-2.23756552,5.19,30.749,51.390,1.300,151,17,39,,
T,2026-04-14 11:07:42,53.47084017,-2.23755875,5.68,30.294,51.390,1.340,164,17,39,,
T,2026-04-14 11:07:43,53.47082915,-2.23754975,6.47,30.353,51.390,1.310,156,18,39,,
T,2026-04-14 11:07:44,53.47081818,-2.23754167,6.71,30.495,51.390,1.300,158,18,39,,
T,2026-04-14 11:07:45,53.47080813,-2.23752973,7.46,30.557,51.390,1.330,147,18,40,,
T,2026-04-14 11:07:46,53.47079749,-2.23751941,7.64,30.642,51.390,1.310,153,18,41,,
T,2026-04-14 11:07:47,53.47078727,-2.23750769,7.86,30.422,51.390,1.310,152,17,41,,
T,2026-04-14 11:07:48,53.47077653,-2.23749821,7.99,30.595,51.390,1.310,151,18,41,,
T,2026-04-14 11:07:49,53.47076567,-2.23748741,6.10,30.256,51.390,1.310,148,18,41,,
T,2026-04-14 11:07:50,53.47075516,-2.23747630,6.28,30.184,51.390,1.300,147,19,41,,
T,2026-04-14 11:07:51,53.47074426,-2.23746527,6.07,30.732,51.390,1.300,150,19,41,,
T,2026-04-14 11:07:52,53.47073435,-2.23745108,6.14,30.193,51.390,1.350,140,19,41,,
T,2026-04-14 11:07:53,53.47072336,-2.23744059,6.43,30.393,51.390,1.350,154,20,41,,
T,2026-04-14 11:07:54,53.47071220,-2.23743139,6.60,30.626,51.390,1.310,155,20,41,,
T,2026-04-14 11:07:55,53.47070159,-2.23742171,6.49,30.379,51.390,1.300,152,19,41,,
T,2026-04-14 11:07:56,53.47069052,-2.23741483,6.72,30.413,51.390,1.300,155,18,41,,
T,2026-04-14 11:07:57,53.47067982,-2.23740561,6.96,30.703,51.390,1.300,148,18,41,,
T,2026-04-14 11:07:58,53.47066879,-2.23739642,6.47,30.895,51.390,1.290,153,19,41,,
T,2026-04-14 11:07:59,53.47065807,-2.23738486,6.61,31.490,51.390,1.300,143,19,41,,
T,2026-04-14 11:08:00,53.47064715,-2.23737631,6.39,31.798,51.390,1.340,155,20,41,,
T,2026-04-14 11:08:01,53.47063603,-2.23737039,6.17,31.272,51.390,1.320,161,20,41,,
T,2026-04-14 11:08:02,53.47062530,-2.23736213,6.53,30.707,51.390,1.310,159,18,41,,
T,2026-04-14 11:08:03,53.47061126,-2.23734999,6.33,31.562,51.390,1.310,152,19,41,,
T,2026-04-14 11:08:04,53.47059849,-2.23733791,6.85,31.502,51.390,1.300,152,20,41,,
T,2026-04-14 11:08:05,53.47058667,-2.23732671,7.05,31.500,51.390,1.290,153,20,41,,
T,2026-04-14 11:08:06,53.47057545,-2.23731632,7.56,31.921,51.390,1.290,150,19,41,,
T,2026-04-14 11:08:07,53.47056399,-2.23730788,8.04,32.542,51.390,1.280,155,19,41,,
T,2026-04-14 11:08:08,53.47055284,-2.23729745,8.06,31.972,51.390,1.280,151,19,41,,
T,2026-04-14 11:08:09,53.47053975,-2.23728829,7.49,32.988,51.390,1.280,149,20,41,,
T,2026-04-14 11:08:10,53.47052764,-2.23727920,7.57,32.883,51.390,1.280,152,18,41,,
T,2026-04-14 11:08:11,53.47051649,-2.23726771,7.98,33.591,51.390,1.260,146,18,41,,
T,2026-04-14 11:08:12,53.47050532,-2.23725790,8.16,33.644,51.390,1.300,154,18,41,,
T,2026-04-14 11:08:13,53.47049313,-2.23724811,8.03,33.926,51.390,1.290,153,19,41,,
T,2026-04-14 11:08:14,53.47048061,-2.23723809,8.04,34.089,51.390,1.290,155,19,41,,
T,2026-04-14 11:08:15,53.47046853,-2.23723028,7.86,33.738,51.390,1.280,154,19,41,,
T,2026-04-14 11:08:16,53.47045717,-2.23722242,7.78,34.091,51.390,1.270,154,21,41,,
T,2026-04-14 11:08:17,53.47044499,-2.23721590,7.14,34.270,51.390,1.270,157,20,41,,
T,2026-04-14 11:08:18,53.47043678,-2.23720580,6.76,34.088,51.390,1.260,155,20,41,,
T,2026-04-14 11:08:19,53.47042792,-2.23719512,6.10,33.853,51.390,1.260,148,20,41,,
T,2026-04-14 11:08:20,53.47041781,-2.23718406,6.32,33.694,51.390,1.250,150,20,41,,
T,2026-04-14 11:08:21,53.47040769,-2.23717339,5.88,34.773,51.389,1.240,149,20,41,,
T,2026-04-14 11:08:22,53.47039741,-2.23716583,6.35,34.505,51.389,1.240,152,22,41,,
T,2026-04-14 11:08:23,53.47038711,-2.23715972,6.14,34.081,51.389,1.240,156,22,41,,
T,2026-04-14 11:08:24,53.47037713,-2.23714834,5.83,34.174,51.389,1.250,149,21,40,,
T,2026-04-14 11:08:25,53.47036638,-2.23713895,6.11,34.256,51.389,1.240,154,21,41,,
T,2026-04-14 11:08:26,53.47035500,-2.23713304,6.20,34.256,51.389,1.240,159,22,40,,
T,2026-04-14 11:08:27,53.47034330,-2.23712903,5.97,34.072,51.389,1.260,161,22,40,,
T,2026-04-14 11:08:28,53.47033087,-2.23712374,5.63,34.465,51.389,1.270,158,20,41,,
T,2026-04-14 11:08:29,53.47031951,-2.23711650,5.46,34.915,51.389,1.280,155,21,41,,
T,2026-04-14 11:08:30,53.47030992,-2.23710568,5.26,35.201,51.389,1.290,153,22,41,,
T,2026-04-14 11:08:31,53.47029675,-2.23709920,5.48,35.016,51.389,1.300,154,23,41,,
T,2026-04-14 11:08:32,53.47028616,-2.23709158,5.61,34.821,51.389,1.300,157,23,41,,
T,2026-04-14 11:08:33,53.47027329,-2.23708851,6.13,34.441,51.389,1.310,165,24,41,,
T,2026-04-14 11:08:34,53.47026143,-2.23708082,6.55,34.237,51.389,1.330,154,24,41,,
T,2026-04-14 11:08:35,53.47024944,-2.23707418,6.56,34.228,51.389,1.300,158,24,41,,
T,2026-04-14 11:08:36,53.47023780,-2.23706362,7.00,34.773,51.389,1.310,157,26,41,,
T,2026-04-14 11:08:37,53.47022576,-2.23705364,7.31,34.740,51.389,1.310,160,27,41,,
T,2026-04-14 11:08:38,53.47021494,-2.23704242,7.85,34.523,51.389,1.310,153,29,41,,
T,2026-04-14 11:08:39,53.47020471,-2.23702944,8.41,34.957,51.389,1.300,153,29,41,,
T,2026-04-14 11:08:40,53.47019461,-2.23701853,8.90,34.884,51.389,1.310,154,28,42,,
T,2026-04-14 11:08:41,53.47018053,-2.23701268,5.47,36.122,51.389,1.310,157,29,42,,
T,2026-04-14 11:08:42,53.47016661,-2.23700460,4.31,36.415,51.389,1.410,157,30,42,,
T,2026-04-14 11:08:43,53.47015440,-2.23699551,4.71,36.267,51.389,1.310,155,32,42,,
T,2026-04-14 11:08:44,53.47014298,-2.23698659,4.84,36.015,51.389,1.300,156,32,42,,
T,2026-04-14 11:08:45,53.47013194,-2.23697741,4.96,36.006,51.389,1.300,155,32,42,,
T,2026-04-14 11:08:46,53.47012156,-2.23696672,5.34,35.592,51.389,1.300,153,32,42,,
T,2026-04-14 11:08:47,53.47011139,-2.23695558,5.70,35.287,51.389,1.290,151,32,42,,
T,2026-04-14 11:08:48,53.47010167,-2.23694441,5.68,34.643,51.389,1.290,152,31,42,,
T,2026-04-14 11:08:49,53.47009083,-2.23693409,5.92,33.966,51.389,1.290,158,28,42,,
T,2026-04-14 11:08:50,53.47007926,-2.23692590,4.54,34.408,51.389,1.280,158,25,42,,
T,2026-04-14 11:08:51,53.47006882,-2.23691849,4.64,34.359,51.389,1.290,152,22,42,,
T,2026-04-14 11:08:52,53.47005648,-2.23691161,4.41,35.365,51.389,1.280,151,22,42,,
T,2026-04-14 11:08:53,53.47004373,-2.23690492,4.33,36.218,51.389,1.270,154,21,41,,
T,2026-04-14 11:08:54,53.47003141,-2.23690001,4.20,35.687,51.389,1.260,158,20,42,,
T,2026-04-14 11:08:55,53.47001681,-2.23689444,4.09,35.890,51.389,1.280,169,19,42,,
T,2026-04-14 11:08:56,53.47000533,-2.23688643,4.09,36.129,51.389,1.300,154,19,41,,
T,2026-04-14 11:08:57,53.46999219,-2.23687666,4.14,37.493,51.389,1.260,152,19,41,,
T,2026-04-14 11:08:58,53.46997888,-2.23686711,4.08,38.002,51.389,1.270,155,19,41,,
T,2026-04-14 11:08:59,53.46996657,-2.23685548,4.01,37.392,51.389,1.270,150,18,41,,
T,2026-04-14 11:09:00,53.46995283,-2.23684620,3.88,38.890,51.389,1.270,156,18,41,,
T,2026-04-14 11:09:01,53.46993975,-2.23684063,3.86,38.952,51.389,1.280,166,17,41,,
T,2026-04-14 11:09:02,53.46992752,-2.23683423,4.11,38.772,51.389,1.290,159,17,40,,
T,2026-04-14 11:09:03,53.46991544,-2.23682748,3.98,38.879,51.389,1.280,156,20,40,,
T,2026-04-14 11:09:04,53.46990332,-2.23681859,4.00,37.736,51.389,1.290,152,25,40,,
T,2026-04-14 11:09:05,53.46989185,-2.23681058,4.04,37.726,51.389,1.290,151,25,40,,
T,2026-04-14 11:09:06,53.46988040,-2.23680300,4.33,37.453,51.389,1.290,154,25,39,,
T,2026-04-14 11:09:07,53.46986855,-2.23679397,4.10,36.410,51.389,1.270,146,24,39,,
T,2026-04-14 11:09:08,53.46985702,-2.23678536,4.19,35.967,51.389,1.290,149,28,39,,
T,2026-04-14 11:09:09,53.46984603,-2.23677618,4.41,35.779,51.389,1.270,149,28,39,,
T,2026-04-14 11:09:10,53.46983575,-2.23676701,4.47,35.794,51.389,1.260,145,29,40,,
T,2026-04-14 11:09:11,53.46982458,-2.23675842,4.40,35.759,51.389,1.260,133,29,40,,
T,2026-04-14 11:09:12,53.46981457,-2.23674621,4.53,35.720,51.389,1.270,142,29,40,,
T,2026-04-14 11:09:13,53.46980560,-2.23673274,4.52,36.083,51.389,1.330,123,29,41,,
T,2026-04-14 11:09:14,53.46979786,-2.23671912,4.64,35.987,51.389,1.270,119,29,41,,
T,2026-04-14 11:09:15,53.46978647,-2.23670900,4.95,35.856,51.388,1.390,142,29,40,,
T,2026-04-14 11:09:16,53.46977530,-2.23669986,5.19,35.667,51.388,1.280,147,30,40,,
T,2026-04-14 11:09:17,53.46976399,-2.23669143,4.86,34.753,51.388,1.280,150,28,40,,
T,2026-04-14 11:09:18,53.46975346,-2.23668007,4.42,34.396,51.388,1.290,145,28,39,,
T,2026-04-14 11:09:19,53.46974509,-2.23666305,4.32,34.952,51.388,1.320,141,28,39,,
T,2026-04-14 11:09:20,53.46973435,-2.23665125,4.08,34.292,51.388,1.330,156,27,39,,
T,2026-04-14 11:09:21,53.46972390,-2.23664027,4.54,34.241,51.388,1.300,150,28,39,,
T,2026-04-14 11:09:22,53.46971212,-2.23663381,4.00,34.458,51.388,1.290,161,28,39,,
T,2026-04-14 11:09:23,53.46970061,-2.23662542,4.05,34.481,51.388,1.330,153,29,40,,
T,2026-04-14 11:09:24,53.46968948,-2.23661639,4.37,34.788,51.388,1.310,157,29,40,,
T,2026-04-14 11:09:25,53.46967810,-2.23660579,4.24,34.061,51.388,1.320,150,27,40,,
T,2026-04-14 11:09:26,53.46967092,-2.23659135,3.96,34.258,51.388,1.300,142,29,41,,
T,2026-04-14 11:09:27,53.46966227,-2.23658047,3.96,33.910,51.388,1.310,149,28,42,,
T,2026-04-14 11:09:28,53.46965418,-2.23656613,4.05,33.435,51.388,1.350,132,28,42,,
T,2026-04-14 11:09:29,53.46964816,-2.23655055,3.97,33.793,51.388,1.260,129,28,40,,
T,2026-04-14 11:09:30,53.46963939,-2.23653855,3.98,33.733,51.388,1.290,143,28,41,,
T,2026-04-14 11:09:31,53.46963173,-2.23652871,4.12,33.557,51.388,1.220,147,28,41,,
T,2026-04-14 11:09:32,53.46962723,-2.23651518,4.07,32.393,51.388,1.230,139,25,41,,
T,2026-04-14 11:09:33,53.46962229,-2.23650007,4.14,31.659,51.388,1.250,124,26,42,,
T,2026-04-14 11:09:34,53.46961309,-2.23649137,4.42,32.299,51.388,1.230,141,26,41,,
T,2026-04-14 11:09:35,53.46960197,-2.23648702,4.65,33.097,51.388,1.280,163,25,41,,
T,2026-04-14 11:09:36,53.46959137,-2.23648182,4.79,34.050,51.388,1.230,155,23,41,,
T,2026-04-14 11:09:37,53.46958385,-2.23647338,4.52,33.790,51.388,1.230,156,23,41,,
T,2026-04-14 11:09:38,53.46957719,-2.23646408,4.45,33.616,51.388,1.190,158,24,40,,
T,2026-04-14 11:09:39,53.46956885,-2.23645377,4.47,34.185,51.388,1.250,151,24,40,,
T,2026-04-14 11:09:40,53.46956170,-2.23644001,4.19,34.211,51.388,1.260,138,24,40,,
T,2026-04-14 11:09:41,53.46955347,-2.23642862,4.30,34.176,51.388,1.260,148,24,40,,
T,2026-04-14 11:09:42,53.46954578,-2.23641614,4.43,34.346,51.388,1.250,140,24,40,,
T,2026-04-14 11:09:43,53.46953656,-2.23640667,4.64,34.089,51.388,1.270,149,24,41,,
T,2026-04-14 11:09:44,53.46952643,-2.23639701,4.96,34.277,51.388,1.260,150,25,41,,
T,2026-04-14 11:09:45,53.46951597,-2.23638779,5.11,33.961,51.388,1.280,152,25,41,,
T,2026-04-14 11:09:46,53.46950460,-2.23638259,5.19,34.019,51.388,1.290,160,25,41,,
T,2026-04-14 11:09:47,53.46949226,-2.23638120,5.07,34.460,51.388,1.290,159,25,40,,
T,2026-04-14 11:09:48,53.46948023,-2.23637659,5.27,34.062,51.388,1.290,160,19,40,,
T,2026-04-14 11:09:49,53.46946863,-2.23637202,5.55,34.054,51.388,1.300,162,17,40,,
T,2026-04-14 11:09:50,53.46945806,-2.23636207,5.75,33.212,51.388,1.340,148,17,40,,
T,2026-04-14 11:09:51,53.46944544,-2.23635566,4.54,32.732,51.388,1.400,170,17,40,,
T,2026-04-14 11:09:52,53.46943233,-2.23634145,4.15,32.838,51.388,1.320,152,16,40,,
T,2026-04-14 11:09:53,53.46942109,-2.23632934,4.40,31.947,51.388,1.300,148,16,40,,
T,2026-04-14 11:09:54,53.46941014,-2.23631898,4.46,32.159,51.388,1.240,153,16,40,,
T,2026-04-14 11:09:55,53.46939815,-2.23631885,4.46,34.004,51.388,1.260,174,16,40,,
T,2026-04-14 11:09:56,53.46939583,-2.23632388,4.27,33.084,51.388,0.000,,16,40,,
T,2026-04-14 11:09:57,53.46939570,-2.23632489,4.24,33.030,51.388,0.000,,16,40,,
T,2026-04-14 11:09:58,53.46939563,-2.23632505,4.11,33.046,51.388,0.000,,17,40,,
T,2026-04-14 11:09:59,53.46939562,-2.23632517,4.08,33.058,51.388,0.000,,17,40,,
T,2026-04-14 11:10:00,53.46939569,-2.23632559,3.81,33.090,51.388,0.000,,16,39,,
T,2026-04-14 11:10:01,53.46939557,-2.23632511,3.80,33.039,51.388,0.000,,15,40,,
T,2026-04-14 11:10:02,53.46939549,-2.23632475,3.79,33.050,51.388,0.000,,14,40,,
T,2026-04-14 11:10:03,53.46939494,-2.23632417,3.79,32.916,51.388,0.170,174,16,40,,
T,2026-04-14 11:10:04,53.46939511,-2.23632509,3.79,32.931,51.388,0.000,,17,41,,
T,2026-04-14 11:10:05,53.46939513,-2.23632517,3.79,32.904,51.388,0.000,,16,41,,
T,2026-04-14 11:10:06,53.46939505,-2.23632491,3.79,32.901,51.388,0.000,,16,41,,
T,2026-04-14 11:10:07,53.46939503,-2.23632482,3.79,32.903,51.388,0.000,,16,42,,
T,2026-04-14 11:10:08,53.46939488,-2.23632452,3.79,32.823,51.388,0.000,,16,42,,
T,2026-04-14 11:10:09,53.46939648,-2.23632431,3.79,32.774,51.388,0.260,174,14,42,,
T,2026-04-14 11:10:10,53.46939722,-2.23632364,3.79,32.690,51.388,0.210,174,15,42,,
T,2026-04-14 11:10:11,53.46939563,-2.23632307,3.79,32.625,51.388,0.000,,16,42,,
T,2026-04-14 11:10:12,53.46938151,-2.23632712,3.79,32.679,51.388,1.370,187,16,42,,
T,2026-04-14 11:10:13,53.46936907,-2.23632685,3.79,32.770,51.388,1.260,167,16,42,,
T,2026-04-14 11:10:14,53.46935894,-2.23631755,3.85,33.229,51.388,1.180,151,15,42,,
T,2026-04-14 11:10:15,53.46934915,-2.23630581,3.83,32.842,51.388,1.200,149,16,42,,
T,2026-04-14 11:10:16,53.46933738,-2.23629348,3.94,32.900,51.388,1.350,150,16,42,,
T,2026-04-14 11:10:17,53.46932457,-2.23628248,4.07,31.668,51.388,1.420,153,17,42,,
T,2026-04-14 11:10:18,53.46931030,-2.23627105,4.10,33.026,51.388,1.410,155,17,42,,
T,2026-04-14 11:10:19,53.46929636,-2.23626383,4.48,32.934,51.388,1.430,165,18,42,,
T,2026-04-14 11:10:20,53.46928460,-2.23624792,5.00,33.622,51.388,1.570,137,18,42,,
T,2026-04-14 11:10:21,53.46927237,-2.23623750,5.64,34.038,51.388,1.420,151,20,41,,
T,2026-04-14 11:10:22,53.46926110,-2.23622630,5.96,33.902,51.387,1.380,144,20,41,,
T,2026-04-14 11:10:23,53.46924903,-2.23621787,6.28,33.889,51.387,1.390,155,20,41,,
T,2026-04-14 11:10:24,53.46923735,-2.23620916,6.60,33.711,51.387,1.380,153,19,38,,
T,2026-04-14 11:10:25,53.46922540,-2.23620090,6.42,34.070,51.387,1.370,152,18,39,,
T,2026-04-14 11:10:26,53.46921391,-2.23619126,5.61,34.485,51.387,1.350,150,20,40,,
T,2026-04-14 11:10:27,53.46920272,-2.23618066,5.31,34.958,51.387,1.380,150,20,40,,
T,2026-04-14 11:10:28,53.46919067,-2.23617113,4.65,35.066,51.387,1.340,154,17,39,,
T,2026-04-14 11:10:29,53.46917936,-2.23616136,4.83,34.976,51.387,1.330,151,17,38,,
T,2026-04-14 11:10:30,53.46916816,-2.23615249,5.05,34.815,51.387,1.340,154,18,38,,
T,2026-04-14 11:10:31,53.46915553,-2.23614572,4.83,35.036,51.387,1.320,159,18,37,,
T,2026-04-14 11:10:32,53.46914137,-2.23613991,5.18,35.328,51.387,1.340,166,18,38,,
T,2026-04-14 11:10:33,53.46912915,-2.23612536,5.29,34.886,51.387,1.490,141,19,38,,
T,2026-04-14 11:10:34,53.46911867,-2.23611421,4.86,34.731,51.387,1.330,156,19,38,,
T,2026-04-14 11:10:35,53.46910750,-2.23610211,4.47,34.774,51.387,1.280,150,19,38,,
T,2026-04-14 11:10:36,53.46909489,-2.23609456,4.59,34.752,51.387,1.330,157,21,39,,
T,2026-04-14 11:10:37,53.46908390,-2.23608406,5.09,34.683,51.387,1.340,153,23,38,,
T,2026-04-14 11:10:38,53.46907134,-2.23607906,5.25,35.053,51.387,1.340,163,23,36,,
T,2026-04-14 11:10:39,53.46905749,-2.23607701,5.86,35.595,51.387,1.350,170,24,38,,
T,2026-04-14 11:10:40,53.46904399,-2.23607559,6.02,35.868,51.387,1.350,179,26,39,,
T,2026-04-14 11:10:41,53.46903203,-2.23606579,6.43,36.446,51.387,1.400,162,26,39,,
T,2026-04-14 11:10:42,53.46902344,-2.23605295,5.46,38.222,51.387,1.320,169,25,39,,
T,2026-04-14 11:10:43,53.46901386,-2.23603903,5.12,38.673,51.387,1.310,162,27,39,,
T,2026-04-14 11:10:44,53.46900408,-2.23602429,5.66,38.479,51.387,1.370,154,29,39,,
T,2026-04-14 11:10:45,53.46899592,-2.23600962,5.59,38.430,51.387,1.360,157,29,40,,
T,2026-04-14 11:10:46,53.46898663,-2.23599630,5.80,38.765,51.387,1.360,154,27,40,,
T,2026-04-14 11:10:47,53.46897759,-2.23598305,5.92,39.093,51.387,1.360,152,26,40,,
T,2026-04-14 11:10:48,53.46896776,-2.23597199,6.46,38.938,51.387,1.360,155,26,40,,
T,2026-04-14 11:10:49,53.46895571,-2.23596173,5.45,39.305,51.387,1.350,162,26,40,,
T,2026-04-14 11:10:50,53.46894270,-2.23594871,5.23,38.425,51.387,1.380,153,23,41,,
T,2026-04-14 11:10:51,53.46892978,-2.23593635,5.32,38.039,51.387,1.360,154,23,41,,
T,2026-04-14 11:10:52,53.46891585,-2.23592315,5.03,37.414,51.387,1.370,155,23,41,,
T,2026-04-14 11:10:53,53.46890225,-2.23590785,5.17,36.509,51.387,1.380,147,24,41,,
T,2026-04-14 11:10:54,53.46888926,-2.23589508,5.44,36.660,51.387,1.380,152,21,41,,
T,2026-04-14 11:10:55,53.46887654,-2.23588212,5.35,36.185,51.387,1.380,150,20,41,,
T,2026-04-14 11:10:56,53.46886483,-2.23586893,5.26,36.340,51.387,1.360,144,20,41,,
T,2026-04-14 11:10:57,53.46885236,-2.23585992,5.52,36.483,51.387,1.400,154,23,41,,
T,2026-04-14 11:10:58,53.46884012,-2.23585231,5.36,36.436,51.387,1.390,155,23,40,,
T,2026-04-14 11:10:59,53.46882917,-2.23584328,5.47,35.653,51.387,1.390,155,23,40,,
T,2026-04-14 11:11:00,53.46881842,-2.23583330,5.49,35.430,51.387,1.400,150,23,40,,
T,2026-04-14 11:11:01,53.46880334,-2.23582366,5.24,36.641,51.387,1.400,154,23,40,,
T,2026-04-14 11:11:02,53.46878803,-2.23581379,5.02,35.410,51.387,1.410,160,24,40,,
T,2026-04-14 11:11:03,53.46877496,-2.23580346,5.27,35.181,51.387,1.420,153,19,40,,
T,2026-04-14 11:11:04,53.46876220,-2.23579442,5.60,34.384,51.387,1.410,153,16,40,,
T,2026-04-14 11:11:05,53.46874992,-2.23578551,5.91,34.146,51.387,1.410,153,17,40,,
T,2026-04-14 11:11:06,53.46873900,-2.23577455,5.85,33.867,51.387,1.420,145,19,40,,
T,2026-04-14 11:11:07,53.46872629,-2.23576371,5.81,33.811,51.387,1.410,149,20,40,,
T,2026-04-14 11:11:08,53.46871413,-2.23575460,6.18,33.653,51.386,1.410,152,24,40,,
T,2026-04-14 11:11:09,53.46870317,-2.23574429,5.99,33.406,51.386,1.420,144,24,40,,
T,2026-04-14 11:11:10,53.46869087,-2.23573207,5.70,32.231,51.386,1.400,147,24,40,,
T,2026-04-14 11:11:11,53.46867832,-2.23571956,5.41,34.509,51.386,1.360,149,25,40,,
T,2026-04-14 11:11:12,53.46866706,-2.23570730,5.51,34.913,51.386,1.380,142,26,40,,
T,2026-04-14 11:11:13,53.46865609,-2.23569689,5.40,35.470,51.386,1.340,146,27,40,,
T,2026-04-14 11:11:14,53.46864844,-2.23568103,5.42,36.075,51.386,1.400,129,25,40,,
T,2026-04-14 11:11:15,53.46863783,-2.23567139,5.20,36.602,51.386,1.370,145,26,40,,
T,2026-04-14 11:11:16,53.46862821,-2.23566030,5.32,36.354,51.386,1.330,148,28,39,,
T,2026-04-14 11:11:17,53.46861981,-2.23564561,4.96,36.577,51.386,1.340,151,27,39,,
T,2026-04-14 11:11:18,53.46861246,-2.23562694,4.96,37.108,51.386,1.380,142,26,39,,
T,2026-04-14 11:11:19,53.46860392,-2.23560998,5.16,37.536,51.386,1.390,147,26,40,,
T,2026-04-14 11:11:20,53.46860126,-2.23559167,4.80,35.088,51.386,1.260,134,27,40,,
T,2026-04-14 11:11:21,53.46859841,-2.23556746,4.75,36.552,51.386,1.320,122,26,41,,
T,2026-04-14 11:11:22,53.46859804,-2.23554424,5.04,37.377,51.386,1.230,113,26,41,,
T,2026-04-14 11:11:23,53.46859706,-2.23552241,5.44,38.247,51.386,1.180,112,27,41,,
T,2026-04-14 11:11:24,53.46859698,-2.23551197,5.29,38.265,51.386,0.850,107,27,41,,
T,2026-04-14 11:11:25,53.46859658,-2.23551259,5.12,37.453,51.386,0.650,107,28,41,,
T,2026-04-14 11:11:26,53.46859088,-2.23550447,5.20,37.005,51.386,1.210,140,27,41,,
T,2026-04-14 11:11:27,53.46858301,-2.23549613,4.94,36.829,51.386,1.050,149,28,41,,
T,2026-04-14 11:11:28,53.46857429,-2.23548916,5.09,36.715,51.386,1.030,154,30,41,,
T,2026-04-14 11:11:29,53.46856364,-2.23547884,5.07,37.240,51.386,1.170,154,30,41,,
T,2026-04-14 11:11:30,53.46855345,-2.23547058,4.74,37.329,51.386,1.170,159,30,43,,
T,2026-04-14 11:11:31,53.46854167,-2.23546266,4.81,37.801,51.386,1.220,161,30,43,,
T,2026-04-14 11:11:32,53.46853084,-2.23544981,4.59,37.634,51.386,1.150,154,30,43,,
T,2026-04-14 11:11:33,53.46851967,-2.23544028,4.71,37.927,51.386,1.210,161,31,43,,
T,2026-04-14 11:11:34,53.46851006,-2.23543412,4.84,38.219,51.386,1.120,162,30,43,,
T,2026-04-14 11:11:35,53.46850040,-2.23542805,5.27,38.538,51.386,1.120,161,28,43,,
T,2026-04-14 11:11:36,53.46849054,-2.23542268,5.50,38.779,51.386,1.120,165,28,43,,
T,2026-04-14 11:11:37,53.46848062,-2.23541960,5.86,38.681,51.386,1.120,170,28,42,,
T,2026-04-14 11:11:38,53.46847010,-2.23541963,6.04,39.346,51.386,1.100,180,25,42,,
T,2026-04-14 11:11:39,53.46845858,-2.23541918,6.54,39.618,51.386,1.140,178,27,42,,
T,2026-04-14 11:11:40,53.46844538,-2.23542169,6.86,39.732,51.386,1.220,194,29,42,,
T,2026-04-14 11:11:41,53.46843259,-2.23542095,7.30,39.553,51.386,1.180,185,30,42,,
T,2026-04-14 11:11:42,53.46842035,-2.23542132,7.75,39.274,51.386,1.190,186,31,42,,
T,2026-04-14 11:11:43,53.46840722,-2.23542137,7.82,39.867,51.386,1.170,179,30,42,,
T,2026-04-14 11:11:44,53.46839467,-2.23541842,7.17,39.309,51.386,1.150,179,31,41,,
T,2026-04-14 11:11:45,53.46838224,-2.23541706,7.80,39.320,51.386,1.180,184,30,41,,
T,2026-04-14 11:11:46,53.46837035,-2.23541104,8.14,39.183,51.386,1.240,167,30,41,,
T,2026-04-14 11:11:47,53.46835877,-2.23541037,7.94,38.758,51.386,1.220,178,30,41,,
T,2026-04-14 11:11:48,53.46834681,-2.23540444,8.12,38.824,51.386,1.230,167,28,42,,
T,2026-04-14 11:11:49,53.46833252,-2.23539103,6.55,37.600,51.386,1.220,160,30,42,,
T,2026-04-14 11:11:50,53.46831662,-2.23537886,6.06,37.399,51.386,1.230,164,28,42,,
T,2026-04-14 11:11:51,53.46830342,-2.23536961,6.76,37.565,51.386,1.240,162,24,42,,
T,2026-04-14 11:11:52,53.46829107,-2.23535688,7.22,36.681,51.386,1.270,150,25,42,,
T,2026-04-14 11:11:53,53.46827930,-2.23534764,7.52,36.606,51.386,1.250,156,25,42,,
T,2026-04-14 11:11:54,53.46826735,-2.23533818,7.61,36.819,51.386,1.280,155,25,41,,
T,2026-04-14 11:11:55,53.46825586,-2.23533377,7.42,36.974,51.386,1.280,168,25,41,,
T,2026-04-14 11:11:56,53.46824524,-2.23532478,7.47,36.749,51.386,1.340,150,25,41,,
T,2026-04-14 11:11:57,53.46823532,-2.23531720,8.01,36.561,51.386,1.250,151,20,41,,
T,2026-04-14 11:11:58,53.46822573,-2.23530953,7.31,35.625,51.386,1.260,146,20,41,,
T,2026-04-14 11:11:59,53.46821503,-2.23530000,7.40,35.134,51.386,1.290,139,20,42,,
T,2026-04-14 11:12:00,53.46820242,-2.23529701,7.65,34.881,51.386,1.400,164,20,42,,
T,2026-04-14 11:12:01,53.46819116,-2.23529400,8.05,34.892,51.386,1.260,166,17,42,,
T,2026-04-14 11:12:02,53.46817949,-2.23528900,8.52,34.867,51.386,1.280,163,17,41,,
T,2026-04-14 11:12:03,53.46816773,-2.23528943,8.90,35.013,51.386,1.270,171,22,41,,
T,2026-04-14 11:12:04,53.46815786,-2.23528340,8.65,35.062,51.386,1.310,150,26,41,,
T,2026-04-14 11:12:05,53.46814664,-2.23527827,8.34,35.112,51.385,1.290,154,27,41,,
T,2026-04-14 11:12:06,53.46813929,-2.23527355,7.34,35.018,51.385,1.190,150,27,41,,
T,2026-04-14 11:12:07,53.46813016,-2.23526824,7.24,34.810,51.385,1.250,155,27,41,,
T,2026-04-14 11:12:08,53.46812017,-2.23526072,7.33,34.922,51.385,1.250,153,27,41,,
T,2026-04-14 11:12:09,53.46811027,-2.23525064,7.06,34.998,51.385,1.290,138,27,41,,
T,2026-04-14 11:12:10,53.46810197,-2.23523900,7.51,35.059,51.385,1.250,132,26,41,,
T,2026-04-14 11:12:11,53.46808637,-2.23522407,5.00,36.744,51.385,1.250,138,25,41,,
T,2026-04-14 11:12:12,53.46807223,-2.23521543,5.19,37.003,51.385,1.280,152,25,41,,
T,2026-04-14 11:12:13,53.46806097,-2.23520606,5.42,36.839,51.385,1.260,150,24,41,,
T,2026-04-14 11:12:14,53.46805025,-2.23519793,5.61,36.291,51.385,1.250,153,26,41,,
T,2026-04-14 11:12:15,53.46803996,-2.23518866,5.87,36.064,51.385,1.260,144,26,41,,
T,2026-04-14 11:12:16,53.46802880,-2.23518080,5.87,36.555,51.385,1.260,150,26,40,,
T,2026-04-14 11:12:17,53.46801772,-2.23517510,5.88,36.629,51.385,1.230,151,27,40,,
T,2026-04-14 11:12:18,53.46800688,-2.23516815,5.79,36.381,51.385,1.240,155,26,40,,
T,2026-04-14 11:12:19,53.46799619,-2.23516170,5.70,36.062,51.385,1.250,156,26,40,,
T,2026-04-14 11:12:20,53.46797985,-2.23515760,4.34,36.774,51.385,1.300,159,26,40,,
T,2026-04-14 11:12:21,53.46796399,-2.23515223,4.00,36.699,51.385,1.280,155,28,40,,
T,2026-04-14 11:12:22,53.46795131,-2.23514512,4.04,36.186,51.385,1.270,156,27,40,,
T,2026-04-14 11:12:23,53.46793965,-2.23513730,4.05,36.043,51.385,1.280,153,26,40,,
T,2026-04-14 11:12:24,53.46792835,-2.23512961,4.13,35.633,51.385,1.280,153,28,40,,
T,2026-04-14 11:12:25,53.46791651,-2.23512495,4.19,35.798,51.385,1.290,157,28,40,,
T,2026-04-14 11:12:26,53.46790536,-2.23511762,4.11,35.039,51.385,1.310,152,28,40,,
T,2026-04-14 11:12:27,53.46789466,-2.23510997,4.09,34.837,51.385,1.300,155,28,40,,
T,2026-04-14 11:12:28,53.46788325,-2.23510333,4.02,35.013,51.385,1.310,158,27,40,,
T,2026-04-14 11:12:29,53.46787238,-2.23509383,4.19,34.890,51.385,1.330,146,27,40,,
T,2026-04-14 11:12:30,53.46786189,-2.23508522,4.43,34.773,51.385,1.310,150,27,40,,
T,2026-04-14 11:12:31,53.46785569,-2.23507122,4.39,35.419,51.385,1.290,153,27,40,,
T,2026-04-14 11:12:32,53.46784968,-2.23505692,4.62,36.248,51.385,1.300,149,28,40,,
T,2026-04-14 11:12:33,53.46783805,-2.23504176,4.85,37.697,51.385,1.410,152,28,40,,
T,2026-04-14 11:12:34,53.46782785,-2.23502567,5.09,38.528,51.385,1.370,149,27,41,,
T,2026-04-14 11:12:35,53.46781943,-2.23501353,4.69,38.642,51.385,1.330,151,27,41,,
T,2026-04-14 11:12:36,53.46781107,-2.23500481,4.85,38.933,51.385,1.240,147,29,40,,
T,2026-04-14 11:12:37,53.46780449,-2.23499603,4.39,39.669,51.385,1.310,153,30,40,,
T,2026-04-14 11:12:38,53.46779572,-2.23498721,4.69,39.976,51.385,1.300,155,29,40,,
T,2026-04-14 11:12:39,53.46778252,-2.23497707,4.47,41.119,51.385,1.470,159,30,41,,
T,2026-04-14 11:12:40,53.46776921,-2.23496800,4.25,41.880,51.385,1.400,162,30,41,,
T,2026-04-14 11:12:41,53.46775790,-2.23495817,4.56,42.196,51.385,1.320,158,30,41,,
T,2026-04-14 11:12:42,53.46774644,-2.23494707,4.81,42.148,51.385,1.460,160,27,41,,
T,2026-04-14 11:12:43,53.46773634,-2.23493707,5.14,42.323,51.385,1.370,160,27,41,,
T,2026-04-14 11:12:44,53.46772555,-2.23492512,5.60,41.865,51.385,1.440,151,27,41,,
T,2026-04-14 11:12:45,53.46771438,-2.23491264,6.17,41.901,51.385,1.440,150,27,41,,
T,2026-04-14 11:12:46,53.46770348,-2.23490220,5.43,42.217,51.385,1.450,155,27,40,,
T,2026-04-14 11:12:47,53.46769325,-2.23489002,4.79,42.151,51.385,1.410,154,27,40,,
T,2026-04-14 11:12:48,53.46768268,-2.23487588,4.79,42.529,51.385,1.450,150,27,40,,
T,2026-04-14 11:12:49,53.46767020,-2.23485948,4.48,42.585,51.385,1.430,151,27,41,,
T,2026-04-14 11:12:50,53.46766023,-2.23484512,4.64,42.529,51.385,1.470,147,27,41,,
T,2026-04-14 11:12:51,53.46765188,-2.23482888,4.73,42.169,51.385,1.500,135,29,41,,
T,2026-04-14 11:12:52,53.46764378,-2.23481380,4.94,41.531,51.385,1.460,135,31,41,,
T,2026-04-14 11:12:53,53.46763269,-2.23480186,5.11,41.358,51.385,1.520,146,31,41,,
T,2026-04-14 11:12:54,53.46762313,-2.23479037,5.24,41.279,51.384,1.490,144,30,41,,
T,2026-04-14 11:12:55,53.46760953,-2.23478583,5.37,40.929,51.384,1.660,169,30,41,,
T,2026-04-14 11:12:56,53.46759740,-2.23477506,5.11,40.861,51.384,1.570,151,30,41,,
T,2026-04-14 11:12:57,53.46758442,-2.23476298,5.05,39.879,51.384,1.510,157,30,41,,
T,2026-04-14 11:12:58,53.46757188,-2.23475198,5.04,39.304,51.384,1.500,156,29,41,,
T,2026-04-14 11:12:59,53.46755842,-2.23473701,4.11,39.714,51.384,1.490,151,28,40,,
T,2026-04-14 11:13:00,53.46754355,-2.23472563,3.79,40.166,51.384,1.480,160,28,40,,
T,2026-04-14 11:13:01,53.46752922,-2.23471491,3.79,40.046,51.384,1.470,163,27,41,,
T,2026-04-14 11:13:02,53.46751513,-2.23469707,3.79,40.404,51.384,1.490,151,21,41,,
T,2026-04-14 11:13:03,53.46750183,-2.23467257,3.79,39.815,51.384,1.440,142,21,41,,
T,2026-04-14 11:13:04,53.46748922,-2.23464728,4.01,39.579,51.384,1.450,147,21,40,,
T,2026-04-14 11:13:05,53.46747769,-2.23462874,4.19,39.492,51.384,1.460,143,20,40,,
T,2026-04-14 11:13:06,53.46746656,-2.23461331,4.22,39.249,51.384,1.440,145,19,36,,
T,2026-04-14 11:13:07,53.46745520,-2.23460018,4.54,38.134,51.384,1.460,143,19,37,,
T,2026-04-14 11:13:08,53.46744364,-2.23458927,4.83,37.860,51.384,1.450,147,19,37,,
T,2026-04-14 11:13:09,53.46743145,-2.23457939,5.03,36.946,51.384,1.460,149,19,37,,
T,2026-04-14 11:13:10,53.46741947,-2.23457028,5.28,36.414,51.384,1.470,151,18,37,,
T,2026-04-14 11:13:11,53.46740725,-2.23456112,5.54,35.403,51.384,1.460,151,18,37,,
T,2026-04-14 11:13:12,53.46739271,-2.23456141,5.90,36.192,51.384,1.550,173,19,38,,
T,2026-04-14 11:13:13,53.46737991,-2.23455501,6.31,36.211,51.384,1.520,156,19,38,,
T,2026-04-14 11:13:14,53.46736865,-2.23454553,6.68,36.112,51.384,1.430,151,18,39,,
T,2026-04-14 11:13:15,53.46735647,-2.23453790,7.18,35.947,51.384,1.430,154,18,39,,
T,2026-04-14 11:13:16,53.46734470,-2.23453475,7.53,36.450,51.384,1.430,164,18,38,,
T,2026-04-14 11:13:17,53.46733265,-2.23452622,7.93,37.045,51.384,1.450,153,17,38,,
T,2026-04-14 11:13:18,53.46732063,-2.23451931,8.65,36.648,51.384,1.430,157,17,38,,
T,2026-04-14 11:13:19,53.46730880,-2.23451179,8.99,35.933,51.384,1.410,161,17,38,,
T,2026-04-14 11:13:20,53.46729847,-2.23449853,8.54,35.919,51.384,1.450,145,17,38,,
T,2026-04-14 11:13:21,53.46728743,-2.23448736,6.96,35.844,51.384,1.390,150,17,38,,
T,2026-04-14 11:13:22,53.46727630,-2.23447951,7.77,35.827,51.384,1.370,153,18,38,,
T,2026-04-14 11:13:23,53.46726531,-2.23447117,8.33,35.618,51.384,1.370,150,17,38,,
T,2026-04-14 11:13:24,53.46725359,-2.23446199,7.71,35.451,51.384,1.370,150,17,38,,
T,2026-04-14 11:13:25,53.46724144,-2.23445683,8.36,35.594,51.384,1.370,161,17,38,,
T,2026-04-14 11:13:26,53.46722981,-2.23444932,8.98,35.396,51.384,1.380,152,17,38,,
T,2026-04-14 11:13:27,53.46721937,-2.23443569,9.72,35.533,51.384,1.420,138,18,39,,
T,2026-04-14 11:13:28,53.46720266,-2.23443160,10.02,36.337,51.384,1.470,159,18,39,,
T,2026-04-14 11:13:29,53.46718884,-2.23442437,10.56,36.129,51.384,1.370,155,18,39,,
T,2026-04-14 11:13:30,53.46717487,-2.23441504,10.97,35.879,51.384,1.380,158,18,39,,
T,2026-04-14 11:13:31,53.46716287,-2.23440039,11.50,35.870,51.384,1.460,140,18,39,,
T,2026-04-14 11:13:32,53.46715083,-2.23438901,12.07,34.984,51.384,1.390,151,18,38,,
T,2026-04-14 11:13:33,53.46713975,-2.23437980,12.75,33.919,51.384,1.350,149,18,38,,
T,2026-04-14 11:13:34,53.46712713,-2.23437446,13.09,33.934,51.384,1.360,161,18,38,,
T,2026-04-14 11:13:35,53.46711526,-2.23437066,13.20,36.072,51.384,1.300,162,18,39,,
T,2026-04-14 11:13:36,53.46710288,-2.23436533,11.90,36.594,51.384,1.350,159,18,39,,
T,2026-04-14 11:13:37,53.46708942,-2.23435849,12.40,37.299,51.384,1.330,155,15,38,,
T,2026-04-14 11:13:38,53.46707320,-2.23434978,12.33,38.517,51.384,1.330,149,18,38,,
T,2026-04-14 11:13:39,53.46705917,-2.23433845,10.97,37.820,51.384,1.330,145,18,39,,
T,2026-04-14 11:13:40,53.46704627,-2.23432539,9.29,38.085,51.383,1.340,138,19,39,,
T,2026-04-14 11:13:41,53.46703325,-2.23431627,9.32,38.089,51.383,1.380,150,19,39,,
T,2026-04-14 11:13:42,53.46702523,-2.23430594,7.99,37.183,51.383,1.250,148,19,39,,
T,2026-04-14 11:13:43,53.46701390,-2.23429853,6.41,37.172,51.383,1.390,164,19,38,,
T,2026-04-14 11:13:44,53.46700217,-2.23429210,5.87,36.644,51.383,1.370,166,19,39,,
T,2026-04-14 11:13:45,53.46698975,-2.23428785,6.39,36.224,51.383,1.390,169,19,39,,
T,2026-04-14 11:13:46,53.46697953,-2.23427544,6.84,36.597,51.383,1.450,150,19,39,,
T,2026-04-14 11:13:47,53.46698157,-2.23424719,6.28,35.628,51.383,1.380,164,18,40,,
T,2026-04-14 11:13:48,53.46697582,-2.23422899,6.93,36.823,51.383,1.380,155,23,40,,
T,2026-04-14 11:13:49,53.46696998,-2.23420911,6.15,36.152,51.383,1.380,143,25,40,,
T,2026-04-14 11:13:50,53.46696251,-2.23419300,6.43,36.177,51.383,1.370,149,25,41,,
T,2026-04-14 11:13:51,53.46695359,-2.23418016,6.20,36.914,51.383,1.370,153,26,41,,
T,2026-04-14 11:13:52,53.46694722,-2.23416439,6.91,37.127,51.383,1.360,147,27,40,,
T,2026-04-14 11:13:53,53.46694145,-2.23415452,7.15,36.837,51.383,1.240,162,28,40,,
T,2026-04-14 11:13:54,53.46693323,-2.23414190,7.51,36.599,51.383,1.370,157,27,40,,
T,2026-04-14 11:13:55,53.46692393,-2.23412723,7.33,37.056,51.383,1.370,145,27,40,,
T,2026-04-14 11:13:56,53.46691372,-2.23411323,6.91,37.130,51.383,1.380,156,27,41,,
T,2026-04-14 11:13:57,53.46690379,-2.23410236,6.43,36.423,51.383,1.310,163,29,41,,
T,2026-04-14 11:13:58,53.46689200,-2.23408901,5.71,35.761,51.383,1.290,167,29,41,,
T,2026-04-14 11:13:59,53.46687938,-2.23407106,5.49,35.418,51.383,1.310,158,29,41,,
T,2026-04-14 11:14:00,53.46686578,-2.23405563,5.82,36.187,51.383,1.330,166,29,41,,
T,2026-04-14 11:14:01,53.46685211,-2.23404881,5.75,36.474,51.383,1.400,187,28,41,,
T,2026-04-14 11:14:02,53.46683918,-2.23404608,5.52,36.914,51.383,1.310,195,28,41,,
T,2026-04-14 11:14:03,53.46682612,-2.23404211,5.40,37.467,51.383,1.370,182,27,42,,
T,2026-04-14 11:14:04,53.46681206,-2.23404551,4.84,37.488,51.383,1.530,212,27,41,,
T,2026-04-14 11:14:05,53.46679268,-2.23402880,4.55,37.602,51.383,2.080,161,26,41,,
T,2026-04-14 11:14:06,53.46678126,-2.23401854,4.28,37.521,51.383,1.300,163,25,41,,
T,2026-04-14 11:14:07,53.46676908,-2.23401400,4.36,38.269,51.383,1.340,176,21,41,,
T,2026-04-14 11:14:08,53.46675672,-2.23401421,4.10,38.709,51.383,1.310,187,21,41,,
T,2026-04-14 11:14:09,53.46674506,-2.23401494,4.07,39.291,51.383,1.300,188,21,41,,
T,2026-04-14 11:14:10,53.46673296,-2.23401233,4.00,39.637,51.383,1.320,181,19,40,,
T,2026-04-14 11:14:11,53.46672118,-2.23401655,4.07,40.032,51.383,1.360,200,19,40,,
T,2026-04-14 11:14:12,53.46670916,-2.23401632,4.08,40.029,51.383,1.360,185,19,39,,
T,2026-04-14 11:14:13,53.46669745,-2.23401141,4.43,39.713,51.383,1.400,165,19,40,,
T,2026-04-14 11:14:14,53.46668659,-2.23399822,4.52,40.124,51.383,1.390,146,20,42,,
T,2026-04-14 11:14:15,53.46667515,-2.23399085,5.04,40.212,51.383,1.350,157,20,41,,
T,2026-04-14 11:14:16,53.46666282,-2.23398755,4.77,40.137,51.383,1.280,167,21,41,,
T,2026-04-14 11:14:17,53.46665165,-2.23398032,4.91,40.218,51.383,1.400,149,21,40,,
T,2026-04-14 11:14:18,53.46664001,-2.23397560,4.90,40.494,51.383,1.310,154,20,38,,
T,2026-04-14 11:14:19,53.46662866,-2.23397085,5.26,40.571,51.383,1.300,151,20,39,,
T,2026-04-14 11:14:20,53.46661820,-2.23396272,5.41,40.768,51.383,1.320,143,19,39,,
T,2026-04-14 11:14:21,53.46660568,-2.23395934,5.61,40.877,51.383,1.350,158,19,39,,
T,2026-04-14 11:14:22,53.46659476,-2.23395218,5.61,41.366,51.383,1.340,145,18,40,,
T,2026-04-14 11:14:23,53.46658392,-2.23394504,4.63,41.415,51.383,1.300,144,18,40,,
T,2026-04-14 11:14:24,53.46657508,-2.23393256,3.98,41.978,51.383,1.310,142,19,40,,
T,2026-04-14 11:14:25,53.46656646,-2.23391889,3.79,42.318,51.383,1.290,145,19,40,,
T,2026-04-14 11:14:26,53.46655784,-2.23390608,3.79,42.757,51.383,1.270,147,19,39,,
T,2026-04-14 11:14:27,53.46654800,-2.23389530,3.79,43.293,51.383,1.310,157,18,41,,
T,2026-04-14 11:14:28,53.46653847,-2.23388371,3.79,43.767,51.383,1.330,146,20,42,,
T,2026-04-14 11:14:29,53.46653020,-2.23387323,3.79,45.607,51.383,1.320,153,21,42,,
T,2026-04-14 11:14:30,53.46652480,-2.23386057,3.79,45.458,51.383,1.350,149,21,41,,
T,2026-04-14 11:14:31,53.46651670,-2.23385098,3.79,46.059,51.383,1.340,155,22,41,,
T,2026-04-14 11:14:32,53.46650761,-2.23384118,3.79,46.571,51.382,1.360,146,22,41,,
T,2026-04-14 11:14:33,53.46649848,-2.23383609,3.79,46.559,51.382,1.460,163,23,42,,
T,2026-04-14 11:14:34,53.46649232,-2.23382338,3.79,46.135,51.382,1.490,151,25,41,,
T,2026-04-14 11:14:35,53.46648815,-2.23380947,3.79,45.129,51.382,1.460,150,26,41,,
T,2026-04-14 11:14:36,53.46648160,-2.23379683,3.79,45.130,51.382,1.390,149,25,42,,
T,2026-04-14 11:14:37,53.46647262,-2.23378886,3.79,45.443,51.382,1.400,154,24,42,,
T,2026-04-14 11:14:38,53.46646323,-2.23378225,3.79,45.265,51.382,1.410,150,24,42,,
T,2026-04-14 11:14:39,53.46645248,-2.23377459,3.79,45.513,51.382,1.420,150,23,42,,
T,2026-04-14 11:14:40,53.46644231,-2.23376917,3.79,45.639,51.382,1.410,152,23,41,,
T,2026-04-14 11:14:41,53.46643245,-2.23376195,3.79,45.843,51.382,1.410,152,25,41,,
T,2026-04-14 11:14:42,53.46642316,-2.23375469,3.79,45.908,51.382,1.440,147,25,42,,
T,2026-04-14 11:14:43,53.46641392,-2.23374473,3.79,45.925,51.382,1.400,148,27,42,,
T,2026-04-14 11:14:44,53.46640458,-2.23373645,3.79,45.891,51.382,1.380,150,27,42,,
T,2026-04-14 11:14:45,53.46640215,-2.23371966,3.79,45.589,51.382,1.380,113,27,42,,
T,2026-04-14 11:14:46,53.46640275,-2.23370174,3.79,45.132,51.382,1.360,105,26,42,,
T,2026-04-14 11:14:47,53.46640679,-2.23368254,3.79,45.897,51.382,1.450,78,27,42,,
T,2026-04-14 11:14:48,53.46640834,-2.23365944,3.79,46.030,51.382,1.410,84,28,42,,
T,2026-04-14 11:14:49,53.46640929,-2.23363774,3.79,45.588,51.382,1.430,93,30,42,,
T,2026-04-14 11:14:50,53.46640777,-2.23361836,3.79,45.844,51.382,1.340,105,31,42,,
T,2026-04-14 11:14:51,53.46640207,-2.23359893,3.79,46.066,51.382,1.370,120,30,42,,
T,2026-04-14 11:14:52,53.46640030,-2.23357817,3.79,45.840,51.382,1.390,103,30,42,,
T,2026-04-14 11:14:53,53.46640535,-2.23355587,3.91,45.603,51.382,1.400,81,29,42,,
T,2026-04-14 11:14:54,53.46641087,-2.23353561,3.96,45.784,51.382,1.200,70,29,42,,
T,2026-04-14 11:14:55,53.46641465,-2.23351378,4.18,45.313,51.382,1.250,81,29,42,,
T,2026-04-14 11:14:56,53.46641476,-2.23349113,4.39,44.709,51.382,1.270,94,29,42,,
T,2026-04-14 11:14:57,53.46641949,-2.23346893,4.38,44.937,51.382,1.200,77,29,42,,
T,2026-04-14 11:14:58,53.46642540,-2.23345052,4.58,44.877,51.382,1.180,69,28,42,,
T,2026-04-14 11:14:59,53.46643224,-2.23343260,4.76,44.749,51.382,1.200,61,28,42,,
T,2026-04-14 11:15:00,53.46643881,-2.23341403,4.55,44.042,51.382,1.150,62,27,42,,
T,2026-04-14 11:15:01,53.46644402,-2.23339588,4.54,43.706,51.382,1.160,69,27,41,,
T,2026-04-14 11:15:02,53.46644684,-2.23337730,4.97,43.627,51.382,1.210,85,27,41,,
T,2026-04-14 11:15:03,53.46645043,-2.23335952,4.98,43.310,51.382,1.180,77,26,41,,
T,2026-04-14 11:15:04,53.46645536,-2.23334239,5.15,42.695,51.382,1.190,69,26,41,,
T,2026-04-14 11:15:05,53.46645929,-2.23332460,5.52,42.747,51.382,1.180,76,25,40,,
T,2026-04-14 11:15:06,53.46645943,-2.23330594,5.40,43.095,51.382,1.270,95,26,40,,
T,2026-04-14 11:15:07,53.46646322,-2.23328935,5.86,43.342,51.381,1.250,76,25,40,,
T,2026-04-14 11:15:08,53.46646858,-2.23327301,5.80,43.862,51.381,1.220,86,25,40,,
T,2026-04-14 11:15:09,53.46647220,-2.23325606,6.09,44.338,51.381,1.220,80,24,40,,
T,2026-04-14 11:15:10,53.46646731,-2.23324547,5.47,45.134,51.381,0.000,,24,40,,
T,2026-04-14 11:15:11,53.46646346,-2.23324142,5.49,45.056,51.381,0.000,,24,39,,
T,2026-04-14 11:15:12,53.46646276,-2.23324064,5.45,45.200,51.381,0.000,,25,39,,
T,2026-04-14 11:15:13,53.46646231,-2.23324059,5.36,45.195,51.381,0.000,,25,39,,
T,2026-04-14 11:15:14,53.46646176,-2.23324090,5.28,45.167,51.381,0.000,,23,39,,
T,2026-04-14 11:15:15,53.46646102,-2.23324096,5.24,45.088,51.381,0.000,,19,39,,
T,2026-04-14 11:15:16,53.46646138,-2.23323580,5.12,45.192,51.381,0.320,133,18,39,,
T,2026-04-14 11:15:17,53.46646276,-2.23323137,5.85,45.457,51.381,0.280,133,20,39,,
T,2026-04-14 11:15:18,53.46646703,-2.23322355,7.09,44.695,51.381,0.620,133,20,39,,
T,2026-04-14 11:15:19,53.46647147,-2.23321804,10.55,44.404,51.381,0.540,133,23,39,,
T,2026-04-14 11:15:20,53.46647128,-2.23319070,6.84,45.401,51.381,1.470,87,23,39,,
T,2026-04-14 11:15:21,53.46647808,-2.23317015,6.39,45.065,51.381,1.280,70,25,39,,
T,2026-04-14 11:15:22,53.46648511,-2.23315031,6.48,45.507,51.381,1.260,73,25,39,,
T,2026-04-14 11:15:23,53.46648366,-2.23312446,6.32,44.411,51.381,1.640,114,24,39,,
T,2026-04-14 11:15:24,53.46648497,-2.23311593,6.05,45.647,51.381,0.000,,23,39,,
T,2026-04-14 11:15:25,53.46648602,-2.23311328,6.04,45.987,51.381,0.000,,22,39,,
T,2026-04-14 11:15:26,53.46648795,-2.23311257,5.92,46.038,51.381,0.000,,22,39,,
T,2026-04-14 11:15:27,53.46649160,-2.23311246,5.97,46.061,51.381,0.000,,20,39,,
T,2026-04-14 11:15:28,53.46649594,-2.23311177,5.83,47.202,51.381,0.000,,20,39,,
T,2026-04-14 11:15:29,53.46650213,-2.23311202,5.34,47.476,51.381,0.000,,21,39,,
T,2026-04-14 11:15:30,53.46650367,-2.23311241,5.17,47.511,51.381,0.000,,22,38,,
T,2026-04-14 11:15:31,53.46650457,-2.23311290,4.99,47.611,51.381,0.000,,22,37,,
T,2026-04-14 11:15:32,53.46650502,-2.23311355,4.83,47.616,51.381,0.000,,22,38,,
T,2026-04-14 11:15:33,53.46650520,-2.23311406,4.69,47.656,51.381,0.000,,22,38,,
T,2026-04-14 11:15:34,53.46650557,-2.23311440,4.53,47.699,51.381,0.000,,22,39,,
T,2026-04-14 11:15:35,53.46650601,-2.23311457,4.43,47.768,51.381,0.000,,22,38,,
T,2026-04-14 11:15:36,53.46650643,-2.23311438,4.41,47.789,51.381,0.000,,21,38,,
T,2026-04-14 11:15:37,53.46650726,-2.23311434,4.39,47.889,51.381,0.000,,21,39,,
T,2026-04-14 11:15:38,53.46650689,-2.23311448,4.34,47.829,51.381,0.000,,21,39,,
T,2026-04-14 11:15:39,53.46650775,-2.23311437,4.25,47.954,51.381,0.000,,21,38,,
T,2026-04-14 11:15:40,53.46650718,-2.23311468,4.22,47.879,51.381,0.000,,20,38,,
T,2026-04-14 11:15:41,53.46650831,-2.23311464,4.15,47.989,51.381,0.000,,19,38,,
T,2026-04-14 11:15:42,53.46650920,-2.23311464,4.04,48.047,51.381,0.000,,19,39,,
T,2026-04-14 11:15:43,53.46651051,-2.23311473,4.03,48.137,51.381,0.000,,19,39,,
T,2026-04-14 11:15:44,53.46651110,-2.23311421,3.99,48.096,51.381,0.000,,22,41,,
T,2026-04-14 11:15:45,53.46651186,-2.23311318,3.98,48.055,51.381,0.000,,22,41,,
T,2026-04-14 11:15:46,53.46651238,-2.23311319,3.99,48.066,51.381,0.000,,22,41,,
T,2026-04-14 11:15:47,53.46650964,-2.23311454,4.03,47.820,51.381,0.370,137,22,41,,
T,2026-04-14 11:15:48,53.46650936,-2.23311585,4.10,47.813,51.381,0.000,,22,41,,
T,2026-04-14 11:15:49,53.46651000,-2.23311241,4.46,48.176,51.381,0.220,137,22,42,,
T,2026-04-14 11:15:50,53.46651029,-2.23310699,4.42,47.950,51.381,0.280,137,22,42,,
T,2026-04-14 11:15:51,53.46651230,-2.23311504,4.85,48.470,51.381,0.530,137,22,42,,
T,2026-04-14 11:15:52,53.46651977,-2.23311429,5.29,48.345,51.381,0.490,137,22,42,,
T,2026-04-14 11:15:53,53.46654103,-2.23310534,6.11,47.746,51.381,1.490,22,21,42,,
T,2026-04-14 11:15:54,53.46656721,-2.23310387,6.62,47.228,51.381,1.490,11,21,42,,
T,2026-04-14 11:15:55,53.46657919,-2.23311330,6.14,47.330,51.381,0.350,9,20,42,,
T,2026-04-14 11:15:56,53.46661193,-2.23309010,5.42,44.731,51.381,0.000,,20,42,,
T,2026-04-14 11:15:57,53.46662449,-2.23307024,5.78,44.867,51.381,0.000,,21,42,,
T,2026-04-14 11:15:58,53.46662828,-2.23306898,5.73,44.737,51.381,0.450,60,21,42,,
T,2026-04-14 11:15:59,53.46662606,-2.23306267,5.75,43.722,51.381,0.190,60,21,41,,
T,2026-04-14 11:16:00,53.46662330,-2.23304982,5.86,43.714,51.381,0.000,,20,39,,
T,2026-04-14 11:16:01,53.46662281,-2.23304652,6.14,43.729,51.381,0.000,,20,39,,
T,2026-04-14 11:16:02,53.46662275,-2.23304591,6.29,43.744,51.381,0.000,,20,39,,
T,2026-04-14 11:16:03,53.46662288,-2.23304575,6.11,43.746,51.381,0.000,,20,39,,
T,2026-04-14 11:16:04,53.46662289,-2.23304568,6.16,43.742,51.381,0.000,,20,38,,
T,2026-04-14 11:16:05,53.46662252,-2.23304564,6.49,43.709,51.381,0.000,,20,39,,
T,2026-04-14 11:16:06,53.46662225,-2.23304566,6.48,43.794,51.381,0.000,,20,39,,
