SN:US4300160800000166 BD:Jun  6 2017 VC:a4fd83a MD5:e01016c029c97fe76f1916ceca936799
                     Time,        BattPer,      [CH4]_ppm,   [CH4]_ppm_sd,      [H2O]_ppm,   [H2O]_ppm_sd,      [CO2]_ppm,   [CO2]_ppm_sd,     [CH4]d_ppm,  [CH4]d_ppm_sd,      GasP_torr,   GasP_torr_sd,         GasT_C,      GasT_C_sd,         AmbT_C,      AmbT_C_sd,     RD0_raw_us,  RD0_raw_us_sd,         RD0_us,      RD0_us_sd,         LTC0_v,      LTC0_v_sd,        RD0_raw,        RD1_raw,       Fit_Flag,      MIU_VALVE,       MIU_DESC
  14/04/2026 13:13:40.329,    1.39782e+02,            nan,    0.00000e+00,            nan,    0.00000e+00,            nan,    0.00000e+00,            nan,    0.00000e+00,    7.63082e+02,    0.00000e+00,    1.89599e+01,    0.00000e+00,    2.18115e+01,    0.00000e+00,    0.00000e+00,    0.00000e+00,            nan,    0.00000e+00,   -1.01900e+00,    0.00000e+00,        1.93021,               ,              0,             -1,       Disabled
  14/04/2026 13:13:41.183,    1.39315e+02,    2.08944e+00,    0.00000e+00,    7.04506e+03,    0.00000e+00,    4.02534e+02,    0.00000e+00,    2.10426e+00,    0.00000e+00,    7.65184e+02,    0.00000e+00,    1.89709e+01,    0.00000e+00,    2.18515e+01,    0.00000e+00,    0.00000e+00,    0.00000e+00,    1.94280e+00,    0.00000e+00,   -1.01900e+00,    0.00000e+00,         1.9415,               ,              3,             -1,       Disabled
  14/04/2026 13:13:42.039,    1.40815e+02,    2.09039e+00,    0.00000e+00,    6.90684e+03,    0.00000e+00,    4.05374e+02,    0.00000e+00,    2.10493e+00,    0.00000e+00,    7.65240e+02,    0.00000e+00,    1.89728e+01,    0.00000e+00,    2.18592e+01,    0.00000e+00,    0.00000e+00,    0.00000e+00,    1.94309e+00,    0.00000e+00,   -1.01889e+00,    0.00000e+00,        1.94176,               ,              3,             -1,       Disabled
  14/04/2026 13:13:42.893,    1.40260e+02,    2.09043e+00,    0.00000e+00,    6.86005e+03,    0.00000e+00,    4.06603e+02,    0.00000e+00,    2.10487e+00,    0.00000e+00,    7.65308e+02,    0.00000e+00,    1.89732e+01,    0.00000e+00,    2.18669e+01,    0.00000e+00,    0.00000e+00,    0.00000e+00,    1.94465e+00,    0.00000e+00,   -1.01889e+00,    0.00000e+00,         1.9433,               ,              3,             -1,       Disabled
  14/04/2026 13:13:43.746,    1.39192e+02,    2.09114e+00,    0.00000e+00,    6.78405e+03,    0.00000e+00,    4.12018e+02,    0.00000e+00,    2.10542e+00,    0.00000e+00,    7.65260e+02,    0.00000e+00,    1.89754e+01,    0.00000e+00,    2.18730e+01,    0.00000e+00,    0.00000e+00,    0.00000e+00,    1.94450e+00,    0.00000e+00,   -1.01906e+00,    0.00000e+00,        1.94313,               ,              3,             -1,       Disabled
  14/04/2026 13:13:44.601,    1.40379e+02,    2.08965e+00,    0.00000e+00,    6.69989e+03,    0.00000e+00,    4.18828e+02,    0.00000e+00,    2.10375e+00,    0.00000e+00,    7.65230e+02,    0.00000e+00,    1.89497e+01,    0.00000e+00,    2.18794e+01,    0.00000e+00,    0.00000e+00,    0.00000e+00,    1.94557e+00,    0.00000e+00,   -1.01906e+00,    0.00000e+00,        1.94418,               ,              3,             -1,       Disabled
  14/04/2026 13:13:45.455,    1.40609e+02,    2.09110e+00,    0.00000e+00,    6.77844e+03,    0.00000e+00,    4.20032e+02,    0.00000e+00,    2.10537e+00,    0.00000e+00,    7.65284e+02,    0.00000e+00,    1.89772e+01,    0.00000e+00,    2.18873e+01,    0.00000e+00,    0.00000e+00,    0.00000e+00,    1.94418e+00,    0.00000e+00,   -1.01939e+00,    0.00000e+00,        1.94278,               ,              3,             -1,       Disabled
  14/04/2026 13:13:46.310,    1.40360e+02,    2.09095e+00,    0.00000e+00,    6.74197e+03,    0.00000e+00,    4.24995e+02,    0.00000e+00,    2.10515e+00,    0.00000e+00,    7.65270e+02,    0.00000e+00,    1.89787e+01,    0.00000e+00,    2.18929e+01,    0.00000e+00,    0.00000e+00,    0.00000e+00,    1.94427e+00,    0.00000e+00,   -1.01939e+00,    0.00000e+00,        1.94287,               ,              3,             -1,       Disabled
  14/04/2026 13:13:47.165,    1.40099e+02,    2.09011e+00,    0.00000e+00,    6.70775e+03,    0.00000e+00,    4.28498e+02,    0.00000e+00,    2.10423e+00,    0.00000e+00,    7.65252e+02,    0.00000e+00,    1.89527e+01,    0.00000e+00,    2.18995e+01,    0.00000e+00,    0.00000e+00,    0.00000e+00,    1.94391e+00,    0.00000e+00,   -1.01977e+00,    0.00000e+00,        1.94249,               ,              3,             -1,       Disabled
  14/04/2026 13:13:48.018,    1.41052e+02,    2.09097e+00,    0.00000e+00,    6.70100e+03,    0.00000e+00,    4.33787e+02,    0.00000e+00,    2.10508e+00,    0.00000e+00,    7.65277e+02,    0.00000e+00,    1.89799e+01,    0.00000e+00,    2.19059e+01,    0.00000e+00,    0.00000e+00,    0.00000e+00,    1.94369e+00,    0.00000e+00,   -1.01977e+00,    0.00000e+00,        1.94226,               ,              3,             -1,       Disabled
  14/04/2026 13:13:48.872,    1.39825e+02,    2.09153e+00,    0.00000e+00,    6.69285e+03,    0.00000e+00,    4.33530e+02,    0.00000e+00,    2.10562e+00,    0.00000e+00,    7.65267e+02,    0.00000e+00,    1.89833e+01,    0.00000e+00,    2.19119e+01,    0.00000e+00,    0.00000e+00,    0.00000e+00,    1.94372e+00,    0.00000e+00,   -1.02017e+00,    0.00000e+00,        1.94229,               ,              3,             -1,       Disabled
  14/04/2026 13:13:49.727,    1.40294e+02,    2.09172e+00,    0.00000e+00,    6.65484e+03,    0.00000e+00,    4.40653e+02,    0.00000e+00,    2.10573e+00,    0.00000e+00,    7.65238e+02,    0.00000e+00,    1.89569e+01,    0.00000e+00,    2.19184e+01,    0.00000e+00,    0.00000e+00,    0.00000e+00,    1.94336e+00,    0.00000e+00,   -1.02017e+00,    0.00000e+00,        1.94192,               ,              3,             -1,       Disabled
  14/04/2026 13:13:50.582,    1.39861e+02,    2.09115e+00,    0.00000e+00,    6.57955e+03,    0.00000e+00,    4.41690e+02,    0.00000e+00,    2.10500e+00,    0.00000e+00,    7.65247e+02,    0.00000e+00,    1.89842e+01,    0.00000e+00,    2.19237e+01,    0.00000e+00,    0.00000e+00,    0.00000e+00,    1.94404e+00,    0.00000e+00,   -1.02057e+00,    0.00000e+00,         1.9426,               ,              3,             -1,       Disabled
  14/04/2026 13:13:51.437,    1.40629e+02,    2.08975e+00,    0.00000e+00,    6.62789e+03,    0.00000e+00,    4.41700e+02,    0.00000e+00,    2.10369e+00,    0.00000e+00,    7.65278e+02,    0.00000e+00,    1.89851e+01,    0.00000e+00,    2.19280e+01,    0.00000e+00,    0.00000e+00,    0.00000e+00,    1.94442e+00,    0.00000e+00,   -1.02057e+00,    0.00000e+00,        1.94299,               ,              3,             -1,       Disabled
  14/04/2026 13:13:52.290,    1.40162e+02,    2.09074e+00,    0.00000e+00,    6.65572e+03,    0.00000e+00,    4.44348e+02,    0.00000e+00,    2.10475e+00,    0.00000e+00,    7.65301e+02,    0.00000e+00,    1.89614e+01,    0.00000e+00,    2.19348e+01,    0.00000e+00,    0.00000e+00,    0.00000e+00,    1.94424e+00,    0.00000e+00,   -1.02094e+00,    0.00000e+00,        1.94279,               ,              3,             -1,       Disabled
  14/04/2026 13:13:53.144,    1.40302e+02,    2.09049e+00,    0.00000e+00,    6.63164e+03,    0.00000e+00,    4.43560e+02,    0.00000e+00,    2.10444e+00,    0.00000e+00,    7.65285e+02,    0.00000e+00,    1.89876e+01,    0.00000e+00,    2.19439e+01,    0.00000e+00,    0.00000e+00,    0.00000e+00,    1.94424e+00,    0.00000e+00,   -1.02094e+00,    0.00000e+00,         1.9428,               ,              3,             -1,       Disabled
  14/04/2026 13:13:53.998,    1.40155e+02,    2.08890e+00,    0.00000e+00,    6.63209e+03,    0.00000e+00,    4.46057e+02,    0.00000e+00,    2.10285e+00,    0.00000e+00,    7.65240e+02,    0.00000e+00,    1.89888e+01,    0.00000e+00,    2.19512e+01,    0.00000e+00,    0.00000e+00,    0.00000e+00,    1.94391e+00,    0.00000e+00,   -1.02126e+00,    0.00000e+00,        1.94247,               ,              3,             -1,       Disabled
  14/04/2026 13:13:54.854,    1.39920e+02,    2.08832e+00,    0.00000e+00,    6.58027e+03,    0.00000e+00,    4.48046e+02,    0.00000e+00,    2.10215e+00,    0.00000e+00,    7.65287e+02,    0.00000e+00,    1.89641e+01,    0.00000e+00,    2.19577e+01,    0.00000e+00,    0.00000e+00,    0.00000e+00,    1.94445e+00,    0.00000e+00,   -1.02126e+00,    0.00000e+00,        1.94301,               ,              3,             -1,       Disabled
  14/04/2026 13:13:55.708,    1.39555e+02,    2.08861e+00,    0.00000e+00,    6.67081e+03,    0.00000e+00,    4.51556e+02,    0.00000e+00,    2.10264e+00,    0.00000e+00,    7.65214e+02,    0.00000e+00,    1.89906e+01,    0.00000e+00,    2.19629e+01,    0.00000e+00,    0.00000e+00,    0.00000e+00,    1.94452e+00,    0.00000e+00,   -1.02155e+00,    0.00000e+00,        1.94307,               ,              3,             -1,       Disabled
  14/04/2026 13:13:56.561,    1.39607e+02,    2.08996e+00,    0.00000e+00,    6.61263e+03,    0.00000e+00,    4.52644e+02,    0.00000e+00,    2.10387e+00,    0.00000e+00,    7.65241e+02,    0.00000e+00,    1.89929e+01,    0.00000e+00,    2.19725e+01,    0.00000e+00,    0.00000e+00,    0.00000e+00,    1.94481e+00,    0.00000e+00,   -1.02155e+00,    0.00000e+00,        1.94336,               ,              3,             -1,       Disabled
  14/04/2026 13:13:57.416,    1.40202e+02,    2.08882e+00,    0.00000e+00,    6.58600e+03,    0.00000e+00,    4.50184e+02,    0.00000e+00,    2.10267e+00,    0.00000e+00,    7.65276e+02,    0.00000e+00,    1.89677e+01,    0.00000e+00,    2.19800e+01,    0.00000e+00,    0.00000e+00,    0.00000e+00,    1.94416e+00,    0.00000e+00,   -1.02180e+00,    0.00000e+00,        1.94272,               ,              3,             -1,       Disabled
  14/04/2026 13:13:58.270,    1.40432e+02,    2.08857e+00,    0.00000e+00,    6.64348e+03,    0.00000e+00,    4.51565e+02,    0.00000e+00,    2.10253e+00,    0.00000e+00,    7.65328e+02,    0.00000e+00,    1.89991e+01,    0.00000e+00,    2.19860e+01,    0.00000e+00,    0.00000e+00,    0.00000e+00,    1.94459e+00,    0.00000e+00,   -1.02180e+00,    0.00000e+00,        1.94314,               ,              3,             -1,       Disabled
  14/04/2026 13:13:59.126,    1.40330e+02,    2.08770e+00,    0.00000e+00,    6.61206e+03,    0.00000e+00,    4.51126e+02,    0.00000e+00,    2.10159e+00,    0.00000e+00,    7.65330e+02,    0.00000e+00,    1.89977e+01,    0.00000e+00,    2.19929e+01,    0.00000e+00,    0.00000e+00,    0.00000e+00,    1.94524e+00,    0.00000e+00,   -1.02206e+00,    0.00000e+00,         1.9438,               ,              3,             -1,       Disabled
  14/04/2026 13:13:59.980,    1.39485e+02,    2.08719e+00,    0.00000e+00,    6.65354e+03,    0.00000e+00,    4.52448e+02,    0.00000e+00,    2.10117e+00,    0.00000e+00,    7.65249e+02,    0.00000e+00,    1.89714e+01,    0.00000e+00,    2.19991e+01,    0.00000e+00,    0.00000e+00,    0.00000e+00,    1.94617e+00,    0.00000e+00,   -1.02206e+00,    0.00000e+00,        1.94473,               ,              3,             -1,       Disabled
  14/04/2026 13:14:00.833,    1.40472e+02,    2.08784e+00,    0.00000e+00,    6.63952e+03,    0.00000e+00,    4.51883e+02,    0.00000e+00,    2.10180e+00,    0.00000e+00,    7.65219e+02,    0.00000e+00,    1.90041e+01,    0.00000e+00,    2.20050e+01,    0.00000e+00,    0.00000e+00,    0.00000e+00,    1.94542e+00,    0.00000e+00,   -1.02227e+00,    0.00000e+00,        1.94398,               ,              3,             -1,       Disabled
  14/04/2026 13:14:01.688,    1.39998e+02,    2.08610e+00,    0.00000e+00,    6.58589e+03,    0.00000e+00,    4.54123e+02,    0.00000e+00,    2.09993e+00,    0.00000e+00,    7.65304e+02,    0.00000e+00,    1.89997e+01,    0.00000e+00,    2.20125e+01,    0.00000e+00,    0.00000e+00,    0.00000e+00,    1.94615e+00,    0.00000e+00,   -1.02227e+00,    0.00000e+00,        1.94471,               ,              3,             -1,       Disabled
  14/04/2026 13:14:02.542,    1.39849e+02,    2.08515e+00,    0.00000e+00,    6.59820e+03,    0.00000e+00,    4.53418e+02,    0.00000e+00,    2.09900e+00,    0.00000e+00,    7.65291e+02,    0.00000e+00,    1.89884e+01,    0.00000e+00,    2.20198e+01,    0.00000e+00,    0.00000e+00,    0.00000e+00,    1.94678e+00,    0.00000e+00,   -1.02246e+00,    0.00000e+00,        1.94534,               ,              3,             -1,       Disabled
  14/04/2026 13:14:03.397,    1.39505e+02,    2.08622e+00,    0.00000e+00,    6.71394e+03,    0.00000e+00,    4.52694e+02,    0.00000e+00,    2.10032e+00,    0.00000e+00,    7.65245e+02,    0.00000e+00,    1.90231e+01,    0.00000e+00,    2.20257e+01,    0.00000e+00,    0.00000e+00,    0.00000e+00,    1.94645e+00,    0.00000e+00,   -1.02246e+00,    0.00000e+00,        1.94501,               ,              3,             -1,       Disabled
  14/04/2026 13:14:04.252,    1.40192e+02,    2.08646e+00,    0.00000e+00,    6.79035e+03,    0.00000e+00,    4.56128e+02,    0.00000e+00,    2.10072e+00,    0.00000e+00,    7.65274e+02,    0.00000e+00,    1.89983e+01,    0.00000e+00,    2.20324e+01,    0.00000e+00,    0.00000e+00,    0.00000e+00,    1.94643e+00,    0.00000e+00,   -1.02262e+00,    0.00000e+00,        1.94499,               ,              3,             -1,       Disabled
  14/04/2026 13:14:05.105,    1.40080e+02,    2.08416e+00,    0.00000e+00,    6.70715e+03,    0.00000e+00,    4.51327e+02,    0.00000e+00,    2.09824e+00,    0.00000e+00,    7.65275e+02,    0.00000e+00,    1.89792e+01,    0.00000e+00,    2.20402e+01,    0.00000e+00,    0.00000e+00,    0.00000e+00,    1.94681e+00,    0.00000e+00,   -1.02262e+00,    0.00000e+00,        1.94538,               ,              3,             -1,       Disabled
  14/04/2026 13:14:05.959,    1.40528e+02,    2.08432e+00,    0.00000e+00,    6.73958e+03,    0.00000e+00,    4.51213e+02,    0.00000e+00,    2.09846e+00,    0.00000e+00,    7.65278e+02,    0.00000e+00,    1.90044e+01,    0.00000e+00,    2.20461e+01,    0.00000e+00,    0.00000e+00,    0.00000e+00,    1.94663e+00,    0.00000e+00,   -1.02277e+00,    0.00000e+00,         1.9452,               ,              3,             -1,       Disabled
  14/04/2026 13:14:06.814,    1.39759e+02,    2.08517e+00,    0.00000e+00,    6.68742e+03,    0.00000e+00,    4.50830e+02,    0.00000e+00,    2.09921e+00,    0.00000e+00,    7.65260e+02,    0.00000e+00,    1.90064e+01,    0.00000e+00,    2.20534e+01,    0.00000e+00,    0.00000e+00,    0.00000e+00,    1.94669e+00,    0.00000e+00,   -1.02277e+00,    0.00000e+00,        1.94526,               ,              3,             -1,       Disabled
  14/04/2026 13:14:07.669,    1.40038e+02,    2.08484e+00,    0.00000e+00,    6.67396e+03,    0.00000e+00,    4.52340e+02,    0.00000e+00,    2.09884e+00,    0.00000e+00,    7.65280e+02,    0.00000e+00,    1.89845e+01,    0.00000e+00,    2.20615e+01,    0.00000e+00,    0.00000e+00,    0.00000e+00,    1.94631e+00,    0.00000e+00,   -1.02290e+00,    0.00000e+00,        1.94488,               ,              3,             -1,       Disabled
  14/04/2026 13:14:08.524,    1.40215e+02,    2.08619e+00,    0.00000e+00,    6.67899e+03,    0.00000e+00,    4.52215e+02,    0.00000e+00,    2.10022e+00,    0.00000e+00,    7.65267e+02,    0.00000e+00,    1.90081e+01,    0.00000e+00,    2.20675e+01,    0.00000e+00,    0.00000e+00,    0.00000e+00,    1.94657e+00,    0.00000e+00,   -1.02290e+00,    0.00000e+00,        1.94514,               ,              3,             -1,       Disabled
  14/04/2026 13:14:09.377,    1.40973e+02,    2.08660e+00,    0.00000e+00,    6.73373e+03,    0.00000e+00,    4.52186e+02,    0.00000e+00,    2.10074e+00,    0.00000e+00,    7.65302e+02,    0.00000e+00,    1.90117e+01,    0.00000e+00,    2.20750e+01,    0.00000e+00,    0.00000e+00,    0.00000e+00,    1.94556e+00,    0.00000e+00,   -1.02303e+00,    0.00000e+00,        1.94413,               ,              3,             -1,       Disabled
  14/04/2026 13:14:10.231,    1.40883e+02,    2.08514e+00,    0.00000e+00,    6.67038e+03,    0.00000e+00,    4.52327e+02,    0.00000e+00,    2.09914e+00,    0.00000e+00,    7.65230e+02,    0.00000e+00,    1.89860e+01,    0.00000e+00,    2.20820e+01,    0.00000e+00,    0.00000e+00,    0.00000e+00,    1.94603e+00,    0.00000e+00,   -1.02303e+00,    0.00000e+00,         1.9446,               ,              3,             -1,       Disabled
  14/04/2026 13:14:11.085,    1.39830e+02,    2.08562e+00,    0.00000e+00,    6.64766e+03,    0.00000e+00,    4.52473e+02,    0.00000e+00,    2.09957e+00,    0.00000e+00,    7.65188e+02,    0.00000e+00,    1.90099e+01,    0.00000e+00,    2.20884e+01,    0.00000e+00,    0.00000e+00,    0.00000e+00,    1.94612e+00,    0.00000e+00,   -1.02315e+00,    0.00000e+00,        1.94469,               ,              3,             -1,       Disabled
  14/04/2026 13:14:11.941,    1.41028e+02,    2.08604e+00,    0.00000e+00,    6.69072e+03,    0.00000e+00,    4.54032e+02,    0.00000e+00,    2.10009e+00,    0.00000e+00,    7.65229e+02,    0.00000e+00,    1.90111e+01,    0.00000e+00,    2.20967e+01,    0.00000e+00,    0.00000e+00,    0.00000e+00,    1.94720e+00,    0.00000e+00,   -1.02315e+00,    0.00000e+00,        1.94576,               ,              3,             -1,       Disabled
  14/04/2026 13:14:12.795,    1.40182e+02,    2.08508e+00,    0.00000e+00,    6.71831e+03,    0.00000e+00,    4.52380e+02,    0.00000e+00,    2.09919e+00,    0.00000e+00,    7.65276e+02,    0.00000e+00,    1.89892e+01,    0.00000e+00,    2.21025e+01,    0.00000e+00,    0.00000e+00,    0.00000e+00,    1.94722e+00,    0.00000e+00,   -1.02324e+00,    0.00000e+00,        1.94579,               ,              3,             -1,       Disabled
  14/04/2026 13:14:13.648,    1.39710e+02,    2.08576e+00,    0.00000e+00,    6.70952e+03,    0.00000e+00,    4.52260e+02,    0.00000e+00,    2.09985e+00,    0.00000e+00,    7.65269e+02,    0.00000e+00,    1.90128e+01,    0.00000e+00,    2.21094e+01,    0.00000e+00,    0.00000e+00,    0.00000e+00,    1.94660e+00,    0.00000e+00,   -1.02324e+00,    0.00000e+00,        1.94518,               ,              3,             -1,       Disabled
  14/04/2026 13:14:14.503,    1.40441e+02,    2.08538e+00,    0.00000e+00,    6.67072e+03,    0.00000e+00,    4.53547e+02,    0.00000e+00,    2.09938e+00,    0.00000e+00,    7.65257e+02,    0.00000e+00,    1.90131e+01,    0.00000e+00,    2.21146e+01,    0.00000e+00,    0.00000e+00,    0.00000e+00,    1.94684e+00,    0.00000e+00,   -1.02333e+00,    0.00000e+00,        1.94541,               ,              3,             -1,       Disabled
  14/04/2026 13:14:15.357,    1.40454e+02,    2.08525e+00,    0.00000e+00,    6.66511e+03,    0.00000e+00,    4.55452e+02,    0.00000e+00,    2.09925e+00,    0.00000e+00,    7.65267e+02,    0.00000e+00,    1.90113e+01,    0.00000e+00,    2.21214e+01,    0.00000e+00,    0.00000e+00,    0.00000e+00,    1.94648e+00,    0.00000e+00,   -1.02333e+00,    0.00000e+00,        1.94505,               ,              3,             -1,       Disabled
  14/04/2026 13:14:16.213,    1.39867e+02,    2.08551e+00,    0.00000e+00,    6.70293e+03,    0.00000e+00,    4.55366e+02,    0.00000e+00,    2.09958e+00,    0.00000e+00,    7.65277e+02,    0.00000e+00,    1.90140e+01,    0.00000e+00,    2.21271e+01,    0.00000e+00,    0.00000e+00,    0.00000e+00,    1.94741e+00,    0.00000e+00,   -1.02341e+00,    0.00000e+00,        1.94597,               ,              3,             -1,       Disabled
  14/04/2026 13:14:17.067,    1.40164e+02,    2.08559e+00,    0.00000e+00,    6.67391e+03,    0.00000e+00,    4.52650e+02,    0.00000e+00,    2.09960e+00,    0.00000e+00,    7.65274e+02,    0.00000e+00,    1.90155e+01,    0.00000e+00,    2.21373e+01,    0.00000e+00,    0.00000e+00,    0.00000e+00,    1.94634e+00,    0.00000e+00,   -1.02341e+00,    0.00000e+00,        1.94492,               ,              3,             -1,       Disabled
  14/04/2026 13:14:17.920,    1.40490e+02,    2.08519e+00,    0.00000e+00,    6.68581e+03,    0.00000e+00,    4.52122e+02,    0.00000e+00,    2.09922e+00,    0.00000e+00,    7.65251e+02,    0.00000e+00,    1.89955e+01,    0.00000e+00,    2.21437e+01,    0.00000e+00,    0.00000e+00,    0.00000e+00,    1.94702e+00,    0.00000e+00,   -1.02347e+00,    0.00000e+00,         1.9456,               ,              3,             -1,       Disabled
  14/04/2026 13:14:18.774,    1.40205e+02,    2.08659e+00,    0.00000e+00,    6.74530e+03,    0.00000e+00,    4.53250e+02,    0.00000e+00,    2.10076e+00,    0.00000e+00,    7.65273e+02,    0.00000e+00,    1.90659e+01,    0.00000e+00,    2.21507e+01,    0.00000e+00,    0.00000e+00,    0.00000e+00,    1.94651e+00,    0.00000e+00,   -1.02347e+00,    0.00000e+00,        1.94509,               ,              3,             -1,       Disabled
  14/04/2026 13:14:19.629,    1.39386e+02,    2.08652e+00,    0.00000e+00,    6.80783e+03,    0.00000e+00,    4.57428e+02,    0.00000e+00,    2.10082e+00,    0.00000e+00,    7.65259e+02,    0.00000e+00,    1.89985e+01,    0.00000e+00,    2.21581e+01,    0.00000e+00,    0.00000e+00,    0.00000e+00,    1.94626e+00,    0.00000e+00,   -1.02353e+00,    0.00000e+00,        1.94483,               ,              3,             -1,       Disabled
  14/04/2026 13:14:20.484,    1.40167e+02,    2.08584e+00,    0.00000e+00,    6.70371e+03,    0.00000e+00,    4.54938e+02,    0.00000e+00,    2.09992e+00,    0.00000e+00,    7.65317e+02,    0.00000e+00,    1.90101e+01,    0.00000e+00,    2.21665e+01,    0.00000e+00,    0.00000e+00,    0.00000e+00,    1.94636e+00,    0.00000e+00,   -1.02353e+00,    0.00000e+00,        1.94493,               ,              3,             -1,       Disabled
  14/04/2026 13:14:21.339,    1.40257e+02,    2.08673e+00,    0.00000e+00,    6.78926e+03,    0.00000e+00,    4.55847e+02,    0.00000e+00,    2.10100e+00,    0.00000e+00,    7.65255e+02,    0.00000e+00,    1.90146e+01,    0.00000e+00,    2.21715e+01,    0.00000e+00,    0.00000e+00,    0.00000e+00,    1.94544e+00,    0.00000e+00,   -1.02358e+00,    0.00000e+00,        1.94401,               ,              3,             -1,       Disabled
  14/04/2026 13:14:22.192,    1.40209e+02,    2.08541e+00,    0.00000e+00,    6.78576e+03,    0.00000e+00,    4.57979e+02,    0.00000e+00,    2.09966e+00,    0.00000e+00,    7.65262e+02,    0.00000e+00,    1.90114e+01,    0.00000e+00,    2.21801e+01,    0.00000e+00,    0.00000e+00,    0.00000e+00,    1.94581e+00,    0.00000e+00,   -1.02358e+00,    0.00000e+00,        1.94437,               ,              3,             -1,       Disabled
  14/04/2026 13:14:23.046,    1.39982e+02,    2.08886e+00,    0.00000e+00,    6.79436e+03,    0.00000e+00,    4.57378e+02,    0.00000e+00,    2.10315e+00,    0.00000e+00,    7.65314e+02,    0.00000e+00,    1.90000e+01,    0.00000e+00,    2.21865e+01,    0.00000e+00,    0.00000e+00,    0.00000e+00,    1.94491e+00,    0.00000e+00,   -1.02364e+00,    0.00000e+00,        1.94348,               ,              3,             -1,       Disabled
  14/04/2026 13:14:23.901,    1.40172e+02,    2.08841e+00,    0.00000e+00,    6.73499e+03,    0.00000e+00,    4.55722e+02,    0.00000e+00,    2.10257e+00,    0.00000e+00,    7.65245e+02,    0.00000e+00,    1.90643e+01,    0.00000e+00,    2.21926e+01,    0.00000e+00,    0.00000e+00,    0.00000e+00,    1.94526e+00,    0.00000e+00,   -1.02364e+00,    0.00000e+00,        1.94383,               ,              3,             -1,       Disabled
  14/04/2026 13:14:24.756,    1.39483e+02,    2.08674e+00,    0.00000e+00,    6.81478e+03,    0.00000e+00,    4.56030e+02,    0.00000e+00,    2.10106e+00,    0.00000e+00,    7.65307e+02,    0.00000e+00,    1.90102e+01,    0.00000e+00,    2.22006e+01,    0.00000e+00,    0.00000e+00,    0.00000e+00,    1.94526e+00,    0.00000e+00,   -1.02369e+00,    0.00000e+00,        1.94383,               ,              3,             -1,       Disabled
  14/04/2026 13:14:25.610,    1.39911e+02,    2.08843e+00,    0.00000e+00,    6.76191e+03,    0.00000e+00,    4.58365e+02,    0.00000e+00,    2.10265e+00,    0.00000e+00,    7.65327e+02,    0.00000e+00,    1.90009e+01,    0.00000e+00,    2.22066e+01,    0.00000e+00,    0.00000e+00,    0.00000e+00,    1.94458e+00,    0.00000e+00,   -1.02369e+00,    0.00000e+00,        1.94315,               ,              3,             -1,       Disabled
  14/04/2026 13:14:26.464,    1.40126e+02,    2.08798e+00,    0.00000e+00,    6.74605e+03,    0.00000e+00,    4.56741e+02,    0.00000e+00,    2.10216e+00,    0.00000e+00,    7.65311e+02,    0.00000e+00,    1.90090e+01,    0.00000e+00,    2.22125e+01,    0.00000e+00,    0.00000e+00,    0.00000e+00,    1.94484e+00,    0.00000e+00,   -1.02369e+00,    0.00000e+00,        1.94341,               ,              3,             -1,       Disabled
  14/04/2026 13:14:27.318,    1.40046e+02,    2.08701e+00,    0.00000e+00,    6.74717e+03,    0.00000e+00,    4.57919e+02,    0.00000e+00,    2.10119e+00,    0.00000e+00,    7.65298e+02,    0.00000e+00,    1.90065e+01,    0.00000e+00,    2.22184e+01,    0.00000e+00,    0.00000e+00,    0.00000e+00,    1.94565e+00,    0.00000e+00,   -1.02369e+00,    0.00000e+00,        1.94423,               ,              3,             -1,       Disabled
  14/04/2026 13:14:28.172,    1.40258e+02,    2.08656e+00,    0.00000e+00,    6.77372e+03,    0.00000e+00,    4.58544e+02,    0.00000e+00,    2.10079e+00,    0.00000e+00,    7.65309e+02,    0.00000e+00,    1.90020e+01,    0.00000e+00,    2.22257e+01,    0.00000e+00,    0.00000e+00,    0.00000e+00,    1.94610e+00,    0.00000e+00,   -1.02369e+00,    0.00000e+00,        1.94467,               ,              3,             -1,       Disabled
  14/04/2026 13:14:29.028,    1.39445e+02,    2.08794e+00,    0.00000e+00,    6.78687e+03,    0.00000e+00,    4.55690e+02,    0.00000e+00,    2.10220e+00,    0.00000e+00,    7.65294e+02,    0.00000e+00,    1.90072e+01,    0.00000e+00,    2.22333e+01,    0.00000e+00,    0.00000e+00,    0.00000e+00,    1.94497e+00,    0.00000e+00,   -1.02369e+00,    0.00000e+00,        1.94355,               ,              3,             -1,       Disabled
  14/04/2026 13:14:29.882,    1.40384e+02,    2.08563e+00,    0.00000e+00,    6.80058e+03,    0.00000e+00,    4.56125e+02,    0.00000e+00,    2.09991e+00,    0.00000e+00,    7.65329e+02,    0.00000e+00,    1.90047e+01,    0.00000e+00,    2.22385e+01,    0.00000e+00,    0.00000e+00,    0.00000e+00,    1.94686e+00,    0.00000e+00,   -1.02369e+00,    0.00000e+00,        1.94543,               ,              3,             -1,       Disabled
  14/04/2026 13:14:30.735,    1.40672e+02,    2.08545e+00,    0.00000e+00,    6.79870e+03,    0.00000e+00,    4.53648e+02,    0.00000e+00,    2.09972e+00,    0.00000e+00,    7.65302e+02,    0.00000e+00,    1.90043e+01,    0.00000e+00,    2.22447e+01,    0.00000e+00,    0.00000e+00,    0.00000e+00,    1.94609e+00,    0.00000e+00,   -1.02369e+00,    0.00000e+00,        1.94467,               ,              3,             -1,       Disabled
  14/04/2026 13:14:31.590,    1.40217e+02,    2.08587e+00,    0.00000e+00,    6.76388e+03,    0.00000e+00,    4.55847e+02,    0.00000e+00,    2.10008e+00,    0.00000e+00,    7.65295e+02,    0.00000e+00,    1.90068e+01,    0.00000e+00,    2.22514e+01,    0.00000e+00,    0.00000e+00,    0.00000e+00,    1.94683e+00,    0.00000e+00,   -1.02369e+00,    0.00000e+00,        1.94541,               ,              3,             -1,       Disabled
  14/04/2026 13:14:32.444,    1.40345e+02,    2.08575e+00,    0.00000e+00,    6.74229e+03,    0.00000e+00,    4.55214e+02,    0.00000e+00,    2.09991e+00,    0.00000e+00,    7.65262e+02,    0.00000e+00,    1.90312e+01,    0.00000e+00,    2.22610e+01,    0.00000e+00,    0.00000e+00,    0.00000e+00,    1.94761e+00,    0.00000e+00,   -1.02369e+00,    0.00000e+00,        1.94618,               ,              3,             -1,       Disabled
  14/04/2026 13:14:33.300,    1.40292e+02,    2.08536e+00,    0.00000e+00,    6.74116e+03,    0.00000e+00,    4.58256e+02,    0.00000e+00,    2.09951e+00,    0.00000e+00,    7.65283e+02,    0.00000e+00,    1.90084e+01,    0.00000e+00,    2.22664e+01,    0.00000e+00,    0.00000e+00,    0.00000e+00,    1.94716e+00,    0.00000e+00,   -1.02369e+00,    0.00000e+00,        1.94573,               ,              3,             -1,       Disabled
  14/04/2026 13:14:34.154,    1.40081e+02,    2.08494e+00,    0.00000e+00,    6.71744e+03,    0.00000e+00,    4.57078e+02,    0.00000e+00,    2.09904e+00,    0.00000e+00,    7.65308e+02,    0.00000e+00,    1.90111e+01,    0.00000e+00,    2.22735e+01,    0.00000e+00,    0.00000e+00,    0.00000e+00,    1.94794e+00,    0.00000e+00,   -1.02369e+00,    0.00000e+00,        1.94651,               ,              3,             -1,       Disabled
  14/04/2026 13:14:35.007,    1.39173e+02,    2.08493e+00,    0.00000e+00,    6.75440e+03,    0.00000e+00,    4.58332e+02,    0.00000e+00,    2.09911e+00,    0.00000e+00,    7.65310e+02,    0.00000e+00,    1.90104e+01,    0.00000e+00,    2.22815e+01,    0.00000e+00,    0.00000e+00,    0.00000e+00,    1.94724e+00,    0.00000e+00,   -1.02369e+00,    0.00000e+00,        1.94581,               ,              3,             -1,       Disabled
  14/04/2026 13:14:35.861,    1.40436e+02,    2.08507e+00,    0.00000e+00,    6.66577e+03,    0.00000e+00,    4.56025e+02,    0.00000e+00,    2.09906e+00,    0.00000e+00,    7.65266e+02,    0.00000e+00,    1.90142e+01,    0.00000e+00,    2.22899e+01,    0.00000e+00,    0.00000e+00,    0.00000e+00,    1.94699e+00,    0.00000e+00,   -1.02369e+00,    0.00000e+00,        1.94556,               ,              3,             -1,       Disabled
  14/04/2026 13:14:36.716,    1.39618e+02,    2.08546e+00,    0.00000e+00,    6.72030e+03,    0.00000e+00,    4.55873e+02,    0.00000e+00,    2.09957e+00,    0.00000e+00,    7.65315e+02,    0.00000e+00,    1.90164e+01,    0.00000e+00,    2.22960e+01,    0.00000e+00,    0.00000e+00,    0.00000e+00,    1.94671e+00,    0.00000e+00,   -1.02369e+00,    0.00000e+00,        1.94528,               ,              3,             -1,       Disabled
  14/04/2026 13:14:37.572,    1.40552e+02,    2.08502e+00,    0.00000e+00,    6.70456e+03,    0.00000e+00,    4.60743e+02,    0.00000e+00,    2.09909e+00,    0.00000e+00,    7.65316e+02,    0.00000e+00,    1.90156e+01,    0.00000e+00,    2.23013e+01,    0.00000e+00,    0.00000e+00,    0.00000e+00,    1.94662e+00,    0.00000e+00,   -1.02369e+00,    0.00000e+00,        1.94519,               ,              3,             -1,       Disabled
  14/04/2026 13:14:38.426,    1.40057e+02,    2.08582e+00,    0.00000e+00,    6.73054e+03,    0.00000e+00,    4.58679e+02,    0.00000e+00,    2.09996e+00,    0.00000e+00,    7.65270e+02,    0.00000e+00,    1.90208e+01,    0.00000e+00,    2.23058e+01,    0.00000e+00,    0.00000e+00,    0.00000e+00,    1.94604e+00,    0.00000e+00,   -1.02369e+00,    0.00000e+00,        1.94461,               ,              3,             -1,       Disabled
  14/04/2026 13:14:39.286,    1.39785e+02,    2.08458e+00,    0.00000e+00,    6.76247e+03,    0.00000e+00,    4.57819e+02,    0.00000e+00,    2.09877e+00,    0.00000e+00,    7.65259e+02,    0.00000e+00,    1.90233e+01,    0.00000e+00,    2.23121e+01,    0.00000e+00,    0.00000e+00,    0.00000e+00,    1.94625e+00,    0.00000e+00,   -1.02369e+00,    0.00000e+00,        1.94482,               ,              3,             -1,       Disabled
  14/04/2026 13:14:40.140,    1.39932e+02,    2.08424e+00,    0.00000e+00,    6.74377e+03,    0.00000e+00,    4.56293e+02,    0.00000e+00,    2.09839e+00,    0.00000e+00,    7.65320e+02,    0.00000e+00,    1.90342e+01,    0.00000e+00,    2.23182e+01,    0.00000e+00,    0.00000e+00,    0.00000e+00,    1.94617e+00,    0.00000e+00,   -1.02369e+00,    0.00000e+00,        1.94474,               ,              3,             -1,       Disabled
  14/04/2026 13:14:40.994,    1.39636e+02,    2.08631e+00,    0.00000e+00,    6.78913e+03,    0.00000e+00,    4.56292e+02,    0.00000e+00,    2.10057e+00,    0.00000e+00,    7.65306e+02,    0.00000e+00,    1.90284e+01,    0.00000e+00,    2.23239e+01,    0.00000e+00,    0.00000e+00,    0.00000e+00,    1.94657e+00,    0.00000e+00,   -1.02369e+00,    0.00000e+00,        1.94514,               ,              3,             -1,       Disabled
  14/04/2026 13:14:41.849,    1.40062e+02,    2.08491e+00,    0.00000e+00,    6.74555e+03,    0.00000e+00,    4.57026e+02,    0.00000e+00,    2.09907e+00,    0.00000e+00,    7.65321e+02,    0.00000e+00,    1.90316e+01,    0.00000e+00,    2.23292e+01,    0.00000e+00,    0.00000e+00,    0.00000e+00,    1.94657e+00,    0.00000e+00,   -1.02369e+00,    0.00000e+00,        1.94514,               ,              3,             -1,       Disabled
  14/04/2026 13:14:42.704,    1.40281e+02,    2.08593e+00,    0.00000e+00,    6.81055e+03,    0.00000e+00,    4.58487e+02,    0.00000e+00,    2.10024e+00,    0.00000e+00,    7.65319e+02,    0.00000e+00,    1.90285e+01,    0.00000e+00,    2.23347e+01,    0.00000e+00,    0.00000e+00,    0.00000e+00,    1.94584e+00,    0.00000e+00,   -1.02369e+00,    0.00000e+00,        1.94441,               ,              3,             -1,       Disabled
  14/04/2026 13:14:43.558,    1.39444e+02,    2.08494e+00,    0.00000e+00,    6.80955e+03,    0.00000e+00,    4.58617e+02,    0.00000e+00,    2.09923e+00,    0.00000e+00,    7.65300e+02,    0.00000e+00,    1.90364e+01,    0.00000e+00,    2.23415e+01,    0.00000e+00,    0.00000e+00,    0.00000e+00,    1.94546e+00,    0.00000e+00,   -1.02369e+00,    0.00000e+00,        1.94403,               ,              3,             -1,       Disabled
  14/04/2026 13:14:44.411,    1.40352e+02,    2.08611e+00,    0.00000e+00,    6.74346e+03,    0.00000e+00,    4.60811e+02,    0.00000e+00,    2.10028e+00,    0.00000e+00,    7.65272e+02,    0.00000e+00,    1.90397e+01,    0.00000e+00,    2.23475e+01,    0.00000e+00,    0.00000e+00,    0.00000e+00,    1.94524e+00,    0.00000e+00,   -1.02369e+00,    0.00000e+00,        1.94381,               ,              3,             -1,       Disabled
  14/04/2026 13:14:45.266,    1.40081e+02,    2.08529e+00,    0.00000e+00,    6.72864e+03,    0.00000e+00,    4.56636e+02,    0.00000e+00,    2.09942e+00,    0.00000e+00,    7.65296e+02,    0.00000e+00,    1.90355e+01,    0.00000e+00,    2.23532e+01,    0.00000e+00,    0.00000e+00,    0.00000e+00,    1.94490e+00,    0.00000e+00,   -1.02369e+00,    0.00000e+00,        1.94347,               ,              3,             -1,       Disabled
  14/04/2026 13:14:46.120,    1.40613e+02,    2.08686e+00,    0.00000e+00,    6.82087e+03,    0.00000e+00,    4.59804e+02,    0.00000e+00,    2.10119e+00,    0.00000e+00,    7.65340e+02,    0.00000e+00,    1.90461e+01,    0.00000e+00,    2.23637e+01,    0.00000e+00,    0.00000e+00,    0.00000e+00,    1.94465e+00,    0.00000e+00,   -1.02369e+00,    0.00000e+00,        1.94322,               ,              3,             -1,       Disabled
  14/04/2026 13:14:46.976,    1.39697e+02,    2.08572e+00,    0.00000e+00,    6.73476e+03,    0.00000e+00,    4.57408e+02,    0.00000e+00,    2.09986e+00,    0.00000e+00,    7.65320e+02,    0.00000e+00,    1.90513e+01,    0.00000e+00,    2.23692e+01,    0.00000e+00,    0.00000e+00,    0.00000e+00,    1.94587e+00,    0.00000e+00,   -1.02369e+00,    0.00000e+00,        1.94445,               ,              3,             -1,       Disabled
  14/04/2026 13:14:47.829,    1.39753e+02,    2.08585e+00,    0.00000e+00,    6.75002e+03,    0.00000e+00,    4.55862e+02,    0.00000e+00,    2.10002e+00,    0.00000e+00,    7.65331e+02,    0.00000e+00,    1.90434e+01,    0.00000e+00,    2.23755e+01,    0.00000e+00,    0.00000e+00,    0.00000e+00,    1.94467e+00,    0.00000e+00,   -1.02369e+00,    0.00000e+00,        1.94325,               ,              3,             -1,       Disabled
  14/04/2026 13:14:48.683,    1.39810e+02,    2.08643e+00,    0.00000e+00,    6.81196e+03,    0.00000e+00,    4.59060e+02,    0.00000e+00,    2.10074e+00,    0.00000e+00,    7.65290e+02,    0.00000e+00,    1.90568e+01,    0.00000e+00,    2.23809e+01,    0.00000e+00,    0.00000e+00,    0.00000e+00,    1.94416e+00,    0.00000e+00,   -1.02369e+00,    0.00000e+00,        1.94273,               ,              3,             -1,       Disabled
  14/04/2026 13:14:49.537,    1.40730e+02,    2.08748e+00,    0.00000e+00,    6.84979e+03,    0.00000e+00,    4.61002e+02,    0.00000e+00,    2.10188e+00,    0.00000e+00,    7.65281e+02,    0.00000e+00,    1.90665e+01,    0.00000e+00,    2.23867e+01,    0.00000e+00,    0.00000e+00,    0.00000e+00,    1.94425e+00,    0.00000e+00,   -1.02369e+00,    0.00000e+00,        1.94282,               ,              3,             -1,       Disabled
  14/04/2026 13:14:50.392,    1.39868e+02,    2.08712e+00,    0.00000e+00,    6.83475e+03,    0.00000e+00,    4.61965e+02,    0.00000e+00,    2.10149e+00,    0.00000e+00,    7.65316e+02,    0.00000e+00,    1.90524e+01,    0.00000e+00,    2.23956e+01,    0.00000e+00,    0.00000e+00,    0.00000e+00,    1.94414e+00,    0.00000e+00,   -1.02369e+00,    0.00000e+00,        1.94271,               ,              3,             -1,       Disabled
  14/04/2026 13:14:51.247,    1.39627e+02,    2.08709e+00,    0.00000e+00,    6.84373e+03,    0.00000e+00,    4.61200e+02,    0.00000e+00,    2.10147e+00,    0.00000e+00,    7.65341e+02,    0.00000e+00,    1.90723e+01,    0.00000e+00,    2.24022e+01,    0.00000e+00,    0.00000e+00,    0.00000e+00,    1.94363e+00,    0.00000e+00,   -1.02369e+00,    0.00000e+00,         1.9422,               ,              3,             -1,       Disabled
  14/04/2026 13:14:52.101,    1.40204e+02,    2.08859e+00,    0.00000e+00,    6.80563e+03,    0.00000e+00,    4.62611e+02,    0.00000e+00,    2.10290e+00,    0.00000e+00,    7.65340e+02,    0.00000e+00,    1.90747e+01,    0.00000e+00,    2.24080e+01,    0.00000e+00,    0.00000e+00,    0.00000e+00,    1.94286e+00,    0.00000e+00,   -1.02369e+00,    0.00000e+00,        1.94143,               ,              3,             -1,       Disabled
  14/04/2026 13:14:52.955,    1.40367e+02,    2.08897e+00,    0.00000e+00,    6.85116e+03,    0.00000e+00,    4.66794e+02,    0.00000e+00,    2.10338e+00,    0.00000e+00,    7.65336e+02,    0.00000e+00,    1.90617e+01,    0.00000e+00,    2.24137e+01,    0.00000e+00,    0.00000e+00,    0.00000e+00,    1.94309e+00,    0.00000e+00,   -1.02369e+00,    0.00000e+00,        1.94166,               ,              3,             -1,       Disabled
  14/04/2026 13:14:53.809,    1.39607e+02,    2.08887e+00,    0.00000e+00,    6.82868e+03,    0.00000e+00,    4.64448e+02,    0.00000e+00,    2.10324e+00,    0.00000e+00,    7.65300e+02,    0.00000e+00,    1.90999e+01,    0.00000e+00,    2.24194e+01,    0.00000e+00,    0.00000e+00,    0.00000e+00,    1.94236e+00,    0.00000e+00,   -1.02369e+00,    0.00000e+00,        1.94093,               ,              3,             -1,       Disabled
  14/04/2026 13:14:54.664,    1.40922e+02,    2.08869e+00,    0.00000e+00,    6.80982e+03,    0.00000e+00,    4.61778e+02,    0.00000e+00,    2.10301e+00,    0.00000e+00,    7.65329e+02,    0.00000e+00,    1.90890e+01,    0.00000e+00,    2.24276e+01,    0.00000e+00,    0.00000e+00,    0.00000e+00,    1.94236e+00,    0.00000e+00,   -1.02369e+00,    0.00000e+00,        1.94093,               ,              3,             -1,       Disabled
  14/04/2026 13:14:55.519,    1.40526e+02,    2.08805e+00,    0.00000e+00,    6.82400e+03,    0.00000e+00,    4.63750e+02,    0.00000e+00,    2.10240e+00,    0.00000e+00,    7.65302e+02,    0.00000e+00,    1.90724e+01,    0.00000e+00,    2.24354e+01,    0.00000e+00,    0.00000e+00,    0.00000e+00,    1.94241e+00,    0.00000e+00,   -1.02369e+00,    0.00000e+00,        1.94098,               ,              3,             -1,       Disabled
  14/04/2026 13:14:56.373,    1.39797e+02,    2.09020e+00,    0.00000e+00,    6.87918e+03,    0.00000e+00,    4.60030e+02,    0.00000e+00,    2.10468e+00,    0.00000e+00,    7.65297e+02,    0.00000e+00,    1.90963e+01,    0.00000e+00,    2.24391e+01,    0.00000e+00,    0.00000e+00,    0.00000e+00,    1.94161e+00,    0.00000e+00,   -1.02369e+00,    0.00000e+00,        1.94018,               ,              3,             -1,       Disabled
  14/04/2026 13:14:57.227,    1.40161e+02,    2.09033e+00,    0.00000e+00,    6.92211e+03,    0.00000e+00,    4.60947e+02,    0.00000e+00,    2.10490e+00,    0.00000e+00,    7.65343e+02,    0.00000e+00,    1.91067e+01,    0.00000e+00,    2.24493e+01,    0.00000e+00,    0.00000e+00,    0.00000e+00,    1.94138e+00,    0.00000e+00,   -1.02369e+00,    0.00000e+00,        1.93995,               ,              3,             -1,       Disabled
  14/04/2026 13:14:58.081,    1.39992e+02,    2.08863e+00,    0.00000e+00,    6.88195e+03,    0.00000e+00,    4.61103e+02,    0.00000e+00,    2.10310e+00,    0.00000e+00,    7.65298e+02,    0.00000e+00,    1.90794e+01,    0.00000e+00,    2.24571e+01,    0.00000e+00,    0.00000e+00,    0.00000e+00,    1.94211e+00,    0.00000e+00,   -1.02369e+00,    0.00000e+00,        1.94069,               ,              3,             -1,       Disabled
  14/04/2026 13:14:58.936,    1.39863e+02,    2.09047e+00,    0.00000e+00,    6.91500e+03,    0.00000e+00,    4.60035e+02,    0.00000e+00,    2.10503e+00,    0.00000e+00,    7.65344e+02,    0.00000e+00,    1.91078e+01,    0.00000e+00,    2.24659e+01,    0.00000e+00,    0.00000e+00,    0.00000e+00,    1.94143e+00,    0.00000e+00,   -1.02369e+00,    0.00000e+00,        1.94001,               ,              3,             -1,       Disabled
  14/04/2026 13:14:59.791,    1.39889e+02,    2.08854e+00,    0.00000e+00,    6.82624e+03,    0.00000e+00,    4.59866e+02,    0.00000e+00,    2.10290e+00,    0.00000e+00,    7.65338e+02,    0.00000e+00,    1.91117e+01,    0.00000e+00,    2.24735e+01,    0.00000e+00,    0.00000e+00,    0.00000e+00,    1.94210e+00,    0.00000e+00,   -1.02369e+00,    0.00000e+00,        1.94068,               ,              3,             -1,       Disabled
  14/04/2026 13:15:00.644,    1.40119e+02,    2.08971e+00,    0.00000e+00,    6.85449e+03,    0.00000e+00,    4.61299e+02,    0.00000e+00,    2.10413e+00,    0.00000e+00,    7.65316e+02,    0.00000e+00,    1.90859e+01,    0.00000e+00,    2.24779e+01,    0.00000e+00,    0.00000e+00,    0.00000e+00,    1.94090e+00,    0.00000e+00,   -1.02369e+00,    0.00000e+00,        1.93948,               ,              3,             -1,       Disabled
  14/04/2026 13:15:01.498,    1.40349e+02,    2.09100e+00,    0.00000e+00,    6.92055e+03,    0.00000e+00,    4.58904e+02,    0.00000e+00,    2.10557e+00,    0.00000e+00,    7.65327e+02,    0.00000e+00,    1.91141e+01,    0.00000e+00,    2.24847e+01,    0.00000e+00,    0.00000e+00,    0.00000e+00,    1.94169e+00,    0.00000e+00,   -1.02369e+00,    0.00000e+00,        1.94027,               ,              3,             -1,       Disabled
  14/04/2026 13:15:02.353,    1.39704e+02,    2.08865e+00,    0.00000e+00,    6.91802e+03,    0.00000e+00,    4.57814e+02,    0.00000e+00,    2.10320e+00,    0.00000e+00,    7.65323e+02,    0.00000e+00,    1.91153e+01,    0.00000e+00,    2.24915e+01,    0.00000e+00,    0.00000e+00,    0.00000e+00,    1.94046e+00,    0.00000e+00,   -1.02369e+00,    0.00000e+00,        1.93904,               ,              3,             -1,       Disabled
  14/04/2026 13:15:03.208,    1.40273e+02,    2.09087e+00,    0.00000e+00,    7.02295e+03,    0.00000e+00,    4.59916e+02,    0.00000e+00,    2.10565e+00,    0.00000e+00,    7.65311e+02,    0.00000e+00,    1.90911e+01,    0.00000e+00,    2.24999e+01,    0.00000e+00,    0.00000e+00,    0.00000e+00,    1.94055e+00,    0.00000e+00,   -1.02369e+00,    0.00000e+00,        1.93912,               ,              3,             -1,       Disabled
  14/04/2026 13:15:04.063,    1.39637e+02,    2.09007e+00,    0.00000e+00,    6.99131e+03,    0.00000e+00,    4.57210e+02,    0.00000e+00,    2.10479e+00,    0.00000e+00,    7.65352e+02,    0.00000e+00,    1.91229e+01,    0.00000e+00,    2.25060e+01,    0.00000e+00,    0.00000e+00,    0.00000e+00,    1.94077e+00,    0.00000e+00,   -1.02369e+00,    0.00000e+00,        1.93936,               ,              3,             -1,       Disabled
  14/04/2026 13:15:04.924,    1.39683e+02,    2.08922e+00,    0.00000e+00,    6.89957e+03,    0.00000e+00,    4.55714e+02,    0.00000e+00,    2.10374e+00,    0.00000e+00,    7.65328e+02,    0.00000e+00,    1.91200e+01,    0.00000e+00,    2.25129e+01,    0.00000e+00,    0.00000e+00,    0.00000e+00,    1.94016e+00,    0.00000e+00,   -1.02369e+00,    0.00000e+00,        1.93875,               ,              3,             -1,       Disabled
  14/04/2026 13:15:05.777,    1.40834e+02,    2.08868e+00,    0.00000e+00,    6.87589e+03,    0.00000e+00,    4.59215e+02,    0.00000e+00,    2.10314e+00,    0.00000e+00,    7.65344e+02,    0.00000e+00,    1.90969e+01,    0.00000e+00,    2.25203e+01,    0.00000e+00,    0.00000e+00,    0.00000e+00,    1.94078e+00,    0.00000e+00,   -1.02369e+00,    0.00000e+00,        1.93937,               ,              3,             -1,       Disabled
  14/04/2026 13:15:06.631,    1.40238e+02,    2.08948e+00,    0.00000e+00,    6.85846e+03,    0.00000e+00,    4.59241e+02,    0.00000e+00,    2.10391e+00,    0.00000e+00,    7.65276e+02,    0.00000e+00,    1.91250e+01,    0.00000e+00,    2.25252e+01,    0.00000e+00,    0.00000e+00,    0.00000e+00,    1.94003e+00,    0.00000e+00,   -1.02369e+00,    0.00000e+00,        1.93861,               ,              3,             -1,       Disabled
  14/04/2026 13:15:07.486,    1.40041e+02,    2.08900e+00,    0.00000e+00,    6.85493e+03,    0.00000e+00,    4.55428e+02,    0.00000e+00,    2.10342e+00,    0.00000e+00,    7.65271e+02,    0.00000e+00,    1.91326e+01,    0.00000e+00,    2.25326e+01,    0.00000e+00,    0.00000e+00,    0.00000e+00,    1.93992e+00,    0.00000e+00,   -1.02369e+00,    0.00000e+00,        1.93851,               ,              3,             -1,       Disabled
  14/04/2026 13:15:08.341,    1.39621e+02,    2.08889e+00,    0.00000e+00,    6.88325e+03,    0.00000e+00,    4.57379e+02,    0.00000e+00,    2.10337e+00,    0.00000e+00,    7.65327e+02,    0.00000e+00,    1.91018e+01,    0.00000e+00,    2.25395e+01,    0.00000e+00,    0.00000e+00,    0.00000e+00,    1.94017e+00,    0.00000e+00,   -1.02369e+00,    0.00000e+00,        1.93875,               ,              3,             -1,       Disabled
  14/04/2026 13:15:09.196,    1.40000e+02,    2.08824e+00,    0.00000e+00,    6.84770e+03,    0.00000e+00,    4.57976e+02,    0.00000e+00,    2.10263e+00,    0.00000e+00,    7.65328e+02,    0.00000e+00,    1.91299e+01,    0.00000e+00,    2.25458e+01,    0.00000e+00,    0.00000e+00,    0.00000e+00,    1.94073e+00,    0.00000e+00,   -1.02369e+00,    0.00000e+00,        1.93932,               ,              3,             -1,       Disabled
  14/04/2026 13:15:10.048,    1.39890e+02,    2.08767e+00,    0.00000e+00,    6.95741e+03,    0.00000e+00,    4.57021e+02,    0.00000e+00,    2.10230e+00,    0.00000e+00,    7.65347e+02,    0.00000e+00,    1.91068e+01,    0.00000e+00,    2.25508e+01,    0.00000e+00,    0.00000e+00,    0.00000e+00,    1.93961e+00,    0.00000e+00,   -1.02369e+00,    0.00000e+00,        1.93819,               ,              3,             -1,       Disabled
  14/04/2026 13:15:10.903,    1.40433e+02,    2.08774e+00,    0.00000e+00,    7.00936e+03,    0.00000e+00,    4.54293e+02,    0.00000e+00,    2.10247e+00,    0.00000e+00,    7.65325e+02,    0.00000e+00,    1.91062e+01,    0.00000e+00,    2.25578e+01,    0.00000e+00,    0.00000e+00,    0.00000e+00,    1.93989e+00,    0.00000e+00,   -1.02369e+00,    0.00000e+00,        1.93849,               ,              3,             -1,       Disabled
  14/04/2026 13:15:11.757,    1.40546e+02,    2.08778e+00,    0.00000e+00,    7.04695e+03,    0.00000e+00,    4.55627e+02,    0.00000e+00,    2.10260e+00,    0.00000e+00,    7.65331e+02,    0.00000e+00,    1.91352e+01,    0.00000e+00,    2.25666e+01,    0.00000e+00,    0.00000e+00,    0.00000e+00,    1.94039e+00,    0.00000e+00,   -1.02369e+00,    0.00000e+00,        1.93898,               ,              3,             -1,       Disabled
  14/04/2026 13:15:12.613,    1.40254e+02,    2.08886e+00,    0.00000e+00,    6.97402e+03,    0.00000e+00,    4.56868e+02,    0.00000e+00,    2.10353e+00,    0.00000e+00,    7.65337e+02,    0.00000e+00,    1.91366e+01,    0.00000e+00,    2.25713e+01,    0.00000e+00,    0.00000e+00,    0.00000e+00,    1.94001e+00,    0.00000e+00,   -1.02369e+00,    0.00000e+00,         1.9386,               ,              3,             -1,       Disabled
  14/04/2026 13:15:13.467,    1.40605e+02,    2.09004e+00,    0.00000e+00,    7.01610e+03,    0.00000e+00,    4.58253e+02,    0.00000e+00,    2.10481e+00,    0.00000e+00,    7.65297e+02,    0.00000e+00,    1.91142e+01,    0.00000e+00,    2.25772e+01,    0.00000e+00,    0.00000e+00,    0.00000e+00,    1.93863e+00,    0.00000e+00,   -1.02369e+00,    0.00000e+00,        1.93722,               ,              3,             -1,       Disabled
  14/04/2026 13:15:14.320,    1.39934e+02,    2.08737e+00,    0.00000e+00,    6.94703e+03,    0.00000e+00,    4.54439e+02,    0.00000e+00,    2.10198e+00,    0.00000e+00,    7.65329e+02,    0.00000e+00,    1.91410e+01,    0.00000e+00,    2.25848e+01,    0.00000e+00,    0.00000e+00,    0.00000e+00,    1.93973e+00,    0.00000e+00,   -1.02369e+00,    0.00000e+00,        1.93833,               ,              3,             -1,       Disabled
  14/04/2026 13:15:15.175,    1.39421e+02,    2.08772e+00,    0.00000e+00,    6.93705e+03,    0.00000e+00,    4.56152e+02,    0.00000e+00,    2.10230e+00,    0.00000e+00,    7.65291e+02,    0.00000e+00,    1.91548e+01,    0.00000e+00,    2.25932e+01,    0.00000e+00,    0.00000e+00,    0.00000e+00,    1.93899e+00,    0.00000e+00,   -1.02369e+00,    0.00000e+00,        1.93759,               ,              3,             -1,       Disabled
  14/04/2026 13:15:16.029,    1.39794e+02,    2.08730e+00,    0.00000e+00,    6.93741e+03,    0.00000e+00,    4.55042e+02,    0.00000e+00,    2.10188e+00,    0.00000e+00,    7.65369e+02,    0.00000e+00,    1.91202e+01,    0.00000e+00,    2.25990e+01,    0.00000e+00,    0.00000e+00,    0.00000e+00,    1.93900e+00,    0.00000e+00,   -1.02369e+00,    0.00000e+00,        1.93759,               ,              3,             -1,       Disabled
  14/04/2026 13:15:16.884,    1.39550e+02,    2.08856e+00,    0.00000e+00,    7.00456e+03,    0.00000e+00,    4.57871e+02,    0.00000e+00,    2.10329e+00,    0.00000e+00,    7.65377e+02,    0.00000e+00,    1.91219e+01,    0.00000e+00,    2.26058e+01,    0.00000e+00,    0.00000e+00,    0.00000e+00,    1.93795e+00,    0.00000e+00,   -1.02369e+00,    0.00000e+00,        1.93654,               ,              3,             -1,       Disabled
  14/04/2026 13:15:17.739,    1.39555e+02,    2.08820e+00,    0.00000e+00,    6.97012e+03,    0.00000e+00,    4.53637e+02,    0.00000e+00,    2.10286e+00,    0.00000e+00,    7.65323e+02,    0.00000e+00,    1.91486e+01,    0.00000e+00,    2.26102e+01,    0.00000e+00,    0.00000e+00,    0.00000e+00,    1.93912e+00,    0.00000e+00,   -1.02369e+00,    0.00000e+00,        1.93771,               ,              3,             -1,       Disabled
  14/04/2026 13:15:18.592,    1.40361e+02,    2.08625e+00,    0.00000e+00,    6.98653e+03,    0.00000e+00,    4.58414e+02,    0.00000e+00,    2.10093e+00,    0.00000e+00,    7.65334e+02,    0.00000e+00,    1.91259e+01,    0.00000e+00,    2.26174e+01,    0.00000e+00,    0.00000e+00,    0.00000e+00,    1.94039e+00,    0.00000e+00,   -1.02369e+00,    0.00000e+00,        1.93898,               ,              3,             -1,       Disabled
  14/04/2026 13:15:19.446,    1.39648e+02,    2.08695e+00,    0.00000e+00,    6.91867e+03,    0.00000e+00,    4.53898e+02,    0.00000e+00,    2.10149e+00,    0.00000e+00,    7.65334e+02,    0.00000e+00,    1.92281e+01,    0.00000e+00,    2.26238e+01,    0.00000e+00,    0.00000e+00,    0.00000e+00,    1.94077e+00,    0.00000e+00,   -1.02369e+00,    0.00000e+00,        1.93936,               ,              3,             -1,       Disabled
  14/04/2026 13:15:20.301,    1.40186e+02,    2.08757e+00,    0.00000e+00,    6.92110e+03,    0.00000e+00,    4.54007e+02,    0.00000e+00,    2.10212e+00,    0.00000e+00,    7.65385e+02,    0.00000e+00,    1.91543e+01,    0.00000e+00,    2.26303e+01,    0.00000e+00,    0.00000e+00,    0.00000e+00,    1.94018e+00,    0.00000e+00,   -1.02369e+00,    0.00000e+00,        1.93877,               ,              3,             -1,       Disabled
  14/04/2026 13:15:21.156,    1.40599e+02,    2.08747e+00,    0.00000e+00,    6.91868e+03,    0.00000e+00,    4.56751e+02,    0.00000e+00,    2.10201e+00,    0.00000e+00,    7.65366e+02,    0.00000e+00,    1.91330e+01,    0.00000e+00,    2.26378e+01,    0.00000e+00,    0.00000e+00,    0.00000e+00,    1.94003e+00,    0.00000e+00,   -1.02364e+00,    0.00000e+00,        1.93862,               ,              3,             -1,       Disabled
  14/04/2026 13:15:22.010,    1.40451e+02,    2.08584e+00,    0.00000e+00,    6.90808e+03,    0.00000e+00,    4.57641e+02,    0.00000e+00,    2.10035e+00,    0.00000e+00,    7.65359e+02,    0.00000e+00,    1.91599e+01,    0.00000e+00,    2.26433e+01,    0.00000e+00,    0.00000e+00,    0.00000e+00,    1.94044e+00,    0.00000e+00,   -1.02364e+00,    0.00000e+00,        1.93902,               ,              3,             -1,       Disabled
  14/04/2026 13:15:22.864,    1.40843e+02,    2.08714e+00,    0.00000e+00,    6.93582e+03,    0.00000e+00,    4.56927e+02,    0.00000e+00,    2.10172e+00,    0.00000e+00,    7.65356e+02,    0.00000e+00,    1.91619e+01,    0.00000e+00,    2.26508e+01,    0.00000e+00,    0.00000e+00,    0.00000e+00,    1.94026e+00,    0.00000e+00,   -1.02364e+00,    0.00000e+00,        1.93885,               ,              3,             -1,       Disabled
  14/04/2026 13:15:23.718,    1.39887e+02,    2.08507e+00,    0.00000e+00,    6.87731e+03,    0.00000e+00,    4.51989e+02,    0.00000e+00,    2.09951e+00,    0.00000e+00,    7.65362e+02,    0.00000e+00,    1.91368e+01,    0.00000e+00,    2.26573e+01,    0.00000e+00,    0.00000e+00,    0.00000e+00,    1.94135e+00,    0.00000e+00,   -1.02364e+00,    0.00000e+00,        1.93994,               ,              3,             -1,       Disabled
  14/04/2026 13:15:24.572,    1.40538e+02,    2.08368e+00,    0.00000e+00,    6.88873e+03,    0.00000e+00,    4.52092e+02,    0.00000e+00,    2.09813e+00,    0.00000e+00,    7.65405e+02,    0.00000e+00,    1.91397e+01,    0.00000e+00,    2.26657e+01,    0.00000e+00,    0.00000e+00,    0.00000e+00,    1.94146e+00,    0.00000e+00,   -1.02364e+00,    0.00000e+00,        1.94005,               ,              3,             -1,       Disabled
  14/04/2026 13:15:25.428,    1.39940e+02,    2.08432e+00,    0.00000e+00,    6.88356e+03,    0.00000e+00,    4.54890e+02,    0.00000e+00,    2.09877e+00,    0.00000e+00,    7.65387e+02,    0.00000e+00,    1.91671e+01,    0.00000e+00,    2.26714e+01,    0.00000e+00,    0.00000e+00,    0.00000e+00,    1.94122e+00,    0.00000e+00,   -1.02364e+00,    0.00000e+00,        1.93981,               ,              3,             -1,       Disabled
  14/04/2026 13:15:26.282,    1.40364e+02,    2.08550e+00,    0.00000e+00,    6.94053e+03,    0.00000e+00,    4.56318e+02,    0.00000e+00,    2.10007e+00,    0.00000e+00,    7.65383e+02,    0.00000e+00,    1.91434e+01,    0.00000e+00,    2.26775e+01,    0.00000e+00,    0.00000e+00,    0.00000e+00,    1.94082e+00,    0.00000e+00,   -1.02364e+00,    0.00000e+00,        1.93941,               ,              3,             -1,       Disabled
  14/04/2026 13:15:27.135,    1.41342e+02,    2.08647e+00,    0.00000e+00,    7.01013e+03,    0.00000e+00,    4.53313e+02,    0.00000e+00,    2.10120e+00,    0.00000e+00,    7.65364e+02,    0.00000e+00,    1.91707e+01,    0.00000e+00,    2.26833e+01,    0.00000e+00,    0.00000e+00,    0.00000e+00,    1.93973e+00,    0.00000e+00,   -1.02364e+00,    0.00000e+00,        1.93833,               ,              3,             -1,       Disabled
  14/04/2026 13:15:27.990,    1.40040e+02,    2.08647e+00,    0.00000e+00,    6.91514e+03,    0.00000e+00,    4.56147e+02,    0.00000e+00,    2.10100e+00,    0.00000e+00,    7.65370e+02,    0.00000e+00,    1.91730e+01,    0.00000e+00,    2.26884e+01,    0.00000e+00,    0.00000e+00,    0.00000e+00,    1.93981e+00,    0.00000e+00,   -1.02364e+00,    0.00000e+00,         1.9384,               ,              3,             -1,       Disabled
  14/04/2026 13:15:28.844,    1.39884e+02,    2.08482e+00,    0.00000e+00,    6.97870e+03,    0.00000e+00,    4.53414e+02,    0.00000e+00,    2.09948e+00,    0.00000e+00,    7.65391e+02,    0.00000e+00,    1.91498e+01,    0.00000e+00,    2.26943e+01,    0.00000e+00,    0.00000e+00,    0.00000e+00,    1.94019e+00,    0.00000e+00,   -1.02364e+00,    0.00000e+00,        1.93879,               ,              3,             -1,       Disabled
  14/04/2026 13:15:29.700,    1.39682e+02,    2.08544e+00,    0.00000e+00,    7.05644e+03,    0.00000e+00,    4.54225e+02,    0.00000e+00,    2.10026e+00,    0.00000e+00,    7.65392e+02,    0.00000e+00,    1.91523e+01,    0.00000e+00,    2.27021e+01,    0.00000e+00,    0.00000e+00,    0.00000e+00,    1.94027e+00,    0.00000e+00,   -1.02364e+00,    0.00000e+00,        1.93886,               ,              3,             -1,       Disabled
  14/04/2026 13:15:30.554,    1.39826e+02,    2.08539e+00,    0.00000e+00,    7.00998e+03,    0.00000e+00,    4.51360e+02,    0.00000e+00,    2.10011e+00,    0.00000e+00,    7.65356e+02,    0.00000e+00,    1.91793e+01,    0.00000e+00,    2.27069e+01,    0.00000e+00,    0.00000e+00,    0.00000e+00,    1.93980e+00,    0.00000e+00,   -1.02364e+00,    0.00000e+00,         1.9384,               ,              3,             -1,       Disabled
  14/04/2026 13:15:31.407,    1.41428e+02,    2.08561e+00,    0.00000e+00,    6.96941e+03,    0.00000e+00,    4.54026e+02,    0.00000e+00,    2.10024e+00,    0.00000e+00,    7.65391e+02,    0.00000e+00,    1.91559e+01,    0.00000e+00,    2.27130e+01,    0.00000e+00,    0.00000e+00,    0.00000e+00,    1.93970e+00,    0.00000e+00,   -1.02364e+00,    0.00000e+00,        1.93829,               ,              3,             -1,       Disabled
  14/04/2026 13:15:32.262,    1.39636e+02,    2.08272e+00,    0.00000e+00,    7.03482e+03,    0.00000e+00,    4.49774e+02,    0.00000e+00,    2.09748e+00,    0.00000e+00,    7.65383e+02,    0.00000e+00,    1.91583e+01,    0.00000e+00,    2.27203e+01,    0.00000e+00,    0.00000e+00,    0.00000e+00,    1.94060e+00,    0.00000e+00,   -1.02364e+00,    0.00000e+00,         1.9392,               ,              3,             -1,       Disabled
  14/04/2026 13:15:33.116,    1.40140e+02,    2.08291e+00,    0.00000e+00,    7.00857e+03,    0.00000e+00,    4.54752e+02,    0.00000e+00,    2.09761e+00,    0.00000e+00,    7.65368e+02,    0.00000e+00,    1.91899e+01,    0.00000e+00,    2.27263e+01,    0.00000e+00,    0.00000e+00,    0.00000e+00,    1.94050e+00,    0.00000e+00,   -1.02364e+00,    0.00000e+00,        1.93909,               ,              3,             -1,       Disabled
  14/04/2026 13:15:33.972,    1.39728e+02,    2.08297e+00,    0.00000e+00,    7.05267e+03,    0.00000e+00,    4.53287e+02,    0.00000e+00,    2.09776e+00,    0.00000e+00,    7.65360e+02,    0.00000e+00,    1.91623e+01,    0.00000e+00,    2.27340e+01,    0.00000e+00,    0.00000e+00,    0.00000e+00,    1.94047e+00,    0.00000e+00,   -1.02364e+00,    0.00000e+00,        1.93906,               ,              3,             -1,       Disabled
  14/04/2026 13:15:34.826,    1.40373e+02,    2.08391e+00,    0.00000e+00,    7.01307e+03,    0.00000e+00,    4.53572e+02,    0.00000e+00,    2.09863e+00,    0.00000e+00,    7.65377e+02,    0.00000e+00,    1.91953e+01,    0.00000e+00,    2.27429e+01,    0.00000e+00,    0.00000e+00,    0.00000e+00,    1.93996e+00,    0.00000e+00,   -1.02364e+00,    0.00000e+00,        1.93855,               ,              3,             -1,       Disabled
  14/04/2026 13:15:35.679,    1.39775e+02,    2.08432e+00,    0.00000e+00,    7.02509e+03,    0.00000e+00,    4.53327e+02,    0.00000e+00,    2.09906e+00,    0.00000e+00,    7.65339e+02,    0.00000e+00,    1.91907e+01,    0.00000e+00,    2.27490e+01,    0.00000e+00,    0.00000e+00,    0.00000e+00,    1.94032e+00,    0.00000e+00,   -1.02364e+00,    0.00000e+00,        1.93892,               ,              3,             -1,       Disabled
  14/04/2026 13:15:36.533,    1.39945e+02,    2.08363e+00,    0.00000e+00,    7.00233e+03,    0.00000e+00,    4.47986e+02,    0.00000e+00,    2.09833e+00,    0.00000e+00,    7.65366e+02,    0.00000e+00,    1.91683e+01,    0.00000e+00,    2.27563e+01,    0.00000e+00,    0.00000e+00,    0.00000e+00,    1.94112e+00,    0.00000e+00,   -1.02364e+00,    0.00000e+00,        1.93973,               ,              3,             -1,       Disabled
  14/04/2026 13:15:37.388,    1.39334e+02,    2.08367e+00,    0.00000e+00,    6.93370e+03,    0.00000e+00,    4.47896e+02,    0.00000e+00,    2.09822e+00,    0.00000e+00,    7.65365e+02,    0.00000e+00,    1.91696e+01,    0.00000e+00,    2.27627e+01,    0.00000e+00,    0.00000e+00,    0.00000e+00,    1.94069e+00,    0.00000e+00,   -1.02364e+00,    0.00000e+00,         1.9393,               ,              3,             -1,       Disabled
  14/04/2026 13:15:38.243,    1.40398e+02,    2.08392e+00,    0.00000e+00,    6.96911e+03,    0.00000e+00,    4.49914e+02,    0.00000e+00,    2.09854e+00,    0.00000e+00,    7.65431e+02,    0.00000e+00,    1.91956e+01,    0.00000e+00,    2.27689e+01,    0.00000e+00,    0.00000e+00,    0.00000e+00,    1.94073e+00,    0.00000e+00,   -1.02364e+00,    0.00000e+00,        1.93933,               ,              3,             -1,       Disabled
  14/04/2026 13:15:39.097,    1.40274e+02,    2.08307e+00,    0.00000e+00,    6.89310e+03,    0.00000e+00,    4.46983e+02,    0.00000e+00,    2.09753e+00,    0.00000e+00,    7.65353e+02,    0.00000e+00,    1.91739e+01,    0.00000e+00,    2.27748e+01,    0.00000e+00,    0.00000e+00,    0.00000e+00,    1.94181e+00,    0.00000e+00,   -1.02364e+00,    0.00000e+00,        1.94041,               ,              3,             -1,       Disabled
  14/04/2026 13:15:39.951,    1.39741e+02,    2.08231e+00,    0.00000e+00,    6.95846e+03,    0.00000e+00,    4.48415e+02,    0.00000e+00,    2.09691e+00,    0.00000e+00,    7.65359e+02,    0.00000e+00,    1.91757e+01,    0.00000e+00,    2.27806e+01,    0.00000e+00,    0.00000e+00,    0.00000e+00,    1.94161e+00,    0.00000e+00,   -1.02359e+00,    0.00000e+00,        1.94021,               ,              3,             -1,       Disabled
  14/04/2026 13:15:40.805,    1.39393e+02,    2.08395e+00,    0.00000e+00,    6.91016e+03,    0.00000e+00,    4.46275e+02,    0.00000e+00,    2.09845e+00,    0.00000e+00,    7.65375e+02,    0.00000e+00,    1.92018e+01,    0.00000e+00,    2.27881e+01,    0.00000e+00,    0.00000e+00,    0.00000e+00,    1.94069e+00,    0.00000e+00,   -1.02359e+00,    0.00000e+00,        1.93929,               ,              3,             -1,       Disabled
  14/04/2026 13:15:41.659,    1.39865e+02,    2.08372e+00,    0.00000e+00,    6.95747e+03,    0.00000e+00,    4.45679e+02,    0.00000e+00,    2.09832e+00,    0.00000e+00,    7.65407e+02,    0.00000e+00,    1.91794e+01,    0.00000e+00,    2.27952e+01,    0.00000e+00,    0.00000e+00,    0.00000e+00,    1.94144e+00,    0.00000e+00,   -1.02353e+00,    0.00000e+00,        1.94005,               ,              3,             -1,       Disabled
  14/04/2026 13:15:42.515,    1.39959e+02,    2.08057e+00,    0.00000e+00,    6.91476e+03,    0.00000e+00,    4.43231e+02,    0.00000e+00,    2.09506e+00,    0.00000e+00,    7.65383e+02,    0.00000e+00,    1.91811e+01,    0.00000e+00,    2.28014e+01,    0.00000e+00,    0.00000e+00,    0.00000e+00,    1.94148e+00,    0.00000e+00,   -1.02353e+00,    0.00000e+00,        1.94009,               ,              3,             -1,       Disabled
  14/04/2026 13:15:43.369,    1.40784e+02,    2.08058e+00,    0.00000e+00,    6.93314e+03,    0.00000e+00,    4.47028e+02,    0.00000e+00,    2.09511e+00,    0.00000e+00,    7.65355e+02,    0.00000e+00,    1.92066e+01,    0.00000e+00,    2.28073e+01,    0.00000e+00,    0.00000e+00,    0.00000e+00,    1.94193e+00,    0.00000e+00,   -1.02347e+00,    0.00000e+00,        1.94054,               ,              3,             -1,       Disabled
  14/04/2026 13:15:44.222,    1.39344e+02,    2.08101e+00,    0.00000e+00,    6.90101e+03,    0.00000e+00,    4.50563e+02,    0.00000e+00,    2.09547e+00,    0.00000e+00,    7.65365e+02,    0.00000e+00,    1.91680e+01,    0.00000e+00,    2.28163e+01,    0.00000e+00,    0.00000e+00,    0.00000e+00,    1.94273e+00,    0.00000e+00,   -1.02347e+00,    0.00000e+00,        1.94133,               ,              3,             -1,       Disabled
  14/04/2026 13:15:45.077,    1.40202e+02,    2.08126e+00,    0.00000e+00,    7.02982e+03,    0.00000e+00,    4.48569e+02,    0.00000e+00,    2.09600e+00,    0.00000e+00,    7.65386e+02,    0.00000e+00,    1.91871e+01,    0.00000e+00,    2.28223e+01,    0.00000e+00,    0.00000e+00,    0.00000e+00,    1.94263e+00,    0.00000e+00,   -1.02341e+00,    0.00000e+00,        1.94123,               ,              3,             -1,       Disabled
  14/04/2026 13:15:45.931,    1.39617e+02,    2.07955e+00,    0.00000e+00,    6.96243e+03,    0.00000e+00,    4.47144e+02,    0.00000e+00,    2.09413e+00,    0.00000e+00,    7.65377e+02,    0.00000e+00,    1.92118e+01,    0.00000e+00,    2.28294e+01,    0.00000e+00,    0.00000e+00,    0.00000e+00,    1.94276e+00,    0.00000e+00,   -1.02341e+00,    0.00000e+00,        1.94137,               ,              3,             -1,       Disabled
  14/04/2026 13:15:46.787,    1.40298e+02,    2.08076e+00,    0.00000e+00,    6.82093e+03,    0.00000e+00,    4.44130e+02,    0.00000e+00,    2.09505e+00,    0.00000e+00,    7.65344e+02,    0.00000e+00,    1.92371e+01,    0.00000e+00,    2.28376e+01,    0.00000e+00,    0.00000e+00,    0.00000e+00,    1.94311e+00,    0.00000e+00,   -1.02335e+00,    0.00000e+00,        1.94172,               ,              3,             -1,       Disabled
  14/04/2026 13:15:47.641,    1.40793e+02,    2.07963e+00,    0.00000e+00,    6.77678e+03,    0.00000e+00,    4.48364e+02,    0.00000e+00,    2.09382e+00,    0.00000e+00,    7.65309e+02,    0.00000e+00,    1.92158e+01,    0.00000e+00,    2.28415e+01,    0.00000e+00,    0.00000e+00,    0.00000e+00,    1.94346e+00,    0.00000e+00,   -1.02335e+00,    0.00000e+00,        1.94206,               ,              3,             -1,       Disabled
  14/04/2026 13:15:48.494,    1.39765e+02,    2.08010e+00,    0.00000e+00,    6.74262e+03,    0.00000e+00,    4.44434e+02,    0.00000e+00,    2.09422e+00,    0.00000e+00,    7.65390e+02,    0.00000e+00,    1.92412e+01,    0.00000e+00,    2.28460e+01,    0.00000e+00,    0.00000e+00,    0.00000e+00,    1.94343e+00,    0.00000e+00,   -1.02329e+00,    0.00000e+00,        1.94204,               ,              3,             -1,       Disabled
  14/04/2026 13:15:49.348,    1.40178e+02,    2.07909e+00,    0.00000e+00,    6.84761e+03,    0.00000e+00,    4.44576e+02,    0.00000e+00,    2.09343e+00,    0.00000e+00,    7.65340e+02,    0.00000e+00,    1.91965e+01,    0.00000e+00,    2.28554e+01,    0.00000e+00,    0.00000e+00,    0.00000e+00,    1.94356e+00,    0.00000e+00,   -1.02329e+00,    0.00000e+00,        1.94216,               ,              3,             -1,       Disabled
  14/04/2026 13:15:50.203,    1.39765e+02,    2.07644e+00,    0.00000e+00,    6.76618e+03,    0.00000e+00,    4.40166e+02,    0.00000e+00,    2.09058e+00,    0.00000e+00,    7.65349e+02,    0.00000e+00,    1.91985e+01,    0.00000e+00,    2.28610e+01,    0.00000e+00,    0.00000e+00,    0.00000e+00,    1.94366e+00,    0.00000e+00,   -1.02329e+00,    0.00000e+00,        1.94228,               ,              3,             -1,       Disabled
  14/04/2026 13:15:51.059,    1.40502e+02,    2.07862e+00,    0.00000e+00,    6.80084e+03,    0.00000e+00,    4.44732e+02,    0.00000e+00,    2.09286e+00,    0.00000e+00,    7.65368e+02,    0.00000e+00,    1.92202e+01,    0.00000e+00,    2.28648e+01,    0.00000e+00,    0.00000e+00,    0.00000e+00,    1.94435e+00,    0.00000e+00,   -1.02329e+00,    0.00000e+00,        1.94296,               ,              3,             -1,       Disabled
  14/04/2026 13:15:51.912,    1.39545e+02,    2.07808e+00,    0.00000e+00,    6.73094e+03,    0.00000e+00,    4.49192e+02,    0.00000e+00,    2.09216e+00,    0.00000e+00,    7.65385e+02,    0.00000e+00,    1.92018e+01,    0.00000e+00,    2.28695e+01,    0.00000e+00,    0.00000e+00,    0.00000e+00,    1.94382e+00,    0.00000e+00,   -1.02329e+00,    0.00000e+00,        1.94241,               ,              3,             -1,       Disabled
  14/04/2026 13:15:52.766,    1.40180e+02,    2.07823e+00,    0.00000e+00,    6.78859e+03,    0.00000e+00,    4.45881e+02,    0.00000e+00,    2.09243e+00,    0.00000e+00,    7.65358e+02,    0.00000e+00,    1.92278e+01,    0.00000e+00,    2.28728e+01,    0.00000e+00,    0.00000e+00,    0.00000e+00,    1.94427e+00,    0.00000e+00,   -1.02329e+00,    0.00000e+00,        1.94287,               ,              3,             -1,       Disabled
  14/04/2026 13:15:53.620,    1.40271e+02,    2.07864e+00,    0.00000e+00,    6.78715e+03,    0.00000e+00,    4.41985e+02,    0.00000e+00,    2.09284e+00,    0.00000e+00,    7.65371e+02,    0.00000e+00,    1.92237e+01,    0.00000e+00,    2.28795e+01,    0.00000e+00,    0.00000e+00,    0.00000e+00,    1.94342e+00,    0.00000e+00,   -1.02329e+00,    0.00000e+00,        1.94203,               ,              3,             -1,       Disabled
  14/04/2026 13:15:54.475,    1.39677e+02,    2.07874e+00,    0.00000e+00,    6.75815e+03,    0.00000e+00,    4.40866e+02,    0.00000e+00,    2.09288e+00,    0.00000e+00,    7.65390e+02,    0.00000e+00,    1.92242e+01,    0.00000e+00,    2.28850e+01,    0.00000e+00,    0.00000e+00,    0.00000e+00,    1.94408e+00,    0.00000e+00,   -1.02329e+00,    0.00000e+00,        1.94269,               ,              3,             -1,       Disabled
  14/04/2026 13:15:55.330,    1.40215e+02,    2.07880e+00,    0.00000e+00,    6.73887e+03,    0.00000e+00,    4.39102e+02,    0.00000e+00,    2.09290e+00,    0.00000e+00,    7.65361e+02,    0.00000e+00,    1.92386e+01,    0.00000e+00,    2.28908e+01,    0.00000e+00,    0.00000e+00,    0.00000e+00,    1.94341e+00,    0.00000e+00,   -1.02329e+00,    0.00000e+00,        1.94203,               ,              3,             -1,       Disabled
  14/04/2026 13:15:56.184,    1.39685e+02,    2.07939e+00,    0.00000e+00,    6.71723e+03,    0.00000e+00,    4.42121e+02,    0.00000e+00,    2.09345e+00,    0.00000e+00,    7.65350e+02,    0.00000e+00,    1.92256e+01,    0.00000e+00,    2.28958e+01,    0.00000e+00,    0.00000e+00,    0.00000e+00,    1.94329e+00,    0.00000e+00,   -1.02329e+00,    0.00000e+00,         1.9419,               ,              3,             -1,       Disabled
  14/04/2026 13:15:57.038,    1.39513e+02,    2.08028e+00,    0.00000e+00,    6.72665e+03,    0.00000e+00,    4.38109e+02,    0.00000e+00,    2.09437e+00,    0.00000e+00,    7.65359e+02,    0.00000e+00,    1.92113e+01,    0.00000e+00,    2.29018e+01,    0.00000e+00,    0.00000e+00,    0.00000e+00,    1.94329e+00,    0.00000e+00,   -1.02329e+00,    0.00000e+00,         1.9419,               ,              3,             -1,       Disabled
  14/04/2026 13:15:57.892,    1.39785e+02,    2.07915e+00,    0.00000e+00,    6.73593e+03,    0.00000e+00,    4.40994e+02,    0.00000e+00,    2.09325e+00,    0.00000e+00,    7.65388e+02,    0.00000e+00,    1.92122e+01,    0.00000e+00,    2.29071e+01,    0.00000e+00,    0.00000e+00,    0.00000e+00,    1.94272e+00,    0.00000e+00,   -1.02329e+00,    0.00000e+00,        1.94134,               ,              3,             -1,       Disabled
  14/04/2026 13:15:58.746,    1.40880e+02,    2.08027e+00,    0.00000e+00,    6.73341e+03,    0.00000e+00,    4.42997e+02,    0.00000e+00,    2.09437e+00,    0.00000e+00,    7.65377e+02,    0.00000e+00,    1.92318e+01,    0.00000e+00,    2.29134e+01,    0.00000e+00,    0.00000e+00,    0.00000e+00,    1.94258e+00,    0.00000e+00,   -1.02324e+00,    0.00000e+00,        1.94119,               ,              3,             -1,       Disabled
  14/04/2026 13:15:59.602,    1.39472e+02,    2.08089e+00,    0.00000e+00,    6.68290e+03,    0.00000e+00,    4.47663e+02,    0.00000e+00,    2.09489e+00,    0.00000e+00,    7.65349e+02,    0.00000e+00,    1.92264e+01,    0.00000e+00,    2.29206e+01,    0.00000e+00,    0.00000e+00,    0.00000e+00,    1.94327e+00,    0.00000e+00,   -1.02324e+00,    0.00000e+00,        1.94188,               ,              3,             -1,       Disabled
  14/04/2026 13:16:00.456,    1.41005e+02,    2.07771e+00,    0.00000e+00,    6.69089e+03,    0.00000e+00,    4.44033e+02,    0.00000e+00,    2.09170e+00,    0.00000e+00,    7.65335e+02,    0.00000e+00,    1.92153e+01,    0.00000e+00,    2.29252e+01,    0.00000e+00,    0.00000e+00,    0.00000e+00,    1.94398e+00,    0.00000e+00,   -1.02319e+00,    0.00000e+00,        1.94259,               ,              3,             -1,       Disabled
  14/04/2026 13:16:01.309,    1.40307e+02,    2.08156e+00,    0.00000e+00,    6.75492e+03,    0.00000e+00,    4.48848e+02,    0.00000e+00,    2.09571e+00,    0.00000e+00,    7.65371e+02,    0.00000e+00,    1.92253e+01,    0.00000e+00,    2.29307e+01,    0.00000e+00,    0.00000e+00,    0.00000e+00,    1.94396e+00,    0.00000e+00,   -1.02319e+00,    0.00000e+00,        1.94255,               ,              3,             -1,       Disabled
  14/04/2026 13:16:02.164,    1.40251e+02,    2.08068e+00,    0.00000e+00,    6.67049e+03,    0.00000e+00,    4.51872e+02,    0.00000e+00,    2.09465e+00,    0.00000e+00,    7.65338e+02,    0.00000e+00,    1.92169e+01,    0.00000e+00,    2.29377e+01,    0.00000e+00,    0.00000e+00,    0.00000e+00,    1.94318e+00,    0.00000e+00,   -1.02314e+00,    0.00000e+00,        1.94177,               ,              3,             -1,       Disabled
  14/04/2026 13:16:03.018,    1.41402e+02,    2.07935e+00,    0.00000e+00,    6.66985e+03,    0.00000e+00,    4.51936e+02,    0.00000e+00,    2.09331e+00,    0.00000e+00,    7.65319e+02,    0.00000e+00,    1.92192e+01,    0.00000e+00,    2.29421e+01,    0.00000e+00,    0.00000e+00,    0.00000e+00,    1.94423e+00,    0.00000e+00,   -1.02314e+00,    0.00000e+00,        1.94282,               ,              3,             -1,       Disabled
  14/04/2026 13:16:03.874,    1.39835e+02,    2.08076e+00,    0.00000e+00,    6.72767e+03,    0.00000e+00,    4.55284e+02,    0.00000e+00,    2.09486e+00,    0.00000e+00,    7.65351e+02,    0.00000e+00,    1.92241e+01,    0.00000e+00,    2.29499e+01,    0.00000e+00,    0.00000e+00,    0.00000e+00,    1.94424e+00,    0.00000e+00,   -1.02308e+00,    0.00000e+00,        1.94283,               ,              3,             -1,       Disabled
  14/04/2026 13:16:04.728,    1.39531e+02,    2.07905e+00,    0.00000e+00,    6.79649e+03,    0.00000e+00,    4.52466e+02,    0.00000e+00,    2.09327e+00,    0.00000e+00,    7.65371e+02,    0.00000e+00,    1.92208e+01,    0.00000e+00,    2.29577e+01,    0.00000e+00,    0.00000e+00,    0.00000e+00,    1.94492e+00,    0.00000e+00,   -1.02308e+00,    0.00000e+00,        1.94352,               ,              3,             -1,       Disabled
  14/04/2026 13:16:05.581,    1.40268e+02,    2.07958e+00,    0.00000e+00,    6.87108e+03,    0.00000e+00,    4.53341e+02,    0.00000e+00,    2.09397e+00,    0.00000e+00,    7.65304e+02,    0.00000e+00,    1.92255e+01,    0.00000e+00,    2.29626e+01,    0.00000e+00,    0.00000e+00,    0.00000e+00,    1.94472e+00,    0.00000e+00,   -1.02302e+00,    0.00000e+00,        1.94331,               ,              3,             -1,       Disabled
  14/04/2026 13:16:06.435,    1.40608e+02,    2.07856e+00,    0.00000e+00,    6.79858e+03,    0.00000e+00,    4.49273e+02,    0.00000e+00,    2.09278e+00,    0.00000e+00,    7.65329e+02,    0.00000e+00,    1.92378e+01,    0.00000e+00,    2.29684e+01,    0.00000e+00,    0.00000e+00,    0.00000e+00,    1.94494e+00,    0.00000e+00,   -1.02302e+00,    0.00000e+00,        1.94354,               ,              3,             -1,       Disabled
  14/04/2026 13:16:07.290,    1.40150e+02,    2.07980e+00,    0.00000e+00,    6.89886e+03,    0.00000e+00,    4.51738e+02,    0.00000e+00,    2.09425e+00,    0.00000e+00,    7.65346e+02,    0.00000e+00,    1.92254e+01,    0.00000e+00,    2.29738e+01,    0.00000e+00,    0.00000e+00,    0.00000e+00,    1.94417e+00,    0.00000e+00,   -1.02302e+00,    0.00000e+00,        1.94277,               ,              3,             -1,       Disabled
  14/04/2026 13:16:08.146,    1.39749e+02,    2.07994e+00,    0.00000e+00,    6.89209e+03,    0.00000e+00,    4.50598e+02,    0.00000e+00,    2.09437e+00,    0.00000e+00,    7.65338e+02,    0.00000e+00,    1.92281e+01,    0.00000e+00,    2.29759e+01,    0.00000e+00,    0.00000e+00,    0.00000e+00,    1.94469e+00,    0.00000e+00,   -1.02302e+00,    0.00000e+00,        1.94329,               ,              3,             -1,       Disabled
  14/04/2026 13:16:08.999,    1.39903e+02,    2.08075e+00,    0.00000e+00,    6.83839e+03,    0.00000e+00,    4.52844e+02,    0.00000e+00,    2.09508e+00,    0.00000e+00,    7.65335e+02,    0.00000e+00,    1.92286e+01,    0.00000e+00,    2.29802e+01,    0.00000e+00,    0.00000e+00,    0.00000e+00,    1.94411e+00,    0.00000e+00,   -1.02302e+00,    0.00000e+00,         1.9427,               ,              3,             -1,       Disabled
  14/04/2026 13:16:09.853,    1.39564e+02,    2.08176e+00,    0.00000e+00,    6.76994e+03,    0.00000e+00,    4.51896e+02,    0.00000e+00,    2.09595e+00,    0.00000e+00,    7.65357e+02,    0.00000e+00,    1.92307e+01,    0.00000e+00,    2.29865e+01,    0.00000e+00,    0.00000e+00,    0.00000e+00,    1.94369e+00,    0.00000e+00,   -1.02302e+00,    0.00000e+00,        1.94229,               ,              3,             -1,       Disabled
  14/04/2026 13:16:10.707,    1.38990e+02,    2.08001e+00,    0.00000e+00,    6.72225e+03,    0.00000e+00,    4.52310e+02,    0.00000e+00,    2.09409e+00,    0.00000e+00,    7.65363e+02,    0.00000e+00,    1.92351e+01,    0.00000e+00,    2.29918e+01,    0.00000e+00,    0.00000e+00,    0.00000e+00,    1.94424e+00,    0.00000e+00,   -1.02302e+00,    0.00000e+00,        1.94283,               ,              3,             -1,       Disabled
  14/04/2026 13:16:11.561,    1.39161e+02,    2.08072e+00,    0.00000e+00,    6.77437e+03,    0.00000e+00,    4.51218e+02,    0.00000e+00,    2.09491e+00,    0.00000e+00,    7.65294e+02,    0.00000e+00,    1.92354e+01,    0.00000e+00,    2.29975e+01,    0.00000e+00,    0.00000e+00,    0.00000e+00,    1.94375e+00,    0.00000e+00,   -1.02302e+00,    0.00000e+00,        1.94234,               ,              3,             -1,       Disabled
  14/04/2026 13:16:12.417,    1.40323e+02,    2.08099e+00,    0.00000e+00,    6.67760e+03,    0.00000e+00,    4.53211e+02,    0.00000e+00,    2.09498e+00,    0.00000e+00,    7.65350e+02,    0.00000e+00,    1.92379e+01,    0.00000e+00,    2.30050e+01,    0.00000e+00,    0.00000e+00,    0.00000e+00,    1.94376e+00,    0.00000e+00,   -1.02302e+00,    0.00000e+00,        1.94235,               ,              3,             -1,       Disabled
  14/04/2026 13:16:13.271,    1.40485e+02,    2.07906e+00,    0.00000e+00,    6.72392e+03,    0.00000e+00,    4.54288e+02,    0.00000e+00,    2.09314e+00,    0.00000e+00,    7.65374e+02,    0.00000e+00,    1.92464e+01,    0.00000e+00,    2.30110e+01,    0.00000e+00,    0.00000e+00,    0.00000e+00,    1.94523e+00,    0.00000e+00,   -1.02302e+00,    0.00000e+00,        1.94381,               ,              3,             -1,       Disabled
  14/04/2026 13:16:14.124,    1.40783e+02,    2.08024e+00,    0.00000e+00,    6.72314e+03,    0.00000e+00,    4.53681e+02,    0.00000e+00,    2.09432e+00,    0.00000e+00,    7.65342e+02,    0.00000e+00,    1.92430e+01,    0.00000e+00,    2.30186e+01,    0.00000e+00,    0.00000e+00,    0.00000e+00,    1.94545e+00,    0.00000e+00,   -1.02302e+00,    0.00000e+00,        1.94403,               ,              3,             -1,       Disabled
  14/04/2026 13:16:14.979,    1.40611e+02,    2.08150e+00,    0.00000e+00,    6.79273e+03,    0.00000e+00,    4.57512e+02,    0.00000e+00,    2.09574e+00,    0.00000e+00,    7.65343e+02,    0.00000e+00,    1.92455e+01,    0.00000e+00,    2.30258e+01,    0.00000e+00,    0.00000e+00,    0.00000e+00,    1.94448e+00,    0.00000e+00,   -1.02302e+00,    0.00000e+00,        1.94306,               ,              3,             -1,       Disabled
  14/04/2026 13:16:15.833,    1.40138e+02,    2.08156e+00,    0.00000e+00,    6.83197e+03,    0.00000e+00,    4.58033e+02,    0.00000e+00,    2.09588e+00,    0.00000e+00,    7.65379e+02,    0.00000e+00,    1.92520e+01,    0.00000e+00,    2.30319e+01,    0.00000e+00,    0.00000e+00,    0.00000e+00,    1.94418e+00,    0.00000e+00,   -1.02302e+00,    0.00000e+00,        1.94276,               ,              3,             -1,       Disabled
  14/04/2026 13:16:16.689,    1.40626e+02,    2.08084e+00,    0.00000e+00,    6.82912e+03,    0.00000e+00,    4.57151e+02,    0.00000e+00,    2.09515e+00,    0.00000e+00,    7.65372e+02,    0.00000e+00,    1.92554e+01,    0.00000e+00,    2.30362e+01,    0.00000e+00,    0.00000e+00,    0.00000e+00,    1.94382e+00,    0.00000e+00,   -1.02302e+00,    0.00000e+00,        1.94241,               ,              3,             -1,       Disabled
  14/04/2026 13:16:17.543,    1.39558e+02,    2.08275e+00,    0.00000e+00,    6.73159e+03,    0.00000e+00,    4.57456e+02,    0.00000e+00,    2.09687e+00,    0.00000e+00,    7.65336e+02,    0.00000e+00,    1.92557e+01,    0.00000e+00,    2.30394e+01,    0.00000e+00,    0.00000e+00,    0.00000e+00,    1.94389e+00,    0.00000e+00,   -1.02302e+00,    0.00000e+00,        1.94247,               ,              3,             -1,       Disabled
  14/04/2026 13:16:18.396,    1.40262e+02,    2.08350e+00,    0.00000e+00,    6.70271e+03,    0.00000e+00,    4.57842e+02,    0.00000e+00,    2.09756e+00,    0.00000e+00,    7.65361e+02,    0.00000e+00,    1.92615e+01,    0.00000e+00,    2.30470e+01,    0.00000e+00,    0.00000e+00,    0.00000e+00,    1.94374e+00,    0.00000e+00,   -1.02302e+00,    0.00000e+00,        1.94232,               ,              3,             -1,       Disabled
  14/04/2026 13:16:19.251,    1.40607e+02,    2.08272e+00,    0.00000e+00,    6.73292e+03,    0.00000e+00,    4.57951e+02,    0.00000e+00,    2.09684e+00,    0.00000e+00,    7.65378e+02,    0.00000e+00,    1.92594e+01,    0.00000e+00,    2.30547e+01,    0.00000e+00,    0.00000e+00,    0.00000e+00,    1.94355e+00,    0.00000e+00,   -1.02302e+00,    0.00000e+00,        1.94213,               ,              3,             -1,       Disabled
  14/04/2026 13:16:20.105,    1.40543e+02,    2.08330e+00,    0.00000e+00,    6.70493e+03,    0.00000e+00,    4.56605e+02,    0.00000e+00,    2.09736e+00,    0.00000e+00,    7.65320e+02,    0.00000e+00,    1.92625e+01,    0.00000e+00,    2.30617e+01,    0.00000e+00,    0.00000e+00,    0.00000e+00,    1.94313e+00,    0.00000e+00,   -1.02302e+00,    0.00000e+00,        1.94172,               ,              3,             -1,       Disabled
  14/04/2026 13:16:20.961,    1.40206e+02,    2.08275e+00,    0.00000e+00,    6.67399e+03,    0.00000e+00,    4.54057e+02,    0.00000e+00,    2.09674e+00,    0.00000e+00,    7.65368e+02,    0.00000e+00,    1.92912e+01,    0.00000e+00,    2.30678e+01,    0.00000e+00,    0.00000e+00,    0.00000e+00,    1.94375e+00,    0.00000e+00,   -1.02302e+00,    0.00000e+00,        1.94234,               ,              3,             -1,       Disabled
  14/04/2026 13:16:21.814,    1.40085e+02,    2.08237e+00,    0.00000e+00,    6.62459e+03,    0.00000e+00,    4.58088e+02,    0.00000e+00,    2.09626e+00,    0.00000e+00,    7.65339e+02,    0.00000e+00,    1.93228e+01,    0.00000e+00,    2.30712e+01,    0.00000e+00,    0.00000e+00,    0.00000e+00,    1.94393e+00,    0.00000e+00,   -1.02302e+00,    0.00000e+00,        1.94251,               ,              3,             -1,       Disabled
  14/04/2026 13:16:22.668,    1.39734e+02,    2.08099e+00,    0.00000e+00,    6.61776e+03,    0.00000e+00,    4.54207e+02,    0.00000e+00,    2.09485e+00,    0.00000e+00,    7.65348e+02,    0.00000e+00,    1.92715e+01,    0.00000e+00,    2.30779e+01,    0.00000e+00,    0.00000e+00,    0.00000e+00,    1.94476e+00,    0.00000e+00,   -1.02302e+00,    0.00000e+00,        1.94335,               ,              3,             -1,       Disabled
  14/04/2026 13:16:23.522,    1.39491e+02,    2.08185e+00,    0.00000e+00,    6.59248e+03,    0.00000e+00,    4.56818e+02,    0.00000e+00,    2.09566e+00,    0.00000e+00,    7.65374e+02,    0.00000e+00,    1.92989e+01,    0.00000e+00,    2.30792e+01,    0.00000e+00,    0.00000e+00,    0.00000e+00,    1.94511e+00,    0.00000e+00,   -1.02302e+00,    0.00000e+00,         1.9437,               ,              3,             -1,       Disabled
  14/04/2026 13:16:24.377,    1.39982e+02,    2.07876e+00,    0.00000e+00,    6.52969e+03,    0.00000e+00,    4.49487e+02,    0.00000e+00,    2.09243e+00,    0.00000e+00,    7.65353e+02,    0.00000e+00,    1.92888e+01,    0.00000e+00,    2.30862e+01,    0.00000e+00,    0.00000e+00,    0.00000e+00,    1.94679e+00,    0.00000e+00,   -1.02296e+00,    0.00000e+00,        1.94538,               ,              3,             -1,       Disabled
  14/04/2026 13:16:25.233,    1.39369e+02,    2.07936e+00,    0.00000e+00,    6.56209e+03,    0.00000e+00,    4.51706e+02,    0.00000e+00,    2.09310e+00,    0.00000e+00,    7.65354e+02,    0.00000e+00,    1.92947e+01,    0.00000e+00,    2.30917e+01,    0.00000e+00,    0.00000e+00,    0.00000e+00,    1.94499e+00,    0.00000e+00,   -1.02296e+00,    0.00000e+00,        1.94358,               ,              3,             -1,       Disabled
  14/04/2026 13:16:26.086,    1.40514e+02,    2.07906e+00,    0.00000e+00,    6.53450e+03,    0.00000e+00,    4.52034e+02,    0.00000e+00,    2.09273e+00,    0.00000e+00,    7.65391e+02,    0.00000e+00,    1.93022e+01,    0.00000e+00,    2.30956e+01,    0.00000e+00,    0.00000e+00,    0.00000e+00,    1.94578e+00,    0.00000e+00,   -1.02291e+00,    0.00000e+00,        1.94438,               ,              3,             -1,       Disabled
  14/04/2026 13:16:26.940,    1.41215e+02,    2.07821e+00,    0.00000e+00,    6.52501e+03,    0.00000e+00,    4.49828e+02,    0.00000e+00,    2.09186e+00,    0.00000e+00,    7.65362e+02,    0.00000e+00,    1.92985e+01,    0.00000e+00,    2.30986e+01,    0.00000e+00,    0.00000e+00,    0.00000e+00,    1.94568e+00,    0.00000e+00,   -1.02291e+00,    0.00000e+00,        1.94428,               ,              3,             -1,       Disabled
  14/04/2026 13:16:27.794,    1.40442e+02,    2.07905e+00,    0.00000e+00,    6.46784e+03,    0.00000e+00,    4.47986e+02,    0.00000e+00,    2.09258e+00,    0.00000e+00,    7.65337e+02,    0.00000e+00,    1.92925e+01,    0.00000e+00,    2.31066e+01,    0.00000e+00,    0.00000e+00,    0.00000e+00,    1.94503e+00,    0.00000e+00,   -1.02285e+00,    0.00000e+00,        1.94363,               ,              3,             -1,       Disabled
  14/04/2026 13:16:28.648,    1.39858e+02,    2.07854e+00,    0.00000e+00,    6.47529e+03,    0.00000e+00,    4.48157e+02,    0.00000e+00,    2.09209e+00,    0.00000e+00,    7.65397e+02,    0.00000e+00,    1.93130e+01,    0.00000e+00,    2.31171e+01,    0.00000e+00,    0.00000e+00,    0.00000e+00,    1.94628e+00,    0.00000e+00,   -1.02285e+00,    0.00000e+00,        1.94488,               ,              3,             -1,       Disabled
  14/04/2026 13:16:29.504,    1.39767e+02,    2.07616e+00,    0.00000e+00,    6.43217e+03,    0.00000e+00,    4.45798e+02,    0.00000e+00,    2.08960e+00,    0.00000e+00,    7.65371e+02,    0.00000e+00,    1.93010e+01,    0.00000e+00,    2.31215e+01,    0.00000e+00,    0.00000e+00,    0.00000e+00,    1.94647e+00,    0.00000e+00,   -1.02279e+00,    0.00000e+00,        1.94507,               ,              3,             -1,       Disabled
  14/04/2026 13:16:30.358,    1.40001e+02,    2.07742e+00,    0.00000e+00,    6.40217e+03,    0.00000e+00,    4.47046e+02,    0.00000e+00,    2.09081e+00,    0.00000e+00,    7.65386e+02,    0.00000e+00,    1.93036e+01,    0.00000e+00,    2.31268e+01,    0.00000e+00,    0.00000e+00,    0.00000e+00,    1.94691e+00,    0.00000e+00,   -1.02279e+00,    0.00000e+00,        1.94551,               ,              3,             -1,       Disabled
  14/04/2026 13:16:31.211,    1.40587e+02,    2.07713e+00,    0.00000e+00,    6.46523e+03,    0.00000e+00,    4.47826e+02,    0.00000e+00,    2.09065e+00,    0.00000e+00,    7.65362e+02,    0.00000e+00,    1.93278e+01,    0.00000e+00,    2.31301e+01,    0.00000e+00,    0.00000e+00,    0.00000e+00,    1.94709e+00,    0.00000e+00,   -1.02271e+00,    0.00000e+00,        1.94569,               ,              3,             -1,       Disabled
  14/04/2026 13:16:32.066,    1.39745e+02,    2.07745e+00,    0.00000e+00,    6.44348e+03,    0.00000e+00,    4.47376e+02,    0.00000e+00,    2.09093e+00,    0.00000e+00,    7.65387e+02,    0.00000e+00,    1.93322e+01,    0.00000e+00,    2.31351e+01,    0.00000e+00,    0.00000e+00,    0.00000e+00,    1.94747e+00,    0.00000e+00,   -1.02271e+00,    0.00000e+00,        1.94607,               ,              3,             -1,       Disabled
  14/04/2026 13:16:32.920,    1.40144e+02,    2.07533e+00,    0.00000e+00,    6.47175e+03,    0.00000e+00,    4.45601e+02,    0.00000e+00,    2.08884e+00,    0.00000e+00,    7.65357e+02,    0.00000e+00,    1.93174e+01,    0.00000e+00,    2.31420e+01,    0.00000e+00,    0.00000e+00,    0.00000e+00,    1.94793e+00,    0.00000e+00,   -1.02265e+00,    0.00000e+00,        1.94653,               ,              3,             -1,       Disabled
  14/04/2026 13:16:33.775,    1.39747e+02,    2.07944e+00,    0.00000e+00,    6.46698e+03,    0.00000e+00,    4.50210e+02,    0.00000e+00,    2.09298e+00,    0.00000e+00,    7.65196e+02,    0.00000e+00,    1.93627e+01,    0.00000e+00,    2.31442e+01,    0.00000e+00,    0.00000e+00,    0.00000e+00,    1.94636e+00,    0.00000e+00,   -1.02265e+00,    0.00000e+00,        1.94496,               ,              3,             -1,       Disabled
  14/04/2026 13:16:34.630,    1.40373e+02,    2.07705e+00,    0.00000e+00,    6.52144e+03,    0.00000e+00,    4.45598e+02,    0.00000e+00,    2.09069e+00,    0.00000e+00,    7.65274e+02,    0.00000e+00,    1.93400e+01,    0.00000e+00,    2.31551e+01,    0.00000e+00,    0.00000e+00,    0.00000e+00,    1.94715e+00,    0.00000e+00,   -1.02258e+00,    0.00000e+00,        1.94575,               ,              3,             -1,       Disabled
  14/04/2026 13:16:35.483,    1.40223e+02,    2.07748e+00,    0.00000e+00,    6.59516e+03,    0.00000e+00,    4.47772e+02,    0.00000e+00,    2.09127e+00,    0.00000e+00,    7.65427e+02,    0.00000e+00,    1.93280e+01,    0.00000e+00,    2.31618e+01,    0.00000e+00,    0.00000e+00,    0.00000e+00,    1.94756e+00,    0.00000e+00,   -1.02258e+00,    0.00000e+00,        1.94616,               ,              3,             -1,       Disabled
  14/04/2026 13:16:36.337,    1.40460e+02,    2.07556e+00,    0.00000e+00,    6.49236e+03,    0.00000e+00,    4.51729e+02,    0.00000e+00,    2.08912e+00,    0.00000e+00,    7.65420e+02,    0.00000e+00,    1.93532e+01,    0.00000e+00,    2.31682e+01,    0.00000e+00,    0.00000e+00,    0.00000e+00,    1.94772e+00,    0.00000e+00,   -1.02252e+00,    0.00000e+00,        1.94631,               ,              3,             -1,       Disabled
  14/04/2026 13:16:37.192,    1.40267e+02,    2.07615e+00,    0.00000e+00,    6.47358e+03,    0.00000e+00,    4.47151e+02,    0.00000e+00,    2.08967e+00,    0.00000e+00,    7.65439e+02,    0.00000e+00,    1.93518e+01,    0.00000e+00,    2.31774e+01,    0.00000e+00,    0.00000e+00,    0.00000e+00,    1.94750e+00,    0.00000e+00,   -1.02252e+00,    0.00000e+00,         1.9461,               ,              3,             -1,       Disabled
  14/04/2026 13:16:38.048,    1.40195e+02,    2.07736e+00,    0.00000e+00,    6.55694e+03,    0.00000e+00,    4.51019e+02,    0.00000e+00,    2.09107e+00,    0.00000e+00,    7.65472e+02,    0.00000e+00,    1.93323e+01,    0.00000e+00,    2.31821e+01,    0.00000e+00,    0.00000e+00,    0.00000e+00,    1.94767e+00,    0.00000e+00,   -1.02247e+00,    0.00000e+00,        1.94627,               ,              3,             -1,       Disabled
  14/04/2026 13:16:38.901,    1.40021e+02,    2.07921e+00,    0.00000e+00,    6.54597e+03,    0.00000e+00,    4.51391e+02,    0.00000e+00,    2.09291e+00,    0.00000e+00,    7.65435e+02,    0.00000e+00,    1.93597e+01,    0.00000e+00,    2.31894e+01,    0.00000e+00,    0.00000e+00,    0.00000e+00,    1.94613e+00,    0.00000e+00,   -1.02247e+00,    0.00000e+00,        1.94473,               ,              3,             -1,       Disabled
  14/04/2026 13:16:39.755,    1.38962e+02,    2.08147e+00,    0.00000e+00,    6.63084e+03,    0.00000e+00,    4.54202e+02,    0.00000e+00,    2.09536e+00,    0.00000e+00,    7.65440e+02,    0.00000e+00,    1.93595e+01,    0.00000e+00,    2.31945e+01,    0.00000e+00,    0.00000e+00,    0.00000e+00,    1.94592e+00,    0.00000e+00,   -1.02242e+00,    0.00000e+00,        1.94451,               ,              3,             -1,       Disabled
  14/04/2026 13:16:40.609,    1.39656e+02,    2.08249e+00,    0.00000e+00,    6.66830e+03,    0.00000e+00,    4.59336e+02,    0.00000e+00,    2.09647e+00,    0.00000e+00,    7.65451e+02,    0.00000e+00,    1.93373e+01,    0.00000e+00,    2.31969e+01,    0.00000e+00,    0.00000e+00,    0.00000e+00,    1.94339e+00,    0.00000e+00,   -1.02242e+00,    0.00000e+00,        1.94197,               ,              3,             -1,       Disabled
  14/04/2026 13:16:41.464,    1.40300e+02,    2.08458e+00,    0.00000e+00,    6.52662e+03,    0.00000e+00,    4.59297e+02,    0.00000e+00,    2.09828e+00,    0.00000e+00,    7.65434e+02,    0.00000e+00,    1.93640e+01,    0.00000e+00,    2.32031e+01,    0.00000e+00,    0.00000e+00,    0.00000e+00,    1.94472e+00,    0.00000e+00,   -1.02242e+00,    0.00000e+00,         1.9433,               ,              3,             -1,       Disabled
  14/04/2026 13:16:42.319,    1.40199e+02,    2.08264e+00,    0.00000e+00,    6.56482e+03,    0.00000e+00,    4.53644e+02,    0.00000e+00,    2.09640e+00,    0.00000e+00,    7.65426e+02,    0.00000e+00,    1.93461e+01,    0.00000e+00,    2.32117e+01,    0.00000e+00,    0.00000e+00,    0.00000e+00,    1.94555e+00,    0.00000e+00,   -1.02242e+00,    0.00000e+00,        1.94413,               ,              3,             -1,       Disabled
  14/04/2026 13:16:43.173,    1.40033e+02,    2.08314e+00,    0.00000e+00,    6.52033e+03,    0.00000e+00,    4.54717e+02,    0.00000e+00,    2.09681e+00,    0.00000e+00,    7.65329e+02,    0.00000e+00,    1.93568e+01,    0.00000e+00,    2.32140e+01,    0.00000e+00,    0.00000e+00,    0.00000e+00,    1.94485e+00,    0.00000e+00,   -1.02242e+00,    0.00000e+00,        1.94344,               ,              3,             -1,       Disabled
  14/04/2026 13:16:44.027,    1.40018e+02,    2.08461e+00,    0.00000e+00,    6.58049e+03,    0.00000e+00,    4.59538e+02,    0.00000e+00,    2.09842e+00,    0.00000e+00,    7.65097e+02,    0.00000e+00,    1.93902e+01,    0.00000e+00,    2.32173e+01,    0.00000e+00,    0.00000e+00,    0.00000e+00,    1.94569e+00,    0.00000e+00,   -1.02242e+00,    0.00000e+00,        1.94427,               ,              3,             -1,       Disabled
  14/04/2026 13:16:44.881,    1.39976e+02,    2.08462e+00,    0.00000e+00,    6.61326e+03,    0.00000e+00,    4.52667e+02,    0.00000e+00,    2.09849e+00,    0.00000e+00,    7.65451e+02,    0.00000e+00,    1.93804e+01,    0.00000e+00,    2.32286e+01,    0.00000e+00,    0.00000e+00,    0.00000e+00,    1.94641e+00,    0.00000e+00,   -1.02242e+00,    0.00000e+00,        1.94499,               ,              3,             -1,       Disabled
  14/04/2026 13:16:45.735,    1.40287e+02,    2.08467e+00,    0.00000e+00,    6.69752e+03,    0.00000e+00,    4.54016e+02,    0.00000e+00,    2.09872e+00,    0.00000e+00,    7.65443e+02,    0.00000e+00,    1.93633e+01,    0.00000e+00,    2.32372e+01,    0.00000e+00,    0.00000e+00,    0.00000e+00,    1.94725e+00,    0.00000e+00,   -1.02242e+00,    0.00000e+00,        1.94584,               ,              3,             -1,       Disabled
  14/04/2026 13:16:46.591,    1.40002e+02,    2.08418e+00,    0.00000e+00,    6.65937e+03,    0.00000e+00,    4.49468e+02,    0.00000e+00,    2.09815e+00,    0.00000e+00,    7.65426e+02,    0.00000e+00,    1.93879e+01,    0.00000e+00,    2.32428e+01,    0.00000e+00,    0.00000e+00,    0.00000e+00,    1.94641e+00,    0.00000e+00,   -1.02242e+00,    0.00000e+00,        1.94501,               ,              3,             -1,       Disabled
  14/04/2026 13:16:47.445,    1.40104e+02,    2.08559e+00,    0.00000e+00,    6.61141e+03,    0.00000e+00,    4.54681e+02,    0.00000e+00,    2.09947e+00,    0.00000e+00,    7.65446e+02,    0.00000e+00,    1.93927e+01,    0.00000e+00,    2.32477e+01,    0.00000e+00,    0.00000e+00,    0.00000e+00,    1.94970e+00,    0.00000e+00,   -1.02242e+00,    0.00000e+00,        1.94828,               ,              3,             -1,       Disabled
  14/04/2026 13:16:48.298,    1.40059e+02,    2.08564e+00,    0.00000e+00,    6.64078e+03,    0.00000e+00,    4.56161e+02,    0.00000e+00,    2.09958e+00,    0.00000e+00,    7.65436e+02,    0.00000e+00,    1.93709e+01,    0.00000e+00,    2.32519e+01,    0.00000e+00,    0.00000e+00,    0.00000e+00,    1.95033e+00,    0.00000e+00,   -1.02242e+00,    0.00000e+00,        1.94891,               ,              3,             -1,       Disabled
  14/04/2026 13:16:49.153,    1.40895e+02,    2.08403e+00,    0.00000e+00,    6.57044e+03,    0.00000e+00,    4.53745e+02,    0.00000e+00,    2.09781e+00,    0.00000e+00,    7.65446e+02,    0.00000e+00,    1.93984e+01,    0.00000e+00,    2.32572e+01,    0.00000e+00,    0.00000e+00,    0.00000e+00,    1.95051e+00,    0.00000e+00,   -1.02242e+00,    0.00000e+00,        1.94909,               ,              3,             -1,       Disabled
  14/04/2026 13:16:50.007,    1.39506e+02,    2.08455e+00,    0.00000e+00,    6.55341e+03,    0.00000e+00,    4.57431e+02,    0.00000e+00,    2.09830e+00,    0.00000e+00,    7.65490e+02,    0.00000e+00,    1.93964e+01,    0.00000e+00,    2.32626e+01,    0.00000e+00,    0.00000e+00,    0.00000e+00,    1.95293e+00,    0.00000e+00,   -1.02242e+00,    0.00000e+00,         1.9515,               ,              3,             -1,       Disabled
  14/04/2026 13:16:50.863,    1.39495e+02,    2.08623e+00,    0.00000e+00,    6.46901e+03,    0.00000e+00,    4.52664e+02,    0.00000e+00,    2.09981e+00,    0.00000e+00,    7.65430e+02,    0.00000e+00,    1.94235e+01,    0.00000e+00,    2.32671e+01,    0.00000e+00,    0.00000e+00,    0.00000e+00,    1.95112e+00,    0.00000e+00,   -1.02242e+00,    0.00000e+00,         1.9497,               ,              3,             -1,       Disabled
  14/04/2026 13:16:51.716,    1.40263e+02,    2.08440e+00,    0.00000e+00,    6.57239e+03,    0.00000e+00,    4.52357e+02,    0.00000e+00,    2.09819e+00,    0.00000e+00,    7.65438e+02,    0.00000e+00,    1.94385e+01,    0.00000e+00,    2.32719e+01,    0.00000e+00,    0.00000e+00,    0.00000e+00,    1.95361e+00,    0.00000e+00,   -1.02242e+00,    0.00000e+00,        1.95219,               ,              3,             -1,       Disabled
  14/04/2026 13:16:52.570,    1.40453e+02,    2.08282e+00,    0.00000e+00,    6.56894e+03,    0.00000e+00,    4.53265e+02,    0.00000e+00,    2.09659e+00,    0.00000e+00,    7.65368e+02,    0.00000e+00,    1.94082e+01,    0.00000e+00,    2.32755e+01,    0.00000e+00,    0.00000e+00,    0.00000e+00,    1.95502e+00,    0.00000e+00,   -1.02242e+00,    0.00000e+00,        1.95359,               ,              3,             -1,       Disabled
  14/04/2026 13:16:53.424,    1.39951e+02,    2.08390e+00,    0.00000e+00,    6.54355e+03,    0.00000e+00,    4.49788e+02,    0.00000e+00,    2.09763e+00,    0.00000e+00,    7.65398e+02,    0.00000e+00,    1.93771e+01,    0.00000e+00,    2.32824e+01,    0.00000e+00,    0.00000e+00,    0.00000e+00,    1.95415e+00,    0.00000e+00,   -1.02242e+00,    0.00000e+00,        1.95273,               ,              3,             -1,       Disabled
  14/04/2026 13:16:54.279,    1.39876e+02,    2.08302e+00,    0.00000e+00,    6.58080e+03,    0.00000e+00,    4.48405e+02,    0.00000e+00,    2.09682e+00,    0.00000e+00,    7.65405e+02,    0.00000e+00,    1.94089e+01,    0.00000e+00,    2.32872e+01,    0.00000e+00,    0.00000e+00,    0.00000e+00,    1.95555e+00,    0.00000e+00,   -1.02242e+00,    0.00000e+00,        1.95413,               ,              3,             -1,       Disabled
  14/04/2026 13:16:55.134,    1.39814e+02,    2.08410e+00,    0.00000e+00,    6.47872e+03,    0.00000e+00,    4.53343e+02,    0.00000e+00,    2.09769e+00,    0.00000e+00,    7.65440e+02,    0.00000e+00,    1.94090e+01,    0.00000e+00,    2.32949e+01,    0.00000e+00,    0.00000e+00,    0.00000e+00,    1.95574e+00,    0.00000e+00,   -1.02242e+00,    0.00000e+00,        1.95431,               ,              3,             -1,       Disabled
  14/04/2026 13:16:55.988,    1.40047e+02,    2.08128e+00,    0.00000e+00,    6.63824e+03,    0.00000e+00,    4.50627e+02,    0.00000e+00,    2.09519e+00,    0.00000e+00,    7.65368e+02,    0.00000e+00,    1.93876e+01,    0.00000e+00,    2.32984e+01,    0.00000e+00,    0.00000e+00,    0.00000e+00,    1.95745e+00,    0.00000e+00,   -1.02242e+00,    0.00000e+00,        1.95603,               ,              3,             -1,       Disabled
  14/04/2026 13:16:56.842,    1.39879e+02,    2.08149e+00,    0.00000e+00,    6.53705e+03,    0.00000e+00,    4.48044e+02,    0.00000e+00,    2.09519e+00,    0.00000e+00,    7.65390e+02,    0.00000e+00,    1.94154e+01,    0.00000e+00,    2.33033e+01,    0.00000e+00,    0.00000e+00,    0.00000e+00,    1.95736e+00,    0.00000e+00,   -1.02242e+00,    0.00000e+00,        1.95594,               ,              3,             -1,       Disabled
  14/04/2026 13:16:57.696,    1.40140e+02,    2.08306e+00,    0.00000e+00,    6.44744e+03,    0.00000e+00,    4.48550e+02,    0.00000e+00,    2.09658e+00,    0.00000e+00,    7.65380e+02,    0.00000e+00,    1.94161e+01,    0.00000e+00,    2.33090e+01,    0.00000e+00,    0.00000e+00,    0.00000e+00,    1.95888e+00,    0.00000e+00,   -1.02242e+00,    0.00000e+00,        1.95746,               ,              3,             -1,       Disabled
  14/04/2026 13:16:58.550,    1.40559e+02,    2.08116e+00,    0.00000e+00,    6.51601e+03,    0.00000e+00,    4.48145e+02,    0.00000e+00,    2.09481e+00,    0.00000e+00,    7.65362e+02,    0.00000e+00,    1.93996e+01,    0.00000e+00,    2.33144e+01,    0.00000e+00,    0.00000e+00,    0.00000e+00,    1.95842e+00,    0.00000e+00,   -1.02242e+00,    0.00000e+00,          1.957,               ,              3,             -1,       Disabled
  14/04/2026 13:16:59.406,    1.40650e+02,    2.08109e+00,    0.00000e+00,    6.48791e+03,    0.00000e+00,    4.47417e+02,    0.00000e+00,    2.09468e+00,    0.00000e+00,    7.65392e+02,    0.00000e+00,    1.94259e+01,    0.00000e+00,    2.33195e+01,    0.00000e+00,    0.00000e+00,    0.00000e+00,    1.95916e+00,    0.00000e+00,   -1.02242e+00,    0.00000e+00,        1.95774,               ,              3,             -1,       Disabled
  14/04/2026 13:17:00.260,    1.40929e+02,    2.08220e+00,    0.00000e+00,    6.43943e+03,    0.00000e+00,    4.47903e+02,    0.00000e+00,    2.09569e+00,    0.00000e+00,    7.65369e+02,    0.00000e+00,    1.94316e+01,    0.00000e+00,    2.33248e+01,    0.00000e+00,    0.00000e+00,    0.00000e+00,    1.96001e+00,    0.00000e+00,   -1.02242e+00,    0.00000e+00,        1.95859,               ,              3,             -1,       Disabled
  14/04/2026 13:17:01.113,    1.40261e+02,    2.08184e+00,    0.00000e+00,    6.58740e+03,    0.00000e+00,    4.49868e+02,    0.00000e+00,    2.09565e+00,    0.00000e+00,    7.65367e+02,    0.00000e+00,    1.94048e+01,    0.00000e+00,    2.33327e+01,    0.00000e+00,    0.00000e+00,    0.00000e+00,    1.95998e+00,    0.00000e+00,   -1.02242e+00,    0.00000e+00,        1.95855,               ,              3,             -1,       Disabled
  14/04/2026 13:17:01.968,    1.40558e+02,    2.07973e+00,    0.00000e+00,    6.40756e+03,    0.00000e+00,    4.44670e+02,    0.00000e+00,    2.09314e+00,    0.00000e+00,    7.65397e+02,    0.00000e+00,    1.94281e+01,    0.00000e+00,    2.33360e+01,    0.00000e+00,    0.00000e+00,    0.00000e+00,    1.96289e+00,    0.00000e+00,   -1.02242e+00,    0.00000e+00,        1.96147,               ,              3,             -1,       Disabled
  14/04/2026 13:17:02.822,    1.40016e+02,    2.08120e+00,    0.00000e+00,    6.50084e+03,    0.00000e+00,    4.42379e+02,    0.00000e+00,    2.09481e+00,    0.00000e+00,    7.65396e+02,    0.00000e+00,    1.94331e+01,    0.00000e+00,    2.33409e+01,    0.00000e+00,    0.00000e+00,    0.00000e+00,    1.96184e+00,    0.00000e+00,   -1.02242e+00,    0.00000e+00,        1.96043,               ,              3,             -1,       Disabled
  14/04/2026 13:17:03.678,    1.39425e+02,    2.08140e+00,    0.00000e+00,    6.48808e+03,    0.00000e+00,    4.43564e+02,    0.00000e+00,    2.09499e+00,    0.00000e+00,    7.65391e+02,    0.00000e+00,    1.94146e+01,    0.00000e+00,    2.33461e+01,    0.00000e+00,    0.00000e+00,    0.00000e+00,    1.96159e+00,    0.00000e+00,   -1.02242e+00,    0.00000e+00,        1.96018,               ,              3,             -1,       Disabled
  14/04/2026 13:17:04.531,    1.39934e+02,    2.08203e+00,    0.00000e+00,    6.41005e+03,    0.00000e+00,    4.44796e+02,    0.00000e+00,    2.09546e+00,    0.00000e+00,    7.65399e+02,    0.00000e+00,    1.94328e+01,    0.00000e+00,    2.33518e+01,    0.00000e+00,    0.00000e+00,    0.00000e+00,    1.96242e+00,    0.00000e+00,   -1.02242e+00,    0.00000e+00,          1.961,               ,              3,             -1,       Disabled
  14/04/2026 13:17:05.385,    1.39792e+02,    2.07999e+00,    0.00000e+00,    6.31036e+03,    0.00000e+00,    4.45090e+02,    0.00000e+00,    2.09320e+00,    0.00000e+00,    7.65378e+02,    0.00000e+00,    1.94417e+01,    0.00000e+00,    2.33571e+01,    0.00000e+00,    0.00000e+00,    0.00000e+00,    1.96356e+00,    0.00000e+00,   -1.02242e+00,    0.00000e+00,        1.96214,               ,              3,             -1,       Disabled
  14/04/2026 13:17:06.240,    1.39868e+02,    2.08109e+00,    0.00000e+00,    6.36826e+03,    0.00000e+00,    4.42394e+02,    0.00000e+00,    2.09443e+00,    0.00000e+00,    7.65365e+02,    0.00000e+00,    1.94214e+01,    0.00000e+00,    2.33607e+01,    0.00000e+00,    0.00000e+00,    0.00000e+00,    1.96300e+00,    0.00000e+00,   -1.02242e+00,    0.00000e+00,        1.96159,               ,              3,             -1,       Disabled
  14/04/2026 13:17:07.094,    1.39668e+02,    2.08024e+00,    0.00000e+00,    6.41884e+03,    0.00000e+00,    4.40228e+02,    0.00000e+00,    2.09368e+00,    0.00000e+00,    7.65427e+02,    0.00000e+00,    1.94482e+01,    0.00000e+00,    2.33644e+01,    0.00000e+00,    0.00000e+00,    0.00000e+00,    1.96329e+00,    0.00000e+00,   -1.02242e+00,    0.00000e+00,        1.96188,               ,              3,             -1,       Disabled
  14/04/2026 13:17:07.949,    1.40087e+02,    2.08164e+00,    0.00000e+00,    6.50052e+03,    0.00000e+00,    4.42048e+02,    0.00000e+00,    2.09526e+00,    0.00000e+00,    7.65365e+02,    0.00000e+00,    1.94503e+01,    0.00000e+00,    2.33687e+01,    0.00000e+00,    0.00000e+00,    0.00000e+00,    1.96332e+00,    0.00000e+00,   -1.02242e+00,    0.00000e+00,        1.96191,               ,              3,             -1,       Disabled
  14/04/2026 13:17:08.803,    1.40243e+02,    2.08006e+00,    0.00000e+00,    6.56604e+03,    0.00000e+00,    4.42771e+02,    0.00000e+00,    2.09381e+00,    0.00000e+00,    7.65381e+02,    0.00000e+00,    1.94524e+01,    0.00000e+00,    2.33726e+01,    0.00000e+00,    0.00000e+00,    0.00000e+00,    1.96295e+00,    0.00000e+00,   -1.02242e+00,    0.00000e+00,        1.96154,               ,              3,             -1,       Disabled
  14/04/2026 13:17:09.657,    1.40696e+02,    2.08209e+00,    0.00000e+00,    6.63883e+03,    0.00000e+00,    4.42141e+02,    0.00000e+00,    2.09601e+00,    0.00000e+00,    7.65407e+02,    0.00000e+00,    1.94499e+01,    0.00000e+00,    2.33773e+01,    0.00000e+00,    0.00000e+00,    0.00000e+00,    1.96396e+00,    0.00000e+00,   -1.02242e+00,    0.00000e+00,        1.96254,               ,              3,             -1,       Disabled
  14/04/2026 13:17:10.511,    1.40164e+02,    2.08156e+00,    0.00000e+00,    6.69908e+03,    0.00000e+00,    4.39772e+02,    0.00000e+00,    2.09560e+00,    0.00000e+00,    7.65370e+02,    0.00000e+00,    1.94512e+01,    0.00000e+00,    2.33822e+01,    0.00000e+00,    0.00000e+00,    0.00000e+00,    1.96392e+00,    0.00000e+00,   -1.02242e+00,    0.00000e+00,        1.96251,               ,              3,             -1,       Disabled
  14/04/2026 13:17:11.366,    1.40219e+02,    2.08333e+00,    0.00000e+00,    6.63568e+03,    0.00000e+00,    4.43671e+02,    0.00000e+00,    2.09724e+00,    0.00000e+00,    7.65408e+02,    0.00000e+00,    1.94587e+01,    0.00000e+00,    2.33882e+01,    0.00000e+00,    0.00000e+00,    0.00000e+00,    1.96264e+00,    0.00000e+00,   -1.02242e+00,    0.00000e+00,        1.96122,               ,              3,             -1,       Disabled
  14/04/2026 13:17:12.221,    1.40399e+02,    2.08373e+00,    0.00000e+00,    6.56290e+03,    0.00000e+00,    4.42193e+02,    0.00000e+00,    2.09749e+00,    0.00000e+00,    7.65343e+02,    0.00000e+00,    1.94631e+01,    0.00000e+00,    2.33927e+01,    0.00000e+00,    0.00000e+00,    0.00000e+00,    1.96293e+00,    0.00000e+00,   -1.02242e+00,    0.00000e+00,        1.96151,               ,              3,             -1,       Disabled
  14/04/2026 13:17:13.075,    1.40887e+02,    2.08318e+00,    0.00000e+00,    6.48904e+03,    0.00000e+00,    4.45608e+02,    0.00000e+00,    2.09679e+00,    0.00000e+00,    7.65387e+02,    0.00000e+00,    1.94574e+01,    0.00000e+00,    2.34001e+01,    0.00000e+00,    0.00000e+00,    0.00000e+00,    1.96244e+00,    0.00000e+00,   -1.02242e+00,    0.00000e+00,        1.96102,               ,              3,             -1,       Disabled
  14/04/2026 13:17:13.929,    1.39530e+02,    2.08328e+00,    0.00000e+00,    6.55624e+03,    0.00000e+00,    4.45072e+02,    0.00000e+00,    2.09703e+00,    0.00000e+00,    7.65336e+02,    0.00000e+00,    1.94455e+01,    0.00000e+00,    2.34071e+01,    0.00000e+00,    0.00000e+00,    0.00000e+00,    1.96224e+00,    0.00000e+00,   -1.02236e+00,    0.00000e+00,        1.96082,               ,              3,             -1,       Disabled
  14/04/2026 13:17:14.783,    1.39977e+02,    2.08299e+00,    0.00000e+00,    6.51048e+03,    0.00000e+00,    4.50344e+02,    0.00000e+00,    2.09664e+00,    0.00000e+00,    7.65372e+02,    0.00000e+00,    1.94743e+01,    0.00000e+00,    2.34105e+01,    0.00000e+00,    0.00000e+00,    0.00000e+00,    1.96139e+00,    0.00000e+00,   -1.02236e+00,    0.00000e+00,        1.95996,               ,              3,             -1,       Disabled
  14/04/2026 13:17:15.638,    1.39527e+02,    2.08398e+00,    0.00000e+00,    6.51205e+03,    0.00000e+00,    4.45438e+02,    0.00000e+00,    2.09764e+00,    0.00000e+00,    7.65362e+02,    0.00000e+00,    1.94726e+01,    0.00000e+00,    2.34149e+01,    0.00000e+00,    0.00000e+00,    0.00000e+00,    1.96177e+00,    0.00000e+00,   -1.02231e+00,    0.00000e+00,        1.96035,               ,              3,             -1,       Disabled
  14/04/2026 13:17:16.493,    1.40330e+02,    2.08277e+00,    0.00000e+00,    6.43376e+03,    0.00000e+00,    4.43957e+02,    0.00000e+00,    2.09626e+00,    0.00000e+00,    7.65411e+02,    0.00000e+00,    1.94486e+01,    0.00000e+00,    2.34242e+01,    0.00000e+00,    0.00000e+00,    0.00000e+00,    1.96149e+00,    0.00000e+00,   -1.02231e+00,    0.00000e+00,        1.96007,               ,              3,             -1,       Disabled
  14/04/2026 13:17:17.346,    1.39370e+02,    2.08486e+00,    0.00000e+00,    6.55294e+03,    0.00000e+00,    4.50911e+02,    0.00000e+00,    2.09862e+00,    0.00000e+00,    7.65359e+02,    0.00000e+00,    1.94705e+01,    0.00000e+00,    2.34291e+01,    0.00000e+00,    0.00000e+00,    0.00000e+00,    1.96155e+00,    0.00000e+00,   -1.02231e+00,    0.00000e+00,        1.96013,               ,              3,             -1,       Disabled
  14/04/2026 13:17:18.200,    1.39795e+02,    2.08381e+00,    0.00000e+00,    6.47829e+03,    0.00000e+00,    4.46088e+02,    0.00000e+00,    2.09739e+00,    0.00000e+00,    7.65383e+02,    0.00000e+00,    1.94774e+01,    0.00000e+00,    2.34347e+01,    0.00000e+00,    0.00000e+00,    0.00000e+00,    1.96125e+00,    0.00000e+00,   -1.02231e+00,    0.00000e+00,        1.95983,               ,              3,             -1,       Disabled
  14/04/2026 13:17:19.055,    1.39468e+02,    2.08364e+00,    0.00000e+00,    6.45988e+03,    0.00000e+00,    4.45797e+02,    0.00000e+00,    2.09718e+00,    0.00000e+00,    7.65379e+02,    0.00000e+00,    1.94552e+01,    0.00000e+00,    2.34369e+01,    0.00000e+00,    0.00000e+00,    0.00000e+00,    1.96002e+00,    0.00000e+00,   -1.02226e+00,    0.00000e+00,        1.95861,               ,              3,             -1,       Disabled
  14/04/2026 13:17:19.909,    1.39121e+02,    2.08379e+00,    0.00000e+00,    6.50581e+03,    0.00000e+00,    4.45766e+02,    0.00000e+00,    2.09744e+00,    0.00000e+00,    7.65372e+02,    0.00000e+00,    1.94797e+01,    0.00000e+00,    2.34397e+01,    0.00000e+00,    0.00000e+00,    0.00000e+00,    1.96002e+00,    0.00000e+00,   -1.02226e+00,    0.00000e+00,        1.95861,               ,              3,             -1,       Disabled
  14/04/2026 13:17:20.765,    1.40298e+02,    2.08563e+00,    0.00000e+00,    6.42494e+03,    0.00000e+00,    4.49393e+02,    0.00000e+00,    2.09911e+00,    0.00000e+00,    7.65363e+02,    0.00000e+00,    1.94868e+01,    0.00000e+00,    2.34468e+01,    0.00000e+00,    0.00000e+00,    0.00000e+00,    1.95844e+00,    0.00000e+00,   -1.02220e+00,    0.00000e+00,        1.95702,               ,              3,             -1,       Disabled
  14/04/2026 13:17:21.618,    1.39424e+02,    2.08582e+00,    0.00000e+00,    6.46055e+03,    0.00000e+00,    4.46543e+02,    0.00000e+00,    2.09938e+00,    0.00000e+00,    7.65321e+02,    0.00000e+00,    1.95199e+01,    0.00000e+00,    2.34503e+01,    0.00000e+00,    0.00000e+00,    0.00000e+00,    1.95931e+00,    0.00000e+00,   -1.02220e+00,    0.00000e+00,         1.9579,               ,              3,             -1,       Disabled
  14/04/2026 13:17:22.472,    1.40064e+02,    2.08596e+00,    0.00000e+00,    6.41958e+03,    0.00000e+00,    4.44085e+02,    0.00000e+00,    2.09944e+00,    0.00000e+00,    7.65319e+02,    0.00000e+00,    1.94901e+01,    0.00000e+00,    2.34552e+01,    0.00000e+00,    0.00000e+00,    0.00000e+00,    1.95767e+00,    0.00000e+00,   -1.02214e+00,    0.00000e+00,        1.95626,               ,              3,             -1,       Disabled
  14/04/2026 13:17:23.326,    1.39735e+02,    2.08649e+00,    0.00000e+00,    6.47935e+03,    0.00000e+00,    4.39886e+02,    0.00000e+00,    2.10010e+00,    0.00000e+00,    7.65343e+02,    0.00000e+00,    1.94942e+01,    0.00000e+00,    2.34594e+01,    0.00000e+00,    0.00000e+00,    0.00000e+00,    1.95743e+00,    0.00000e+00,   -1.02214e+00,    0.00000e+00,        1.95602,               ,              3,             -1,       Disabled
  14/04/2026 13:17:24.181,    1.40718e+02,    2.08707e+00,    0.00000e+00,    6.50595e+03,    0.00000e+00,    4.42522e+02,    0.00000e+00,    2.10073e+00,    0.00000e+00,    7.65398e+02,    0.00000e+00,    1.94698e+01,    0.00000e+00,    2.34662e+01,    0.00000e+00,    0.00000e+00,    0.00000e+00,    1.95680e+00,    0.00000e+00,   -1.02208e+00,    0.00000e+00,        1.95539,               ,              3,             -1,       Disabled
  14/04/2026 13:17:25.036,    1.39512e+02,    2.08649e+00,    0.00000e+00,    6.45535e+03,    0.00000e+00,    4.45473e+02,    0.00000e+00,    2.10005e+00,    0.00000e+00,    7.65303e+02,    0.00000e+00,    1.94902e+01,    0.00000e+00,    2.34710e+01,    0.00000e+00,    0.00000e+00,    0.00000e+00,    1.95531e+00,    0.00000e+00,   -1.02208e+00,    0.00000e+00,         1.9539,               ,              3,             -1,       Disabled
  14/04/2026 13:17:25.890,    1.40266e+02,    2.08598e+00,    0.00000e+00,    6.39222e+03,    0.00000e+00,    4.39060e+02,    0.00000e+00,    2.09940e+00,    0.00000e+00,    7.65409e+02,    0.00000e+00,    1.94944e+01,    0.00000e+00,    2.34748e+01,    0.00000e+00,    0.00000e+00,    0.00000e+00,    1.95576e+00,    0.00000e+00,   -1.02208e+00,    0.00000e+00,        1.95436,               ,              3,             -1,       Disabled
  14/04/2026 13:17:26.744,    1.39909e+02,    2.08596e+00,    0.00000e+00,    6.36725e+03,    0.00000e+00,    4.47029e+02,    0.00000e+00,    2.09933e+00,    0.00000e+00,    7.65402e+02,    0.00000e+00,    1.94698e+01,    0.00000e+00,    2.34828e+01,    0.00000e+00,    0.00000e+00,    0.00000e+00,    1.95565e+00,    0.00000e+00,   -1.02208e+00,    0.00000e+00,        1.95423,               ,              3,             -1,       Disabled
  14/04/2026 13:17:27.598,    1.39754e+02,    2.08634e+00,    0.00000e+00,    6.33316e+03,    0.00000e+00,    4.44326e+02,    0.00000e+00,    2.09964e+00,    0.00000e+00,    7.65317e+02,    0.00000e+00,    1.94984e+01,    0.00000e+00,    2.34862e+01,    0.00000e+00,    0.00000e+00,    0.00000e+00,    1.95622e+00,    0.00000e+00,   -1.02208e+00,    0.00000e+00,        1.95481,               ,              3,             -1,       Disabled
  14/04/2026 13:17:28.453,    1.40467e+02,    2.08406e+00,    0.00000e+00,    6.27548e+03,    0.00000e+00,    4.45342e+02,    0.00000e+00,    2.09722e+00,    0.00000e+00,    7.65421e+02,    0.00000e+00,    1.95004e+01,    0.00000e+00,    2.34934e+01,    0.00000e+00,    0.00000e+00,    0.00000e+00,    1.95677e+00,    0.00000e+00,   -1.02208e+00,    0.00000e+00,        1.95536,               ,              3,             -1,       Disabled
  14/04/2026 13:17:29.308,    1.39680e+02,    2.08537e+00,    0.00000e+00,    6.42404e+03,    0.00000e+00,    4.44114e+02,    0.00000e+00,    2.09886e+00,    0.00000e+00,    7.65381e+02,    0.00000e+00,    1.94807e+01,    0.00000e+00,    2.34992e+01,    0.00000e+00,    0.00000e+00,    0.00000e+00,    1.95627e+00,    0.00000e+00,   -1.02208e+00,    0.00000e+00,        1.95486,               ,              3,             -1,       Disabled
  14/04/2026 13:17:30.161,    1.40106e+02,    2.08531e+00,    0.00000e+00,    6.36653e+03,    0.00000e+00,    4.46956e+02,    0.00000e+00,    2.09867e+00,    0.00000e+00,    7.65425e+02,    0.00000e+00,    1.95018e+01,    0.00000e+00,    2.35044e+01,    0.00000e+00,    0.00000e+00,    0.00000e+00,    1.95442e+00,    0.00000e+00,   -1.02208e+00,    0.00000e+00,        1.95301,               ,              3,             -1,       Disabled
  14/04/2026 13:17:31.016,    1.39899e+02,    2.08533e+00,    0.00000e+00,    6.49464e+03,    0.00000e+00,    4.49592e+02,    0.00000e+00,    2.09896e+00,    0.00000e+00,    7.65408e+02,    0.00000e+00,    1.94988e+01,    0.00000e+00,    2.35086e+01,    0.00000e+00,    0.00000e+00,    0.00000e+00,    1.95590e+00,    0.00000e+00,   -1.02208e+00,    0.00000e+00,        1.95448,               ,              3,             -1,       Disabled
  14/04/2026 13:17:31.870,    1.39893e+02,    2.08502e+00,    0.00000e+00,    6.43272e+03,    0.00000e+00,    4.48904e+02,    0.00000e+00,    2.09851e+00,    0.00000e+00,    7.65373e+02,    0.00000e+00,    1.94879e+01,    0.00000e+00,    2.35130e+01,    0.00000e+00,    0.00000e+00,    0.00000e+00,    1.95608e+00,    0.00000e+00,   -1.02208e+00,    0.00000e+00,        1.95466,               ,              3,             -1,       Disabled
  14/04/2026 13:17:32.725,    1.39064e+02,    2.08406e+00,    0.00000e+00,    6.61951e+03,    0.00000e+00,    4.43981e+02,    0.00000e+00,    2.09795e+00,    0.00000e+00,    7.65450e+02,    0.00000e+00,    1.94986e+01,    0.00000e+00,    2.35204e+01,    0.00000e+00,    0.00000e+00,    0.00000e+00,    1.95636e+00,    0.00000e+00,   -1.02208e+00,    0.00000e+00,        1.95495,               ,              3,             -1,       Disabled
  14/04/2026 13:17:33.580,    1.39870e+02,    2.08581e+00,    0.00000e+00,    6.58058e+03,    0.00000e+00,    4.47438e+02,    0.00000e+00,    2.09963e+00,    0.00000e+00,    7.65363e+02,    0.00000e+00,    1.95032e+01,    0.00000e+00,    2.35246e+01,    0.00000e+00,    0.00000e+00,    0.00000e+00,    1.95410e+00,    0.00000e+00,   -1.02208e+00,    0.00000e+00,        1.95269,               ,              3,             -1,       Disabled
  14/04/2026 13:17:34.433,    1.39502e+02,    2.08490e+00,    0.00000e+00,    6.55089e+03,    0.00000e+00,    4.52503e+02,    0.00000e+00,    2.09865e+00,    0.00000e+00,    7.65393e+02,    0.00000e+00,    1.95068e+01,    0.00000e+00,    2.35282e+01,    0.00000e+00,    0.00000e+00,    0.00000e+00,    1.95410e+00,    0.00000e+00,   -1.02208e+00,    0.00000e+00,        1.95268,               ,              3,             -1,       Disabled
  14/04/2026 13:17:35.287,    1.39913e+02,    2.08513e+00,    0.00000e+00,    6.46726e+03,    0.00000e+00,    4.46123e+02,    0.00000e+00,    2.09871e+00,    0.00000e+00,    7.65452e+02,    0.00000e+00,    1.95030e+01,    0.00000e+00,    2.35338e+01,    0.00000e+00,    0.00000e+00,    0.00000e+00,    1.95353e+00,    0.00000e+00,   -1.02208e+00,    0.00000e+00,        1.95212,               ,              3,             -1,       Disabled
  14/04/2026 13:17:36.142,    1.39865e+02,    2.08614e+00,    0.00000e+00,    6.57143e+03,    0.00000e+00,    4.51178e+02,    0.00000e+00,    2.09994e+00,    0.00000e+00,    7.65393e+02,    0.00000e+00,    1.95064e+01,    0.00000e+00,    2.35401e+01,    0.00000e+00,    0.00000e+00,    0.00000e+00,    1.95488e+00,    0.00000e+00,   -1.02208e+00,    0.00000e+00,        1.95346,               ,              3,             -1,       Disabled
  14/04/2026 13:17:36.997,    1.40004e+02,    2.08484e+00,    0.00000e+00,    6.52453e+03,    0.00000e+00,    4.43367e+02,    0.00000e+00,    2.09854e+00,    0.00000e+00,    7.65421e+02,    0.00000e+00,    1.94934e+01,    0.00000e+00,    2.35460e+01,    0.00000e+00,    0.00000e+00,    0.00000e+00,    1.95665e+00,    0.00000e+00,   -1.02208e+00,    0.00000e+00,        1.95524,               ,              3,             -1,       Disabled
  14/04/2026 13:17:37.851,    1.39909e+02,    2.08209e+00,    0.00000e+00,    6.50881e+03,    0.00000e+00,    4.47234e+02,    0.00000e+00,    2.09574e+00,    0.00000e+00,    7.65428e+02,    0.00000e+00,    1.95076e+01,    0.00000e+00,    2.35517e+01,    0.00000e+00,    0.00000e+00,    0.00000e+00,    1.95716e+00,    0.00000e+00,   -1.02208e+00,    0.00000e+00,        1.95574,               ,              3,             -1,       Disabled
  14/04/2026 13:17:38.705,    1.39670e+02,    2.08308e+00,    0.00000e+00,    6.51171e+03,    0.00000e+00,    4.46340e+02,    0.00000e+00,    2.09674e+00,    0.00000e+00,    7.65383e+02,    0.00000e+00,    1.95025e+01,    0.00000e+00,    2.35571e+01,    0.00000e+00,    0.00000e+00,    0.00000e+00,    1.95523e+00,    0.00000e+00,   -1.02208e+00,    0.00000e+00,        1.95381,               ,              3,             -1,       Disabled
  14/04/2026 13:17:39.559,    1.39294e+02,    2.08377e+00,    0.00000e+00,    6.46221e+03,    0.00000e+00,    4.45933e+02,    0.00000e+00,    2.09732e+00,    0.00000e+00,    7.65422e+02,    0.00000e+00,    1.95053e+01,    0.00000e+00,    2.35616e+01,    0.00000e+00,    0.00000e+00,    0.00000e+00,    1.95439e+00,    0.00000e+00,   -1.02208e+00,    0.00000e+00,        1.95298,               ,              3,             -1,       Disabled
  14/04/2026 13:17:40.413,    1.39790e+02,    2.08365e+00,    0.00000e+00,    6.40890e+03,    0.00000e+00,    4.48976e+02,    0.00000e+00,    2.09709e+00,    0.00000e+00,    7.65432e+02,    0.00000e+00,    1.95031e+01,    0.00000e+00,    2.35660e+01,    0.00000e+00,    0.00000e+00,    0.00000e+00,    1.95539e+00,    0.00000e+00,   -1.02208e+00,    0.00000e+00,        1.95398,               ,              3,             -1,       Disabled
  14/04/2026 13:17:41.268,    1.41431e+02,    2.08510e+00,    0.00000e+00,    6.53944e+03,    0.00000e+00,    4.49399e+02,    0.00000e+00,    2.09883e+00,    0.00000e+00,    7.65433e+02,    0.00000e+00,    1.94991e+01,    0.00000e+00,    2.35692e+01,    0.00000e+00,    0.00000e+00,    0.00000e+00,    1.95424e+00,    0.00000e+00,   -1.02203e+00,    0.00000e+00,        1.95283,               ,              3,             -1,       Disabled
  14/04/2026 13:17:42.123,    1.40546e+02,    2.08167e+00,    0.00000e+00,    6.44062e+03,    0.00000e+00,    4.47378e+02,    0.00000e+00,    2.09516e+00,    0.00000e+00,    7.65422e+02,    0.00000e+00,    1.95074e+01,    0.00000e+00,    2.35698e+01,    0.00000e+00,    0.00000e+00,    0.00000e+00,    1.95452e+00,    0.00000e+00,   -1.02203e+00,    0.00000e+00,        1.95311,               ,              3,             -1,       Disabled
  14/04/2026 13:17:42.976,    1.38914e+02,    2.08281e+00,    0.00000e+00,    6.41391e+03,    0.00000e+00,    4.46059e+02,    0.00000e+00,    2.09625e+00,    0.00000e+00,    7.65434e+02,    0.00000e+00,    1.95093e+01,    0.00000e+00,    2.35740e+01,    0.00000e+00,    0.00000e+00,    0.00000e+00,    1.95414e+00,    0.00000e+00,   -1.02203e+00,    0.00000e+00,        1.95273,               ,              3,             -1,       Disabled
  14/04/2026 13:17:43.831,    1.40433e+02,    2.08453e+00,    0.00000e+00,    6.43610e+03,    0.00000e+00,    4.41238e+02,    0.00000e+00,    2.09803e+00,    0.00000e+00,    7.65428e+02,    0.00000e+00,    1.95047e+01,    0.00000e+00,    2.35790e+01,    0.00000e+00,    0.00000e+00,    0.00000e+00,    1.95282e+00,    0.00000e+00,   -1.02203e+00,    0.00000e+00,        1.95142,               ,              3,             -1,       Disabled
  14/04/2026 13:17:44.685,    1.39502e+02,    2.08403e+00,    0.00000e+00,    6.45361e+03,    0.00000e+00,    4.44543e+02,    0.00000e+00,    2.09757e+00,    0.00000e+00,    7.65440e+02,    0.00000e+00,    1.95267e+01,    0.00000e+00,    2.35868e+01,    0.00000e+00,    0.00000e+00,    0.00000e+00,    1.95318e+00,    0.00000e+00,   -1.02198e+00,    0.00000e+00,        1.95178,               ,              3,             -1,       Disabled
  14/04/2026 13:17:45.540,    1.39724e+02,    2.08494e+00,    0.00000e+00,    6.49931e+03,    0.00000e+00,    4.44506e+02,    0.00000e+00,    2.09858e+00,    0.00000e+00,    7.65447e+02,    0.00000e+00,    1.95114e+01,    0.00000e+00,    2.35900e+01,    0.00000e+00,    0.00000e+00,    0.00000e+00,    1.95348e+00,    0.00000e+00,   -1.02198e+00,    0.00000e+00,        1.95208,               ,              3,             -1,       Disabled
  14/04/2026 13:17:46.395,    1.40214e+02,    2.08399e+00,    0.00000e+00,    6.49103e+03,    0.00000e+00,    4.47705e+02,    0.00000e+00,    2.09760e+00,    0.00000e+00,    7.65432e+02,    0.00000e+00,    1.95119e+01,    0.00000e+00,    2.35949e+01,    0.00000e+00,    0.00000e+00,    0.00000e+00,    1.95362e+00,    0.00000e+00,   -1.02193e+00,    0.00000e+00,        1.95221,               ,              3,             -1,       Disabled
  14/04/2026 13:17:47.248,    1.39304e+02,    2.08645e+00,    0.00000e+00,    6.50163e+03,    0.00000e+00,    4.49614e+02,    0.00000e+00,    2.10011e+00,    0.00000e+00,    7.65472e+02,    0.00000e+00,    1.95176e+01,    0.00000e+00,    2.35982e+01,    0.00000e+00,    0.00000e+00,    0.00000e+00,    1.95332e+00,    0.00000e+00,   -1.02193e+00,    0.00000e+00,         1.9519,               ,              3,             -1,       Disabled
  14/04/2026 13:17:48.102,    1.40406e+02,    2.08520e+00,    0.00000e+00,    6.46130e+03,    0.00000e+00,    4.50267e+02,    0.00000e+00,    2.09876e+00,    0.00000e+00,    7.65458e+02,    0.00000e+00,    1.95227e+01,    0.00000e+00,    2.36033e+01,    0.00000e+00,    0.00000e+00,    0.00000e+00,    1.95452e+00,    0.00000e+00,   -1.02187e+00,    0.00000e+00,         1.9531,               ,              3,             -1,       Disabled
  14/04/2026 13:17:48.957,    1.40158e+02,    2.08503e+00,    0.00000e+00,    6.45178e+03,    0.00000e+00,    4.44699e+02,    0.00000e+00,    2.09857e+00,    0.00000e+00,    7.65394e+02,    0.00000e+00,    1.95248e+01,    0.00000e+00,    2.36104e+01,    0.00000e+00,    0.00000e+00,    0.00000e+00,    1.95399e+00,    0.00000e+00,   -1.02187e+00,    0.00000e+00,        1.95259,               ,              3,             -1,       Disabled
  14/04/2026 13:17:49.812,    1.40580e+02,    2.08337e+00,    0.00000e+00,    6.52454e+03,    0.00000e+00,    4.46161e+02,    0.00000e+00,    2.09705e+00,    0.00000e+00,    7.65462e+02,    0.00000e+00,    1.95352e+01,    0.00000e+00,    2.36178e+01,    0.00000e+00,    0.00000e+00,    0.00000e+00,    1.95711e+00,    0.00000e+00,   -1.02182e+00,    0.00000e+00,         1.9557,               ,              3,             -1,       Disabled
  14/04/2026 13:17:50.667,    1.39625e+02,    2.08150e+00,    0.00000e+00,    6.44783e+03,    0.00000e+00,    4.44983e+02,    0.00000e+00,    2.09501e+00,    0.00000e+00,    7.65402e+02,    0.00000e+00,    1.95424e+01,    0.00000e+00,    2.36201e+01,    0.00000e+00,    0.00000e+00,    0.00000e+00,    1.95622e+00,    0.00000e+00,   -1.02182e+00,    0.00000e+00,        1.95481,               ,              3,             -1,       Disabled
  14/04/2026 13:17:51.520,    1.40646e+02,    2.08297e+00,    0.00000e+00,    6.48832e+03,    0.00000e+00,    4.41310e+02,    0.00000e+00,    2.09657e+00,    0.00000e+00,    7.65413e+02,    0.00000e+00,    1.95359e+01,    0.00000e+00,    2.36248e+01,    0.00000e+00,    0.00000e+00,    0.00000e+00,    1.95750e+00,    0.00000e+00,   -1.02182e+00,    0.00000e+00,         1.9561,               ,              3,             -1,       Disabled
  14/04/2026 13:17:52.374,    1.39367e+02,    2.08236e+00,    0.00000e+00,    6.40654e+03,    0.00000e+00,    4.44186e+02,    0.00000e+00,    2.09579e+00,    0.00000e+00,    7.65445e+02,    0.00000e+00,    1.95590e+01,    0.00000e+00,    2.36287e+01,    0.00000e+00,    0.00000e+00,    0.00000e+00,    1.95786e+00,    0.00000e+00,   -1.02182e+00,    0.00000e+00,        1.95645,               ,              3,             -1,       Disabled
  14/04/2026 13:17:53.229,    1.40188e+02,    2.08191e+00,    0.00000e+00,    6.56565e+03,    0.00000e+00,    4.44110e+02,    0.00000e+00,    2.09567e+00,    0.00000e+00,    7.65430e+02,    0.00000e+00,    1.95416e+01,    0.00000e+00,    2.36316e+01,    0.00000e+00,    0.00000e+00,    0.00000e+00,    1.95685e+00,    0.00000e+00,   -1.02182e+00,    0.00000e+00,        1.95544,               ,              3,             -1,       Disabled
  14/04/2026 13:17:54.084,    1.39500e+02,    2.08299e+00,    0.00000e+00,    6.48287e+03,    0.00000e+00,    4.42742e+02,    0.00000e+00,    2.09658e+00,    0.00000e+00,    7.65461e+02,    0.00000e+00,    1.95412e+01,    0.00000e+00,    2.36360e+01,    0.00000e+00,    0.00000e+00,    0.00000e+00,    1.95530e+00,    0.00000e+00,   -1.02182e+00,    0.00000e+00,         1.9539,               ,              3,             -1,       Disabled
  14/04/2026 13:17:54.938,    1.39301e+02,    2.08254e+00,    0.00000e+00,    6.43979e+03,    0.00000e+00,    4.41663e+02,    0.00000e+00,    2.09604e+00,    0.00000e+00,    7.65429e+02,    0.00000e+00,    1.95505e+01,    0.00000e+00,    2.36400e+01,    0.00000e+00,    0.00000e+00,    0.00000e+00,    1.95680e+00,    0.00000e+00,   -1.02182e+00,    0.00000e+00,         1.9554,               ,              3,             -1,       Disabled
  14/04/2026 13:17:55.792,    1.39221e+02,    2.08129e+00,    0.00000e+00,    6.38360e+03,    0.00000e+00,    4.42854e+02,    0.00000e+00,    2.09466e+00,    0.00000e+00,    7.65410e+02,    0.00000e+00,    1.95549e+01,    0.00000e+00,    2.36437e+01,    0.00000e+00,    0.00000e+00,    0.00000e+00,    1.96251e+00,    0.00000e+00,   -1.02182e+00,    0.00000e+00,         1.9611,               ,              3,             -1,       Disabled
  14/04/2026 13:17:56.646,    1.39249e+02,    2.07971e+00,    0.00000e+00,    6.42202e+03,    0.00000e+00,    4.41001e+02,    0.00000e+00,    2.09316e+00,    0.00000e+00,    7.65435e+02,    0.00000e+00,    1.95552e+01,    0.00000e+00,    2.36446e+01,    0.00000e+00,    0.00000e+00,    0.00000e+00,    1.95885e+00,    0.00000e+00,   -1.02182e+00,    0.00000e+00,        1.95744,               ,              3,             -1,       Disabled
  14/04/2026 13:17:57.500,    1.40164e+02,    2.08370e+00,    0.00000e+00,    6.33441e+03,    0.00000e+00,    4.39930e+02,    0.00000e+00,    2.09698e+00,    0.00000e+00,    7.65350e+02,    0.00000e+00,    1.95711e+01,    0.00000e+00,    2.36507e+01,    0.00000e+00,    0.00000e+00,    0.00000e+00,    1.96155e+00,    0.00000e+00,   -1.02182e+00,    0.00000e+00,        1.96014,               ,              3,             -1,       Disabled
  14/04/2026 13:17:58.355,    1.40555e+02,    2.08305e+00,    0.00000e+00,    6.32985e+03,    0.00000e+00,    4.37685e+02,    0.00000e+00,    2.09632e+00,    0.00000e+00,    7.65363e+02,    0.00000e+00,    1.95688e+01,    0.00000e+00,    2.36561e+01,    0.00000e+00,    0.00000e+00,    0.00000e+00,    1.96187e+00,    0.00000e+00,   -1.02182e+00,    0.00000e+00,        1.96046,               ,              3,             -1,       Disabled
  14/04/2026 13:17:59.210,    1.41264e+02,    2.08225e+00,    0.00000e+00,    6.31848e+03,    0.00000e+00,    4.38098e+02,    0.00000e+00,    2.09549e+00,    0.00000e+00,    7.65444e+02,    0.00000e+00,    1.95880e+01,    0.00000e+00,    2.36611e+01,    0.00000e+00,    0.00000e+00,    0.00000e+00,    1.96028e+00,    0.00000e+00,   -1.02182e+00,    0.00000e+00,        1.95887,               ,              3,             -1,       Disabled
  14/04/2026 13:18:00.063,    1.39122e+02,    2.08104e+00,    0.00000e+00,    6.37763e+03,    0.00000e+00,    4.37328e+02,    0.00000e+00,    2.09440e+00,    0.00000e+00,    7.65409e+02,    0.00000e+00,    1.95751e+01,    0.00000e+00,    2.36685e+01,    0.00000e+00,    0.00000e+00,    0.00000e+00,    1.96083e+00,    0.00000e+00,   -1.02182e+00,    0.00000e+00,        1.95943,               ,              3,             -1,       Disabled
  14/04/2026 13:18:00.918,    1.40747e+02,    2.08334e+00,    0.00000e+00,    6.30003e+03,    0.00000e+00,    4.35854e+02,    0.00000e+00,    2.09655e+00,    0.00000e+00,    7.65404e+02,    0.00000e+00,    1.95840e+01,    0.00000e+00,    2.36764e+01,    0.00000e+00,    0.00000e+00,    0.00000e+00,    1.96032e+00,    0.00000e+00,   -1.02182e+00,    0.00000e+00,        1.95892,               ,              3,             -1,       Disabled
  14/04/2026 13:18:01.772,    1.39788e+02,    2.08018e+00,    0.00000e+00,    6.23000e+03,    0.00000e+00,    4.34202e+02,    0.00000e+00,    2.09322e+00,    0.00000e+00,    7.65424e+02,    0.00000e+00,    1.95765e+01,    0.00000e+00,    2.36806e+01,    0.00000e+00,    0.00000e+00,    0.00000e+00,    1.96223e+00,    0.00000e+00,   -1.02182e+00,    0.00000e+00,        1.96083,               ,              3,             -1,       Disabled
  14/04/2026 13:18:02.627,    1.41138e+02,    2.08111e+00,    0.00000e+00,    6.23560e+03,    0.00000e+00,    4.35047e+02,    0.00000e+00,    2.09416e+00,    0.00000e+00,    7.65393e+02,    0.00000e+00,    1.95994e+01,    0.00000e+00,    2.36873e+01,    0.00000e+00,    0.00000e+00,    0.00000e+00,    1.96357e+00,    0.00000e+00,   -1.02182e+00,    0.00000e+00,        1.96217,               ,              3,             -1,       Disabled
  14/04/2026 13:18:03.482,    1.40202e+02,    2.07955e+00,    0.00000e+00,    6.28686e+03,    0.00000e+00,    4.32254e+02,    0.00000e+00,    2.09271e+00,    0.00000e+00,    7.65406e+02,    0.00000e+00,    1.96065e+01,    0.00000e+00,    2.36912e+01,    0.00000e+00,    0.00000e+00,    0.00000e+00,    1.96705e+00,    0.00000e+00,   -1.02182e+00,    0.00000e+00,        1.96564,               ,              3,             -1,       Disabled
  14/04/2026 13:18:04.335,    1.39599e+02,    2.07882e+00,    0.00000e+00,    6.24979e+03,    0.00000e+00,    4.36434e+02,    0.00000e+00,    2.09189e+00,    0.00000e+00,    7.65415e+02,    0.00000e+00,    1.95882e+01,    0.00000e+00,    2.36930e+01,    0.00000e+00,    0.00000e+00,    0.00000e+00,    1.96420e+00,    0.00000e+00,   -1.02182e+00,    0.00000e+00,         1.9628,               ,              3,             -1,       Disabled
  14/04/2026 13:18:05.189,    1.40172e+02,    2.07925e+00,    0.00000e+00,    6.35296e+03,    0.00000e+00,    4.37548e+02,    0.00000e+00,    2.09255e+00,    0.00000e+00,    7.65405e+02,    0.00000e+00,    1.96163e+01,    0.00000e+00,    2.36978e+01,    0.00000e+00,    0.00000e+00,    0.00000e+00,    1.96896e+00,    0.00000e+00,   -1.02182e+00,    0.00000e+00,        1.96755,               ,              3,             -1,       Disabled
  14/04/2026 13:18:06.044,    1.40803e+02,    2.08137e+00,    0.00000e+00,    6.33751e+03,    0.00000e+00,    4.40866e+02,    0.00000e+00,    2.09465e+00,    0.00000e+00,    7.65465e+02,    0.00000e+00,    1.96156e+01,    0.00000e+00,    2.37041e+01,    0.00000e+00,    0.00000e+00,    0.00000e+00,    1.96510e+00,    0.00000e+00,   -1.02182e+00,    0.00000e+00,        1.96368,               ,              3,             -1,       Disabled
  14/04/2026 13:18:06.899,    1.40351e+02,    2.07777e+00,    0.00000e+00,    6.27204e+03,    0.00000e+00,    4.35375e+02,    0.00000e+00,    2.09089e+00,    0.00000e+00,    7.65438e+02,    0.00000e+00,    1.95972e+01,    0.00000e+00,    2.37096e+01,    0.00000e+00,    0.00000e+00,    0.00000e+00,    1.96596e+00,    0.00000e+00,   -1.02182e+00,    0.00000e+00,        1.96456,               ,              3,             -1,       Disabled
  14/04/2026 13:18:07.754,    1.40015e+02,    2.07832e+00,    0.00000e+00,    6.32829e+03,    0.00000e+00,    4.38644e+02,    0.00000e+00,    2.09156e+00,    0.00000e+00,    7.65413e+02,    0.00000e+00,    1.96372e+01,    0.00000e+00,    2.37164e+01,    0.00000e+00,    0.00000e+00,    0.00000e+00,    1.96700e+00,    0.00000e+00,   -1.02182e+00,    0.00000e+00,        1.96559,               ,              3,             -1,       Disabled
  14/04/2026 13:18:08.607,    1.41067e+02,    2.08167e+00,    0.00000e+00,    6.26195e+03,    0.00000e+00,    4.40340e+02,    0.00000e+00,    2.09479e+00,    0.00000e+00,    7.65487e+02,    0.00000e+00,    1.96311e+01,    0.00000e+00,    2.37188e+01,    0.00000e+00,    0.00000e+00,    0.00000e+00,    1.96890e+00,    0.00000e+00,   -1.02182e+00,    0.00000e+00,        1.96748,               ,              3,             -1,       Disabled
  14/04/2026 13:18:09.461,    1.40827e+02,    2.08250e+00,    0.00000e+00,    6.31609e+03,    0.00000e+00,    4.42992e+02,    0.00000e+00,    2.09573e+00,    0.00000e+00,    7.65433e+02,    0.00000e+00,    1.96112e+01,    0.00000e+00,    2.37246e+01,    0.00000e+00,    0.00000e+00,    0.00000e+00,    1.96808e+00,    0.00000e+00,   -1.02182e+00,    0.00000e+00,        1.96666,               ,              3,             -1,       Disabled
  14/04/2026 13:18:10.316,    1.39744e+02,    2.08136e+00,    0.00000e+00,    6.32568e+03,    0.00000e+00,    4.42607e+02,    0.00000e+00,    2.09461e+00,    0.00000e+00,    7.65444e+02,    0.00000e+00,    1.96489e+01,    0.00000e+00,    2.37310e+01,    0.00000e+00,    0.00000e+00,    0.00000e+00,    1.96848e+00,    0.00000e+00,   -1.02182e+00,    0.00000e+00,        1.96706,               ,              3,             -1,       Disabled
  14/04/2026 13:18:11.170,    1.39912e+02,    2.08015e+00,    0.00000e+00,    6.30684e+03,    0.00000e+00,    4.42949e+02,    0.00000e+00,    2.09335e+00,    0.00000e+00,    7.65487e+02,    0.00000e+00,    1.96495e+01,    0.00000e+00,    2.37377e+01,    0.00000e+00,    0.00000e+00,    0.00000e+00,    1.96838e+00,    0.00000e+00,   -1.02182e+00,    0.00000e+00,        1.96696,               ,              3,             -1,       Disabled
  14/04/2026 13:18:12.026,    1.40310e+02,    2.08241e+00,    0.00000e+00,    6.37158e+03,    0.00000e+00,    4.43284e+02,    0.00000e+00,    2.09576e+00,    0.00000e+00,    7.65459e+02,    0.00000e+00,    1.96153e+01,    0.00000e+00,    2.37430e+01,    0.00000e+00,    0.00000e+00,    0.00000e+00,    1.96866e+00,    0.00000e+00,   -1.02182e+00,    0.00000e+00,        1.96724,               ,              3,             -1,       Disabled
  14/04/2026 13:18:12.878,    1.39670e+02,    2.08216e+00,    0.00000e+00,    6.36907e+03,    0.00000e+00,    4.43326e+02,    0.00000e+00,    2.09551e+00,    0.00000e+00,    7.65477e+02,    0.00000e+00,    1.96486e+01,    0.00000e+00,    2.37450e+01,    0.00000e+00,    0.00000e+00,    0.00000e+00,    1.96964e+00,    0.00000e+00,   -1.02182e+00,    0.00000e+00,        1.96821,               ,              3,             -1,       Disabled
  14/04/2026 13:18:13.733,    1.40898e+02,    2.08251e+00,    0.00000e+00,    6.33540e+03,    0.00000e+00,    4.42833e+02,    0.00000e+00,    2.09579e+00,    0.00000e+00,    7.65506e+02,    0.00000e+00,    1.96479e+01,    0.00000e+00,    2.37492e+01,    0.00000e+00,    0.00000e+00,    0.00000e+00,    1.97061e+00,    0.00000e+00,   -1.02182e+00,    0.00000e+00,        1.96918,               ,              3,             -1,       Disabled
  14/04/2026 13:18:14.587,    1.39523e+02,    2.08339e+00,    0.00000e+00,    6.35438e+03,    0.00000e+00,    4.44302e+02,    0.00000e+00,    2.09671e+00,    0.00000e+00,    7.65459e+02,    0.00000e+00,    1.96272e+01,    0.00000e+00,    2.37529e+01,    0.00000e+00,    0.00000e+00,    0.00000e+00,    1.97055e+00,    0.00000e+00,   -1.02182e+00,    0.00000e+00,        1.96912,               ,              3,             -1,       Disabled
  14/04/2026 13:18:15.442,    1.39209e+02,    2.08064e+00,    0.00000e+00,    6.26546e+03,    0.00000e+00,    4.48964e+02,    0.00000e+00,    2.09376e+00,    0.00000e+00,    7.65491e+02,    0.00000e+00,    1.96527e+01,    0.00000e+00,    2.37564e+01,    0.00000e+00,    0.00000e+00,    0.00000e+00,    1.97028e+00,    0.00000e+00,   -1.02182e+00,    0.00000e+00,        1.96885,               ,              3,             -1,       Disabled
  14/04/2026 13:18:16.297,    1.39953e+02,    2.08209e+00,    0.00000e+00,    6.22954e+03,    0.00000e+00,    4.48729e+02,    0.00000e+00,    2.09514e+00,    0.00000e+00,    7.65474e+02,    0.00000e+00,    1.96557e+01,    0.00000e+00,    2.37601e+01,    0.00000e+00,    0.00000e+00,    0.00000e+00,    1.96914e+00,    0.00000e+00,   -1.02182e+00,    0.00000e+00,         1.9677,               ,              3,             -1,       Disabled
  14/04/2026 13:18:17.150,    1.39795e+02,    2.08275e+00,    0.00000e+00,    6.31676e+03,    0.00000e+00,    4.48462e+02,    0.00000e+00,    2.09599e+00,    0.00000e+00,    7.65457e+02,    0.00000e+00,    1.96338e+01,    0.00000e+00,    2.37633e+01,    0.00000e+00,    0.00000e+00,    0.00000e+00,    1.97198e+00,    0.00000e+00,   -1.02182e+00,    0.00000e+00,        1.97054,               ,              3,             -1,       Disabled
  14/04/2026 13:18:18.005,    1.39688e+02,    2.08164e+00,    0.00000e+00,    6.29300e+03,    0.00000e+00,    4.60812e+02,    0.00000e+00,    2.09482e+00,    0.00000e+00,    7.65497e+02,    0.00000e+00,    1.96638e+01,    0.00000e+00,    2.37666e+01,    0.00000e+00,    0.00000e+00,    0.00000e+00,    1.97251e+00,    0.00000e+00,   -1.02182e+00,    0.00000e+00,        1.97105,               ,              3,             -1,       Disabled
  14/04/2026 13:18:18.859,    1.39266e+02,    2.08167e+00,    0.00000e+00,    6.28571e+03,    0.00000e+00,    4.60219e+02,    0.00000e+00,    2.09483e+00,    0.00000e+00,    7.65471e+02,    0.00000e+00,    1.96678e+01,    0.00000e+00,    2.37714e+01,    0.00000e+00,    0.00000e+00,    0.00000e+00,    1.97259e+00,    0.00000e+00,   -1.02182e+00,    0.00000e+00,        1.97114,               ,              3,             -1,       Disabled
  14/04/2026 13:18:19.714,    1.39653e+02,    2.08109e+00,    0.00000e+00,    6.34736e+03,    0.00000e+00,    4.59967e+02,    0.00000e+00,    2.09439e+00,    0.00000e+00,    7.65468e+02,    0.00000e+00,    1.96478e+01,    0.00000e+00,    2.37758e+01,    0.00000e+00,    0.00000e+00,    0.00000e+00,    1.97407e+00,    0.00000e+00,   -1.02182e+00,    0.00000e+00,        1.97261,               ,              3,             -1,       Disabled
  14/04/2026 13:18:20.569,    1.40045e+02,    2.08129e+00,    0.00000e+00,    6.38081e+03,    0.00000e+00,    4.49164e+02,    0.00000e+00,    2.09466e+00,    0.00000e+00,    7.65508e+02,    0.00000e+00,    1.96735e+01,    0.00000e+00,    2.37816e+01,    0.00000e+00,    0.00000e+00,    0.00000e+00,    1.97314e+00,    0.00000e+00,   -1.02182e+00,    0.00000e+00,         1.9717,               ,              3,             -1,       Disabled
  14/04/2026 13:18:21.422,    1.39744e+02,    2.08004e+00,    0.00000e+00,    6.29322e+03,    0.00000e+00,    4.45883e+02,    0.00000e+00,    2.09322e+00,    0.00000e+00,    7.65467e+02,    0.00000e+00,    1.96749e+01,    0.00000e+00,    2.37847e+01,    0.00000e+00,    0.00000e+00,    0.00000e+00,    1.97351e+00,    0.00000e+00,   -1.02182e+00,    0.00000e+00,        1.97208,               ,              3,             -1,       Disabled
  14/04/2026 13:18:22.276,    1.40197e+02,    2.08119e+00,    0.00000e+00,    6.27944e+03,    0.00000e+00,    4.42577e+02,    0.00000e+00,    2.09435e+00,    0.00000e+00,    7.65511e+02,    0.00000e+00,    1.96482e+01,    0.00000e+00,    2.37907e+01,    0.00000e+00,    0.00000e+00,    0.00000e+00,    1.97381e+00,    0.00000e+00,   -1.02182e+00,    0.00000e+00,        1.97238,               ,              3,             -1,       Disabled
  14/04/2026 13:18:23.131,    1.39895e+02,    2.07929e+00,    0.00000e+00,    6.29803e+03,    0.00000e+00,    4.40432e+02,    0.00000e+00,    2.09247e+00,    0.00000e+00,    7.65558e+02,    0.00000e+00,    1.96798e+01,    0.00000e+00,    2.37949e+01,    0.00000e+00,    0.00000e+00,    0.00000e+00,    1.97500e+00,    0.00000e+00,   -1.02182e+00,    0.00000e+00,        1.97357,               ,              3,             -1,       Disabled
  14/04/2026 13:18:23.986,    1.40386e+02,    2.08167e+00,    0.00000e+00,    6.23609e+03,    0.00000e+00,    4.44591e+02,    0.00000e+00,    2.09474e+00,    0.00000e+00,    7.65506e+02,    0.00000e+00,    1.96832e+01,    0.00000e+00,    2.38001e+01,    0.00000e+00,    0.00000e+00,    0.00000e+00,    1.97358e+00,    0.00000e+00,   -1.02182e+00,    0.00000e+00,        1.97215,               ,              3,             -1,       Disabled
  14/04/2026 13:18:24.841,    1.40127e+02,    2.07912e+00,    0.00000e+00,    6.23609e+03,    0.00000e+00,    4.47266e+02,    0.00000e+00,    2.09216e+00,    0.00000e+00,    7.65499e+02,    0.00000e+00,    1.96584e+01,    0.00000e+00,    2.38047e+01,    0.00000e+00,    0.00000e+00,    0.00000e+00,    1.97276e+00,    0.00000e+00,   -1.02182e+00,    0.00000e+00,        1.97132,               ,              3,             -1,       Disabled
  14/04/2026 13:18:25.694,    1.40216e+02,    2.07919e+00,    0.00000e+00,    6.29605e+03,    0.00000e+00,    4.50086e+02,    0.00000e+00,    2.09236e+00,    0.00000e+00,    7.65526e+02,    0.00000e+00,    1.96880e+01,    0.00000e+00,    2.38104e+01,    0.00000e+00,    0.00000e+00,    0.00000e+00,    1.97125e+00,    0.00000e+00,   -1.02177e+00,    0.00000e+00,        1.96981,               ,              3,             -1,       Disabled
  14/04/2026 13:18:26.548,    1.39310e+02,    2.08005e+00,    0.00000e+00,    6.36280e+03,    0.00000e+00,    4.45979e+02,    0.00000e+00,    2.09337e+00,    0.00000e+00,    7.65484e+02,    0.00000e+00,    1.96881e+01,    0.00000e+00,    2.38162e+01,    0.00000e+00,    0.00000e+00,    0.00000e+00,    1.97239e+00,    0.00000e+00,   -1.02177e+00,    0.00000e+00,        1.97095,               ,              3,             -1,       Disabled
  14/04/2026 13:18:27.402,    1.39237e+02,    2.07886e+00,    0.00000e+00,    6.33961e+03,    0.00000e+00,    4.44365e+02,    0.00000e+00,    2.09213e+00,    0.00000e+00,    7.65422e+02,    0.00000e+00,    1.96645e+01,    0.00000e+00,    2.38221e+01,    0.00000e+00,    0.00000e+00,    0.00000e+00,    1.97201e+00,    0.00000e+00,   -1.02171e+00,    0.00000e+00,        1.97058,               ,              3,             -1,       Disabled
  14/04/2026 13:18:28.258,    1.39698e+02,    2.07908e+00,    0.00000e+00,    6.27240e+03,    0.00000e+00,    4.43067e+02,    0.00000e+00,    2.09220e+00,    0.00000e+00,    7.65549e+02,    0.00000e+00,    1.97010e+01,    0.00000e+00,    2.38284e+01,    0.00000e+00,    0.00000e+00,    0.00000e+00,    1.97080e+00,    0.00000e+00,   -1.02171e+00,    0.00000e+00,        1.96938,               ,              3,             -1,       Disabled
  14/04/2026 13:18:29.112,    1.40836e+02,    2.08118e+00,    0.00000e+00,    6.31074e+03,    0.00000e+00,    4.50382e+02,    0.00000e+00,    2.09439e+00,    0.00000e+00,    7.65470e+02,    0.00000e+00,    1.96973e+01,    0.00000e+00,    2.38335e+01,    0.00000e+00,    0.00000e+00,    0.00000e+00,    1.97101e+00,    0.00000e+00,   -1.02165e+00,    0.00000e+00,        1.96957,               ,              3,             -1,       Disabled
  14/04/2026 13:18:29.965,    1.40079e+02,    2.08106e+00,    0.00000e+00,    6.34931e+03,    0.00000e+00,    4.55445e+02,    0.00000e+00,    2.09436e+00,    0.00000e+00,    7.65438e+02,    0.00000e+00,    1.96762e+01,    0.00000e+00,    2.38385e+01,    0.00000e+00,    0.00000e+00,    0.00000e+00,    1.97015e+00,    0.00000e+00,   -1.02165e+00,    0.00000e+00,        1.96871,               ,              3,             -1,       Disabled
  14/04/2026 13:18:30.820,    1.39970e+02,    2.07990e+00,    0.00000e+00,    6.35116e+03,    0.00000e+00,    4.53425e+02,    0.00000e+00,    2.09320e+00,    0.00000e+00,    7.65539e+02,    0.00000e+00,    1.97043e+01,    0.00000e+00,    2.38427e+01,    0.00000e+00,    0.00000e+00,    0.00000e+00,    1.97077e+00,    0.00000e+00,   -1.02159e+00,    0.00000e+00,        1.96933,               ,              3,             -1,       Disabled
  14/04/2026 13:18:31.674,    1.40130e+02,    2.08002e+00,    0.00000e+00,    6.37204e+03,    0.00000e+00,    4.47605e+02,    0.00000e+00,    2.09336e+00,    0.00000e+00,    7.65505e+02,    0.00000e+00,    1.97052e+01,    0.00000e+00,    2.38478e+01,    0.00000e+00,    0.00000e+00,    0.00000e+00,    1.96979e+00,    0.00000e+00,   -1.02159e+00,    0.00000e+00,        1.96836,               ,              3,             -1,       Disabled
  14/04/2026 13:18:32.530,    1.39792e+02,    2.08138e+00,    0.00000e+00,    6.27168e+03,    0.00000e+00,    4.46389e+02,    0.00000e+00,    2.09452e+00,    0.00000e+00,    7.65512e+02,    0.00000e+00,    1.97084e+01,    0.00000e+00,    2.38534e+01,    0.00000e+00,    0.00000e+00,    0.00000e+00,    1.96978e+00,    0.00000e+00,   -1.02153e+00,    0.00000e+00,        1.96835,               ,              3,             -1,       Disabled
  14/04/2026 13:18:33.384,    1.40212e+02,    2.08179e+00,    0.00000e+00,    6.27152e+03,    0.00000e+00,    4.43657e+02,    0.00000e+00,    2.09492e+00,    0.00000e+00,    7.65453e+02,    0.00000e+00,    1.97093e+01,    0.00000e+00,    2.38569e+01,    0.00000e+00,    0.00000e+00,    0.00000e+00,    1.96955e+00,    0.00000e+00,   -1.02153e+00,    0.00000e+00,        1.96813,               ,              3,             -1,       Disabled
  14/04/2026 13:18:34.237,    1.39982e+02,    2.08190e+00,    0.00000e+00,    6.26879e+03,    0.00000e+00,    4.46318e+02,    0.00000e+00,    2.09503e+00,    0.00000e+00,    7.65536e+02,    0.00000e+00,    1.97115e+01,    0.00000e+00,    2.38638e+01,    0.00000e+00,    0.00000e+00,    0.00000e+00,    1.96930e+00,    0.00000e+00,   -1.02147e+00,    0.00000e+00,        1.96787,               ,              3,             -1,       Disabled
  14/04/2026 13:18:35.092,    1.39657e+02,    2.08004e+00,    0.00000e+00,    6.29532e+03,    0.00000e+00,    4.44559e+02,    0.00000e+00,    2.09322e+00,    0.00000e+00,    7.65512e+02,    0.00000e+00,    1.96944e+01,    0.00000e+00,    2.38690e+01,    0.00000e+00,    0.00000e+00,    0.00000e+00,    1.96959e+00,    0.00000e+00,   -1.02147e+00,    0.00000e+00,        1.96816,               ,              3,             -1,       Disabled
  14/04/2026 13:18:35.946,    1.39904e+02,    2.08030e+00,    0.00000e+00,    6.24398e+03,    0.00000e+00,    4.42851e+02,    0.00000e+00,    2.09337e+00,    0.00000e+00,    7.65500e+02,    0.00000e+00,    1.97265e+01,    0.00000e+00,    2.38737e+01,    0.00000e+00,    0.00000e+00,    0.00000e+00,    1.96929e+00,    0.00000e+00,   -1.02147e+00,    0.00000e+00,        1.96786,               ,              3,             -1,       Disabled
  14/04/2026 13:18:36.801,    1.40386e+02,    2.08083e+00,    0.00000e+00,    6.31249e+03,    0.00000e+00,    4.45257e+02,    0.00000e+00,    2.09404e+00,    0.00000e+00,    7.65530e+02,    0.00000e+00,    1.97275e+01,    0.00000e+00,    2.38785e+01,    0.00000e+00,    0.00000e+00,    0.00000e+00,    1.96939e+00,    0.00000e+00,   -1.02147e+00,    0.00000e+00,        1.96796,               ,              3,             -1,       Disabled
  14/04/2026 13:18:37.656,    1.39219e+02,    2.07873e+00,    0.00000e+00,    6.38706e+03,    0.00000e+00,    4.42875e+02,    0.00000e+00,    2.09209e+00,    0.00000e+00,    7.65492e+02,    0.00000e+00,    1.96997e+01,    0.00000e+00,    2.38805e+01,    0.00000e+00,    0.00000e+00,    0.00000e+00,    1.97012e+00,    0.00000e+00,   -1.02147e+00,    0.00000e+00,         1.9687,               ,              3,             -1,       Disabled
  14/04/2026 13:18:38.509,    1.40564e+02,    2.07915e+00,    0.00000e+00,    6.35690e+03,    0.00000e+00,    4.42694e+02,    0.00000e+00,    2.09245e+00,    0.00000e+00,    7.65498e+02,    0.00000e+00,    1.97291e+01,    0.00000e+00,    2.38871e+01,    0.00000e+00,    0.00000e+00,    0.00000e+00,    1.97004e+00,    0.00000e+00,   -1.02147e+00,    0.00000e+00,        1.96862,               ,              3,             -1,       Disabled
  14/04/2026 13:18:39.363,    1.40865e+02,    2.07850e+00,    0.00000e+00,    6.34660e+03,    0.00000e+00,    4.41334e+02,    0.00000e+00,    2.09178e+00,    0.00000e+00,    7.65533e+02,    0.00000e+00,    1.97278e+01,    0.00000e+00,    2.38930e+01,    0.00000e+00,    0.00000e+00,    0.00000e+00,    1.96966e+00,    0.00000e+00,   -1.02147e+00,    0.00000e+00,        1.96824,               ,              3,             -1,       Disabled
  14/04/2026 13:18:40.218,    1.38951e+02,    2.07899e+00,    0.00000e+00,    6.42047e+03,    0.00000e+00,    4.43439e+02,    0.00000e+00,    2.09243e+00,    0.00000e+00,    7.65518e+02,    0.00000e+00,    1.97073e+01,    0.00000e+00,    2.39005e+01,    0.00000e+00,    0.00000e+00,    0.00000e+00,    1.96870e+00,    0.00000e+00,   -1.02147e+00,    0.00000e+00,        1.96727,               ,              3,             -1,       Disabled
  14/04/2026 13:18:41.073,    1.39847e+02,    2.07810e+00,    0.00000e+00,    6.46730e+03,    0.00000e+00,    4.42555e+02,    0.00000e+00,    2.09163e+00,    0.00000e+00,    7.65486e+02,    0.00000e+00,    1.97118e+01,    0.00000e+00,    2.39076e+01,    0.00000e+00,    0.00000e+00,    0.00000e+00,    1.96832e+00,    0.00000e+00,   -1.02147e+00,    0.00000e+00,         1.9669,               ,              3,             -1,       Disabled
  14/04/2026 13:18:41.928,    1.40308e+02,    2.07694e+00,    0.00000e+00,    6.42102e+03,    0.00000e+00,    4.42037e+02,    0.00000e+00,    2.09036e+00,    0.00000e+00,    7.65526e+02,    0.00000e+00,    1.97450e+01,    0.00000e+00,    2.39097e+01,    0.00000e+00,    0.00000e+00,    0.00000e+00,    1.96930e+00,    0.00000e+00,   -1.02147e+00,    0.00000e+00,        1.96788,               ,              3,             -1,       Disabled
  14/04/2026 13:18:42.781,    1.40538e+02,    2.07751e+00,    0.00000e+00,    6.45094e+03,    0.00000e+00,    4.47556e+02,    0.00000e+00,    2.09100e+00,    0.00000e+00,    7.65462e+02,    0.00000e+00,    1.97209e+01,    0.00000e+00,    2.39167e+01,    0.00000e+00,    0.00000e+00,    0.00000e+00,    1.96846e+00,    0.00000e+00,   -1.02147e+00,    0.00000e+00,        1.96703,               ,              3,             -1,       Disabled
  14/04/2026 13:18:43.635,    1.39264e+02,    2.07979e+00,    0.00000e+00,    6.38843e+03,    0.00000e+00,    4.45386e+02,    0.00000e+00,    2.09317e+00,    0.00000e+00,    7.65456e+02,    0.00000e+00,    1.97643e+01,    0.00000e+00,    2.39205e+01,    0.00000e+00,    0.00000e+00,    0.00000e+00,    1.96720e+00,    0.00000e+00,   -1.02147e+00,    0.00000e+00,        1.96577,               ,              3,             -1,       Disabled
  14/04/2026 13:18:44.489,    1.39915e+02,    2.07915e+00,    0.00000e+00,    6.31241e+03,    0.00000e+00,    4.43537e+02,    0.00000e+00,    2.09236e+00,    0.00000e+00,    7.65512e+02,    0.00000e+00,    1.97471e+01,    0.00000e+00,    2.39260e+01,    0.00000e+00,    0.00000e+00,    0.00000e+00,    1.96665e+00,    0.00000e+00,   -1.02147e+00,    0.00000e+00,        1.96523,               ,              3,             -1,       Disabled
  14/04/2026 13:18:45.345,    1.40457e+02,    2.07802e+00,    0.00000e+00,    6.34971e+03,    0.00000e+00,    4.39985e+02,    0.00000e+00,    2.09130e+00,    0.00000e+00,    7.65535e+02,    0.00000e+00,    1.97228e+01,    0.00000e+00,    2.39331e+01,    0.00000e+00,    0.00000e+00,    0.00000e+00,    1.96544e+00,    0.00000e+00,   -1.02147e+00,    0.00000e+00,        1.96403,               ,              3,             -1,       Disabled
  14/04/2026 13:18:46.199,    1.39785e+02,    2.07929e+00,    0.00000e+00,    6.29062e+03,    0.00000e+00,    4.37843e+02,    0.00000e+00,    2.09245e+00,    0.00000e+00,    7.65486e+02,    0.00000e+00,    1.97523e+01,    0.00000e+00,    2.39381e+01,    0.00000e+00,    0.00000e+00,    0.00000e+00,    1.96466e+00,    0.00000e+00,   -1.02147e+00,    0.00000e+00,        1.96325,               ,              3,             -1,       Disabled
  14/04/2026 13:18:47.052,    1.40307e+02,    2.07787e+00,    0.00000e+00,    6.38229e+03,    0.00000e+00,    4.38456e+02,    0.00000e+00,    2.09122e+00,    0.00000e+00,    7.65506e+02,    0.00000e+00,    1.97516e+01,    0.00000e+00,    2.39395e+01,    0.00000e+00,    0.00000e+00,    0.00000e+00,    1.96541e+00,    0.00000e+00,   -1.02147e+00,    0.00000e+00,          1.964,               ,              3,             -1,       Disabled
  14/04/2026 13:18:47.907,    1.40861e+02,    2.07927e+00,    0.00000e+00,    6.34324e+03,    0.00000e+00,    4.38425e+02,    0.00000e+00,    2.09254e+00,    0.00000e+00,    7.65529e+02,    0.00000e+00,    1.97309e+01,    0.00000e+00,    2.39423e+01,    0.00000e+00,    0.00000e+00,    0.00000e+00,    1.96388e+00,    0.00000e+00,   -1.02147e+00,    0.00000e+00,        1.96247,               ,              3,             -1,       Disabled
  14/04/2026 13:18:48.761,    1.40902e+02,    2.07879e+00,    0.00000e+00,    6.38277e+03,    0.00000e+00,    4.37335e+02,    0.00000e+00,    2.09215e+00,    0.00000e+00,    7.65520e+02,    0.00000e+00,    1.97348e+01,    0.00000e+00,    2.39456e+01,    0.00000e+00,    0.00000e+00,    0.00000e+00,    1.96335e+00,    0.00000e+00,   -1.02147e+00,    0.00000e+00,        1.96194,               ,              3,             -1,       Disabled
  14/04/2026 13:18:49.617,    1.40548e+02,    2.08048e+00,    0.00000e+00,    6.36456e+03,    0.00000e+00,    4.36851e+02,    0.00000e+00,    2.09381e+00,    0.00000e+00,    7.65502e+02,    0.00000e+00,    1.97662e+01,    0.00000e+00,    2.39459e+01,    0.00000e+00,    0.00000e+00,    0.00000e+00,    1.96167e+00,    0.00000e+00,   -1.02141e+00,    0.00000e+00,        1.96027,               ,              3,             -1,       Disabled
  14/04/2026 13:18:50.471,    1.39661e+02,    2.07980e+00,    0.00000e+00,    6.34565e+03,    0.00000e+00,    4.38980e+02,    0.00000e+00,    2.09309e+00,    0.00000e+00,    7.65541e+02,    0.00000e+00,    1.97420e+01,    0.00000e+00,    2.39519e+01,    0.00000e+00,    0.00000e+00,    0.00000e+00,    1.96214e+00,    0.00000e+00,   -1.02141e+00,    0.00000e+00,        1.96074,               ,              3,             -1,       Disabled
  14/04/2026 13:18:51.324,    1.40210e+02,    2.07934e+00,    0.00000e+00,    6.28628e+03,    0.00000e+00,    4.38014e+02,    0.00000e+00,    2.09250e+00,    0.00000e+00,    7.65475e+02,    0.00000e+00,    1.97745e+01,    0.00000e+00,    2.39561e+01,    0.00000e+00,    0.00000e+00,    0.00000e+00,    1.96272e+00,    0.00000e+00,   -1.02136e+00,    0.00000e+00,        1.96132,               ,              3,             -1,       Disabled
  14/04/2026 13:18:52.178,    1.40333e+02,    2.08054e+00,    0.00000e+00,    6.42098e+03,    0.00000e+00,    4.40309e+02,    0.00000e+00,    2.09399e+00,    0.00000e+00,    7.65461e+02,    0.00000e+00,    1.97710e+01,    0.00000e+00,    2.39611e+01,    0.00000e+00,    0.00000e+00,    0.00000e+00,    1.96203e+00,    0.00000e+00,   -1.02136e+00,    0.00000e+00,        1.96063,               ,              3,             -1,       Disabled
  14/04/2026 13:18:53.033,    1.39666e+02,    2.08004e+00,    0.00000e+00,    6.43493e+03,    0.00000e+00,    4.41081e+02,    0.00000e+00,    2.09351e+00,    0.00000e+00,    7.65536e+02,    0.00000e+00,    1.97560e+01,    0.00000e+00,    2.39683e+01,    0.00000e+00,    0.00000e+00,    0.00000e+00,    1.96120e+00,    0.00000e+00,   -1.02130e+00,    0.00000e+00,        1.95979,               ,              3,             -1,       Disabled
  14/04/2026 13:18:53.888,    1.39781e+02,    2.08069e+00,    0.00000e+00,    6.30225e+03,    0.00000e+00,    4.39370e+02,    0.00000e+00,    2.09389e+00,    0.00000e+00,    7.65509e+02,    0.00000e+00,    1.97499e+01,    0.00000e+00,    2.39703e+01,    0.00000e+00,    0.00000e+00,    0.00000e+00,    1.96037e+00,    0.00000e+00,   -1.02130e+00,    0.00000e+00,        1.95897,               ,              3,             -1,       Disabled
  14/04/2026 13:18:54.743,    1.40072e+02,    2.08225e+00,    0.00000e+00,    6.33827e+03,    0.00000e+00,    4.37381e+02,    0.00000e+00,    2.09553e+00,    0.00000e+00,    7.65507e+02,    0.00000e+00,    1.97759e+01,    0.00000e+00,    2.39733e+01,    0.00000e+00,    0.00000e+00,    0.00000e+00,    1.95988e+00,    0.00000e+00,   -1.02124e+00,    0.00000e+00,        1.95849,               ,              3,             -1,       Disabled
  14/04/2026 13:18:55.596,    1.39527e+02,    2.07916e+00,    0.00000e+00,    6.35211e+03,    0.00000e+00,    4.38513e+02,    0.00000e+00,    2.09245e+00,    0.00000e+00,    7.65504e+02,    0.00000e+00,    1.97532e+01,    0.00000e+00,    2.39768e+01,    0.00000e+00,    0.00000e+00,    0.00000e+00,    1.96149e+00,    0.00000e+00,   -1.02124e+00,    0.00000e+00,        1.96009,               ,              3,             -1,       Disabled
  14/04/2026 13:18:56.450,    1.40305e+02,    2.08052e+00,    0.00000e+00,    6.40439e+03,    0.00000e+00,    4.39469e+02,    0.00000e+00,    2.09393e+00,    0.00000e+00,    7.65533e+02,    0.00000e+00,    1.97671e+01,    0.00000e+00,    2.39801e+01,    0.00000e+00,    0.00000e+00,    0.00000e+00,    1.96044e+00,    0.00000e+00,   -1.02117e+00,    0.00000e+00,        1.95904,               ,              3,             -1,       Disabled
  14/04/2026 13:18:57.305,    1.40271e+02,    2.07953e+00,    0.00000e+00,    6.31429e+03,    0.00000e+00,    4.41790e+02,    0.00000e+00,    2.09275e+00,    0.00000e+00,    7.65488e+02,    0.00000e+00,    1.97843e+01,    0.00000e+00,    2.39835e+01,    0.00000e+00,    0.00000e+00,    0.00000e+00,    1.96054e+00,    0.00000e+00,   -1.02117e+00,    0.00000e+00,        1.95913,               ,              3,             -1,       Disabled
  14/04/2026 13:18:58.160,    1.40087e+02,    2.08009e+00,    0.00000e+00,    6.28018e+03,    0.00000e+00,    4.38835e+02,    0.00000e+00,    2.09323e+00,    0.00000e+00,    7.65515e+02,    0.00000e+00,    1.97673e+01,    0.00000e+00,    2.39884e+01,    0.00000e+00,    0.00000e+00,    0.00000e+00,    1.96009e+00,    0.00000e+00,   -1.02117e+00,    0.00000e+00,        1.95869,               ,              3,             -1,       Disabled
  14/04/2026 13:18:59.014,    1.39846e+02,    2.08006e+00,    0.00000e+00,    6.34628e+03,    0.00000e+00,    4.36414e+02,    0.00000e+00,    2.09334e+00,    0.00000e+00,    7.65503e+02,    0.00000e+00,    1.97909e+01,    0.00000e+00,    2.39906e+01,    0.00000e+00,    0.00000e+00,    0.00000e+00,    1.95948e+00,    0.00000e+00,   -1.02117e+00,    0.00000e+00,        1.95808,               ,              3,             -1,       Disabled
  14/04/2026 13:18:59.868,    1.39674e+02,    2.07936e+00,    0.00000e+00,    6.23196e+03,    0.00000e+00,    4.36121e+02,    0.00000e+00,    2.09240e+00,    0.00000e+00,    7.65522e+02,    0.00000e+00,    1.97906e+01,    0.00000e+00,    2.39970e+01,    0.00000e+00,    0.00000e+00,    0.00000e+00,    1.96040e+00,    0.00000e+00,   -1.02117e+00,    0.00000e+00,          1.959,               ,              3,             -1,       Disabled
  14/04/2026 13:19:00.722,    1.40598e+02,    2.07786e+00,    0.00000e+00,    6.19106e+03,    0.00000e+00,    4.35644e+02,    0.00000e+00,    2.09080e+00,    0.00000e+00,    7.65539e+02,    0.00000e+00,    1.97760e+01,    0.00000e+00,    2.40003e+01,    0.00000e+00,    0.00000e+00,    0.00000e+00,    1.95973e+00,    0.00000e+00,   -1.02117e+00,    0.00000e+00,        1.95833,               ,              3,             -1,       Disabled
  14/04/2026 13:19:01.576,    1.39060e+02,    2.07913e+00,    0.00000e+00,    6.21566e+03,    0.00000e+00,    4.38148e+02,    0.00000e+00,    2.09213e+00,    0.00000e+00,    7.65550e+02,    0.00000e+00,    1.97707e+01,    0.00000e+00,    2.40063e+01,    0.00000e+00,    0.00000e+00,    0.00000e+00,    1.95880e+00,    0.00000e+00,   -1.02117e+00,    0.00000e+00,        1.95741,               ,              3,             -1,       Disabled
  14/04/2026 13:19:02.432,    1.39876e+02,    2.07942e+00,    0.00000e+00,    6.26119e+03,    0.00000e+00,    4.37366e+02,    0.00000e+00,    2.09252e+00,    0.00000e+00,    7.65481e+02,    0.00000e+00,    1.97914e+01,    0.00000e+00,    2.40112e+01,    0.00000e+00,    0.00000e+00,    0.00000e+00,    1.95827e+00,    0.00000e+00,   -1.02117e+00,    0.00000e+00,        1.95687,               ,              3,             -1,       Disabled
  14/04/2026 13:19:03.286,    1.39628e+02,    2.07939e+00,    0.00000e+00,    6.13888e+03,    0.00000e+00,    4.36332e+02,    0.00000e+00,    2.09224e+00,    0.00000e+00,    7.65539e+02,    0.00000e+00,    1.97767e+01,    0.00000e+00,    2.40134e+01,    0.00000e+00,    0.00000e+00,    0.00000e+00,    1.95665e+00,    0.00000e+00,   -1.02112e+00,    0.00000e+00,        1.95526,               ,              3,             -1,       Disabled
  14/04/2026 13:19:04.139,    1.40166e+02,    2.07853e+00,    0.00000e+00,    6.16130e+03,    0.00000e+00,    4.38207e+02,    0.00000e+00,    2.09142e+00,    0.00000e+00,    7.65574e+02,    0.00000e+00,    1.97761e+01,    0.00000e+00,    2.40158e+01,    0.00000e+00,    0.00000e+00,    0.00000e+00,    1.95729e+00,    0.00000e+00,   -1.02112e+00,    0.00000e+00,         1.9559,               ,              3,             -1,       Disabled
  14/04/2026 13:19:04.994,    1.39559e+02,    2.07910e+00,    0.00000e+00,    6.19327e+03,    0.00000e+00,    4.35555e+02,    0.00000e+00,    2.09206e+00,    0.00000e+00,    7.65534e+02,    0.00000e+00,    1.98002e+01,    0.00000e+00,    2.40213e+01,    0.00000e+00,    0.00000e+00,    0.00000e+00,    1.95733e+00,    0.00000e+00,   -1.02107e+00,    0.00000e+00,        1.95593,               ,              3,             -1,       Disabled
  14/04/2026 13:19:05.848,    1.39438e+02,    2.07929e+00,    0.00000e+00,    6.25260e+03,    0.00000e+00,    4.35238e+02,    0.00000e+00,    2.09238e+00,    0.00000e+00,    7.65552e+02,    0.00000e+00,    1.97862e+01,    0.00000e+00,    2.40286e+01,    0.00000e+00,    0.00000e+00,    0.00000e+00,    1.95858e+00,    0.00000e+00,   -1.02107e+00,    0.00000e+00,        1.95719,               ,              3,             -1,       Disabled
  14/04/2026 13:19:06.704,    1.39760e+02,    2.07978e+00,    0.00000e+00,    6.20003e+03,    0.00000e+00,    4.40042e+02,    0.00000e+00,    2.09275e+00,    0.00000e+00,    7.65568e+02,    0.00000e+00,    1.97875e+01,    0.00000e+00,    2.40320e+01,    0.00000e+00,    0.00000e+00,    0.00000e+00,    1.95788e+00,    0.00000e+00,   -1.02101e+00,    0.00000e+00,        1.95648,               ,              3,             -1,       Disabled
  14/04/2026 13:19:07.558,    1.39372e+02,    2.08159e+00,    0.00000e+00,    6.24264e+03,    0.00000e+00,    4.40887e+02,    0.00000e+00,    2.09467e+00,    0.00000e+00,    7.65554e+02,    0.00000e+00,    1.98009e+01,    0.00000e+00,    2.40349e+01,    0.00000e+00,    0.00000e+00,    0.00000e+00,    1.95523e+00,    0.00000e+00,   -1.02101e+00,    0.00000e+00,        1.95384,               ,              3,             -1,       Disabled
  14/04/2026 13:19:08.411,    1.40223e+02,    2.08097e+00,    0.00000e+00,    6.14775e+03,    0.00000e+00,    4.39187e+02,    0.00000e+00,    2.09384e+00,    0.00000e+00,    7.65543e+02,    0.00000e+00,    1.97885e+01,    0.00000e+00,    2.40406e+01,    0.00000e+00,    0.00000e+00,    0.00000e+00,    1.95334e+00,    0.00000e+00,   -1.02094e+00,    0.00000e+00,        1.95195,               ,              3,             -1,       Disabled
  14/04/2026 13:19:09.265,    1.40385e+02,    2.07854e+00,    0.00000e+00,    6.20820e+03,    0.00000e+00,    4.41446e+02,    0.00000e+00,    2.09153e+00,    0.00000e+00,    7.65591e+02,    0.00000e+00,    1.97885e+01,    0.00000e+00,    2.40449e+01,    0.00000e+00,    0.00000e+00,    0.00000e+00,    1.95559e+00,    0.00000e+00,   -1.02094e+00,    0.00000e+00,        1.95419,               ,              3,             -1,       Disabled
  14/04/2026 13:19:10.120,    1.38905e+02,    2.08038e+00,    0.00000e+00,    6.19607e+03,    0.00000e+00,    4.40534e+02,    0.00000e+00,    2.09335e+00,    0.00000e+00,    7.65593e+02,    0.00000e+00,    1.98002e+01,    0.00000e+00,    2.40508e+01,    0.00000e+00,    0.00000e+00,    0.00000e+00,    1.95306e+00,    0.00000e+00,   -1.02087e+00,    0.00000e+00,        1.95167,               ,              3,             -1,       Disabled
  14/04/2026 13:19:10.975,    1.38811e+02,    2.08107e+00,    0.00000e+00,    6.16465e+03,    0.00000e+00,    4.44334e+02,    0.00000e+00,    2.09398e+00,    0.00000e+00,    7.65540e+02,    0.00000e+00,    1.98025e+01,    0.00000e+00,    2.40555e+01,    0.00000e+00,    0.00000e+00,    0.00000e+00,    1.95362e+00,    0.00000e+00,   -1.02087e+00,    0.00000e+00,        1.95222,               ,              3,             -1,       Disabled
  14/04/2026 13:19:11.837,    1.40562e+02,    2.08075e+00,    0.00000e+00,    6.22714e+03,    0.00000e+00,    4.46330e+02,    0.00000e+00,    2.09379e+00,    0.00000e+00,    7.65551e+02,    0.00000e+00,    1.97979e+01,    0.00000e+00,    2.40591e+01,    0.00000e+00,    0.00000e+00,    0.00000e+00,    1.95461e+00,    0.00000e+00,   -1.02087e+00,    0.00000e+00,         1.9532,               ,              3,             -1,       Disabled
  14/04/2026 13:19:12.690,    1.40268e+02,    2.08120e+00,    0.00000e+00,    6.15201e+03,    0.00000e+00,    4.44736e+02,    0.00000e+00,    2.09409e+00,    0.00000e+00,    7.65557e+02,    0.00000e+00,    1.98019e+01,    0.00000e+00,    2.40632e+01,    0.00000e+00,    0.00000e+00,    0.00000e+00,    1.95357e+00,    0.00000e+00,   -1.02087e+00,    0.00000e+00,        1.95217,               ,              3,             -1,       Disabled
  14/04/2026 13:19:13.544,    1.40040e+02,    2.08130e+00,    0.00000e+00,    6.13089e+03,    0.00000e+00,    4.42986e+02,    0.00000e+00,    2.09414e+00,    0.00000e+00,    7.65533e+02,    0.00000e+00,    1.98000e+01,    0.00000e+00,    2.40690e+01,    0.00000e+00,    0.00000e+00,    0.00000e+00,    1.95192e+00,    0.00000e+00,   -1.02087e+00,    0.00000e+00,        1.95053,               ,              3,             -1,       Disabled
  14/04/2026 13:19:14.398,    1.39507e+02,    2.08273e+00,    0.00000e+00,    6.18120e+03,    0.00000e+00,    4.45124e+02,    0.00000e+00,    2.09568e+00,    0.00000e+00,    7.65557e+02,    0.00000e+00,    1.97999e+01,    0.00000e+00,    2.40741e+01,    0.00000e+00,    0.00000e+00,    0.00000e+00,    1.95229e+00,    0.00000e+00,   -1.02087e+00,    0.00000e+00,        1.95089,               ,              3,             -1,       Disabled
  14/04/2026 13:19:15.253,    1.39917e+02,    2.08198e+00,    0.00000e+00,    6.16388e+03,    0.00000e+00,    4.44545e+02,    0.00000e+00,    2.09490e+00,    0.00000e+00,    7.65526e+02,    0.00000e+00,    1.98073e+01,    0.00000e+00,    2.40769e+01,    0.00000e+00,    0.00000e+00,    0.00000e+00,    1.95387e+00,    0.00000e+00,   -1.02087e+00,    0.00000e+00,        1.95247,               ,              3,             -1,       Disabled
  14/04/2026 13:19:16.108,    1.40007e+02,    2.08188e+00,    0.00000e+00,    6.18271e+03,    0.00000e+00,    4.45030e+02,    0.00000e+00,    2.09483e+00,    0.00000e+00,    7.65563e+02,    0.00000e+00,    1.98075e+01,    0.00000e+00,    2.40816e+01,    0.00000e+00,    0.00000e+00,    0.00000e+00,    1.95470e+00,    0.00000e+00,   -1.02087e+00,    0.00000e+00,         1.9533,               ,              3,             -1,       Disabled
  14/04/2026 13:19:16.962,    1.39105e+02,    2.08148e+00,    0.00000e+00,    6.11586e+03,    0.00000e+00,    4.44083e+02,    0.00000e+00,    2.09429e+00,    0.00000e+00,    7.65540e+02,    0.00000e+00,    1.98037e+01,    0.00000e+00,    2.40844e+01,    0.00000e+00,    0.00000e+00,    0.00000e+00,    1.95172e+00,    0.00000e+00,   -1.02087e+00,    0.00000e+00,        1.95032,               ,              3,             -1,       Disabled
  14/04/2026 13:19:17.815,    1.40245e+02,    2.08164e+00,    0.00000e+00,    6.23045e+03,    0.00000e+00,    4.45710e+02,    0.00000e+00,    2.09469e+00,    0.00000e+00,    7.65534e+02,    0.00000e+00,    1.98059e+01,    0.00000e+00,    2.40913e+01,    0.00000e+00,    0.00000e+00,    0.00000e+00,    1.95046e+00,    0.00000e+00,   -1.02087e+00,    0.00000e+00,        1.94906,               ,              3,             -1,       Disabled
  14/04/2026 13:19:18.670,    1.39169e+02,    2.08325e+00,    0.00000e+00,    6.13656e+03,    0.00000e+00,    4.41369e+02,    0.00000e+00,    2.09611e+00,    0.00000e+00,    7.65576e+02,    0.00000e+00,    1.98096e+01,    0.00000e+00,    2.40940e+01,    0.00000e+00,    0.00000e+00,    0.00000e+00,    1.95071e+00,    0.00000e+00,   -1.02087e+00,    0.00000e+00,        1.94932,               ,              3,             -1,       Disabled
  14/04/2026 13:19:19.524,    1.39605e+02,    2.08216e+00,    0.00000e+00,    6.13240e+03,    0.00000e+00,    4.44316e+02,    0.00000e+00,    2.09501e+00,    0.00000e+00,    7.65552e+02,    0.00000e+00,    1.98544e+01,    0.00000e+00,    2.40985e+01,    0.00000e+00,    0.00000e+00,    0.00000e+00,    1.95251e+00,    0.00000e+00,   -1.02087e+00,    0.00000e+00,        1.95111,               ,              3,             -1,       Disabled
  14/04/2026 13:19:20.379,    1.40593e+02,    2.08252e+00,    0.00000e+00,    6.12357e+03,    0.00000e+00,    4.45901e+02,    0.00000e+00,    2.09535e+00,    0.00000e+00,    7.65522e+02,    0.00000e+00,    1.98196e+01,    0.00000e+00,    2.41037e+01,    0.00000e+00,    0.00000e+00,    0.00000e+00,    1.95188e+00,    0.00000e+00,   -1.02087e+00,    0.00000e+00,        1.95048,               ,              3,             -1,       Disabled
  14/04/2026 13:19:21.233,    1.40233e+02,    2.08066e+00,    0.00000e+00,    6.11293e+03,    0.00000e+00,    4.45096e+02,    0.00000e+00,    2.09346e+00,    0.00000e+00,    7.65526e+02,    0.00000e+00,    1.98800e+01,    0.00000e+00,    2.41051e+01,    0.00000e+00,    0.00000e+00,    0.00000e+00,    1.95104e+00,    0.00000e+00,   -1.02087e+00,    0.00000e+00,        1.94964,               ,              3,             -1,       Disabled
  14/04/2026 13:19:22.087,    1.40423e+02,    2.08022e+00,    0.00000e+00,    6.12405e+03,    0.00000e+00,    4.47659e+02,    0.00000e+00,    2.09304e+00,    0.00000e+00,    7.65513e+02,    0.00000e+00,    1.98401e+01,    0.00000e+00,    2.41093e+01,    0.00000e+00,    0.00000e+00,    0.00000e+00,    1.95154e+00,    0.00000e+00,   -1.02087e+00,    0.00000e+00,        1.95014,               ,              3,             -1,       Disabled
  14/04/2026 13:19:22.942,    1.40891e+02,    2.08025e+00,    0.00000e+00,    6.15546e+03,    0.00000e+00,    4.39314e+02,    0.00000e+00,    2.09313e+00,    0.00000e+00,    7.65512e+02,    0.00000e+00,    1.98291e+01,    0.00000e+00,    2.41102e+01,    0.00000e+00,    0.00000e+00,    0.00000e+00,    1.95111e+00,    0.00000e+00,   -1.02087e+00,    0.00000e+00,        1.94972,               ,              3,             -1,       Disabled
  14/04/2026 13:19:23.796,    1.40715e+02,    2.07960e+00,    0.00000e+00,    6.10048e+03,    0.00000e+00,    4.41475e+02,    0.00000e+00,    2.09237e+00,    0.00000e+00,    7.65567e+02,    0.00000e+00,    1.98426e+01,    0.00000e+00,    2.41127e+01,    0.00000e+00,    0.00000e+00,    0.00000e+00,    1.95063e+00,    0.00000e+00,   -1.02081e+00,    0.00000e+00,        1.94924,               ,              3,             -1,       Disabled
  14/04/2026 13:19:24.651,    1.41277e+02,    2.08087e+00,    0.00000e+00,    6.15722e+03,    0.00000e+00,    4.41144e+02,    0.00000e+00,    2.09376e+00,    0.00000e+00,    7.65514e+02,    0.00000e+00,    1.98370e+01,    0.00000e+00,    2.41174e+01,    0.00000e+00,    0.00000e+00,    0.00000e+00,    1.95167e+00,    0.00000e+00,   -1.02081e+00,    0.00000e+00,        1.95028,               ,              3,             -1,       Disabled
  14/04/2026 13:19:25.505,    1.40753e+02,    2.08076e+00,    0.00000e+00,    6.08452e+03,    0.00000e+00,    4.41762e+02,    0.00000e+00,    2.09349e+00,    0.00000e+00,    7.65531e+02,    0.00000e+00,    1.98574e+01,    0.00000e+00,    2.41208e+01,    0.00000e+00,    0.00000e+00,    0.00000e+00,    1.95147e+00,    0.00000e+00,   -1.02081e+00,    0.00000e+00,        1.95008,               ,              3,             -1,       Disabled
  14/04/2026 13:19:26.359,    1.40866e+02,    2.07916e+00,    0.00000e+00,    6.04936e+03,    0.00000e+00,    4.39146e+02,    0.00000e+00,    2.09182e+00,    0.00000e+00,    7.65558e+02,    0.00000e+00,    1.98415e+01,    0.00000e+00,    2.41257e+01,    0.00000e+00,    0.00000e+00,    0.00000e+00,    1.95168e+00,    0.00000e+00,   -1.02081e+00,    0.00000e+00,         1.9503,               ,              3,             -1,       Disabled
  14/04/2026 13:19:27.213,    1.40410e+02,    2.07808e+00,    0.00000e+00,    6.15010e+03,    0.00000e+00,    4.39921e+02,    0.00000e+00,    2.09094e+00,    0.00000e+00,    7.65515e+02,    0.00000e+00,    1.98418e+01,    0.00000e+00,    2.41283e+01,    0.00000e+00,    0.00000e+00,    0.00000e+00,    1.95237e+00,    0.00000e+00,   -1.02081e+00,    0.00000e+00,        1.95098,               ,              3,             -1,       Disabled
  14/04/2026 13:19:28.068,    1.40542e+02,    2.08057e+00,    0.00000e+00,    6.17117e+03,    0.00000e+00,    4.39904e+02,    0.00000e+00,    2.09349e+00,    0.00000e+00,    7.65544e+02,    0.00000e+00,    1.98695e+01,    0.00000e+00,    2.41316e+01,    0.00000e+00,    0.00000e+00,    0.00000e+00,    1.95209e+00,    0.00000e+00,   -1.02081e+00,    0.00000e+00,         1.9507,               ,              3,             -1,       Disabled
  14/04/2026 13:19:28.923,    1.40981e+02,    2.07898e+00,    0.00000e+00,    6.09140e+03,    0.00000e+00,    4.34846e+02,    0.00000e+00,    2.09172e+00,    0.00000e+00,    7.65582e+02,    0.00000e+00,    1.98489e+01,    0.00000e+00,    2.41346e+01,    0.00000e+00,    0.00000e+00,    0.00000e+00,    1.95223e+00,    0.00000e+00,   -1.02076e+00,    0.00000e+00,        1.95084,               ,              3,             -1,       Disabled
  14/04/2026 13:19:29.777,    1.41023e+02,    2.08005e+00,    0.00000e+00,    6.14600e+03,    0.00000e+00,    4.37702e+02,    0.00000e+00,    2.09291e+00,    0.00000e+00,    7.65518e+02,    0.00000e+00,    1.98678e+01,    0.00000e+00,    2.41372e+01,    0.00000e+00,    0.00000e+00,    0.00000e+00,    1.95188e+00,    0.00000e+00,   -1.02076e+00,    0.00000e+00,         1.9505,               ,              3,             -1,       Disabled
  14/04/2026 13:19:30.631,    1.40584e+02,    2.08093e+00,    0.00000e+00,    6.11939e+03,    0.00000e+00,    4.35051e+02,    0.00000e+00,    2.09374e+00,    0.00000e+00,    7.65480e+02,    0.00000e+00,    1.98626e+01,    0.00000e+00,    2.41440e+01,    0.00000e+00,    0.00000e+00,    0.00000e+00,    1.95181e+00,    0.00000e+00,   -1.02071e+00,    0.00000e+00,        1.95043,               ,              3,             -1,       Disabled
  14/04/2026 13:19:31.485,    1.40214e+02,    2.07861e+00,    0.00000e+00,    6.06922e+03,    0.00000e+00,    4.32504e+02,    0.00000e+00,    2.09131e+00,    0.00000e+00,    7.65535e+02,    0.00000e+00,    1.98677e+01,    0.00000e+00,    2.41471e+01,    0.00000e+00,    0.00000e+00,    0.00000e+00,    1.95310e+00,    0.00000e+00,   -1.02071e+00,    0.00000e+00,        1.95172,               ,              3,             -1,       Disabled
  14/04/2026 13:19:32.340,    1.40460e+02,    2.07942e+00,    0.00000e+00,    6.05083e+03,    0.00000e+00,    4.37687e+02,    0.00000e+00,    2.09207e+00,    0.00000e+00,    7.65580e+02,    0.00000e+00,    1.98710e+01,    0.00000e+00,    2.41496e+01,    0.00000e+00,    0.00000e+00,    0.00000e+00,    1.95300e+00,    0.00000e+00,   -1.02065e+00,    0.00000e+00,        1.95162,               ,              3,             -1,       Disabled
  14/04/2026 13:19:33.221,    1.39673e+02,    2.07840e+00,    0.00000e+00,    6.06994e+03,    0.00000e+00,    4.38916e+02,    0.00000e+00,    2.09109e+00,    0.00000e+00,    7.65532e+02,    0.00000e+00,    1.98752e+01,    0.00000e+00,    2.41524e+01,    0.00000e+00,    0.00000e+00,    0.00000e+00,    1.95357e+00,    0.00000e+00,   -1.02065e+00,    0.00000e+00,        1.95218,               ,              3,             -1,       Disabled
  14/04/2026 13:19:34.048,    1.40552e+02,    2.07895e+00,    0.00000e+00,    6.07437e+03,    0.00000e+00,    4.35136e+02,    0.00000e+00,    2.09165e+00,    0.00000e+00,    7.65540e+02,    0.00000e+00,    1.98983e+01,    0.00000e+00,    2.41557e+01,    0.00000e+00,    0.00000e+00,    0.00000e+00,    1.95333e+00,    0.00000e+00,   -1.02059e+00,    0.00000e+00,        1.95195,               ,              3,             -1,       Disabled
  14/04/2026 13:19:34.902,    1.39843e+02,    2.07900e+00,    0.00000e+00,    6.04045e+03,    0.00000e+00,    4.37358e+02,    0.00000e+00,    2.09164e+00,    0.00000e+00,    7.65514e+02,    0.00000e+00,    1.98964e+01,    0.00000e+00,    2.41601e+01,    0.00000e+00,    0.00000e+00,    0.00000e+00,    1.95323e+00,    0.00000e+00,   -1.02059e+00,    0.00000e+00,        1.95184,               ,              3,             -1,       Disabled
  14/04/2026 13:19:35.757,    1.40229e+02,    2.07629e+00,    0.00000e+00,    6.04744e+03,    0.00000e+00,    4.33841e+02,    0.00000e+00,    2.08892e+00,    0.00000e+00,    7.65541e+02,    0.00000e+00,    1.98882e+01,    0.00000e+00,    2.41675e+01,    0.00000e+00,    0.00000e+00,    0.00000e+00,    1.95394e+00,    0.00000e+00,   -1.02059e+00,    0.00000e+00,        1.95255,               ,              3,             -1,       Disabled
  14/04/2026 13:19:36.611,    1.40089e+02,    2.07654e+00,    0.00000e+00,    6.11022e+03,    0.00000e+00,    4.35530e+02,    0.00000e+00,    2.08931e+00,    0.00000e+00,    7.65562e+02,    0.00000e+00,    1.98888e+01,    0.00000e+00,    2.41746e+01,    0.00000e+00,    0.00000e+00,    0.00000e+00,    1.95412e+00,    0.00000e+00,   -1.02059e+00,    0.00000e+00,        1.95274,               ,              3,             -1,       Disabled
  14/04/2026 13:19:37.466,    1.40040e+02,    2.07436e+00,    0.00000e+00,    6.12535e+03,    0.00000e+00,    4.34801e+02,    0.00000e+00,    2.08715e+00,    0.00000e+00,    7.65572e+02,    0.00000e+00,    1.99113e+01,    0.00000e+00,    2.41791e+01,    0.00000e+00,    0.00000e+00,    0.00000e+00,    1.95385e+00,    0.00000e+00,   -1.02059e+00,    0.00000e+00,        1.95247,               ,              3,             -1,       Disabled
  14/04/2026 13:19:38.320,    1.39864e+02,    2.07543e+00,    0.00000e+00,    6.03961e+03,    0.00000e+00,    4.36940e+02,    0.00000e+00,    2.08804e+00,    0.00000e+00,    7.65514e+02,    0.00000e+00,    1.98884e+01,    0.00000e+00,    2.41838e+01,    0.00000e+00,    0.00000e+00,    0.00000e+00,    1.95463e+00,    0.00000e+00,   -1.02059e+00,    0.00000e+00,        1.95324,               ,              3,             -1,       Disabled
  14/04/2026 13:19:39.174,    1.39884e+02,    2.07429e+00,    0.00000e+00,    6.11699e+03,    0.00000e+00,    4.34709e+02,    0.00000e+00,    2.08706e+00,    0.00000e+00,    7.65495e+02,    0.00000e+00,    1.99143e+01,    0.00000e+00,    2.41872e+01,    0.00000e+00,    0.00000e+00,    0.00000e+00,    1.95398e+00,    0.00000e+00,   -1.02054e+00,    0.00000e+00,        1.95259,               ,              3,             -1,       Disabled
  14/04/2026 13:19:40.028,    1.40892e+02,    2.07452e+00,    0.00000e+00,    6.14925e+03,    0.00000e+00,    4.33747e+02,    0.00000e+00,    2.08736e+00,    0.00000e+00,    7.65541e+02,    0.00000e+00,    1.99254e+01,    0.00000e+00,    2.41890e+01,    0.00000e+00,    0.00000e+00,    0.00000e+00,    1.95338e+00,    0.00000e+00,   -1.02054e+00,    0.00000e+00,          1.952,               ,              3,             -1,       Disabled
  14/04/2026 13:19:40.883,    1.40261e+02,    2.07447e+00,    0.00000e+00,    6.13612e+03,    0.00000e+00,    4.33729e+02,    0.00000e+00,    2.08727e+00,    0.00000e+00,    7.65585e+02,    0.00000e+00,    1.99232e+01,    0.00000e+00,    2.41906e+01,    0.00000e+00,    0.00000e+00,    0.00000e+00,    1.95318e+00,    0.00000e+00,   -1.02049e+00,    0.00000e+00,         1.9518,               ,              3,             -1,       Disabled
  14/04/2026 13:19:41.738,    1.40348e+02,    2.07408e+00,    0.00000e+00,    6.13210e+03,    0.00000e+00,    4.34397e+02,    0.00000e+00,    2.08687e+00,    0.00000e+00,    7.65539e+02,    0.00000e+00,    1.99246e+01,    0.00000e+00,    2.41962e+01,    0.00000e+00,    0.00000e+00,    0.00000e+00,    1.95300e+00,    0.00000e+00,   -1.02049e+00,    0.00000e+00,        1.95162,               ,              3,             -1,       Disabled
  14/04/2026 13:19:42.591,    1.40779e+02,    2.07643e+00,    0.00000e+00,    6.07881e+03,    0.00000e+00,    4.34516e+02,    0.00000e+00,    2.08913e+00,    0.00000e+00,    7.65523e+02,    0.00000e+00,    1.99351e+01,    0.00000e+00,    2.41989e+01,    0.00000e+00,    0.00000e+00,    0.00000e+00,    1.95223e+00,    0.00000e+00,   -1.02043e+00,    0.00000e+00,        1.95085,               ,              3,             -1,       Disabled
  14/04/2026 13:19:43.446,    1.40126e+02,    2.07566e+00,    0.00000e+00,    6.06009e+03,    0.00000e+00,    4.38514e+02,    0.00000e+00,    2.08831e+00,    0.00000e+00,    7.65571e+02,    0.00000e+00,    1.99210e+01,    0.00000e+00,    2.42019e+01,    0.00000e+00,    0.00000e+00,    0.00000e+00,    1.95147e+00,    0.00000e+00,   -1.02043e+00,    0.00000e+00,        1.95008,               ,              3,             -1,       Disabled
  14/04/2026 13:19:44.300,    1.39077e+02,    2.07891e+00,    0.00000e+00,    6.11370e+03,    0.00000e+00,    4.41335e+02,    0.00000e+00,    2.09170e+00,    0.00000e+00,    7.65568e+02,    0.00000e+00,    1.99539e+01,    0.00000e+00,    2.42064e+01,    0.00000e+00,    0.00000e+00,    0.00000e+00,    1.94943e+00,    0.00000e+00,   -1.02037e+00,    0.00000e+00,        1.94805,               ,              3,             -1,       Disabled
  14/04/2026 13:19:45.155,    1.40403e+02,    2.07787e+00,    0.00000e+00,    6.17023e+03,    0.00000e+00,    4.40433e+02,    0.00000e+00,    2.09077e+00,    0.00000e+00,    7.65539e+02,    0.00000e+00,    1.99607e+01,    0.00000e+00,    2.42090e+01,    0.00000e+00,    0.00000e+00,    0.00000e+00,    1.95064e+00,    0.00000e+00,   -1.02037e+00,    0.00000e+00,        1.94925,               ,              3,             -1,       Disabled
  14/04/2026 13:19:46.010,    1.39328e+02,    2.07820e+00,    0.00000e+00,    6.24241e+03,    0.00000e+00,    4.39433e+02,    0.00000e+00,    2.09125e+00,    0.00000e+00,    7.65505e+02,    0.00000e+00,    1.99295e+01,    0.00000e+00,    2.42126e+01,    0.00000e+00,    0.00000e+00,    0.00000e+00,    1.94992e+00,    0.00000e+00,   -1.02032e+00,    0.00000e+00,        1.94853,               ,              3,             -1,       Disabled
  14/04/2026 13:19:46.863,    1.40269e+02,    2.07966e+00,    0.00000e+00,    6.21543e+03,    0.00000e+00,    4.40151e+02,    0.00000e+00,    2.09267e+00,    0.00000e+00,    7.65537e+02,    0.00000e+00,    1.99419e+01,    0.00000e+00,    2.42167e+01,    0.00000e+00,    0.00000e+00,    0.00000e+00,    1.94945e+00,    0.00000e+00,   -1.02032e+00,    0.00000e+00,        1.94806,               ,              3,             -1,       Disabled
  14/04/2026 13:19:47.718,    1.39869e+02,    2.08076e+00,    0.00000e+00,    6.31446e+03,    0.00000e+00,    4.40479e+02,    0.00000e+00,    2.09398e+00,    0.00000e+00,    7.65531e+02,    0.00000e+00,    1.99591e+01,    0.00000e+00,    2.42203e+01,    0.00000e+00,    0.00000e+00,    0.00000e+00,    1.94829e+00,    0.00000e+00,   -1.02026e+00,    0.00000e+00,         1.9469,               ,              3,             -1,       Disabled
  14/04/2026 13:19:48.572,    1.39328e+02,    2.08047e+00,    0.00000e+00,    6.29045e+03,    0.00000e+00,    4.41134e+02,    0.00000e+00,    2.09364e+00,    0.00000e+00,    7.65501e+02,    0.00000e+00,    1.99627e+01,    0.00000e+00,    2.42246e+01,    0.00000e+00,    0.00000e+00,    0.00000e+00,    1.94851e+00,    0.00000e+00,   -1.02026e+00,    0.00000e+00,        1.94712,               ,              3,             -1,       Disabled
  14/04/2026 13:19:49.427,    1.38971e+02,    2.08009e+00,    0.00000e+00,    6.30981e+03,    0.00000e+00,    4.42988e+02,    0.00000e+00,    2.09330e+00,    0.00000e+00,    7.65538e+02,    0.00000e+00,    1.99380e+01,    0.00000e+00,    2.42279e+01,    0.00000e+00,    0.00000e+00,    0.00000e+00,    1.94924e+00,    0.00000e+00,   -1.02026e+00,    0.00000e+00,        1.94785,               ,              3,             -1,       Disabled
  14/04/2026 13:19:50.282,    1.40101e+02,    2.07956e+00,    0.00000e+00,    6.27228e+03,    0.00000e+00,    4.43605e+02,    0.00000e+00,    2.09269e+00,    0.00000e+00,    7.65561e+02,    0.00000e+00,    1.99647e+01,    0.00000e+00,    2.42307e+01,    0.00000e+00,    0.00000e+00,    0.00000e+00,    1.94898e+00,    0.00000e+00,   -1.02026e+00,    0.00000e+00,        1.94759,               ,              3,             -1,       Disabled
  14/04/2026 13:19:51.135,    1.39966e+02,    2.07919e+00,    0.00000e+00,    6.25168e+03,    0.00000e+00,    4.46860e+02,    0.00000e+00,    2.09227e+00,    0.00000e+00,    7.65548e+02,    0.00000e+00,    1.99392e+01,    0.00000e+00,    2.42367e+01,    0.00000e+00,    0.00000e+00,    0.00000e+00,    1.94806e+00,    0.00000e+00,   -1.02026e+00,    0.00000e+00,        1.94666,               ,              3,             -1,       Disabled
  14/04/2026 13:19:51.989,    1.39783e+02,    2.08111e+00,    0.00000e+00,    6.23128e+03,    0.00000e+00,    4.41733e+02,    0.00000e+00,    2.09416e+00,    0.00000e+00,    7.65545e+02,    0.00000e+00,    1.99444e+01,    0.00000e+00,    2.42387e+01,    0.00000e+00,    0.00000e+00,    0.00000e+00,    1.94826e+00,    0.00000e+00,   -1.02026e+00,    0.00000e+00,        1.94687,               ,              3,             -1,       Disabled
  14/04/2026 13:19:52.844,    1.39641e+02,    2.08122e+00,    0.00000e+00,    6.22707e+03,    0.00000e+00,    4.46438e+02,    0.00000e+00,    2.09427e+00,    0.00000e+00,    7.65532e+02,    0.00000e+00,    2.00231e+01,    0.00000e+00,    2.42407e+01,    0.00000e+00,    0.00000e+00,    0.00000e+00,    1.94812e+00,    0.00000e+00,   -1.02026e+00,    0.00000e+00,        1.94672,               ,              3,             -1,       Disabled
  14/04/2026 13:19:53.699,    1.40162e+02,    2.08297e+00,    0.00000e+00,    6.24974e+03,    0.00000e+00,    4.45781e+02,    0.00000e+00,    2.09607e+00,    0.00000e+00,    7.65580e+02,    0.00000e+00,    1.99766e+01,    0.00000e+00,    2.42435e+01,    0.00000e+00,    0.00000e+00,    0.00000e+00,    1.94675e+00,    0.00000e+00,   -1.02026e+00,    0.00000e+00,        1.94535,               ,              3,             -1,       Disabled
  14/04/2026 13:19:54.554,    1.39991e+02,    2.08359e+00,    0.00000e+00,    6.29185e+03,    0.00000e+00,    4.44734e+02,    0.00000e+00,    2.09678e+00,    0.00000e+00,    7.65507e+02,    0.00000e+00,    1.99788e+01,    0.00000e+00,    2.42434e+01,    0.00000e+00,    0.00000e+00,    0.00000e+00,    1.94548e+00,    0.00000e+00,   -1.02026e+00,    0.00000e+00,        1.94409,               ,              3,             -1,       Disabled
  14/04/2026 13:19:55.407,    1.41122e+02,    2.08223e+00,    0.00000e+00,    6.32287e+03,    0.00000e+00,    4.48527e+02,    0.00000e+00,    2.09548e+00,    0.00000e+00,    7.65565e+02,    0.00000e+00,    1.99798e+01,    0.00000e+00,    2.42458e+01,    0.00000e+00,    0.00000e+00,    0.00000e+00,    1.94664e+00,    0.00000e+00,   -1.02026e+00,    0.00000e+00,        1.94524,               ,              3,             -1,       Disabled
  14/04/2026 13:19:56.261,    1.39988e+02,    2.08564e+00,    0.00000e+00,    6.29215e+03,    0.00000e+00,    4.48341e+02,    0.00000e+00,    2.09885e+00,    0.00000e+00,    7.65527e+02,    0.00000e+00,    1.99889e+01,    0.00000e+00,    2.42504e+01,    0.00000e+00,    0.00000e+00,    0.00000e+00,    1.94478e+00,    0.00000e+00,   -1.02026e+00,    0.00000e+00,        1.94338,               ,              3,             -1,       Disabled
  14/04/2026 13:19:57.115,    1.39862e+02,    2.08449e+00,    0.00000e+00,    6.34032e+03,    0.00000e+00,    4.48515e+02,    0.00000e+00,    2.09779e+00,    0.00000e+00,    7.65560e+02,    0.00000e+00,    1.99723e+01,    0.00000e+00,    2.42535e+01,    0.00000e+00,    0.00000e+00,    0.00000e+00,    1.94623e+00,    0.00000e+00,   -1.02026e+00,    0.00000e+00,        1.94483,               ,              3,             -1,       Disabled
  14/04/2026 13:19:57.970,    1.39838e+02,    2.08174e+00,    0.00000e+00,    6.28723e+03,    0.00000e+00,    4.48767e+02,    0.00000e+00,    2.09491e+00,    0.00000e+00,    7.65588e+02,    0.00000e+00,    2.00083e+01,    0.00000e+00,    2.42544e+01,    0.00000e+00,    0.00000e+00,    0.00000e+00,    1.94673e+00,    0.00000e+00,   -1.02026e+00,    0.00000e+00,        1.94533,               ,              3,             -1,       Disabled
  14/04/2026 13:19:58.825,    1.39941e+02,    2.08333e+00,    0.00000e+00,    6.35571e+03,    0.00000e+00,    4.50666e+02,    0.00000e+00,    2.09665e+00,    0.00000e+00,    7.65545e+02,    0.00000e+00,    1.99659e+01,    0.00000e+00,    2.42581e+01,    0.00000e+00,    0.00000e+00,    0.00000e+00,    1.94563e+00,    0.00000e+00,   -1.02026e+00,    0.00000e+00,        1.94423,               ,              3,             -1,       Disabled
  14/04/2026 13:19:59.678,    1.39465e+02,    2.08181e+00,    0.00000e+00,    6.30817e+03,    0.00000e+00,    4.49940e+02,    0.00000e+00,    2.09502e+00,    0.00000e+00,    7.65550e+02,    0.00000e+00,    1.99850e+01,    0.00000e+00,    2.42623e+01,    0.00000e+00,    0.00000e+00,    0.00000e+00,    1.94730e+00,    0.00000e+00,   -1.02026e+00,    0.00000e+00,         1.9459,               ,              3,             -1,       Disabled
  14/04/2026 13:20:00.533,    1.39618e+02,    2.08177e+00,    0.00000e+00,    6.22480e+03,    0.00000e+00,    4.48304e+02,    0.00000e+00,    2.09481e+00,    0.00000e+00,    7.65545e+02,    0.00000e+00,    2.00019e+01,    0.00000e+00,    2.42690e+01,    0.00000e+00,    0.00000e+00,    0.00000e+00,    1.94655e+00,    0.00000e+00,   -1.02026e+00,    0.00000e+00,        1.94515,               ,              3,             -1,       Disabled
  14/04/2026 13:20:01.387,    1.39517e+02,    2.08135e+00,    0.00000e+00,    6.28153e+03,    0.00000e+00,    4.45927e+02,    0.00000e+00,    2.09451e+00,    0.00000e+00,    7.65580e+02,    0.00000e+00,    2.00076e+01,    0.00000e+00,    2.42748e+01,    0.00000e+00,    0.00000e+00,    0.00000e+00,    1.94702e+00,    0.00000e+00,   -1.02026e+00,    0.00000e+00,        1.94563,               ,              3,             -1,       Disabled
  14/04/2026 13:20:02.242,    1.40861e+02,    2.08068e+00,    0.00000e+00,    6.31722e+03,    0.00000e+00,    4.44398e+02,    0.00000e+00,    2.09390e+00,    0.00000e+00,    7.65550e+02,    0.00000e+00,    1.99811e+01,    0.00000e+00,    2.42787e+01,    0.00000e+00,    0.00000e+00,    0.00000e+00,    1.94795e+00,    0.00000e+00,   -1.02026e+00,    0.00000e+00,        1.94656,               ,              3,             -1,       Disabled
  14/04/2026 13:20:03.096,    1.40829e+02,    2.08148e+00,    0.00000e+00,    6.25777e+03,    0.00000e+00,    4.46566e+02,    0.00000e+00,    2.09459e+00,    0.00000e+00,    7.65564e+02,    0.00000e+00,    2.00100e+01,    0.00000e+00,    2.42820e+01,    0.00000e+00,    0.00000e+00,    0.00000e+00,    1.94698e+00,    0.00000e+00,   -1.02026e+00,    0.00000e+00,        1.94559,               ,              3,             -1,       Disabled
  14/04/2026 13:20:03.950,    1.40047e+02,    2.07902e+00,    0.00000e+00,    6.33117e+03,    0.00000e+00,    4.41378e+02,    0.00000e+00,    2.09227e+00,    0.00000e+00,    7.65587e+02,    0.00000e+00,    2.00124e+01,    0.00000e+00,    2.42857e+01,    0.00000e+00,    0.00000e+00,    0.00000e+00,    1.94728e+00,    0.00000e+00,   -1.02026e+00,    0.00000e+00,        1.94589,               ,              3,             -1,       Disabled
  14/04/2026 13:20:04.804,    1.39919e+02,    2.08212e+00,    0.00000e+00,    6.31540e+03,    0.00000e+00,    4.42453e+02,    0.00000e+00,    2.09535e+00,    0.00000e+00,    7.65599e+02,    0.00000e+00,    1.99870e+01,    0.00000e+00,    2.42912e+01,    0.00000e+00,    0.00000e+00,    0.00000e+00,    1.94814e+00,    0.00000e+00,   -1.02026e+00,    0.00000e+00,        1.94675,               ,              3,             -1,       Disabled
  14/04/2026 13:20:05.659,    1.40224e+02,    2.08142e+00,    0.00000e+00,    6.23479e+03,    0.00000e+00,    4.41473e+02,    0.00000e+00,    2.09448e+00,    0.00000e+00,    7.65568e+02,    0.00000e+00,    2.00115e+01,    0.00000e+00,    2.42949e+01,    0.00000e+00,    0.00000e+00,    0.00000e+00,    1.94780e+00,    0.00000e+00,   -1.02026e+00,    0.00000e+00,        1.94641,               ,              3,             -1,       Disabled
  14/04/2026 13:20:06.514,    1.40013e+02,    2.08376e+00,    0.00000e+00,    6.29577e+03,    0.00000e+00,    4.40866e+02,    0.00000e+00,    2.09697e+00,    0.00000e+00,    7.65591e+02,    0.00000e+00,    2.00177e+01,    0.00000e+00,    2.42991e+01,    0.00000e+00,    0.00000e+00,    0.00000e+00,    1.94785e+00,    0.00000e+00,   -1.02026e+00,    0.00000e+00,        1.94646,               ,              3,             -1,       Disabled
  14/04/2026 13:20:07.369,    1.39818e+02,    2.08463e+00,    0.00000e+00,    6.20362e+03,    0.00000e+00,    4.40079e+02,    0.00000e+00,    2.09764e+00,    0.00000e+00,    7.65542e+02,    0.00000e+00,    2.00160e+01,    0.00000e+00,    2.43005e+01,    0.00000e+00,    0.00000e+00,    0.00000e+00,    1.94778e+00,    0.00000e+00,   -1.02026e+00,    0.00000e+00,        1.94639,               ,              3,             -1,       Disabled
  14/04/2026 13:20:08.222,    1.39885e+02,    2.08500e+00,    0.00000e+00,    6.16973e+03,    0.00000e+00,    4.41559e+02,    0.00000e+00,    2.09794e+00,    0.00000e+00,    7.65598e+02,    0.00000e+00,    2.00326e+01,    0.00000e+00,    2.43036e+01,    0.00000e+00,    0.00000e+00,    0.00000e+00,    1.94774e+00,    0.00000e+00,   -1.02026e+00,    0.00000e+00,        1.94636,               ,              3,             -1,       Disabled
  14/04/2026 13:20:09.076,    1.40589e+02,    2.08607e+00,    0.00000e+00,    6.16623e+03,    0.00000e+00,    4.37971e+02,    0.00000e+00,    2.09902e+00,    0.00000e+00,    7.65571e+02,    0.00000e+00,    2.00327e+01,    0.00000e+00,    2.43068e+01,    0.00000e+00,    0.00000e+00,    0.00000e+00,    1.94760e+00,    0.00000e+00,   -1.02026e+00,    0.00000e+00,        1.94621,               ,              3,             -1,       Disabled
  14/04/2026 13:20:09.930,    1.39367e+02,    2.08509e+00,    0.00000e+00,    6.30641e+03,    0.00000e+00,    4.38056e+02,    0.00000e+00,    2.09833e+00,    0.00000e+00,    7.65548e+02,    0.00000e+00,    2.00086e+01,    0.00000e+00,    2.43067e+01,    0.00000e+00,    0.00000e+00,    0.00000e+00,    1.94874e+00,    0.00000e+00,   -1.02026e+00,    0.00000e+00,        1.94735,               ,              3,             -1,       Disabled
  14/04/2026 13:20:10.786,    1.40097e+02,    2.08330e+00,    0.00000e+00,    6.34538e+03,    0.00000e+00,    4.38224e+02,    0.00000e+00,    2.09660e+00,    0.00000e+00,    7.65631e+02,    0.00000e+00,    2.00306e+01,    0.00000e+00,    2.43112e+01,    0.00000e+00,    0.00000e+00,    0.00000e+00,    1.94931e+00,    0.00000e+00,   -1.02026e+00,    0.00000e+00,        1.94793,               ,              3,             -1,       Disabled
  14/04/2026 13:20:11.640,    1.40010e+02,    2.08613e+00,    0.00000e+00,    6.42319e+03,    0.00000e+00,    4.41658e+02,    0.00000e+00,    2.09962e+00,    0.00000e+00,    7.65605e+02,    0.00000e+00,    2.00431e+01,    0.00000e+00,    2.43162e+01,    0.00000e+00,    0.00000e+00,    0.00000e+00,    1.94987e+00,    0.00000e+00,   -1.02026e+00,    0.00000e+00,        1.94848,               ,              3,             -1,       Disabled
  14/04/2026 13:20:12.494,    1.40657e+02,    2.08482e+00,    0.00000e+00,    6.36126e+03,    0.00000e+00,    4.40592e+02,    0.00000e+00,    2.09816e+00,    0.00000e+00,    7.65548e+02,    0.00000e+00,    2.00175e+01,    0.00000e+00,    2.43194e+01,    0.00000e+00,    0.00000e+00,    0.00000e+00,    1.94971e+00,    0.00000e+00,   -1.02026e+00,    0.00000e+00,        1.94832,               ,              3,             -1,       Disabled
  14/04/2026 13:20:13.348,    1.40362e+02,    2.08460e+00,    0.00000e+00,    6.40896e+03,    0.00000e+00,    4.39782e+02,    0.00000e+00,    2.09804e+00,    0.00000e+00,    7.65532e+02,    0.00000e+00,    2.00443e+01,    0.00000e+00,    2.43237e+01,    0.00000e+00,    0.00000e+00,    0.00000e+00,    1.95011e+00,    0.00000e+00,   -1.02026e+00,    0.00000e+00,        1.94872,               ,              3,             -1,       Disabled
  14/04/2026 13:20:14.202,    1.39620e+02,    2.08680e+00,    0.00000e+00,    6.35104e+03,    0.00000e+00,    4.45282e+02,    0.00000e+00,    2.10014e+00,    0.00000e+00,    7.65588e+02,    0.00000e+00,    2.00461e+01,    0.00000e+00,    2.43258e+01,    0.00000e+00,    0.00000e+00,    0.00000e+00,    1.94923e+00,    0.00000e+00,   -1.02026e+00,    0.00000e+00,        1.94783,               ,              3,             -1,       Disabled
  14/04/2026 13:20:15.057,    1.40260e+02,    2.08510e+00,    0.00000e+00,    6.39552e+03,    0.00000e+00,    4.43223e+02,    0.00000e+00,    2.09852e+00,    0.00000e+00,    7.65536e+02,    0.00000e+00,    2.00543e+01,    0.00000e+00,    2.43311e+01,    0.00000e+00,    0.00000e+00,    0.00000e+00,    1.94929e+00,    0.00000e+00,   -1.02026e+00,    0.00000e+00,         1.9479,               ,              3,             -1,       Disabled
  14/04/2026 13:20:15.912,    1.39983e+02,    2.08713e+00,    0.00000e+00,    6.37972e+03,    0.00000e+00,    4.46844e+02,    0.00000e+00,    2.10053e+00,    0.00000e+00,    7.65544e+02,    0.00000e+00,    2.00481e+01,    0.00000e+00,    2.43354e+01,    0.00000e+00,    0.00000e+00,    0.00000e+00,    1.94797e+00,    0.00000e+00,   -1.02026e+00,    0.00000e+00,        1.94657,               ,              3,             -1,       Disabled
  14/04/2026 13:20:16.765,    1.39444e+02,    2.08694e+00,    0.00000e+00,    6.43603e+03,    0.00000e+00,    4.43858e+02,    0.00000e+00,    2.10046e+00,    0.00000e+00,    7.65587e+02,    0.00000e+00,    2.00520e+01,    0.00000e+00,    2.43394e+01,    0.00000e+00,    0.00000e+00,    0.00000e+00,    1.94833e+00,    0.00000e+00,   -1.02026e+00,    0.00000e+00,        1.94693,               ,              3,             -1,       Disabled
  14/04/2026 13:20:17.620,    1.39775e+02,    2.08759e+00,    0.00000e+00,    6.49561e+03,    0.00000e+00,    4.45553e+02,    0.00000e+00,    2.10124e+00,    0.00000e+00,    7.65585e+02,    0.00000e+00,    2.00319e+01,    0.00000e+00,    2.43423e+01,    0.00000e+00,    0.00000e+00,    0.00000e+00,    1.94867e+00,    0.00000e+00,   -1.02026e+00,    0.00000e+00,        1.94727,               ,              3,             -1,       Disabled
  14/04/2026 13:20:18.474,    1.39268e+02,    2.08796e+00,    0.00000e+00,    6.41915e+03,    0.00000e+00,    4.45877e+02,    0.00000e+00,    2.10144e+00,    0.00000e+00,    7.65529e+02,    0.00000e+00,    2.00577e+01,    0.00000e+00,    2.43476e+01,    0.00000e+00,    0.00000e+00,    0.00000e+00,    1.94803e+00,    0.00000e+00,   -1.02026e+00,    0.00000e+00,        1.94663,               ,              3,             -1,       Disabled
  14/04/2026 13:20:19.329,    1.39652e+02,    2.08942e+00,    0.00000e+00,    6.42053e+03,    0.00000e+00,    4.46483e+02,    0.00000e+00,    2.10292e+00,    0.00000e+00,    7.65577e+02,    0.00000e+00,    2.00592e+01,    0.00000e+00,    2.43496e+01,    0.00000e+00,    0.00000e+00,    0.00000e+00,    1.94894e+00,    0.00000e+00,   -1.02026e+00,    0.00000e+00,        1.94754,               ,              3,             -1,       Disabled
  14/04/2026 13:20:20.184,    1.39930e+02,    2.08751e+00,    0.00000e+00,    6.39689e+03,    0.00000e+00,    4.47267e+02,    0.00000e+00,    2.10095e+00,    0.00000e+00,    7.65590e+02,    0.00000e+00,    2.00417e+01,    0.00000e+00,    2.43548e+01,    0.00000e+00,    0.00000e+00,    0.00000e+00,    1.95088e+00,    0.00000e+00,   -1.02026e+00,    0.00000e+00,        1.94948,               ,              3,             -1,       Disabled
  14/04/2026 13:20:21.037,    1.39460e+02,    2.08744e+00,    0.00000e+00,    6.29080e+03,    0.00000e+00,    4.48047e+02,    0.00000e+00,    2.10066e+00,    0.00000e+00,    7.65552e+02,    0.00000e+00,    2.00697e+01,    0.00000e+00,    2.43577e+01,    0.00000e+00,    0.00000e+00,    0.00000e+00,    1.94947e+00,    0.00000e+00,   -1.02026e+00,    0.00000e+00,        1.94807,               ,              3,             -1,       Disabled
  14/04/2026 13:20:21.891,    1.39965e+02,    2.08750e+00,    0.00000e+00,    6.39822e+03,    0.00000e+00,    4.44366e+02,    0.00000e+00,    2.10095e+00,    0.00000e+00,    7.65550e+02,    0.00000e+00,    2.00750e+01,    0.00000e+00,    2.43625e+01,    0.00000e+00,    0.00000e+00,    0.00000e+00,    1.95040e+00,    0.00000e+00,   -1.02021e+00,    0.00000e+00,        1.94901,               ,              3,             -1,       Disabled
  14/04/2026 13:20:22.746,    1.39536e+02,    2.08763e+00,    0.00000e+00,    6.34921e+03,    0.00000e+00,    4.41316e+02,    0.00000e+00,    2.10097e+00,    0.00000e+00,    7.65514e+02,    0.00000e+00,    2.00626e+01,    0.00000e+00,    2.43686e+01,    0.00000e+00,    0.00000e+00,    0.00000e+00,    1.94956e+00,    0.00000e+00,   -1.02021e+00,    0.00000e+00,        1.94818,               ,              3,             -1,       Disabled
  14/04/2026 13:20:23.601,    1.39983e+02,    2.08768e+00,    0.00000e+00,    6.45489e+03,    0.00000e+00,    4.44519e+02,    0.00000e+00,    2.10124e+00,    0.00000e+00,    7.65604e+02,    0.00000e+00,    2.00752e+01,    0.00000e+00,    2.43727e+01,    0.00000e+00,    0.00000e+00,    0.00000e+00,    1.94970e+00,    0.00000e+00,   -1.02015e+00,    0.00000e+00,        1.94831,               ,              3,             -1,       Disabled
  14/04/2026 13:20:24.456,    1.39269e+02,    2.08662e+00,    0.00000e+00,    6.31471e+03,    0.00000e+00,    4.40487e+02,    0.00000e+00,    2.09988e+00,    0.00000e+00,    7.65563e+02,    0.00000e+00,    2.00757e+01,    0.00000e+00,    2.43780e+01,    0.00000e+00,    0.00000e+00,    0.00000e+00,    1.95124e+00,    0.00000e+00,   -1.02015e+00,    0.00000e+00,        1.94985,               ,              3,             -1,       Disabled
  14/04/2026 13:20:25.309,    1.39548e+02,    2.08792e+00,    0.00000e+00,    6.34239e+03,    0.00000e+00,    4.42162e+02,    0.00000e+00,    2.10125e+00,    0.00000e+00,    7.65541e+02,    0.00000e+00,    2.00592e+01,    0.00000e+00,    2.43828e+01,    0.00000e+00,    0.00000e+00,    0.00000e+00,    1.95001e+00,    0.00000e+00,   -1.02009e+00,    0.00000e+00,        1.94862,               ,              3,             -1,       Disabled
  14/04/2026 13:20:26.163,    1.40336e+02,    2.08773e+00,    0.00000e+00,    6.35106e+03,    0.00000e+00,    4.46534e+02,    0.00000e+00,    2.10108e+00,    0.00000e+00,    7.65590e+02,    0.00000e+00,    2.00878e+01,    0.00000e+00,    2.43898e+01,    0.00000e+00,    0.00000e+00,    0.00000e+00,    1.95115e+00,    0.00000e+00,   -1.02009e+00,    0.00000e+00,        1.94974,               ,              3,             -1,       Disabled
  14/04/2026 13:20:27.017,    1.40338e+02,    2.08689e+00,    0.00000e+00,    6.39967e+03,    0.00000e+00,    4.41492e+02,    0.00000e+00,    2.10033e+00,    0.00000e+00,    7.65563e+02,    0.00000e+00,    2.00881e+01,    0.00000e+00,    2.43961e+01,    0.00000e+00,    0.00000e+00,    0.00000e+00,    1.95112e+00,    0.00000e+00,   -1.02003e+00,    0.00000e+00,        1.94973,               ,              3,             -1,       Disabled
  14/04/2026 13:20:27.873,    1.40574e+02,    2.08635e+00,    0.00000e+00,    6.42751e+03,    0.00000e+00,    4.38921e+02,    0.00000e+00,    2.09984e+00,    0.00000e+00,    7.65569e+02,    0.00000e+00,    2.00742e+01,    0.00000e+00,    2.44014e+01,    0.00000e+00,    0.00000e+00,    0.00000e+00,    1.95112e+00,    0.00000e+00,   -1.02003e+00,    0.00000e+00,        1.94973,               ,              3,             -1,       Disabled
  14/04/2026 13:20:28.727,    1.39064e+02,    2.08754e+00,    0.00000e+00,    6.35970e+03,    0.00000e+00,    4.42728e+02,    0.00000e+00,    2.10090e+00,    0.00000e+00,    7.65515e+02,    0.00000e+00,    2.00913e+01,    0.00000e+00,    2.44060e+01,    0.00000e+00,    0.00000e+00,    0.00000e+00,    1.95228e+00,    0.00000e+00,   -1.01997e+00,    0.00000e+00,        1.95088,               ,              3,             -1,       Disabled
  14/04/2026 13:20:29.580,    1.40092e+02,    2.08534e+00,    0.00000e+00,    6.46569e+03,    0.00000e+00,    4.35002e+02,    0.00000e+00,    2.09891e+00,    0.00000e+00,    7.65539e+02,    0.00000e+00,    2.00964e+01,    0.00000e+00,    2.44088e+01,    0.00000e+00,    0.00000e+00,    0.00000e+00,    1.95165e+00,    0.00000e+00,   -1.01997e+00,    0.00000e+00,        1.95026,               ,              3,             -1,       Disabled
  14/04/2026 13:20:30.435,    1.40053e+02,    2.08568e+00,    0.00000e+00,    6.51074e+03,    0.00000e+00,    4.41161e+02,    0.00000e+00,    2.09934e+00,    0.00000e+00,    7.65538e+02,    0.00000e+00,    2.00784e+01,    0.00000e+00,    2.44124e+01,    0.00000e+00,    0.00000e+00,    0.00000e+00,    1.95227e+00,    0.00000e+00,   -1.01997e+00,    0.00000e+00,        1.95087,               ,              3,             -1,       Disabled
  14/04/2026 13:20:31.289,    1.39150e+02,    2.08543e+00,    0.00000e+00,    6.45633e+03,    0.00000e+00,    4.38051e+02,    0.00000e+00,    2.09898e+00,    0.00000e+00,    7.65525e+02,    0.00000e+00,    2.00991e+01,    0.00000e+00,    2.44191e+01,    0.00000e+00,    0.00000e+00,    0.00000e+00,    1.95200e+00,    0.00000e+00,   -1.01997e+00,    0.00000e+00,        1.95061,               ,              3,             -1,       Disabled
  14/04/2026 13:20:32.144,    1.40676e+02,    2.08650e+00,    0.00000e+00,    6.40335e+03,    0.00000e+00,    4.40225e+02,    0.00000e+00,    2.09995e+00,    0.00000e+00,    7.65543e+02,    0.00000e+00,    2.01047e+01,    0.00000e+00,    2.44251e+01,    0.00000e+00,    0.00000e+00,    0.00000e+00,    1.95111e+00,    0.00000e+00,   -1.01997e+00,    0.00000e+00,        1.94972,               ,              3,             -1,       Disabled
  14/04/2026 13:20:32.999,    1.40202e+02,    2.08497e+00,    0.00000e+00,    6.53087e+03,    0.00000e+00,    4.40568e+02,    0.00000e+00,    2.09868e+00,    0.00000e+00,    7.65554e+02,    0.00000e+00,    2.00823e+01,    0.00000e+00,    2.44307e+01,    0.00000e+00,    0.00000e+00,    0.00000e+00,    1.95118e+00,    0.00000e+00,   -1.01997e+00,    0.00000e+00,        1.94979,               ,              3,             -1,       Disabled
  14/04/2026 13:20:33.852,    1.39597e+02,    2.08731e+00,    0.00000e+00,    6.47696e+03,    0.00000e+00,    4.40531e+02,    0.00000e+00,    2.10092e+00,    0.00000e+00,    7.65486e+02,    0.00000e+00,    2.01121e+01,    0.00000e+00,    2.44341e+01,    0.00000e+00,    0.00000e+00,    0.00000e+00,    1.95213e+00,    0.00000e+00,   -1.01997e+00,    0.00000e+00,        1.95073,               ,              3,             -1,       Disabled
  14/04/2026 13:20:34.706,    1.39011e+02,    2.08443e+00,    0.00000e+00,    6.57919e+03,    0.00000e+00,    4.43473e+02,    0.00000e+00,    2.09823e+00,    0.00000e+00,    7.65533e+02,    0.00000e+00,    2.01056e+01,    0.00000e+00,    2.44392e+01,    0.00000e+00,    0.00000e+00,    0.00000e+00,    1.95171e+00,    0.00000e+00,   -1.01997e+00,    0.00000e+00,        1.95031,               ,              3,             -1,       Disabled
  14/04/2026 13:20:35.561,    1.40697e+02,    2.08582e+00,    0.00000e+00,    6.62646e+03,    0.00000e+00,    4.44976e+02,    0.00000e+00,    2.09973e+00,    0.00000e+00,    7.65572e+02,    0.00000e+00,    2.01012e+01,    0.00000e+00,    2.44444e+01,    0.00000e+00,    0.00000e+00,    0.00000e+00,    1.95134e+00,    0.00000e+00,   -1.01997e+00,    0.00000e+00,        1.94994,               ,              3,             -1,       Disabled
  14/04/2026 13:20:36.416,    1.39904e+02,    2.08709e+00,    0.00000e+00,    6.57463e+03,    0.00000e+00,    4.46066e+02,    0.00000e+00,    2.10090e+00,    0.00000e+00,    7.65574e+02,    0.00000e+00,    2.01105e+01,    0.00000e+00,    2.44473e+01,    0.00000e+00,    0.00000e+00,    0.00000e+00,    1.95088e+00,    0.00000e+00,   -1.01997e+00,    0.00000e+00,        1.94948,               ,              3,             -1,       Disabled
  14/04/2026 13:20:37.271,    1.39895e+02,    2.08558e+00,    0.00000e+00,    6.54817e+03,    0.00000e+00,    4.38652e+02,    0.00000e+00,    2.09933e+00,    0.00000e+00,    7.65537e+02,    0.00000e+00,    2.01157e+01,    0.00000e+00,    2.44501e+01,    0.00000e+00,    0.00000e+00,    0.00000e+00,    1.95011e+00,    0.00000e+00,   -1.01997e+00,    0.00000e+00,        1.94872,               ,              3,             -1,       Disabled
  14/04/2026 13:20:38.124,    1.39554e+02,    2.08609e+00,    0.00000e+00,    6.48364e+03,    0.00000e+00,    4.37593e+02,    0.00000e+00,    2.09971e+00,    0.00000e+00,    7.65536e+02,    0.00000e+00,    2.00972e+01,    0.00000e+00,    2.44568e+01,    0.00000e+00,    0.00000e+00,    0.00000e+00,    1.95260e+00,    0.00000e+00,   -1.01997e+00,    0.00000e+00,        1.95121,               ,              3,             -1,       Disabled
  14/04/2026 13:20:38.978,    1.40186e+02,    2.08606e+00,    0.00000e+00,    6.52480e+03,    0.00000e+00,    4.40346e+02,    0.00000e+00,    2.09976e+00,    0.00000e+00,    7.65585e+02,    0.00000e+00,    2.01149e+01,    0.00000e+00,    2.44596e+01,    0.00000e+00,    0.00000e+00,    0.00000e+00,    1.95194e+00,    0.00000e+00,   -1.01997e+00,    0.00000e+00,        1.95055,               ,              3,             -1,       Disabled
  14/04/2026 13:20:39.833,    1.39665e+02,    2.08669e+00,    0.00000e+00,    6.47616e+03,    0.00000e+00,    4.42518e+02,    0.00000e+00,    2.10030e+00,    0.00000e+00,    7.65479e+02,    0.00000e+00,    2.01224e+01,    0.00000e+00,    2.44655e+01,    0.00000e+00,    0.00000e+00,    0.00000e+00,    1.95175e+00,    0.00000e+00,   -1.01997e+00,    0.00000e+00,        1.95035,               ,              3,             -1,       Disabled
  14/04/2026 13:20:40.688,    1.39962e+02,    2.08558e+00,    0.00000e+00,    6.49537e+03,    0.00000e+00,    4.43619e+02,    0.00000e+00,    2.09922e+00,    0.00000e+00,    7.65552e+02,    0.00000e+00,    2.01021e+01,    0.00000e+00,    2.44708e+01,    0.00000e+00,    0.00000e+00,    0.00000e+00,    1.95366e+00,    0.00000e+00,   -1.01997e+00,    0.00000e+00,        1.95226,               ,              3,             -1,       Disabled
  14/04/2026 13:20:41.543,    1.40404e+02,    2.08461e+00,    0.00000e+00,    6.36473e+03,    0.00000e+00,    4.39311e+02,    0.00000e+00,    2.09797e+00,    0.00000e+00,    7.65558e+02,    0.00000e+00,    2.01269e+01,    0.00000e+00,    2.44726e+01,    0.00000e+00,    0.00000e+00,    0.00000e+00,    1.95359e+00,    0.00000e+00,   -1.01997e+00,    0.00000e+00,         1.9522,               ,              3,             -1,       Disabled
  14/04/2026 13:20:42.396,    1.40235e+02,    2.08665e+00,    0.00000e+00,    6.42807e+03,    0.00000e+00,    4.37960e+02,    0.00000e+00,    2.10015e+00,    0.00000e+00,    7.65563e+02,    0.00000e+00,    2.01279e+01,    0.00000e+00,    2.44767e+01,    0.00000e+00,    0.00000e+00,    0.00000e+00,    1.95318e+00,    0.00000e+00,   -1.01997e+00,    0.00000e+00,        1.95179,               ,              3,             -1,       Disabled
  14/04/2026 13:20:43.250,    1.39511e+02,    2.08517e+00,    0.00000e+00,    6.34721e+03,    0.00000e+00,    4.41990e+02,    0.00000e+00,    2.09849e+00,    0.00000e+00,    7.65554e+02,    0.00000e+00,    2.01053e+01,    0.00000e+00,    2.44802e+01,    0.00000e+00,    0.00000e+00,    0.00000e+00,    1.95465e+00,    0.00000e+00,   -1.01997e+00,    0.00000e+00,        1.95325,               ,              3,             -1,       Disabled
  14/04/2026 13:20:44.104,    1.40054e+02,    2.08654e+00,    0.00000e+00,    6.34584e+03,    0.00000e+00,    4.39311e+02,    0.00000e+00,    2.09987e+00,    0.00000e+00,    7.65527e+02,    0.00000e+00,    2.01241e+01,    0.00000e+00,    2.44848e+01,    0.00000e+00,    0.00000e+00,    0.00000e+00,    1.95370e+00,    0.00000e+00,   -1.01997e+00,    0.00000e+00,        1.95231,               ,              3,             -1,       Disabled
  14/04/2026 13:20:44.960,    1.40020e+02,    2.08603e+00,    0.00000e+00,    6.33600e+03,    0.00000e+00,    4.38223e+02,    0.00000e+00,    2.09934e+00,    0.00000e+00,    7.65574e+02,    0.00000e+00,    2.01368e+01,    0.00000e+00,    2.44881e+01,    0.00000e+00,    0.00000e+00,    0.00000e+00,    1.95245e+00,    0.00000e+00,   -1.01997e+00,    0.00000e+00,        1.95106,               ,              3,             -1,       Disabled
  14/04/2026 13:20:45.814,    1.40421e+02,    2.08660e+00,    0.00000e+00,    6.33727e+03,    0.00000e+00,    4.43612e+02,    0.00000e+00,    2.09991e+00,    0.00000e+00,    7.65501e+02,    0.00000e+00,    2.01170e+01,    0.00000e+00,    2.44954e+01,    0.00000e+00,    0.00000e+00,    0.00000e+00,    1.95168e+00,    0.00000e+00,   -1.01992e+00,    0.00000e+00,        1.95029,               ,              3,             -1,       Disabled
  14/04/2026 13:20:46.667,    1.39901e+02,    2.08553e+00,    0.00000e+00,    6.40325e+03,    0.00000e+00,    4.41767e+02,    0.00000e+00,    2.09897e+00,    0.00000e+00,    7.65530e+02,    0.00000e+00,    2.01255e+01,    0.00000e+00,    2.45021e+01,    0.00000e+00,    0.00000e+00,    0.00000e+00,    1.95181e+00,    0.00000e+00,   -1.01992e+00,    0.00000e+00,        1.95042,               ,              3,             -1,       Disabled
  14/04/2026 13:20:47.522,    1.39949e+02,    2.08799e+00,    0.00000e+00,    6.45265e+03,    0.00000e+00,    4.44994e+02,    0.00000e+00,    2.10155e+00,    0.00000e+00,    7.65537e+02,    0.00000e+00,    2.01170e+01,    0.00000e+00,    2.45073e+01,    0.00000e+00,    0.00000e+00,    0.00000e+00,    1.95004e+00,    0.00000e+00,   -1.01992e+00,    0.00000e+00,        1.94865,               ,              3,             -1,       Disabled
  14/04/2026 13:20:48.376,    1.39948e+02,    2.08573e+00,    0.00000e+00,    6.34846e+03,    0.00000e+00,    4.40305e+02,    0.00000e+00,    2.09905e+00,    0.00000e+00,    7.65446e+02,    0.00000e+00,    2.01184e+01,    0.00000e+00,    2.45082e+01,    0.00000e+00,    0.00000e+00,    0.00000e+00,    1.94982e+00,    0.00000e+00,   -1.01992e+00,    0.00000e+00,        1.94843,               ,              3,             -1,       Disabled
  14/04/2026 13:20:49.232,    1.39311e+02,    2.08583e+00,    0.00000e+00,    6.29158e+03,    0.00000e+00,    4.43935e+02,    0.00000e+00,    2.09904e+00,    0.00000e+00,    7.65575e+02,    0.00000e+00,    2.01350e+01,    0.00000e+00,    2.45143e+01,    0.00000e+00,    0.00000e+00,    0.00000e+00,    1.94923e+00,    0.00000e+00,   -1.01992e+00,    0.00000e+00,        1.94783,               ,              3,             -1,       Disabled
  14/04/2026 13:20:50.086,    1.39980e+02,    2.08546e+00,    0.00000e+00,    6.35038e+03,    0.00000e+00,    4.42459e+02,    0.00000e+00,    2.09879e+00,    0.00000e+00,    7.65523e+02,    0.00000e+00,    2.01278e+01,    0.00000e+00,    2.45164e+01,    0.00000e+00,    0.00000e+00,    0.00000e+00,    1.94912e+00,    0.00000e+00,   -1.01992e+00,    0.00000e+00,        1.94773,               ,              3,             -1,       Disabled
  14/04/2026 13:20:50.939,    1.40319e+02,    2.08743e+00,    0.00000e+00,    6.31645e+03,    0.00000e+00,    4.46557e+02,    0.00000e+00,    2.10070e+00,    0.00000e+00,    7.65550e+02,    0.00000e+00,    2.01512e+01,    0.00000e+00,    2.45211e+01,    0.00000e+00,    0.00000e+00,    0.00000e+00,    1.94928e+00,    0.00000e+00,   -1.01987e+00,    0.00000e+00,        1.94788,               ,              3,             -1,       Disabled
  14/04/2026 13:20:51.793,    1.39461e+02,    2.08434e+00,    0.00000e+00,    6.36004e+03,    0.00000e+00,    4.39645e+02,    0.00000e+00,    2.09768e+00,    0.00000e+00,    7.65570e+02,    0.00000e+00,    2.01315e+01,    0.00000e+00,    2.45242e+01,    0.00000e+00,    0.00000e+00,    0.00000e+00,    1.94925e+00,    0.00000e+00,   -1.01987e+00,    0.00000e+00,        1.94787,               ,              3,             -1,       Disabled
  14/04/2026 13:20:52.648,    1.40225e+02,    2.08252e+00,    0.00000e+00,    6.27588e+03,    0.00000e+00,    4.43411e+02,    0.00000e+00,    2.09568e+00,    0.00000e+00,    7.65587e+02,    0.00000e+00,    2.01334e+01,    0.00000e+00,    2.45295e+01,    0.00000e+00,    0.00000e+00,    0.00000e+00,    1.94864e+00,    0.00000e+00,   -1.01987e+00,    0.00000e+00,        1.94725,               ,              3,             -1,       Disabled
  14/04/2026 13:20:53.503,    1.40237e+02,    2.08196e+00,    0.00000e+00,    6.33790e+03,    0.00000e+00,    4.40934e+02,    0.00000e+00,    2.09524e+00,    0.00000e+00,    7.65575e+02,    0.00000e+00,    2.01336e+01,    0.00000e+00,    2.45335e+01,    0.00000e+00,    0.00000e+00,    0.00000e+00,    1.94959e+00,    0.00000e+00,   -1.01987e+00,    0.00000e+00,         1.9482,               ,              3,             -1,       Disabled
  14/04/2026 13:20:54.358,    1.39709e+02,    2.08263e+00,    0.00000e+00,    6.27163e+03,    0.00000e+00,    4.42127e+02,    0.00000e+00,    2.09577e+00,    0.00000e+00,    7.65567e+02,    0.00000e+00,    2.01413e+01,    0.00000e+00,    2.45352e+01,    0.00000e+00,    0.00000e+00,    0.00000e+00,    1.94884e+00,    0.00000e+00,   -1.01982e+00,    0.00000e+00,        1.94745,               ,              3,             -1,       Disabled
  14/04/2026 13:20:55.211,    1.40653e+02,    2.08086e+00,    0.00000e+00,    6.34946e+03,    0.00000e+00,    4.41742e+02,    0.00000e+00,    2.09416e+00,    0.00000e+00,    7.65596e+02,    0.00000e+00,    2.01510e+01,    0.00000e+00,    2.45400e+01,    0.00000e+00,    0.00000e+00,    0.00000e+00,    1.94955e+00,    0.00000e+00,   -1.01982e+00,    0.00000e+00,        1.94816,               ,              3,             -1,       Disabled
  14/04/2026 13:20:56.065,    1.39596e+02,    2.08139e+00,    0.00000e+00,    6.34432e+03,    0.00000e+00,    4.40169e+02,    0.00000e+00,    2.09468e+00,    0.00000e+00,    7.65567e+02,    0.00000e+00,    2.01435e+01,    0.00000e+00,    2.45440e+01,    0.00000e+00,    0.00000e+00,    0.00000e+00,    1.94881e+00,    0.00000e+00,   -1.01976e+00,    0.00000e+00,        1.94742,               ,              3,             -1,       Disabled
  14/04/2026 13:20:56.920,    1.39762e+02,    2.07807e+00,    0.00000e+00,    6.24731e+03,    0.00000e+00,    4.44803e+02,    0.00000e+00,    2.09114e+00,    0.00000e+00,    7.65581e+02,    0.00000e+00,    2.01536e+01,    0.00000e+00,    2.45462e+01,    0.00000e+00,    0.00000e+00,    0.00000e+00,    1.94961e+00,    0.00000e+00,   -1.01976e+00,    0.00000e+00,        1.94822,               ,              3,             -1,       Disabled
  14/04/2026 13:20:57.774,    1.39411e+02,    2.07828e+00,    0.00000e+00,    6.27420e+03,    0.00000e+00,    4.45944e+02,    0.00000e+00,    2.09140e+00,    0.00000e+00,    7.65566e+02,    0.00000e+00,    2.01522e+01,    0.00000e+00,    2.45488e+01,    0.00000e+00,    0.00000e+00,    0.00000e+00,    1.94791e+00,    0.00000e+00,   -1.01971e+00,    0.00000e+00,        1.94652,               ,              3,             -1,       Disabled
  14/04/2026 13:20:58.629,    1.40657e+02,    2.08062e+00,    0.00000e+00,    6.35119e+03,    0.00000e+00,    4.48592e+02,    0.00000e+00,    2.09391e+00,    0.00000e+00,    7.65606e+02,    0.00000e+00,    2.01633e+01,    0.00000e+00,    2.45551e+01,    0.00000e+00,    0.00000e+00,    0.00000e+00,    1.94702e+00,    0.00000e+00,   -1.01971e+00,    0.00000e+00,        1.94563,               ,              3,             -1,       Disabled
  14/04/2026 13:20:59.482,    1.41250e+02,    2.08039e+00,    0.00000e+00,    6.25006e+03,    0.00000e+00,    4.43062e+02,    0.00000e+00,    2.09348e+00,    0.00000e+00,    7.65579e+02,    0.00000e+00,    2.01561e+01,    0.00000e+00,    2.45605e+01,    0.00000e+00,    0.00000e+00,    0.00000e+00,    1.94620e+00,    0.00000e+00,   -1.01965e+00,    0.00000e+00,        1.94482,               ,              3,             -1,       Disabled
  14/04/2026 13:21:00.337,    1.39812e+02,    2.08094e+00,    0.00000e+00,    6.27042e+03,    0.00000e+00,    4.41694e+02,    0.00000e+00,    2.09407e+00,    0.00000e+00,    7.65534e+02,    0.00000e+00,    2.01614e+01,    0.00000e+00,    2.45620e+01,    0.00000e+00,    0.00000e+00,    0.00000e+00,    1.94689e+00,    0.00000e+00,   -1.01965e+00,    0.00000e+00,        1.94551,               ,              3,             -1,       Disabled
  14/04/2026 13:21:01.191,    1.39436e+02,    2.07906e+00,    0.00000e+00,    6.32962e+03,    0.00000e+00,    4.43902e+02,    0.00000e+00,    2.09231e+00,    0.00000e+00,    7.65597e+02,    0.00000e+00,    2.01645e+01,    0.00000e+00,    2.45675e+01,    0.00000e+00,    0.00000e+00,    0.00000e+00,    1.94718e+00,    0.00000e+00,   -1.01965e+00,    0.00000e+00,        1.94579,               ,              3,             -1,       Disabled
  14/04/2026 13:21:02.047,    1.39259e+02,    2.07980e+00,    0.00000e+00,    6.31700e+03,    0.00000e+00,    4.46462e+02,    0.00000e+00,    2.09302e+00,    0.00000e+00,    7.65623e+02,    0.00000e+00,    2.01686e+01,    0.00000e+00,    2.45703e+01,    0.00000e+00,    0.00000e+00,    0.00000e+00,    1.94598e+00,    0.00000e+00,   -1.01965e+00,    0.00000e+00,        1.94459,               ,              3,             -1,       Disabled
  14/04/2026 13:21:02.901,    1.41066e+02,    2.08256e+00,    0.00000e+00,    6.30547e+03,    0.00000e+00,    4.41474e+02,    0.00000e+00,    2.09578e+00,    0.00000e+00,    7.65580e+02,    0.00000e+00,    2.01718e+01,    0.00000e+00,    2.45762e+01,    0.00000e+00,    0.00000e+00,    0.00000e+00,    1.94432e+00,    0.00000e+00,   -1.01965e+00,    0.00000e+00,        1.94294,               ,              3,             -1,       Disabled
  14/04/2026 13:21:03.754,    1.39704e+02,    2.08210e+00,    0.00000e+00,    6.28659e+03,    0.00000e+00,    4.47046e+02,    0.00000e+00,    2.09527e+00,    0.00000e+00,    7.65559e+02,    0.00000e+00,    2.01784e+01,    0.00000e+00,    2.45816e+01,    0.00000e+00,    0.00000e+00,    0.00000e+00,    1.94522e+00,    0.00000e+00,   -1.01965e+00,    0.00000e+00,        1.94383,               ,              3,             -1,       Disabled
  14/04/2026 13:21:04.609,    1.39443e+02,    2.08444e+00,    0.00000e+00,    6.30799e+03,    0.00000e+00,    4.48491e+02,    0.00000e+00,    2.09768e+00,    0.00000e+00,    7.65597e+02,    0.00000e+00,    2.01892e+01,    0.00000e+00,    2.45827e+01,    0.00000e+00,    0.00000e+00,    0.00000e+00,    1.94455e+00,    0.00000e+00,   -1.01965e+00,    0.00000e+00,        1.94316,               ,              3,             -1,       Disabled
  14/04/2026 13:21:05.463,    1.40226e+02,    2.08640e+00,    0.00000e+00,    6.43389e+03,    0.00000e+00,    4.49836e+02,    0.00000e+00,    2.09991e+00,    0.00000e+00,    7.65585e+02,    0.00000e+00,    2.01844e+01,    0.00000e+00,    2.45869e+01,    0.00000e+00,    0.00000e+00,    0.00000e+00,    1.94493e+00,    0.00000e+00,   -1.01965e+00,    0.00000e+00,        1.94353,               ,              3,             -1,       Disabled
  14/04/2026 13:21:06.319,    1.40107e+02,    2.08622e+00,    0.00000e+00,    6.42173e+03,    0.00000e+00,    4.49775e+02,    0.00000e+00,    2.09970e+00,    0.00000e+00,    7.65582e+02,    0.00000e+00,    2.01932e+01,    0.00000e+00,    2.45914e+01,    0.00000e+00,    0.00000e+00,    0.00000e+00,    1.94315e+00,    0.00000e+00,   -1.01965e+00,    0.00000e+00,        1.94176,               ,              3,             -1,       Disabled
  14/04/2026 13:21:07.173,    1.39350e+02,    2.08619e+00,    0.00000e+00,    6.43582e+03,    0.00000e+00,    4.50434e+02,    0.00000e+00,    2.09971e+00,    0.00000e+00,    7.65611e+02,    0.00000e+00,    2.01958e+01,    0.00000e+00,    2.45972e+01,    0.00000e+00,    0.00000e+00,    0.00000e+00,    1.94365e+00,    0.00000e+00,   -1.01965e+00,    0.00000e+00,        1.94226,               ,              3,             -1,       Disabled
  14/04/2026 13:21:08.026,    1.39189e+02,    2.08529e+00,    0.00000e+00,    6.44940e+03,    0.00000e+00,    4.49869e+02,    0.00000e+00,    2.09882e+00,    0.00000e+00,    7.65617e+02,    0.00000e+00,    2.01908e+01,    0.00000e+00,    2.46021e+01,    0.00000e+00,    0.00000e+00,    0.00000e+00,    1.94327e+00,    0.00000e+00,   -1.01965e+00,    0.00000e+00,        1.94188,               ,              3,             -1,       Disabled
  14/04/2026 13:21:08.880,    1.40858e+02,    2.08514e+00,    0.00000e+00,    6.44260e+03,    0.00000e+00,    4.51308e+02,    0.00000e+00,    2.09866e+00,    0.00000e+00,    7.65599e+02,    0.00000e+00,    2.02060e+01,    0.00000e+00,    2.46082e+01,    0.00000e+00,    0.00000e+00,    0.00000e+00,    1.94779e+00,    0.00000e+00,   -1.01965e+00,    0.00000e+00,        1.94639,               ,              3,             -1,       Disabled
  14/04/2026 13:21:09.735,    1.40903e+02,    2.08508e+00,    0.00000e+00,    6.43692e+03,    0.00000e+00,    4.48782e+02,    0.00000e+00,    2.09859e+00,    0.00000e+00,    7.65585e+02,    0.00000e+00,    2.02101e+01,    0.00000e+00,    2.46101e+01,    0.00000e+00,    0.00000e+00,    0.00000e+00,    1.94785e+00,    0.00000e+00,   -1.01965e+00,    0.00000e+00,        1.94645,               ,              3,             -1,       Disabled
  14/04/2026 13:21:10.591,    1.41035e+02,    2.08406e+00,    0.00000e+00,    6.44042e+03,    0.00000e+00,    4.45343e+02,    0.00000e+00,    2.09757e+00,    0.00000e+00,    7.65671e+02,    0.00000e+00,    2.02168e+01,    0.00000e+00,    2.46101e+01,    0.00000e+00,    0.00000e+00,    0.00000e+00,    1.94636e+00,    0.00000e+00,   -1.01965e+00,    0.00000e+00,        1.94497,               ,              3,             -1,       Disabled
  14/04/2026 13:21:11.451,    1.40176e+02,    2.08180e+00,    0.00000e+00,    6.54630e+03,    0.00000e+00,    4.44492e+02,    0.00000e+00,    2.09552e+00,    0.00000e+00,    7.65578e+02,    0.00000e+00,    2.02286e+01,    0.00000e+00,    2.46120e+01,    0.00000e+00,    0.00000e+00,    0.00000e+00,    1.94688e+00,    0.00000e+00,   -1.01965e+00,    0.00000e+00,         1.9455,               ,              3,             -1,       Disabled
  14/04/2026 13:21:12.305,    1.39999e+02,    2.08276e+00,    0.00000e+00,    6.58317e+03,    0.00000e+00,    4.49793e+02,    0.00000e+00,    2.09656e+00,    0.00000e+00,    7.65515e+02,    0.00000e+00,    2.02340e+01,    0.00000e+00,    2.46148e+01,    0.00000e+00,    0.00000e+00,    0.00000e+00,    1.94798e+00,    0.00000e+00,   -1.01965e+00,    0.00000e+00,        1.94658,               ,              3,             -1,       Disabled
  14/04/2026 13:21:13.159,    1.39541e+02,    2.08320e+00,    0.00000e+00,    6.60728e+03,    0.00000e+00,    4.54191e+02,    0.00000e+00,    2.09706e+00,    0.00000e+00,    7.65600e+02,    0.00000e+00,    2.02435e+01,    0.00000e+00,    2.46204e+01,    0.00000e+00,    0.00000e+00,    0.00000e+00,    1.94856e+00,    0.00000e+00,   -1.01965e+00,    0.00000e+00,        1.94716,               ,              3,             -1,       Disabled
  14/04/2026 13:21:14.013,    1.40187e+02,    2.08238e+00,    0.00000e+00,    6.72168e+03,    0.00000e+00,    4.51240e+02,    0.00000e+00,    2.09647e+00,    0.00000e+00,    7.65608e+02,    0.00000e+00,    2.02429e+01,    0.00000e+00,    2.46236e+01,    0.00000e+00,    0.00000e+00,    0.00000e+00,    1.94896e+00,    0.00000e+00,   -1.01965e+00,    0.00000e+00,        1.94756,               ,              3,             -1,       Disabled
  14/04/2026 13:21:14.868,    1.41017e+02,    2.08406e+00,    0.00000e+00,    6.71940e+03,    0.00000e+00,    4.55494e+02,    0.00000e+00,    2.09816e+00,    0.00000e+00,    7.65603e+02,    0.00000e+00,    2.02491e+01,    0.00000e+00,    2.46313e+01,    0.00000e+00,    0.00000e+00,    0.00000e+00,    1.94705e+00,    0.00000e+00,   -1.01965e+00,    0.00000e+00,        1.94564,               ,              3,             -1,       Disabled
  14/04/2026 13:21:15.723,    1.39603e+02,    2.08296e+00,    0.00000e+00,    6.71947e+03,    0.00000e+00,    4.57363e+02,    0.00000e+00,    2.09705e+00,    0.00000e+00,    7.65610e+02,    0.00000e+00,    2.02372e+01,    0.00000e+00,    2.46359e+01,    0.00000e+00,    0.00000e+00,    0.00000e+00,    1.94759e+00,    0.00000e+00,   -1.01965e+00,    0.00000e+00,        1.94618,               ,              3,             -1,       Disabled
  14/04/2026 13:21:16.577,    1.40035e+02,    2.08453e+00,    0.00000e+00,    6.65509e+03,    0.00000e+00,    4.54009e+02,    0.00000e+00,    2.09850e+00,    0.00000e+00,    7.65605e+02,    0.00000e+00,    2.02602e+01,    0.00000e+00,    2.46415e+01,    0.00000e+00,    0.00000e+00,    0.00000e+00,    1.94632e+00,    0.00000e+00,   -1.01965e+00,    0.00000e+00,        1.94492,               ,              3,             -1,       Disabled
  14/04/2026 13:21:17.430,    1.39922e+02,    2.08512e+00,    0.00000e+00,    6.71184e+03,    0.00000e+00,    4.56674e+02,    0.00000e+00,    2.09921e+00,    0.00000e+00,    7.65564e+02,    0.00000e+00,    2.02753e+01,    0.00000e+00,    2.46465e+01,    0.00000e+00,    0.00000e+00,    0.00000e+00,    1.94604e+00,    0.00000e+00,   -1.01965e+00,    0.00000e+00,        1.94464,               ,              3,             -1,       Disabled
  14/04/2026 13:21:18.285,    1.39593e+02,    2.08520e+00,    0.00000e+00,    6.74999e+03,    0.00000e+00,    4.53549e+02,    0.00000e+00,    2.09937e+00,    0.00000e+00,    7.65607e+02,    0.00000e+00,    2.02417e+01,    0.00000e+00,    2.46517e+01,    0.00000e+00,    0.00000e+00,    0.00000e+00,    1.94564e+00,    0.00000e+00,   -1.01965e+00,    0.00000e+00,        1.94424,               ,              3,             -1,       Disabled
  14/04/2026 13:21:19.139,    1.40769e+02,            nan,    0.00000e+00,            nan,    0.00000e+00,            nan,    0.00000e+00,            nan,    0.00000e+00,    7.65561e+02,    0.00000e+00,    2.02730e+01,    0.00000e+00,    2.46533e+01,    0.00000e+00,    0.00000e+00,    0.00000e+00,            nan,    0.00000e+00,   -1.01965e+00,    0.00000e+00,            nan,               ,              3,             -1,       Disabled
  14/04/2026 13:21:19.995,    1.40274e+02,            nan,    0.00000e+00,            nan,    0.00000e+00,            nan,    0.00000e+00,            nan,    0.00000e+00,    7.65548e+02,    0.00000e+00,    2.02500e+01,    0.00000e+00,    2.46321e+01,    0.00000e+00,    0.00000e+00,    0.00000e+00,            nan,    0.00000e+00,   -1.01965e+00,    0.00000e+00,            nan,               ,              3,             -1,       Disabled
  14/04/2026 13:21:20.848,    1.40240e+02,            nan,    0.00000e+00,            nan,    0.00000e+00,            nan,    0.00000e+00,            nan,    0.00000e+00,    7.65586e+02,    0.00000e+00,    2.02446e+01,    0.00000e+00,    2.45784e+01,    0.00000e+00,    0.00000e+00,    0.00000e+00,            nan,    0.00000e+00,   -1.01965e+00,    0.00000e+00,        4.07522,               ,              3,             -1,       Disabled
  14/04/2026 13:21:21.702,    1.39364e+02,   -3.83065e+03,    0.00000e+00,    1.00000e+06,    0.00000e+00,    1.00000e+06,    0.00000e+00,    3.83065e+09,    0.00000e+00,    7.65533e+02,    0.00000e+00,    2.02514e+01,    0.00000e+00,    2.45270e+01,    0.00000e+00,    0.00000e+00,    0.00000e+00,    1.98513e-03,    0.00000e+00,   -1.01965e+00,    0.00000e+00,       -1.50484,               ,              3,             -1,       Disabled
  14/04/2026 13:21:22.556,    1.39459e+02,   -4.28159e+03,    0.00000e+00,   -1.76795e+08,    0.00000e+00,   -2.53650e+07,    0.00000e+00,   -2.40816e+01,    0.00000e+00,    7.65540e+02,    0.00000e+00,    2.02496e+01,    0.00000e+00,    2.44923e+01,    0.00000e+00,    0.00000e+00,    0.00000e+00,   -4.09611e-03,    0.00000e+00,   -1.02076e+00,    0.00000e+00,        3.47892,               ,              3,             -1,       Disabled
  14/04/2026 13:21:23.411,    1.40343e+02,    6.66057e+03,    0.00000e+00,   -5.44533e+07,    0.00000e+00,    9.39791e+05,    0.00000e+00,    1.20111e+02,    0.00000e+00,    7.65563e+02,    0.00000e+00,    2.02485e+01,    0.00000e+00,    2.44688e+01,    0.00000e+00,    0.00000e+00,    0.00000e+00,   -2.70187e-03,    0.00000e+00,   -1.02076e+00,    0.00000e+00,          2.546,               ,              3,             -1,       Disabled
  14/04/2026 13:21:24.266,    1.40634e+02,   -1.01842e+04,    0.00000e+00,   -1.42646e+08,    0.00000e+00,   -1.04251e+07,    0.00000e+00,   -7.08984e+01,    0.00000e+00,    7.65582e+02,    0.00000e+00,    2.02601e+01,    0.00000e+00,    2.44403e+01,    0.00000e+00,    0.00000e+00,    0.00000e+00,   -3.75802e-03,    0.00000e+00,   -1.02778e+00,    0.00000e+00,        2.28237,               ,              3,             -1,       Disabled
  14/04/2026 13:21:25.120,    1.40127e+02,    7.50980e+03,    0.00000e+00,    1.00000e+06,    0.00000e+00,    1.00000e+06,    0.00000e+00,   -7.50980e+09,    0.00000e+00,    7.65528e+02,    0.00000e+00,    2.02659e+01,    0.00000e+00,    2.44134e+01,    0.00000e+00,    0.00000e+00,    0.00000e+00,    8.78809e-03,    0.00000e+00,   -1.02778e+00,    0.00000e+00,       -7.48195,               ,              3,             -1,       Disabled
  14/04/2026 13:21:25.974,    1.40763e+02,            nan,    0.00000e+00,            nan,    0.00000e+00,            nan,    0.00000e+00,            nan,    0.00000e+00,    7.65624e+02,    0.00000e+00,    2.02469e+01,    0.00000e+00,    2.43974e+01,    0.00000e+00,    0.00000e+00,    0.00000e+00,            nan,    0.00000e+00,   -1.02802e+00,    0.00000e+00,            nan,               ,              3,             -1,       Disabled
  14/04/2026 13:21:26.828,    1.39037e+02,            nan,    0.00000e+00,            nan,    0.00000e+00,            nan,    0.00000e+00,            nan,    0.00000e+00,    7.65581e+02,    0.00000e+00,    2.02680e+01,    0.00000e+00,    2.43842e+01,    0.00000e+00,    0.00000e+00,    0.00000e+00,            nan,    0.00000e+00,   -1.02802e+00,    0.00000e+00,         3.7748,               ,              3,             -1,       Disabled
  14/04/2026 13:21:27.683,    1.40468e+02,    6.60796e+05,    0.00000e+00,    1.00000e+06,    0.00000e+00,    1.00000e+06,    0.00000e+00,   -6.60796e+11,    0.00000e+00,    7.65605e+02,    0.00000e+00,    2.02719e+01,    0.00000e+00,    2.43651e+01,    0.00000e+00,    0.00000e+00,    0.00000e+00,    1.77905e-05,    0.00000e+00,   -1.02802e+00,    0.00000e+00,     -0.0119517,               ,              3,             -1,       Disabled
  14/04/2026 13:21:28.538,    1.40287e+02,            nan,    0.00000e+00,            nan,    0.00000e+00,            nan,    0.00000e+00,            nan,    0.00000e+00,    7.65573e+02,    0.00000e+00,    2.02602e+01,    0.00000e+00,    2.43325e+01,    0.00000e+00,    0.00000e+00,    0.00000e+00,            nan,    0.00000e+00,   -1.02826e+00,    0.00000e+00,            nan,               ,              3,             -1,       Disabled
  14/04/2026 13:21:29.392,    1.39772e+02,            nan,    0.00000e+00,            nan,    0.00000e+00,            nan,    0.00000e+00,            nan,    0.00000e+00,    7.65557e+02,    0.00000e+00,    2.02695e+01,    0.00000e+00,    2.42997e+01,    0.00000e+00,    0.00000e+00,    0.00000e+00,            nan,    0.00000e+00,   -1.02826e+00,    0.00000e+00,        1.07128,               ,              3,             -1,       Disabled
  14/04/2026 13:21:30.245,    1.39687e+02,    2.53469e+03,    0.00000e+00,   -1.84107e+08,    0.00000e+00,    1.00000e+06,    0.00000e+00,    1.36931e+01,    0.00000e+00,    7.65567e+02,    0.00000e+00,    2.02771e+01,    0.00000e+00,    2.42672e+01,    0.00000e+00,    0.00000e+00,    0.00000e+00,   -4.15218e-03,    0.00000e+00,   -1.02826e+00,    0.00000e+00,        3.01566,               ,              3,             -1,       Disabled
  14/04/2026 13:21:31.100,    1.40347e+02,            nan,    0.00000e+00,            nan,    0.00000e+00,            nan,    0.00000e+00,            nan,    0.00000e+00,    7.65587e+02,    0.00000e+00,    2.02613e+01,    0.00000e+00,    2.42280e+01,    0.00000e+00,    0.00000e+00,    0.00000e+00,            nan,    0.00000e+00,   -1.03031e+00,    0.00000e+00,            nan,               ,              3,             -1,       Disabled
  14/04/2026 13:21:31.954,    1.40551e+02,            nan,    0.00000e+00,            nan,    0.00000e+00,            nan,    0.00000e+00,            nan,    0.00000e+00,    7.65617e+02,    0.00000e+00,    2.02789e+01,    0.00000e+00,    2.41874e+01,    0.00000e+00,    0.00000e+00,    0.00000e+00,            nan,    0.00000e+00,   -1.03031e+00,    0.00000e+00,        1.80974,               ,              3,             -1,       Disabled
  14/04/2026 13:21:32.810,    1.39042e+02,   -5.11648e+03,    0.00000e+00,    1.00000e+06,    0.00000e+00,    1.00000e+06,    0.00000e+00,    5.11648e+09,    0.00000e+00,    7.65628e+02,    0.00000e+00,    2.03256e+01,    0.00000e+00,    2.41482e+01,    0.00000e+00,    0.00000e+00,    0.00000e+00,   -6.28617e-03,    0.00000e+00,   -1.03031e+00,    0.00000e+00,        4.84247,               ,              3,             -1,       Disabled
  14/04/2026 13:21:33.671,    1.38571e+02,    1.42950e+00,    0.00000e+00,    3.99561e+03,    0.00000e+00,   -4.18531e+02,    0.00000e+00,    1.43524e+00,    0.00000e+00,    7.65524e+02,    0.00000e+00,    2.02697e+01,    0.00000e+00,    2.41147e+01,    0.00000e+00,    0.00000e+00,    0.00000e+00,    2.94604e+00,    0.00000e+00,   -1.03002e+00,    0.00000e+00,        2.94649,               ,              3,             -1,       Disabled
  14/04/2026 13:21:34.524,    1.39672e+02,    2.06014e+00,    0.00000e+00,    6.60048e+03,    0.00000e+00,    4.74926e+02,    0.00000e+00,    2.07383e+00,    0.00000e+00,    7.65583e+02,    0.00000e+00,    2.03390e+01,    0.00000e+00,    2.40909e+01,    0.00000e+00,    0.00000e+00,    0.00000e+00,    1.94682e+00,    0.00000e+00,   -1.03002e+00,    0.00000e+00,        1.94556,               ,              3,             -1,       Disabled
  14/04/2026 13:21:35.378,    1.40399e+02,    2.08573e+00,    0.00000e+00,    6.94226e+03,    0.00000e+00,    4.89536e+02,    0.00000e+00,    2.10031e+00,    0.00000e+00,    7.65558e+02,    0.00000e+00,    2.03324e+01,    0.00000e+00,    2.41021e+01,    0.00000e+00,    0.00000e+00,    0.00000e+00,    1.94671e+00,    0.00000e+00,   -1.02857e+00,    0.00000e+00,        1.94539,               ,              3,             -1,       Disabled
  14/04/2026 13:21:36.233,    1.39812e+02,    2.08436e+00,    0.00000e+00,    6.88068e+03,    0.00000e+00,    4.68325e+02,    0.00000e+00,    2.09880e+00,    0.00000e+00,    7.65596e+02,    0.00000e+00,    2.02904e+01,    0.00000e+00,    2.41211e+01,    0.00000e+00,    0.00000e+00,    0.00000e+00,    1.94613e+00,    0.00000e+00,   -1.02857e+00,    0.00000e+00,        1.94482,               ,              3,             -1,       Disabled
  14/04/2026 13:21:37.088,    1.39301e+02,    2.08592e+00,    0.00000e+00,    6.86034e+03,    0.00000e+00,    4.64755e+02,    0.00000e+00,    2.10033e+00,    0.00000e+00,    7.65626e+02,    0.00000e+00,    2.03393e+01,    0.00000e+00,    2.41430e+01,    0.00000e+00,    0.00000e+00,    0.00000e+00,    1.94582e+00,    0.00000e+00,   -1.02741e+00,    0.00000e+00,        1.94451,               ,              3,             -1,       Disabled
  14/04/2026 13:21:37.943,    1.39892e+02,    2.08320e+00,    0.00000e+00,    6.80234e+03,    0.00000e+00,    4.65217e+02,    0.00000e+00,    2.09747e+00,    0.00000e+00,    7.65604e+02,    0.00000e+00,    2.03271e+01,    0.00000e+00,    2.41635e+01,    0.00000e+00,    0.00000e+00,    0.00000e+00,    1.94669e+00,    0.00000e+00,   -1.02741e+00,    0.00000e+00,        1.94536,               ,              3,             -1,       Disabled
  14/04/2026 13:21:38.796,    1.40260e+02,    2.08318e+00,    0.00000e+00,    6.80017e+03,    0.00000e+00,    4.59534e+02,    0.00000e+00,    2.09744e+00,    0.00000e+00,    7.65637e+02,    0.00000e+00,    2.02961e+01,    0.00000e+00,    2.41825e+01,    0.00000e+00,    0.00000e+00,    0.00000e+00,    1.94720e+00,    0.00000e+00,   -1.02647e+00,    0.00000e+00,        1.94587,               ,              3,             -1,       Disabled
  14/04/2026 13:21:39.650,    1.40077e+02,    2.08497e+00,    0.00000e+00,    6.80705e+03,    0.00000e+00,    4.53384e+02,    0.00000e+00,    2.09926e+00,    0.00000e+00,    7.65580e+02,    0.00000e+00,    2.03355e+01,    0.00000e+00,    2.42001e+01,    0.00000e+00,    0.00000e+00,    0.00000e+00,    1.94543e+00,    0.00000e+00,   -1.02647e+00,    0.00000e+00,        1.94411,               ,              3,             -1,       Disabled
  14/04/2026 13:21:40.504,    1.39191e+02,    2.08141e+00,    0.00000e+00,    6.87276e+03,    0.00000e+00,    4.50391e+02,    0.00000e+00,    2.09582e+00,    0.00000e+00,    7.65617e+02,    0.00000e+00,    2.03394e+01,    0.00000e+00,    2.42170e+01,    0.00000e+00,    0.00000e+00,    0.00000e+00,    1.94699e+00,    0.00000e+00,   -1.02567e+00,    0.00000e+00,        1.94566,               ,              3,             -1,       Disabled
  14/04/2026 13:21:41.359,    1.39217e+02,    2.08065e+00,    0.00000e+00,    6.83532e+03,    0.00000e+00,    4.52039e+02,    0.00000e+00,    2.09497e+00,    0.00000e+00,    7.65603e+02,    0.00000e+00,    2.03294e+01,    0.00000e+00,    2.42305e+01,    0.00000e+00,    0.00000e+00,    0.00000e+00,    1.94699e+00,    0.00000e+00,   -1.02567e+00,    0.00000e+00,        1.94566,               ,              3,             -1,       Disabled
  14/04/2026 13:21:42.214,    1.39899e+02,    2.08033e+00,    0.00000e+00,    6.62544e+03,    0.00000e+00,    4.54127e+02,    0.00000e+00,    2.09420e+00,    0.00000e+00,    7.65572e+02,    0.00000e+00,    2.03481e+01,    0.00000e+00,    2.42475e+01,    0.00000e+00,    0.00000e+00,    0.00000e+00,    1.94528e+00,    0.00000e+00,   -1.02499e+00,    0.00000e+00,        1.94394,               ,              3,             -1,       Disabled
  14/04/2026 13:21:43.068,    1.38698e+02,    2.07753e+00,    0.00000e+00,    6.63336e+03,    0.00000e+00,    4.56954e+02,    0.00000e+00,    2.09141e+00,    0.00000e+00,    7.65621e+02,    0.00000e+00,    2.03455e+01,    0.00000e+00,    2.42659e+01,    0.00000e+00,    0.00000e+00,    0.00000e+00,    1.94479e+00,    0.00000e+00,   -1.02499e+00,    0.00000e+00,        1.94344,               ,              3,             -1,       Disabled
  14/04/2026 13:21:43.922,    1.40008e+02,    2.07855e+00,    0.00000e+00,    6.79195e+03,    0.00000e+00,    4.57201e+02,    0.00000e+00,    2.09277e+00,    0.00000e+00,    7.65641e+02,    0.00000e+00,    2.03188e+01,    0.00000e+00,    2.42848e+01,    0.00000e+00,    0.00000e+00,    0.00000e+00,    1.94416e+00,    0.00000e+00,   -1.02440e+00,    0.00000e+00,        1.94281,               ,              3,             -1,       Disabled
  14/04/2026 13:21:44.776,    1.40916e+02,    2.08001e+00,    0.00000e+00,    6.76932e+03,    0.00000e+00,    4.54759e+02,    0.00000e+00,    2.09418e+00,    0.00000e+00,    7.65602e+02,    0.00000e+00,    2.03566e+01,    0.00000e+00,    2.43028e+01,    0.00000e+00,    0.00000e+00,    0.00000e+00,    1.94324e+00,    0.00000e+00,   -1.02440e+00,    0.00000e+00,        1.94189,               ,              3,             -1,       Disabled
  14/04/2026 13:21:45.631,    1.39698e+02,    2.07863e+00,    0.00000e+00,    6.81329e+03,    0.00000e+00,    4.55045e+02,    0.00000e+00,    2.09289e+00,    0.00000e+00,    7.65618e+02,    0.00000e+00,    2.03583e+01,    0.00000e+00,    2.43177e+01,    0.00000e+00,    0.00000e+00,    0.00000e+00,    1.94289e+00,    0.00000e+00,   -1.02386e+00,    0.00000e+00,        1.94154,               ,              3,             -1,       Disabled
  14/04/2026 13:21:46.486,    1.39977e+02,    2.07754e+00,    0.00000e+00,    6.81789e+03,    0.00000e+00,    4.55339e+02,    0.00000e+00,    2.09181e+00,    0.00000e+00,    7.65617e+02,    0.00000e+00,    2.03365e+01,    0.00000e+00,    2.43338e+01,    0.00000e+00,    0.00000e+00,    0.00000e+00,    1.94450e+00,    0.00000e+00,   -1.02386e+00,    0.00000e+00,        1.94314,               ,              3,             -1,       Disabled
  14/04/2026 13:21:47.339,    1.40508e+02,    2.07768e+00,    0.00000e+00,    6.73605e+03,    0.00000e+00,    4.49246e+02,    0.00000e+00,    2.09177e+00,    0.00000e+00,    7.65639e+02,    0.00000e+00,    2.03610e+01,    0.00000e+00,    2.43485e+01,    0.00000e+00,    0.00000e+00,    0.00000e+00,    1.94446e+00,    0.00000e+00,   -1.02339e+00,    0.00000e+00,        1.94311,               ,              3,             -1,       Disabled
  14/04/2026 13:21:48.194,    1.41072e+02,    2.07847e+00,    0.00000e+00,    6.67268e+03,    0.00000e+00,    4.50935e+02,    0.00000e+00,    2.09244e+00,    0.00000e+00,    7.65598e+02,    0.00000e+00,    2.03776e+01,    0.00000e+00,    2.43640e+01,    0.00000e+00,    0.00000e+00,    0.00000e+00,    1.94362e+00,    0.00000e+00,   -1.02339e+00,    0.00000e+00,        1.94227,               ,              3,             -1,       Disabled
  14/04/2026 13:21:49.048,    1.40781e+02,    2.07889e+00,    0.00000e+00,    6.70846e+03,    0.00000e+00,    4.48335e+02,    0.00000e+00,    2.09293e+00,    0.00000e+00,    7.65671e+02,    0.00000e+00,    2.03354e+01,    0.00000e+00,    2.43769e+01,    0.00000e+00,    0.00000e+00,    0.00000e+00,    1.94407e+00,    0.00000e+00,   -1.02295e+00,    0.00000e+00,        1.94272,               ,              3,             -1,       Disabled
  14/04/2026 13:21:49.903,    1.39676e+02,    2.07584e+00,    0.00000e+00,    6.65482e+03,    0.00000e+00,    4.48253e+02,    0.00000e+00,    2.08975e+00,    0.00000e+00,    7.65638e+02,    0.00000e+00,    2.03408e+01,    0.00000e+00,    2.43899e+01,    0.00000e+00,    0.00000e+00,    0.00000e+00,    1.94499e+00,    0.00000e+00,   -1.02295e+00,    0.00000e+00,        1.94364,               ,              3,             -1,       Disabled
  14/04/2026 13:21:50.758,    1.38891e+02,    2.07743e+00,    0.00000e+00,    6.71126e+03,    0.00000e+00,    4.51481e+02,    0.00000e+00,    2.09147e+00,    0.00000e+00,    7.65593e+02,    0.00000e+00,    2.03787e+01,    0.00000e+00,    2.44032e+01,    0.00000e+00,    0.00000e+00,    0.00000e+00,    1.94561e+00,    0.00000e+00,   -1.02257e+00,    0.00000e+00,        1.94425,               ,              3,             -1,       Disabled
  14/04/2026 13:21:51.611,    1.39596e+02,    2.07746e+00,    0.00000e+00,    6.75132e+03,    0.00000e+00,    4.49891e+02,    0.00000e+00,    2.09158e+00,    0.00000e+00,    7.65634e+02,    0.00000e+00,    2.03549e+01,    0.00000e+00,    2.44172e+01,    0.00000e+00,    0.00000e+00,    0.00000e+00,    1.94687e+00,    0.00000e+00,   -1.02257e+00,    0.00000e+00,         1.9455,               ,              3,             -1,       Disabled
  14/04/2026 13:21:52.465,    1.39588e+02,    2.07666e+00,    0.00000e+00,    6.77378e+03,    0.00000e+00,    4.55334e+02,    0.00000e+00,    2.09083e+00,    0.00000e+00,    7.65602e+02,    0.00000e+00,    2.03895e+01,    0.00000e+00,    2.44327e+01,    0.00000e+00,    0.00000e+00,    0.00000e+00,    1.94613e+00,    0.00000e+00,   -1.02220e+00,    0.00000e+00,        1.94476,               ,              3,             -1,       Disabled
  14/04/2026 13:21:53.320,    1.39747e+02,    2.07756e+00,    0.00000e+00,    6.79370e+03,    0.00000e+00,    4.58919e+02,    0.00000e+00,    2.09177e+00,    0.00000e+00,    7.65596e+02,    0.00000e+00,    2.04054e+01,    0.00000e+00,    2.44445e+01,    0.00000e+00,    0.00000e+00,    0.00000e+00,    1.94599e+00,    0.00000e+00,   -1.02220e+00,    0.00000e+00,        1.94461,               ,              3,             -1,       Disabled
  14/04/2026 13:21:54.175,    1.40000e+02,    2.07775e+00,    0.00000e+00,    6.78280e+03,    0.00000e+00,    4.66375e+02,    0.00000e+00,    2.09194e+00,    0.00000e+00,    7.65660e+02,    0.00000e+00,    2.03590e+01,    0.00000e+00,    2.44573e+01,    0.00000e+00,    0.00000e+00,    0.00000e+00,    1.94669e+00,    0.00000e+00,   -1.02186e+00,    0.00000e+00,         1.9453,               ,              3,             -1,       Disabled
  14/04/2026 13:21:55.030,    1.40174e+02,    2.07678e+00,    0.00000e+00,    6.77590e+03,    0.00000e+00,    4.61174e+02,    0.00000e+00,    2.09095e+00,    0.00000e+00,    7.65551e+02,    0.00000e+00,    2.03865e+01,    0.00000e+00,    2.44683e+01,    0.00000e+00,    0.00000e+00,    0.00000e+00,    1.94756e+00,    0.00000e+00,   -1.02186e+00,    0.00000e+00,        1.94617,               ,              3,             -1,       Disabled
  14/04/2026 13:21:55.883,    1.39522e+02,    2.07899e+00,    0.00000e+00,    6.87698e+03,    0.00000e+00,    4.52016e+02,    0.00000e+00,    2.09339e+00,    0.00000e+00,    7.65609e+02,    0.00000e+00,    2.03933e+01,    0.00000e+00,    2.44794e+01,    0.00000e+00,    0.00000e+00,    0.00000e+00,    1.94743e+00,    0.00000e+00,   -1.02156e+00,    0.00000e+00,        1.94606,               ,              3,             -1,       Disabled
  14/04/2026 13:21:56.737,    1.39674e+02,    2.08021e+00,    0.00000e+00,    6.81034e+03,    0.00000e+00,    4.52848e+02,    0.00000e+00,    2.09448e+00,    0.00000e+00,    7.65663e+02,    0.00000e+00,    2.03564e+01,    0.00000e+00,    2.44909e+01,    0.00000e+00,    0.00000e+00,    0.00000e+00,    1.94771e+00,    0.00000e+00,   -1.02156e+00,    0.00000e+00,        1.94633,               ,              3,             -1,       Disabled
  14/04/2026 13:21:57.591,    1.40019e+02,    2.08229e+00,    0.00000e+00,    6.76335e+03,    0.00000e+00,    4.49549e+02,    0.00000e+00,    2.09647e+00,    0.00000e+00,    7.65631e+02,    0.00000e+00,    2.03908e+01,    0.00000e+00,    2.45033e+01,    0.00000e+00,    0.00000e+00,    0.00000e+00,    1.94682e+00,    0.00000e+00,   -1.02128e+00,    0.00000e+00,        1.94545,               ,              3,             -1,       Disabled
  14/04/2026 13:21:58.447,    1.40224e+02,    2.08061e+00,    0.00000e+00,    6.75041e+03,    0.00000e+00,    4.50987e+02,    0.00000e+00,    2.09475e+00,    0.00000e+00,    7.65631e+02,    0.00000e+00,    2.03893e+01,    0.00000e+00,    2.45134e+01,    0.00000e+00,    0.00000e+00,    0.00000e+00,    1.94799e+00,    0.00000e+00,   -1.02128e+00,    0.00000e+00,        1.94661,               ,              3,             -1,       Disabled
  14/04/2026 13:21:59.302,    1.40079e+02,    2.08124e+00,    0.00000e+00,    6.93336e+03,    0.00000e+00,    4.52228e+02,    0.00000e+00,    2.09577e+00,    0.00000e+00,    7.65671e+02,    0.00000e+00,    2.03655e+01,    0.00000e+00,    2.45236e+01,    0.00000e+00,    0.00000e+00,    0.00000e+00,    1.94703e+00,    0.00000e+00,   -1.02104e+00,    0.00000e+00,        1.94565,               ,              3,             -1,       Disabled
  14/04/2026 13:22:00.154,    1.38697e+02,    2.08222e+00,    0.00000e+00,    6.93691e+03,    0.00000e+00,    4.54797e+02,    0.00000e+00,    2.09676e+00,    0.00000e+00,    7.65602e+02,    0.00000e+00,    2.03939e+01,    0.00000e+00,    2.45335e+01,    0.00000e+00,    0.00000e+00,    0.00000e+00,    1.94685e+00,    0.00000e+00,   -1.02104e+00,    0.00000e+00,        1.94546,               ,              3,             -1,       Disabled
  14/04/2026 13:22:01.009,    1.40693e+02,    2.08040e+00,    0.00000e+00,    6.86551e+03,    0.00000e+00,    4.53180e+02,    0.00000e+00,    2.09478e+00,    0.00000e+00,    7.65591e+02,    0.00000e+00,    2.04093e+01,    0.00000e+00,    2.45407e+01,    0.00000e+00,    0.00000e+00,    0.00000e+00,    1.94765e+00,    0.00000e+00,   -1.02082e+00,    0.00000e+00,        1.94627,               ,              3,             -1,       Disabled
  14/04/2026 13:22:01.863,    1.39761e+02,    2.08125e+00,    0.00000e+00,    6.95379e+03,    0.00000e+00,    4.58128e+02,    0.00000e+00,    2.09582e+00,    0.00000e+00,    7.65662e+02,    0.00000e+00,    2.03774e+01,    0.00000e+00,    2.45518e+01,    0.00000e+00,    0.00000e+00,    0.00000e+00,    1.94678e+00,    0.00000e+00,   -1.02082e+00,    0.00000e+00,        1.94538,               ,              3,             -1,       Disabled
  14/04/2026 13:22:02.719,    1.40577e+02,    2.08115e+00,    0.00000e+00,    6.93997e+03,    0.00000e+00,    4.54002e+02,    0.00000e+00,    2.09569e+00,    0.00000e+00,    7.65630e+02,    0.00000e+00,    2.04066e+01,    0.00000e+00,    2.45622e+01,    0.00000e+00,    0.00000e+00,    0.00000e+00,    1.94696e+00,    0.00000e+00,   -1.02062e+00,    0.00000e+00,        1.94558,               ,              3,             -1,       Disabled
  14/04/2026 13:22:03.573,    1.39265e+02,    2.08295e+00,    0.00000e+00,    6.82940e+03,    0.00000e+00,    4.54387e+02,    0.00000e+00,    2.09728e+00,    0.00000e+00,    7.65575e+02,    0.00000e+00,    2.04131e+01,    0.00000e+00,    2.45698e+01,    0.00000e+00,    0.00000e+00,    0.00000e+00,    1.94764e+00,    0.00000e+00,   -1.02062e+00,    0.00000e+00,        1.94625,               ,              3,             -1,       Disabled
  14/04/2026 13:22:04.426,    1.40075e+02,    2.08228e+00,    0.00000e+00,    6.90457e+03,    0.00000e+00,    4.53752e+02,    0.00000e+00,    2.09676e+00,    0.00000e+00,    7.65646e+02,    0.00000e+00,    2.04025e+01,    0.00000e+00,    2.45826e+01,    0.00000e+00,    0.00000e+00,    0.00000e+00,    1.94702e+00,    0.00000e+00,   -1.02042e+00,    0.00000e+00,        1.94563,               ,              3,             -1,       Disabled
  14/04/2026 13:22:05.281,    1.39955e+02,    2.08227e+00,    0.00000e+00,    6.80102e+03,    0.00000e+00,    4.55033e+02,    0.00000e+00,    2.09652e+00,    0.00000e+00,    7.65639e+02,    0.00000e+00,    2.03871e+01,    0.00000e+00,    2.45932e+01,    0.00000e+00,    0.00000e+00,    0.00000e+00,    1.94683e+00,    0.00000e+00,   -1.02042e+00,    0.00000e+00,        1.94543,               ,              3,             -1,       Disabled
  14/04/2026 13:22:06.135,    1.40636e+02,    2.08310e+00,    0.00000e+00,    6.88030e+03,    0.00000e+00,    4.52988e+02,    0.00000e+00,    2.09753e+00,    0.00000e+00,    7.65662e+02,    0.00000e+00,    2.04127e+01,    0.00000e+00,    2.46015e+01,    0.00000e+00,    0.00000e+00,    0.00000e+00,    1.94738e+00,    0.00000e+00,   -1.02026e+00,    0.00000e+00,        1.94599,               ,              3,             -1,       Disabled
  14/04/2026 13:22:06.991,    1.38929e+02,    2.08172e+00,    0.00000e+00,    6.92681e+03,    0.00000e+00,    4.53569e+02,    0.00000e+00,    2.09624e+00,    0.00000e+00,    7.65554e+02,    0.00000e+00,    2.03960e+01,    0.00000e+00,    2.46083e+01,    0.00000e+00,    0.00000e+00,    0.00000e+00,    1.94687e+00,    0.00000e+00,   -1.02026e+00,    0.00000e+00,        1.94548,               ,              3,             -1,       Disabled
  14/04/2026 13:22:07.845,    1.39489e+02,    2.08456e+00,    0.00000e+00,    6.90407e+03,    0.00000e+00,    4.52719e+02,    0.00000e+00,    2.09905e+00,    0.00000e+00,    7.65623e+02,    0.00000e+00,    2.04299e+01,    0.00000e+00,    2.46203e+01,    0.00000e+00,    0.00000e+00,    0.00000e+00,    1.94697e+00,    0.00000e+00,   -1.02012e+00,    0.00000e+00,        1.94558,               ,              3,             -1,       Disabled
  14/04/2026 13:22:08.698,    1.39995e+02,    2.08347e+00,    0.00000e+00,    6.80263e+03,    0.00000e+00,    4.59835e+02,    0.00000e+00,    2.09774e+00,    0.00000e+00,    7.65645e+02,    0.00000e+00,    2.04184e+01,    0.00000e+00,    2.46314e+01,    0.00000e+00,    0.00000e+00,    0.00000e+00,    1.94655e+00,    0.00000e+00,   -1.02012e+00,    0.00000e+00,        1.94515,               ,              3,             -1,       Disabled
  14/04/2026 13:22:09.552,    1.40019e+02,    2.08356e+00,    0.00000e+00,    6.94429e+03,    0.00000e+00,    4.62178e+02,    0.00000e+00,    2.09813e+00,    0.00000e+00,    7.65543e+02,    0.00000e+00,    2.04315e+01,    0.00000e+00,    2.46346e+01,    0.00000e+00,    0.00000e+00,    0.00000e+00,    1.94751e+00,    0.00000e+00,   -1.01996e+00,    0.00000e+00,        1.94611,               ,              3,             -1,       Disabled
  14/04/2026 13:22:10.407,    1.39513e+02,    2.08341e+00,    0.00000e+00,    6.90787e+03,    0.00000e+00,    4.57618e+02,    0.00000e+00,    2.09790e+00,    0.00000e+00,    7.65624e+02,    0.00000e+00,    2.04237e+01,    0.00000e+00,    2.46492e+01,    0.00000e+00,    0.00000e+00,    0.00000e+00,    1.94709e+00,    0.00000e+00,   -1.01996e+00,    0.00000e+00,        1.94569,               ,              3,             -1,       Disabled
  14/04/2026 13:22:11.262,    1.40085e+02,    2.08228e+00,    0.00000e+00,    6.90512e+03,    0.00000e+00,    4.53233e+02,    0.00000e+00,    2.09676e+00,    0.00000e+00,    7.65643e+02,    0.00000e+00,    2.04236e+01,    0.00000e+00,    2.46581e+01,    0.00000e+00,    0.00000e+00,    0.00000e+00,    1.94800e+00,    0.00000e+00,   -1.01984e+00,    0.00000e+00,         1.9466,               ,              3,             -1,       Disabled
  14/04/2026 13:22:12.117,    1.40165e+02,    2.08170e+00,    0.00000e+00,    6.95311e+03,    0.00000e+00,    4.57822e+02,    0.00000e+00,    2.09628e+00,    0.00000e+00,    7.65621e+02,    0.00000e+00,    2.04162e+01,    0.00000e+00,    2.46647e+01,    0.00000e+00,    0.00000e+00,    0.00000e+00,    1.94726e+00,    0.00000e+00,   -1.01984e+00,    0.00000e+00,        1.94586,               ,              3,             -1,       Disabled
  14/04/2026 13:22:12.970,    1.39963e+02,    2.08419e+00,    0.00000e+00,    6.91011e+03,    0.00000e+00,    4.57698e+02,    0.00000e+00,    2.09869e+00,    0.00000e+00,    7.65589e+02,    0.00000e+00,    2.04269e+01,    0.00000e+00,    2.46736e+01,    0.00000e+00,    0.00000e+00,    0.00000e+00,    1.94701e+00,    0.00000e+00,   -1.01972e+00,    0.00000e+00,        1.94561,               ,              3,             -1,       Disabled
  14/04/2026 13:22:13.824,    1.39908e+02,    2.08372e+00,    0.00000e+00,    6.88588e+03,    0.00000e+00,    4.56937e+02,    0.00000e+00,    2.09817e+00,    0.00000e+00,    7.65514e+02,    0.00000e+00,    2.04450e+01,    0.00000e+00,    2.46786e+01,    0.00000e+00,    0.00000e+00,    0.00000e+00,    1.94815e+00,    0.00000e+00,   -1.01972e+00,    0.00000e+00,        1.94675,               ,              3,             -1,       Disabled
  14/04/2026 13:22:14.678,    1.39405e+02,    2.08088e+00,    0.00000e+00,    6.99272e+03,    0.00000e+00,    4.60918e+02,    0.00000e+00,    2.09553e+00,    0.00000e+00,    7.65651e+02,    0.00000e+00,    2.04247e+01,    0.00000e+00,    2.46903e+01,    0.00000e+00,    0.00000e+00,    0.00000e+00,    1.94831e+00,    0.00000e+00,   -1.01960e+00,    0.00000e+00,         1.9469,               ,              3,             -1,       Disabled
  14/04/2026 13:22:15.534,    1.39505e+02,    2.08391e+00,    0.00000e+00,    6.95297e+03,    0.00000e+00,    4.60245e+02,    0.00000e+00,    2.09850e+00,    0.00000e+00,    7.65636e+02,    0.00000e+00,    2.04299e+01,    0.00000e+00,    2.46979e+01,    0.00000e+00,    0.00000e+00,    0.00000e+00,    1.94692e+00,    0.00000e+00,   -1.01960e+00,    0.00000e+00,        1.94551,               ,              3,             -1,       Disabled
  14/04/2026 13:22:16.395,    1.39865e+02,    2.08486e+00,    0.00000e+00,    7.03915e+03,    0.00000e+00,    4.59263e+02,    0.00000e+00,    2.09964e+00,    0.00000e+00,    7.65600e+02,    0.00000e+00,    2.04649e+01,    0.00000e+00,    2.47071e+01,    0.00000e+00,    0.00000e+00,    0.00000e+00,    1.94706e+00,    0.00000e+00,   -1.01951e+00,    0.00000e+00,        1.94565,               ,              3,             -1,       Disabled
  14/04/2026 13:22:17.249,    1.39917e+02,    2.08685e+00,    0.00000e+00,    7.07682e+03,    0.00000e+00,    4.60800e+02,    0.00000e+00,    2.10173e+00,    0.00000e+00,    7.65583e+02,    0.00000e+00,    2.04622e+01,    0.00000e+00,    2.47149e+01,    0.00000e+00,    0.00000e+00,    0.00000e+00,    1.94562e+00,    0.00000e+00,   -1.01951e+00,    0.00000e+00,        1.94421,               ,              3,             -1,       Disabled
  14/04/2026 13:22:18.102,    1.39541e+02,    2.08597e+00,    0.00000e+00,    7.17670e+03,    0.00000e+00,    4.64085e+02,    0.00000e+00,    2.10105e+00,    0.00000e+00,    7.65658e+02,    0.00000e+00,    2.04196e+01,    0.00000e+00,    2.47226e+01,    0.00000e+00,    0.00000e+00,    0.00000e+00,    1.94654e+00,    0.00000e+00,   -1.01942e+00,    0.00000e+00,        1.94513,               ,              3,             -1,       Disabled
  14/04/2026 13:22:18.957,    1.39553e+02,    2.08474e+00,    0.00000e+00,    7.13065e+03,    0.00000e+00,    4.59652e+02,    0.00000e+00,    2.09971e+00,    0.00000e+00,    7.65639e+02,    0.00000e+00,    2.04444e+01,    0.00000e+00,    2.47288e+01,    0.00000e+00,    0.00000e+00,    0.00000e+00,    1.94568e+00,    0.00000e+00,   -1.01942e+00,    0.00000e+00,        1.94427,               ,              3,             -1,       Disabled
  14/04/2026 13:22:19.811,    1.39856e+02,    2.08610e+00,    0.00000e+00,    7.17293e+03,    0.00000e+00,    4.61707e+02,    0.00000e+00,    2.10117e+00,    0.00000e+00,    7.65642e+02,    0.00000e+00,    2.04328e+01,    0.00000e+00,    2.47396e+01,    0.00000e+00,    0.00000e+00,    0.00000e+00,    1.94421e+00,    0.00000e+00,   -1.01934e+00,    0.00000e+00,         1.9428,               ,              3,             -1,       Disabled
  14/04/2026 13:22:20.667,    1.39863e+02,    2.08559e+00,    0.00000e+00,    7.08461e+03,    0.00000e+00,    4.59372e+02,    0.00000e+00,    2.10047e+00,    0.00000e+00,    7.65665e+02,    0.00000e+00,    2.04514e+01,    0.00000e+00,    2.47480e+01,    0.00000e+00,    0.00000e+00,    0.00000e+00,    1.94536e+00,    0.00000e+00,   -1.01934e+00,    0.00000e+00,        1.94395,               ,              3,             -1,       Disabled
  14/04/2026 13:22:21.521,    1.39817e+02,    2.08588e+00,    0.00000e+00,    7.10852e+03,    0.00000e+00,    4.61065e+02,    0.00000e+00,    2.10081e+00,    0.00000e+00,    7.65645e+02,    0.00000e+00,    2.04384e+01,    0.00000e+00,    2.47556e+01,    0.00000e+00,    0.00000e+00,    0.00000e+00,    1.94375e+00,    0.00000e+00,   -1.01928e+00,    0.00000e+00,        1.94234,               ,              3,             -1,       Disabled
  14/04/2026 13:22:22.374,    1.40146e+02,    2.08515e+00,    0.00000e+00,    7.10399e+03,    0.00000e+00,    4.58453e+02,    0.00000e+00,    2.10006e+00,    0.00000e+00,    7.65664e+02,    0.00000e+00,    2.04191e+01,    0.00000e+00,    2.47628e+01,    0.00000e+00,    0.00000e+00,    0.00000e+00,    1.94294e+00,    0.00000e+00,   -1.01928e+00,    0.00000e+00,        1.94153,               ,              3,             -1,       Disabled
  14/04/2026 13:22:23.228,    1.40234e+02,    2.08452e+00,    0.00000e+00,    7.11624e+03,    0.00000e+00,    4.59864e+02,    0.00000e+00,    2.09946e+00,    0.00000e+00,    7.65678e+02,    0.00000e+00,    2.04414e+01,    0.00000e+00,    2.47702e+01,    0.00000e+00,    0.00000e+00,    0.00000e+00,    1.94258e+00,    0.00000e+00,   -1.01923e+00,    0.00000e+00,        1.94118,               ,              3,             -1,       Disabled
  14/04/2026 13:22:24.083,    1.39486e+02,    2.08550e+00,    0.00000e+00,    7.03094e+03,    0.00000e+00,    4.57515e+02,    0.00000e+00,    2.10027e+00,    0.00000e+00,    7.65652e+02,    0.00000e+00,    2.04271e+01,    0.00000e+00,    2.47799e+01,    0.00000e+00,    0.00000e+00,    0.00000e+00,    1.94187e+00,    0.00000e+00,   -1.01923e+00,    0.00000e+00,        1.94047,               ,              3,             -1,       Disabled
  14/04/2026 13:22:24.939,    1.39479e+02,    2.08600e+00,    0.00000e+00,    7.04234e+03,    0.00000e+00,    4.59815e+02,    0.00000e+00,    2.10080e+00,    0.00000e+00,    7.65684e+02,    0.00000e+00,    2.04256e+01,    0.00000e+00,    2.47879e+01,    0.00000e+00,    0.00000e+00,    0.00000e+00,    1.94199e+00,    0.00000e+00,   -1.01923e+00,    0.00000e+00,        1.94058,               ,              3,             -1,       Disabled
  14/04/2026 13:22:25.792,    1.40247e+02,    2.08645e+00,    0.00000e+00,    7.13428e+03,    0.00000e+00,    4.62019e+02,    0.00000e+00,    2.10144e+00,    0.00000e+00,    7.65684e+02,    0.00000e+00,    2.04276e+01,    0.00000e+00,    2.47938e+01,    0.00000e+00,    0.00000e+00,    0.00000e+00,    1.94329e+00,    0.00000e+00,   -1.01923e+00,    0.00000e+00,        1.94188,               ,              3,             -1,       Disabled
  14/04/2026 13:22:26.646,    1.40363e+02,    2.08615e+00,    0.00000e+00,    6.98559e+03,    0.00000e+00,    4.60000e+02,    0.00000e+00,    2.10083e+00,    0.00000e+00,    7.65708e+02,    0.00000e+00,    2.04312e+01,    0.00000e+00,    2.48012e+01,    0.00000e+00,    0.00000e+00,    0.00000e+00,    1.94212e+00,    0.00000e+00,   -1.01917e+00,    0.00000e+00,        1.94072,               ,              3,             -1,       Disabled
  14/04/2026 13:22:27.500,    1.39278e+02,    2.08624e+00,    0.00000e+00,    7.11596e+03,    0.00000e+00,    4.63737e+02,    0.00000e+00,    2.10120e+00,    0.00000e+00,    7.65674e+02,    0.00000e+00,    2.04475e+01,    0.00000e+00,    2.48100e+01,    0.00000e+00,    0.00000e+00,    0.00000e+00,    1.94165e+00,    0.00000e+00,   -1.01917e+00,    0.00000e+00,        1.94024,               ,              3,             -1,       Disabled
  14/04/2026 13:22:28.355,    1.39908e+02,    2.08575e+00,    0.00000e+00,    7.27571e+03,    0.00000e+00,    4.62663e+02,    0.00000e+00,    2.10104e+00,    0.00000e+00,    7.65697e+02,    0.00000e+00,    2.04585e+01,    0.00000e+00,    2.48143e+01,    0.00000e+00,    0.00000e+00,    0.00000e+00,    1.94277e+00,    0.00000e+00,   -1.01911e+00,    0.00000e+00,        1.94136,               ,              3,             -1,       Disabled
  14/04/2026 13:22:29.211,    1.40441e+02,    2.08681e+00,    0.00000e+00,    7.23845e+03,    0.00000e+00,    4.66758e+02,    0.00000e+00,    2.10203e+00,    0.00000e+00,    7.65741e+02,    0.00000e+00,    2.04684e+01,    0.00000e+00,    2.48170e+01,    0.00000e+00,    0.00000e+00,    0.00000e+00,    1.94235e+00,    0.00000e+00,   -1.01911e+00,    0.00000e+00,        1.94093,               ,              3,             -1,       Disabled
  14/04/2026 13:22:30.064,    1.40639e+02,    2.08590e+00,    0.00000e+00,    7.35322e+03,    0.00000e+00,    4.64237e+02,    0.00000e+00,    2.10135e+00,    0.00000e+00,    7.65677e+02,    0.00000e+00,    2.04588e+01,    0.00000e+00,    2.48225e+01,    0.00000e+00,    0.00000e+00,    0.00000e+00,    1.94267e+00,    0.00000e+00,   -1.01904e+00,    0.00000e+00,        1.94126,               ,              3,             -1,       Disabled
  14/04/2026 13:22:30.918,    1.39150e+02,    2.08657e+00,    0.00000e+00,    7.30706e+03,    0.00000e+00,    4.65294e+02,    0.00000e+00,    2.10193e+00,    0.00000e+00,    7.65674e+02,    0.00000e+00,    2.04471e+01,    0.00000e+00,    2.48286e+01,    0.00000e+00,    0.00000e+00,    0.00000e+00,    1.94247e+00,    0.00000e+00,   -1.01904e+00,    0.00000e+00,        1.94105,               ,              3,             -1,       Disabled
  14/04/2026 13:22:31.772,    1.40527e+02,    2.08593e+00,    0.00000e+00,    7.23482e+03,    0.00000e+00,    4.70725e+02,    0.00000e+00,    2.10113e+00,    0.00000e+00,    7.65707e+02,    0.00000e+00,    2.04474e+01,    0.00000e+00,    2.48341e+01,    0.00000e+00,    0.00000e+00,    0.00000e+00,    1.94215e+00,    0.00000e+00,   -1.01904e+00,    0.00000e+00,        1.94073,               ,              3,             -1,       Disabled
  14/04/2026 13:22:32.626,    1.40531e+02,    2.08593e+00,    0.00000e+00,    7.27930e+03,    0.00000e+00,    4.66235e+02,    0.00000e+00,    2.10123e+00,    0.00000e+00,    7.65763e+02,    0.00000e+00,    2.04551e+01,    0.00000e+00,    2.48428e+01,    0.00000e+00,    0.00000e+00,    0.00000e+00,    1.94178e+00,    0.00000e+00,   -1.01904e+00,    0.00000e+00,        1.94036,               ,              3,             -1,       Disabled
  14/04/2026 13:22:33.482,    1.39519e+02,    2.08667e+00,    0.00000e+00,    7.24908e+03,    0.00000e+00,    4.65132e+02,    0.00000e+00,    2.10191e+00,    0.00000e+00,    7.65624e+02,    0.00000e+00,    2.04598e+01,    0.00000e+00,    2.48485e+01,    0.00000e+00,    0.00000e+00,    0.00000e+00,    1.94167e+00,    0.00000e+00,   -1.01904e+00,    0.00000e+00,        1.94026,               ,              3,             -1,       Disabled
  14/04/2026 13:22:34.336,    1.39963e+02,    2.08721e+00,    0.00000e+00,    7.32441e+03,    0.00000e+00,    4.68874e+02,    0.00000e+00,    2.10261e+00,    0.00000e+00,    7.65645e+02,    0.00000e+00,    2.04588e+01,    0.00000e+00,    2.48542e+01,    0.00000e+00,    0.00000e+00,    0.00000e+00,    1.94075e+00,    0.00000e+00,   -1.01904e+00,    0.00000e+00,        1.93933,               ,              3,             -1,       Disabled
  14/04/2026 13:22:35.189,    1.40417e+02,    2.08701e+00,    0.00000e+00,    7.23411e+03,    0.00000e+00,    4.63079e+02,    0.00000e+00,    2.10221e+00,    0.00000e+00,    7.65678e+02,    0.00000e+00,    2.04626e+01,    0.00000e+00,    2.48639e+01,    0.00000e+00,    0.00000e+00,    0.00000e+00,    1.94283e+00,    0.00000e+00,   -1.01904e+00,    0.00000e+00,        1.94141,               ,              3,             -1,       Disabled
  14/04/2026 13:22:36.044,    1.40556e+02,    2.08718e+00,    0.00000e+00,    7.33321e+03,    0.00000e+00,    4.64467e+02,    0.00000e+00,    2.10260e+00,    0.00000e+00,    7.65619e+02,    0.00000e+00,    2.04643e+01,    0.00000e+00,    2.48708e+01,    0.00000e+00,    0.00000e+00,    0.00000e+00,    1.94167e+00,    0.00000e+00,   -1.01904e+00,    0.00000e+00,        1.94025,               ,              3,             -1,       Disabled
  14/04/2026 13:22:36.898,    1.40254e+02,    2.08662e+00,    0.00000e+00,    7.25257e+03,    0.00000e+00,    4.67440e+02,    0.00000e+00,    2.10187e+00,    0.00000e+00,    7.65665e+02,    0.00000e+00,    2.04684e+01,    0.00000e+00,    2.48784e+01,    0.00000e+00,    0.00000e+00,    0.00000e+00,    1.94146e+00,    0.00000e+00,   -1.01904e+00,    0.00000e+00,        1.94004,               ,              3,             -1,       Disabled
  14/04/2026 13:22:37.754,    1.39330e+02,    2.08777e+00,    0.00000e+00,    7.30353e+03,    0.00000e+00,    4.70654e+02,    0.00000e+00,    2.10313e+00,    0.00000e+00,    7.65653e+02,    0.00000e+00,    2.05026e+01,    0.00000e+00,    2.48845e+01,    0.00000e+00,    0.00000e+00,    0.00000e+00,    1.94153e+00,    0.00000e+00,   -1.01904e+00,    0.00000e+00,         1.9401,               ,              3,             -1,       Disabled
  14/04/2026 13:22:38.608,    1.39857e+02,    2.08682e+00,    0.00000e+00,    7.27646e+03,    0.00000e+00,    4.68718e+02,    0.00000e+00,    2.10211e+00,    0.00000e+00,    7.65668e+02,    0.00000e+00,    2.04834e+01,    0.00000e+00,    2.48885e+01,    0.00000e+00,    0.00000e+00,    0.00000e+00,    1.94085e+00,    0.00000e+00,   -1.01904e+00,    0.00000e+00,        1.93943,               ,              3,             -1,       Disabled
  14/04/2026 13:22:39.461,    1.40233e+02,    2.08733e+00,    0.00000e+00,    7.26955e+03,    0.00000e+00,    4.67341e+02,    0.00000e+00,    2.10262e+00,    0.00000e+00,    7.65623e+02,    0.00000e+00,    2.04794e+01,    0.00000e+00,    2.48963e+01,    0.00000e+00,    0.00000e+00,    0.00000e+00,    1.94115e+00,    0.00000e+00,   -1.01904e+00,    0.00000e+00,        1.93973,               ,              3,             -1,       Disabled
  14/04/2026 13:22:40.315,    1.38992e+02,    2.08591e+00,    0.00000e+00,    7.19681e+03,    0.00000e+00,    4.66050e+02,    0.00000e+00,    2.10103e+00,    0.00000e+00,    7.65635e+02,    0.00000e+00,    2.04834e+01,    0.00000e+00,    2.49005e+01,    0.00000e+00,    0.00000e+00,    0.00000e+00,    1.94183e+00,    0.00000e+00,   -1.01904e+00,    0.00000e+00,        1.94042,               ,              3,             -1,       Disabled
  14/04/2026 13:22:41.170,    1.41259e+02,    2.08600e+00,    0.00000e+00,    7.25103e+03,    0.00000e+00,    4.65643e+02,    0.00000e+00,    2.10123e+00,    0.00000e+00,    7.65689e+02,    0.00000e+00,    2.05002e+01,    0.00000e+00,    2.49063e+01,    0.00000e+00,    0.00000e+00,    0.00000e+00,    1.94214e+00,    0.00000e+00,   -1.01904e+00,    0.00000e+00,        1.94072,               ,              3,             -1,       Disabled
  14/04/2026 13:22:42.026,    1.40203e+02,    2.08720e+00,    0.00000e+00,    7.24224e+03,    0.00000e+00,    4.66276e+02,    0.00000e+00,    2.10242e+00,    0.00000e+00,    7.65665e+02,    0.00000e+00,    2.05138e+01,    0.00000e+00,    2.49091e+01,    0.00000e+00,    0.00000e+00,    0.00000e+00,    1.94176e+00,    0.00000e+00,   -1.01904e+00,    0.00000e+00,        1.94034,               ,              3,             -1,       Disabled
  14/04/2026 13:22:42.879,    1.39287e+02,    2.08599e+00,    0.00000e+00,    7.29752e+03,    0.00000e+00,    4.68425e+02,    0.00000e+00,    2.10132e+00,    0.00000e+00,    7.65639e+02,    0.00000e+00,    2.04954e+01,    0.00000e+00,    2.49148e+01,    0.00000e+00,    0.00000e+00,    0.00000e+00,    1.94310e+00,    0.00000e+00,   -1.01904e+00,    0.00000e+00,        1.94168,               ,              3,             -1,       Disabled
  14/04/2026 13:22:43.733,    1.39200e+02,    2.08655e+00,    0.00000e+00,    7.35061e+03,    0.00000e+00,    4.71783e+02,    0.00000e+00,    2.10200e+00,    0.00000e+00,    7.65671e+02,    0.00000e+00,    2.05147e+01,    0.00000e+00,    2.49219e+01,    0.00000e+00,    0.00000e+00,    0.00000e+00,    1.94183e+00,    0.00000e+00,   -1.01904e+00,    0.00000e+00,         1.9404,               ,              3,             -1,       Disabled
  14/04/2026 13:22:44.587,    1.40552e+02,    2.08934e+00,    0.00000e+00,    7.36555e+03,    0.00000e+00,    4.68482e+02,    0.00000e+00,    2.10484e+00,    0.00000e+00,    7.65672e+02,    0.00000e+00,    2.05189e+01,    0.00000e+00,    2.49280e+01,    0.00000e+00,    0.00000e+00,    0.00000e+00,    1.94452e+00,    0.00000e+00,   -1.01904e+00,    0.00000e+00,        1.94309,               ,              3,             -1,       Disabled
  14/04/2026 13:22:45.442,    1.39345e+02,    2.08921e+00,    0.00000e+00,    7.38849e+03,    0.00000e+00,    4.71077e+02,    0.00000e+00,    2.10476e+00,    0.00000e+00,    7.65657e+02,    0.00000e+00,    2.05094e+01,    0.00000e+00,    2.49354e+01,    0.00000e+00,    0.00000e+00,    0.00000e+00,    1.94646e+00,    0.00000e+00,   -1.01904e+00,    0.00000e+00,        1.94502,               ,              3,             -1,       Disabled
  14/04/2026 13:22:46.297,    1.40635e+02,    2.08869e+00,    0.00000e+00,    7.29909e+03,    0.00000e+00,    4.71300e+02,    0.00000e+00,    2.10405e+00,    0.00000e+00,    7.65648e+02,    0.00000e+00,    2.05360e+01,    0.00000e+00,    2.49417e+01,    0.00000e+00,    0.00000e+00,    0.00000e+00,    1.94339e+00,    0.00000e+00,   -1.01904e+00,    0.00000e+00,        1.94197,               ,              3,             -1,       Disabled
  14/04/2026 13:22:47.151,    1.39050e+02,    2.08890e+00,    0.00000e+00,    7.28006e+03,    0.00000e+00,    4.67697e+02,    0.00000e+00,    2.10422e+00,    0.00000e+00,    7.65694e+02,    0.00000e+00,    2.05179e+01,    0.00000e+00,    2.49428e+01,    0.00000e+00,    0.00000e+00,    0.00000e+00,    1.94486e+00,    0.00000e+00,   -1.01904e+00,    0.00000e+00,        1.94343,               ,              3,             -1,       Disabled
  14/04/2026 13:22:48.004,    1.40777e+02,    2.08967e+00,    0.00000e+00,    7.24829e+03,    0.00000e+00,    4.70401e+02,    0.00000e+00,    2.10493e+00,    0.00000e+00,    7.65659e+02,    0.00000e+00,    2.05290e+01,    0.00000e+00,    2.49508e+01,    0.00000e+00,    0.00000e+00,    0.00000e+00,    1.94506e+00,    0.00000e+00,   -1.01904e+00,    0.00000e+00,        1.94363,               ,              3,             -1,       Disabled
  14/04/2026 13:22:48.859,    1.39341e+02,    2.09103e+00,    0.00000e+00,    7.17422e+03,    0.00000e+00,    4.69363e+02,    0.00000e+00,    2.10614e+00,    0.00000e+00,    7.65662e+02,    0.00000e+00,    2.05527e+01,    0.00000e+00,    2.49541e+01,    0.00000e+00,    0.00000e+00,    0.00000e+00,    1.94560e+00,    0.00000e+00,   -1.01904e+00,    0.00000e+00,        1.94418,               ,              3,             -1,       Disabled
  14/04/2026 13:22:49.713,    1.39893e+02,    2.08884e+00,    0.00000e+00,    7.24816e+03,    0.00000e+00,    4.72057e+02,    0.00000e+00,    2.10409e+00,    0.00000e+00,    7.65639e+02,    0.00000e+00,    2.05585e+01,    0.00000e+00,    2.49630e+01,    0.00000e+00,    0.00000e+00,    0.00000e+00,    1.95036e+00,    0.00000e+00,   -1.01904e+00,    0.00000e+00,        1.94893,               ,              3,             -1,       Disabled
  14/04/2026 13:22:50.569,    1.38646e+02,    2.08892e+00,    0.00000e+00,    7.24116e+03,    0.00000e+00,    4.71008e+02,    0.00000e+00,    2.10415e+00,    0.00000e+00,    7.65688e+02,    0.00000e+00,    2.05816e+01,    0.00000e+00,    2.49682e+01,    0.00000e+00,    0.00000e+00,    0.00000e+00,    1.94875e+00,    0.00000e+00,   -1.01904e+00,    0.00000e+00,        1.94731,               ,              3,             -1,       Disabled
  14/04/2026 13:22:51.422,    1.39159e+02,    2.08874e+00,    0.00000e+00,    7.16241e+03,    0.00000e+00,    4.71898e+02,    0.00000e+00,    2.10381e+00,    0.00000e+00,    7.65652e+02,    0.00000e+00,    2.05412e+01,    0.00000e+00,    2.49712e+01,    0.00000e+00,    0.00000e+00,    0.00000e+00,    1.95249e+00,    0.00000e+00,   -1.01904e+00,    0.00000e+00,        1.95105,               ,              3,             -1,       Disabled
  14/04/2026 13:22:52.276,    1.40730e+02,    2.08902e+00,    0.00000e+00,    7.19814e+03,    0.00000e+00,    4.71577e+02,    0.00000e+00,    2.10417e+00,    0.00000e+00,    7.65663e+02,    0.00000e+00,    2.05425e+01,    0.00000e+00,    2.49774e+01,    0.00000e+00,    0.00000e+00,    0.00000e+00,    1.95366e+00,    0.00000e+00,   -1.01904e+00,    0.00000e+00,        1.95222,               ,              3,             -1,       Disabled
  14/04/2026 13:22:53.131,    1.39701e+02,    2.08841e+00,    0.00000e+00,    7.24834e+03,    0.00000e+00,    4.67190e+02,    0.00000e+00,    2.10366e+00,    0.00000e+00,    7.65694e+02,    0.00000e+00,    2.05536e+01,    0.00000e+00,    2.49818e+01,    0.00000e+00,    0.00000e+00,    0.00000e+00,    1.95114e+00,    0.00000e+00,   -1.01904e+00,    0.00000e+00,         1.9497,               ,              3,             -1,       Disabled
  14/04/2026 13:22:53.985,    1.39567e+02,    2.08823e+00,    0.00000e+00,    7.15191e+03,    0.00000e+00,    4.73806e+02,    0.00000e+00,    2.10328e+00,    0.00000e+00,    7.65652e+02,    0.00000e+00,    2.05779e+01,    0.00000e+00,    2.49869e+01,    0.00000e+00,    0.00000e+00,    0.00000e+00,    1.95555e+00,    0.00000e+00,   -1.01899e+00,    0.00000e+00,         1.9541,               ,              3,             -1,       Disabled
  14/04/2026 13:22:54.841,    1.40755e+02,    2.08680e+00,    0.00000e+00,    7.12060e+03,    0.00000e+00,    4.63825e+02,    0.00000e+00,    2.10176e+00,    0.00000e+00,    7.65676e+02,    0.00000e+00,    2.05656e+01,    0.00000e+00,    2.49938e+01,    0.00000e+00,    0.00000e+00,    0.00000e+00,    1.95740e+00,    0.00000e+00,   -1.01899e+00,    0.00000e+00,        1.95596,               ,              3,             -1,       Disabled
  14/04/2026 13:22:55.694,    1.40948e+02,    2.08721e+00,    0.00000e+00,    7.16724e+03,    0.00000e+00,    4.63750e+02,    0.00000e+00,    2.10227e+00,    0.00000e+00,    7.65650e+02,    0.00000e+00,    2.05689e+01,    0.00000e+00,    2.50014e+01,    0.00000e+00,    0.00000e+00,    0.00000e+00,    1.96246e+00,    0.00000e+00,   -1.01899e+00,    0.00000e+00,        1.96102,               ,              3,             -1,       Disabled
  14/04/2026 13:22:56.548,    1.39170e+02,    2.08750e+00,    0.00000e+00,    7.19972e+03,    0.00000e+00,    4.64728e+02,    0.00000e+00,    2.10264e+00,    0.00000e+00,    7.65677e+02,    0.00000e+00,    2.05916e+01,    0.00000e+00,    2.50033e+01,    0.00000e+00,    0.00000e+00,    0.00000e+00,    1.95529e+00,    0.00000e+00,   -1.01899e+00,    0.00000e+00,        1.95385,               ,              3,             -1,       Disabled
  14/04/2026 13:22:57.402,    1.40442e+02,    2.08492e+00,    0.00000e+00,    7.15539e+03,    0.00000e+00,    4.65951e+02,    0.00000e+00,    2.09995e+00,    0.00000e+00,    7.65647e+02,    0.00000e+00,    2.05927e+01,    0.00000e+00,    2.50083e+01,    0.00000e+00,    0.00000e+00,    0.00000e+00,    1.96052e+00,    0.00000e+00,   -1.01899e+00,    0.00000e+00,        1.95908,               ,              3,             -1,       Disabled
  14/04/2026 13:22:58.257,    1.40459e+02,    2.08106e+00,    0.00000e+00,    7.16560e+03,    0.00000e+00,    4.62235e+02,    0.00000e+00,    2.09608e+00,    0.00000e+00,    7.65654e+02,    0.00000e+00,    2.05643e+01,    0.00000e+00,    2.50137e+01,    0.00000e+00,    0.00000e+00,    0.00000e+00,    1.96128e+00,    0.00000e+00,   -1.01899e+00,    0.00000e+00,        1.95984,               ,              3,             -1,       Disabled
  14/04/2026 13:22:59.112,    1.39867e+02,    2.08386e+00,    0.00000e+00,    7.20909e+03,    0.00000e+00,    4.66313e+02,    0.00000e+00,    2.09900e+00,    0.00000e+00,    7.65644e+02,    0.00000e+00,    2.05992e+01,    0.00000e+00,    2.50190e+01,    0.00000e+00,    0.00000e+00,    0.00000e+00,    1.95841e+00,    0.00000e+00,   -1.01894e+00,    0.00000e+00,        1.95697,               ,              3,             -1,       Disabled
  14/04/2026 13:22:59.966,    1.39310e+02,    2.08414e+00,    0.00000e+00,    7.13158e+03,    0.00000e+00,    4.65169e+02,    0.00000e+00,    2.09911e+00,    0.00000e+00,    7.65619e+02,    0.00000e+00,    2.05693e+01,    0.00000e+00,    2.50229e+01,    0.00000e+00,    0.00000e+00,    0.00000e+00,    1.96024e+00,    0.00000e+00,   -1.01894e+00,    0.00000e+00,        1.95881,               ,              3,             -1,       Disabled
  14/04/2026 13:23:00.820,    1.39254e+02,    2.08254e+00,    0.00000e+00,    7.24073e+03,    0.00000e+00,    4.67161e+02,    0.00000e+00,    2.09773e+00,    0.00000e+00,    7.65629e+02,    0.00000e+00,    2.05726e+01,    0.00000e+00,    2.50279e+01,    0.00000e+00,    0.00000e+00,    0.00000e+00,    1.95813e+00,    0.00000e+00,   -1.01888e+00,    0.00000e+00,        1.95669,               ,              3,             -1,       Disabled
  14/04/2026 13:23:01.674,    1.39897e+02,    2.08566e+00,    0.00000e+00,    7.20933e+03,    0.00000e+00,    4.64454e+02,    0.00000e+00,    2.10080e+00,    0.00000e+00,    7.65680e+02,    0.00000e+00,    2.06178e+01,    0.00000e+00,    2.50338e+01,    0.00000e+00,    0.00000e+00,    0.00000e+00,    1.95599e+00,    0.00000e+00,   -1.01888e+00,    0.00000e+00,        1.95456,               ,              3,             -1,       Disabled
  14/04/2026 13:23:02.529,    1.38521e+02,    2.08187e+00,    0.00000e+00,    7.22794e+03,    0.00000e+00,    4.68841e+02,    0.00000e+00,    2.09702e+00,    0.00000e+00,    7.65668e+02,    0.00000e+00,    2.06070e+01,    0.00000e+00,    2.50380e+01,    0.00000e+00,    0.00000e+00,    0.00000e+00,    1.96097e+00,    0.00000e+00,   -1.01882e+00,    0.00000e+00,        1.95953,               ,              3,             -1,       Disabled
  14/04/2026 13:23:03.384,    1.39590e+02,    2.08287e+00,    0.00000e+00,    7.29637e+03,    0.00000e+00,    4.69395e+02,    0.00000e+00,    2.09818e+00,    0.00000e+00,    7.65653e+02,    0.00000e+00,    2.05831e+01,    0.00000e+00,    2.50432e+01,    0.00000e+00,    0.00000e+00,    0.00000e+00,    1.95777e+00,    0.00000e+00,   -1.01882e+00,    0.00000e+00,        1.95633,               ,              3,             -1,       Disabled
  14/04/2026 13:23:04.237,    1.39650e+02,    2.08402e+00,    0.00000e+00,    7.24392e+03,    0.00000e+00,    4.72752e+02,    0.00000e+00,    2.09923e+00,    0.00000e+00,    7.65678e+02,    0.00000e+00,    2.06172e+01,    0.00000e+00,    2.50524e+01,    0.00000e+00,    0.00000e+00,    0.00000e+00,    1.96063e+00,    0.00000e+00,   -1.01876e+00,    0.00000e+00,        1.95917,               ,              3,             -1,       Disabled
  14/04/2026 13:23:05.091,    1.39185e+02,    2.08869e+00,    0.00000e+00,    7.32293e+03,    0.00000e+00,    4.83214e+02,    0.00000e+00,    2.10410e+00,    0.00000e+00,    7.65653e+02,    0.00000e+00,    2.06156e+01,    0.00000e+00,    2.50568e+01,    0.00000e+00,    0.00000e+00,    0.00000e+00,    1.95577e+00,    0.00000e+00,   -1.01876e+00,    0.00000e+00,        1.95431,               ,              3,             -1,       Disabled
  14/04/2026 13:23:05.946,    1.40077e+02,    2.08900e+00,    0.00000e+00,    7.35819e+03,    0.00000e+00,    4.79223e+02,    0.00000e+00,    2.10448e+00,    0.00000e+00,    7.65614e+02,    0.00000e+00,    2.05909e+01,    0.00000e+00,    2.50582e+01,    0.00000e+00,    0.00000e+00,    0.00000e+00,    1.95322e+00,    0.00000e+00,   -1.01876e+00,    0.00000e+00,        1.95177,               ,              3,             -1,       Disabled
  14/04/2026 13:23:06.800,    1.40715e+02,    2.09177e+00,    0.00000e+00,    7.38528e+03,    0.00000e+00,    4.81515e+02,    0.00000e+00,    2.10733e+00,    0.00000e+00,    7.65667e+02,    0.00000e+00,    2.06231e+01,    0.00000e+00,    2.50621e+01,    0.00000e+00,    0.00000e+00,    0.00000e+00,    1.95656e+00,    0.00000e+00,   -1.01876e+00,    0.00000e+00,        1.95509,               ,              3,             -1,       Disabled
  14/04/2026 13:23:07.656,    1.39135e+02,    2.08903e+00,    0.00000e+00,    7.29841e+03,    0.00000e+00,    4.83316e+02,    0.00000e+00,    2.10439e+00,    0.00000e+00,    7.65671e+02,    0.00000e+00,    2.05985e+01,    0.00000e+00,    2.50676e+01,    0.00000e+00,    0.00000e+00,    0.00000e+00,    1.95486e+00,    0.00000e+00,   -1.01876e+00,    0.00000e+00,         1.9534,               ,              3,             -1,       Disabled
  14/04/2026 13:23:08.509,    1.40582e+02,    2.09142e+00,    0.00000e+00,    7.30008e+03,    0.00000e+00,    4.82729e+02,    0.00000e+00,    2.10680e+00,    0.00000e+00,    7.65670e+02,    0.00000e+00,    2.06002e+01,    0.00000e+00,    2.50717e+01,    0.00000e+00,    0.00000e+00,    0.00000e+00,    1.95472e+00,    0.00000e+00,   -1.01876e+00,    0.00000e+00,        1.95325,               ,              3,             -1,       Disabled
  14/04/2026 13:23:09.363,    1.39895e+02,    2.08968e+00,    0.00000e+00,    7.31388e+03,    0.00000e+00,    4.85197e+02,    0.00000e+00,    2.10508e+00,    0.00000e+00,    7.65678e+02,    0.00000e+00,    2.06328e+01,    0.00000e+00,    2.50783e+01,    0.00000e+00,    0.00000e+00,    0.00000e+00,    1.95421e+00,    0.00000e+00,   -1.01876e+00,    0.00000e+00,        1.95275,               ,              3,             -1,       Disabled
  14/04/2026 13:23:10.217,    1.39984e+02,    2.08938e+00,    0.00000e+00,    7.34634e+03,    0.00000e+00,    4.90856e+02,    0.00000e+00,    2.10484e+00,    0.00000e+00,    7.65696e+02,    0.00000e+00,    2.06731e+01,    0.00000e+00,    2.50839e+01,    0.00000e+00,    0.00000e+00,    0.00000e+00,    1.95353e+00,    0.00000e+00,   -1.01876e+00,    0.00000e+00,        1.95206,               ,              3,             -1,       Disabled
  14/04/2026 13:23:11.072,    1.39692e+02,    2.08625e+00,    0.00000e+00,    7.27796e+03,    0.00000e+00,    4.97900e+02,    0.00000e+00,    2.10154e+00,    0.00000e+00,    7.65718e+02,    0.00000e+00,    2.06095e+01,    0.00000e+00,    2.50909e+01,    0.00000e+00,    0.00000e+00,    0.00000e+00,    1.95801e+00,    0.00000e+00,   -1.01876e+00,    0.00000e+00,        1.95652,               ,              3,             -1,       Disabled
  14/04/2026 13:23:11.927,    1.39422e+02,    2.08710e+00,    0.00000e+00,    7.28941e+03,    0.00000e+00,    4.96004e+02,    0.00000e+00,    2.10243e+00,    0.00000e+00,    7.65664e+02,    0.00000e+00,    2.06434e+01,    0.00000e+00,    2.50940e+01,    0.00000e+00,    0.00000e+00,    0.00000e+00,    1.95409e+00,    0.00000e+00,   -1.01876e+00,    0.00000e+00,        1.95261,               ,              3,             -1,       Disabled
  14/04/2026 13:23:12.781,    1.40341e+02,    2.08738e+00,    0.00000e+00,    7.36156e+03,    0.00000e+00,    4.87366e+02,    0.00000e+00,    2.10286e+00,    0.00000e+00,    7.65691e+02,    0.00000e+00,    2.06422e+01,    0.00000e+00,    2.50983e+01,    0.00000e+00,    0.00000e+00,    0.00000e+00,    1.95453e+00,    0.00000e+00,   -1.01876e+00,    0.00000e+00,        1.95306,               ,              3,             -1,       Disabled
  14/04/2026 13:23:13.635,    1.39778e+02,    2.08615e+00,    0.00000e+00,    7.33065e+03,    0.00000e+00,    4.84070e+02,    0.00000e+00,    2.10155e+00,    0.00000e+00,    7.65699e+02,    0.00000e+00,    2.06184e+01,    0.00000e+00,    2.51023e+01,    0.00000e+00,    0.00000e+00,    0.00000e+00,    1.95505e+00,    0.00000e+00,   -1.01876e+00,    0.00000e+00,        1.95358,               ,              3,             -1,       Disabled
  14/04/2026 13:23:14.489,    1.40979e+02,    2.08597e+00,    0.00000e+00,    7.30170e+03,    0.00000e+00,    4.82393e+02,    0.00000e+00,    2.10131e+00,    0.00000e+00,    7.65670e+02,    0.00000e+00,    2.06557e+01,    0.00000e+00,    2.51076e+01,    0.00000e+00,    0.00000e+00,    0.00000e+00,    1.95479e+00,    0.00000e+00,   -1.01876e+00,    0.00000e+00,        1.95333,               ,              3,             -1,       Disabled
  14/04/2026 13:23:15.344,    1.40652e+02,    2.08595e+00,    0.00000e+00,    7.31127e+03,    0.00000e+00,    4.82650e+02,    0.00000e+00,    2.10131e+00,    0.00000e+00,    7.65677e+02,    0.00000e+00,    2.06559e+01,    0.00000e+00,    2.51136e+01,    0.00000e+00,    0.00000e+00,    0.00000e+00,    1.95252e+00,    0.00000e+00,   -1.01876e+00,    0.00000e+00,        1.95106,               ,              3,             -1,       Disabled
  14/04/2026 13:23:16.199,    1.39967e+02,    2.08519e+00,    0.00000e+00,    7.25342e+03,    0.00000e+00,    4.80955e+02,    0.00000e+00,    2.10042e+00,    0.00000e+00,    7.65686e+02,    0.00000e+00,    2.06286e+01,    0.00000e+00,    2.51175e+01,    0.00000e+00,    0.00000e+00,    0.00000e+00,    1.95191e+00,    0.00000e+00,   -1.01876e+00,    0.00000e+00,        1.95045,               ,              3,             -1,       Disabled
  14/04/2026 13:23:17.053,    1.39468e+02,    2.08344e+00,    0.00000e+00,    7.26166e+03,    0.00000e+00,    4.81719e+02,    0.00000e+00,    2.09868e+00,    0.00000e+00,    7.65702e+02,    0.00000e+00,    2.06577e+01,    0.00000e+00,    2.51218e+01,    0.00000e+00,    0.00000e+00,    0.00000e+00,    1.95089e+00,    0.00000e+00,   -1.01876e+00,    0.00000e+00,        1.94943,               ,              3,             -1,       Disabled
  14/04/2026 13:23:17.907,    1.39935e+02,    2.08428e+00,    0.00000e+00,    7.26093e+03,    0.00000e+00,    4.79059e+02,    0.00000e+00,    2.09953e+00,    0.00000e+00,    7.65693e+02,    0.00000e+00,    2.06927e+01,    0.00000e+00,    2.51262e+01,    0.00000e+00,    0.00000e+00,    0.00000e+00,    1.94849e+00,    0.00000e+00,   -1.01876e+00,    0.00000e+00,        1.94705,               ,              3,             -1,       Disabled
  14/04/2026 13:23:18.761,    1.39201e+02,    2.08451e+00,    0.00000e+00,    7.31809e+03,    0.00000e+00,    4.78791e+02,    0.00000e+00,    2.09988e+00,    0.00000e+00,    7.65684e+02,    0.00000e+00,    2.06352e+01,    0.00000e+00,    2.51330e+01,    0.00000e+00,    0.00000e+00,    0.00000e+00,    1.94901e+00,    0.00000e+00,   -1.01876e+00,    0.00000e+00,        1.94757,               ,              3,             -1,       Disabled
  14/04/2026 13:23:19.616,    1.40509e+02,    2.08213e+00,    0.00000e+00,    7.28909e+03,    0.00000e+00,    4.75092e+02,    0.00000e+00,    2.09742e+00,    0.00000e+00,    7.65723e+02,    0.00000e+00,    2.06666e+01,    0.00000e+00,    2.51372e+01,    0.00000e+00,    0.00000e+00,    0.00000e+00,    1.94747e+00,    0.00000e+00,   -1.01876e+00,    0.00000e+00,        1.94604,               ,              3,             -1,       Disabled
  14/04/2026 13:23:20.471,    1.39920e+02,    2.08224e+00,    0.00000e+00,    7.31445e+03,    0.00000e+00,    4.78655e+02,    0.00000e+00,    2.09758e+00,    0.00000e+00,    7.65681e+02,    0.00000e+00,    2.06792e+01,    0.00000e+00,    2.51416e+01,    0.00000e+00,    0.00000e+00,    0.00000e+00,    1.94857e+00,    0.00000e+00,   -1.01876e+00,    0.00000e+00,        1.94712,               ,              3,             -1,       Disabled
  14/04/2026 13:23:21.324,    1.38800e+02,    2.08259e+00,    0.00000e+00,    7.25813e+03,    0.00000e+00,    4.75015e+02,    0.00000e+00,    2.09781e+00,    0.00000e+00,    7.65620e+02,    0.00000e+00,    2.06444e+01,    0.00000e+00,    2.51464e+01,    0.00000e+00,    0.00000e+00,    0.00000e+00,    1.94842e+00,    0.00000e+00,   -1.01876e+00,    0.00000e+00,        1.94699,               ,              3,             -1,       Disabled
  14/04/2026 13:23:22.178,    1.39737e+02,    2.08218e+00,    0.00000e+00,    7.25422e+03,    0.00000e+00,    4.70861e+02,    0.00000e+00,    2.09740e+00,    0.00000e+00,    7.65661e+02,    0.00000e+00,    2.06769e+01,    0.00000e+00,    2.51521e+01,    0.00000e+00,    0.00000e+00,    0.00000e+00,    1.94765e+00,    0.00000e+00,   -1.01876e+00,    0.00000e+00,        1.94622,               ,              3,             -1,       Disabled
  14/04/2026 13:23:23.033,    1.39584e+02,    2.08185e+00,    0.00000e+00,    7.21251e+03,    0.00000e+00,    4.73360e+02,    0.00000e+00,    2.09697e+00,    0.00000e+00,    7.65676e+02,    0.00000e+00,    2.06774e+01,    0.00000e+00,    2.51585e+01,    0.00000e+00,    0.00000e+00,    0.00000e+00,    1.94822e+00,    0.00000e+00,   -1.01876e+00,    0.00000e+00,        1.94678,               ,              3,             -1,       Disabled
  14/04/2026 13:23:23.887,    1.40374e+02,    2.08195e+00,    0.00000e+00,    7.24307e+03,    0.00000e+00,    4.79548e+02,    0.00000e+00,    2.09714e+00,    0.00000e+00,    7.65694e+02,    0.00000e+00,    2.06540e+01,    0.00000e+00,    2.51617e+01,    0.00000e+00,    0.00000e+00,    0.00000e+00,    1.94721e+00,    0.00000e+00,   -1.01876e+00,    0.00000e+00,        1.94576,               ,              3,             -1,       Disabled
  14/04/2026 13:23:24.742,    1.39767e+02,    2.08476e+00,    0.00000e+00,    7.23108e+03,    0.00000e+00,    4.75115e+02,    0.00000e+00,    2.09994e+00,    0.00000e+00,    7.65696e+02,    0.00000e+00,    2.07171e+01,    0.00000e+00,    2.51673e+01,    0.00000e+00,    0.00000e+00,    0.00000e+00,    1.94823e+00,    0.00000e+00,   -1.01876e+00,    0.00000e+00,        1.94679,               ,              3,             -1,       Disabled
  14/04/2026 13:23:25.596,    1.38939e+02,    2.08360e+00,    0.00000e+00,    7.28584e+03,    0.00000e+00,    4.75322e+02,    0.00000e+00,    2.09889e+00,    0.00000e+00,    7.65725e+02,    0.00000e+00,    2.06869e+01,    0.00000e+00,    2.51712e+01,    0.00000e+00,    0.00000e+00,    0.00000e+00,    1.94824e+00,    0.00000e+00,   -1.01876e+00,    0.00000e+00,         1.9468,               ,              3,             -1,       Disabled
  14/04/2026 13:23:26.450,    1.39721e+02,    2.08435e+00,    0.00000e+00,    7.24283e+03,    0.00000e+00,    4.69771e+02,    0.00000e+00,    2.09956e+00,    0.00000e+00,    7.65670e+02,    0.00000e+00,    2.06652e+01,    0.00000e+00,    2.51783e+01,    0.00000e+00,    0.00000e+00,    0.00000e+00,    1.94891e+00,    0.00000e+00,   -1.01876e+00,    0.00000e+00,        1.94748,               ,              3,             -1,       Disabled
  14/04/2026 13:23:27.304,    1.40424e+02,    2.08707e+00,    0.00000e+00,    7.28780e+03,    0.00000e+00,    4.75175e+02,    0.00000e+00,    2.10239e+00,    0.00000e+00,    7.65672e+02,    0.00000e+00,    2.06929e+01,    0.00000e+00,    2.51830e+01,    0.00000e+00,    0.00000e+00,    0.00000e+00,    1.94710e+00,    0.00000e+00,   -1.01876e+00,    0.00000e+00,        1.94566,               ,              3,             -1,       Disabled
  14/04/2026 13:23:28.159,    1.41306e+02,    2.08704e+00,    0.00000e+00,    7.24802e+03,    0.00000e+00,    4.76105e+02,    0.00000e+00,    2.10228e+00,    0.00000e+00,    7.65721e+02,    0.00000e+00,    2.06958e+01,    0.00000e+00,    2.51864e+01,    0.00000e+00,    0.00000e+00,    0.00000e+00,    1.94821e+00,    0.00000e+00,   -1.01876e+00,    0.00000e+00,        1.94677,               ,              3,             -1,       Disabled
  14/04/2026 13:23:29.014,    1.40040e+02,    2.08748e+00,    0.00000e+00,    7.20603e+03,    0.00000e+00,    4.74433e+02,    0.00000e+00,    2.10264e+00,    0.00000e+00,    7.65660e+02,    0.00000e+00,    2.06727e+01,    0.00000e+00,    2.51898e+01,    0.00000e+00,    0.00000e+00,    0.00000e+00,    1.94619e+00,    0.00000e+00,   -1.01876e+00,    0.00000e+00,        1.94475,               ,              3,             -1,       Disabled
  14/04/2026 13:23:29.868,    1.39624e+02,    2.08718e+00,    0.00000e+00,    7.25399e+03,    0.00000e+00,    4.80295e+02,    0.00000e+00,    2.10243e+00,    0.00000e+00,    7.65692e+02,    0.00000e+00,    2.07020e+01,    0.00000e+00,    2.51939e+01,    0.00000e+00,    0.00000e+00,    0.00000e+00,    1.94649e+00,    0.00000e+00,   -1.01876e+00,    0.00000e+00,        1.94505,               ,              3,             -1,       Disabled
  14/04/2026 13:23:30.722,    1.39996e+02,    2.08597e+00,    0.00000e+00,    7.30867e+03,    0.00000e+00,    4.81991e+02,    0.00000e+00,    2.10133e+00,    0.00000e+00,    7.65666e+02,    0.00000e+00,    2.07027e+01,    0.00000e+00,    2.51999e+01,    0.00000e+00,    0.00000e+00,    0.00000e+00,    1.94775e+00,    0.00000e+00,   -1.01876e+00,    0.00000e+00,         1.9463,               ,              3,             -1,       Disabled
  14/04/2026 13:23:31.576,    1.39794e+02,    2.08677e+00,    0.00000e+00,    7.22286e+03,    0.00000e+00,    4.80581e+02,    0.00000e+00,    2.10195e+00,    0.00000e+00,    7.65666e+02,    0.00000e+00,    2.06805e+01,    0.00000e+00,    2.52037e+01,    0.00000e+00,    0.00000e+00,    0.00000e+00,    1.94840e+00,    0.00000e+00,   -1.01876e+00,    0.00000e+00,        1.94695,               ,              3,             -1,       Disabled
  14/04/2026 13:23:32.431,    1.38989e+02,    2.08413e+00,    0.00000e+00,    7.27674e+03,    0.00000e+00,    4.80920e+02,    0.00000e+00,    2.09941e+00,    0.00000e+00,    7.65701e+02,    0.00000e+00,    2.07358e+01,    0.00000e+00,    2.52073e+01,    0.00000e+00,    0.00000e+00,    0.00000e+00,    1.94955e+00,    0.00000e+00,   -1.01876e+00,    0.00000e+00,         1.9481,               ,              3,             -1,       Disabled
  14/04/2026 13:23:33.286,    1.39682e+02,    2.08480e+00,    0.00000e+00,    7.22826e+03,    0.00000e+00,    4.77987e+02,    0.00000e+00,    2.09997e+00,    0.00000e+00,    7.65610e+02,    0.00000e+00,    2.07123e+01,    0.00000e+00,    2.52056e+01,    0.00000e+00,    0.00000e+00,    0.00000e+00,    1.95018e+00,    0.00000e+00,   -1.01876e+00,    0.00000e+00,        1.94873,               ,              3,             -1,       Disabled
  14/04/2026 13:23:34.139,    1.39498e+02,    2.08342e+00,    0.00000e+00,    7.21317e+03,    0.00000e+00,    4.80864e+02,    0.00000e+00,    2.09855e+00,    0.00000e+00,    7.65659e+02,    0.00000e+00,    2.06886e+01,    0.00000e+00,    2.52108e+01,    0.00000e+00,    0.00000e+00,    0.00000e+00,    1.94965e+00,    0.00000e+00,   -1.01876e+00,    0.00000e+00,         1.9482,               ,              3,             -1,       Disabled
  14/04/2026 13:23:34.994,    1.40377e+02,    2.08683e+00,    0.00000e+00,    7.21012e+03,    0.00000e+00,    4.76894e+02,    0.00000e+00,    2.10199e+00,    0.00000e+00,    7.65674e+02,    0.00000e+00,    2.07181e+01,    0.00000e+00,    2.52161e+01,    0.00000e+00,    0.00000e+00,    0.00000e+00,    1.95050e+00,    0.00000e+00,   -1.01876e+00,    0.00000e+00,        1.94905,               ,              3,             -1,       Disabled
  14/04/2026 13:23:35.848,    1.39947e+02,    2.08429e+00,    0.00000e+00,    7.19653e+03,    0.00000e+00,    4.72738e+02,    0.00000e+00,    2.09940e+00,    0.00000e+00,    7.65679e+02,    0.00000e+00,    2.07199e+01,    0.00000e+00,    2.52196e+01,    0.00000e+00,    0.00000e+00,    0.00000e+00,    1.95011e+00,    0.00000e+00,   -1.01876e+00,    0.00000e+00,        1.94867,               ,              3,             -1,       Disabled
  14/04/2026 13:23:36.703,    1.39494e+02,    2.08338e+00,    0.00000e+00,    7.26807e+03,    0.00000e+00,    4.74644e+02,    0.00000e+00,    2.09863e+00,    0.00000e+00,    7.65685e+02,    0.00000e+00,    2.06964e+01,    0.00000e+00,    2.52253e+01,    0.00000e+00,    0.00000e+00,    0.00000e+00,    1.94756e+00,    0.00000e+00,   -1.01876e+00,    0.00000e+00,        1.94612,               ,              3,             -1,       Disabled
  14/04/2026 13:23:37.557,    1.40435e+02,    2.08683e+00,    0.00000e+00,    7.24749e+03,    0.00000e+00,    4.72208e+02,    0.00000e+00,    2.10206e+00,    0.00000e+00,    7.65669e+02,    0.00000e+00,    2.07334e+01,    0.00000e+00,    2.52291e+01,    0.00000e+00,    0.00000e+00,    0.00000e+00,    1.94740e+00,    0.00000e+00,   -1.01876e+00,    0.00000e+00,        1.94596,               ,              3,             -1,       Disabled
  14/04/2026 13:23:38.411,    1.39212e+02,    2.08523e+00,    0.00000e+00,    7.33677e+03,    0.00000e+00,    4.74724e+02,    0.00000e+00,    2.10065e+00,    0.00000e+00,    7.65681e+02,    0.00000e+00,    2.07265e+01,    0.00000e+00,    2.52320e+01,    0.00000e+00,    0.00000e+00,    0.00000e+00,    1.94796e+00,    0.00000e+00,   -1.01876e+00,    0.00000e+00,        1.94652,               ,              3,             -1,       Disabled
  14/04/2026 13:23:39.265,    1.39370e+02,    2.08896e+00,    0.00000e+00,    7.27573e+03,    0.00000e+00,    4.72715e+02,    0.00000e+00,    2.10427e+00,    0.00000e+00,    7.65677e+02,    0.00000e+00,    2.07051e+01,    0.00000e+00,    2.52371e+01,    0.00000e+00,    0.00000e+00,    0.00000e+00,    1.94714e+00,    0.00000e+00,   -1.01876e+00,    0.00000e+00,         1.9457,               ,              3,             -1,       Disabled
  14/04/2026 13:23:40.120,    1.39700e+02,    2.08905e+00,    0.00000e+00,    7.29123e+03,    0.00000e+00,    4.72371e+02,    0.00000e+00,    2.10439e+00,    0.00000e+00,    7.65696e+02,    0.00000e+00,    2.07319e+01,    0.00000e+00,    2.52400e+01,    0.00000e+00,    0.00000e+00,    0.00000e+00,    1.94760e+00,    0.00000e+00,   -1.01876e+00,    0.00000e+00,        1.94616,               ,              3,             -1,       Disabled
  14/04/2026 13:23:40.975,    1.40889e+02,    2.08632e+00,    0.00000e+00,    7.16378e+03,    0.00000e+00,    4.72108e+02,    0.00000e+00,    2.10137e+00,    0.00000e+00,    7.65725e+02,    0.00000e+00,    2.07341e+01,    0.00000e+00,    2.52454e+01,    0.00000e+00,    0.00000e+00,    0.00000e+00,    1.94895e+00,    0.00000e+00,   -1.01876e+00,    0.00000e+00,        1.94751,               ,              3,             -1,       Disabled
  14/04/2026 13:23:41.829,    1.40353e+02,    2.08796e+00,    0.00000e+00,    7.22873e+03,    0.00000e+00,    4.78786e+02,    0.00000e+00,    2.10317e+00,    0.00000e+00,    7.65662e+02,    0.00000e+00,    2.07157e+01,    0.00000e+00,    2.52495e+01,    0.00000e+00,    0.00000e+00,    0.00000e+00,    1.94900e+00,    0.00000e+00,   -1.01876e+00,    0.00000e+00,        1.94755,               ,              3,             -1,       Disabled
  14/04/2026 13:23:42.683,    1.40052e+02,    2.08840e+00,    0.00000e+00,    7.16913e+03,    0.00000e+00,    4.73766e+02,    0.00000e+00,    2.10348e+00,    0.00000e+00,    7.65695e+02,    0.00000e+00,    2.07573e+01,    0.00000e+00,    2.52533e+01,    0.00000e+00,    0.00000e+00,    0.00000e+00,    1.94935e+00,    0.00000e+00,   -1.01876e+00,    0.00000e+00,        1.94791,               ,              3,             -1,       Disabled
  14/04/2026 13:23:43.537,    1.40282e+02,    2.08612e+00,    0.00000e+00,    7.20332e+03,    0.00000e+00,    4.86411e+02,    0.00000e+00,    2.10126e+00,    0.00000e+00,    7.65652e+02,    0.00000e+00,    2.07456e+01,    0.00000e+00,    2.52581e+01,    0.00000e+00,    0.00000e+00,    0.00000e+00,    1.94982e+00,    0.00000e+00,   -1.01876e+00,    0.00000e+00,        1.94836,               ,              3,             -1,       Disabled
  14/04/2026 13:23:44.391,    1.40738e+02,    2.08790e+00,    0.00000e+00,    7.26796e+03,    0.00000e+00,    5.03070e+02,    0.00000e+00,    2.10319e+00,    0.00000e+00,    7.65633e+02,    0.00000e+00,    2.07215e+01,    0.00000e+00,    2.52638e+01,    0.00000e+00,    0.00000e+00,    0.00000e+00,    1.94903e+00,    0.00000e+00,   -1.01876e+00,    0.00000e+00,        1.94755,               ,              3,             -1,       Disabled
  14/04/2026 13:23:45.246,    1.39657e+02,    2.08730e+00,    0.00000e+00,    7.17289e+03,    0.00000e+00,    4.88490e+02,    0.00000e+00,    2.10238e+00,    0.00000e+00,    7.65712e+02,    0.00000e+00,    2.07444e+01,    0.00000e+00,    2.52650e+01,    0.00000e+00,    0.00000e+00,    0.00000e+00,    1.94838e+00,    0.00000e+00,   -1.01876e+00,    0.00000e+00,        1.94692,               ,              3,             -1,       Disabled
  14/04/2026 13:23:46.101,    1.40172e+02,    2.08587e+00,    0.00000e+00,    7.12371e+03,    0.00000e+00,    4.77933e+02,    0.00000e+00,    2.10084e+00,    0.00000e+00,    7.65656e+02,    0.00000e+00,    2.07446e+01,    0.00000e+00,    2.52671e+01,    0.00000e+00,    0.00000e+00,    0.00000e+00,    1.94919e+00,    0.00000e+00,   -1.01876e+00,    0.00000e+00,        1.94774,               ,              3,             -1,       Disabled
  14/04/2026 13:23:46.954,    1.39660e+02,    2.08679e+00,    0.00000e+00,    7.17578e+03,    0.00000e+00,    4.74317e+02,    0.00000e+00,    2.10187e+00,    0.00000e+00,    7.65686e+02,    0.00000e+00,    2.07271e+01,    0.00000e+00,    2.52704e+01,    0.00000e+00,    0.00000e+00,    0.00000e+00,    1.94876e+00,    0.00000e+00,   -1.01876e+00,    0.00000e+00,        1.94732,               ,              3,             -1,       Disabled
  14/04/2026 13:23:47.809,    1.40515e+02,    2.08591e+00,    0.00000e+00,    7.20264e+03,    0.00000e+00,    4.71161e+02,    0.00000e+00,    2.10104e+00,    0.00000e+00,    7.65654e+02,    0.00000e+00,    2.07482e+01,    0.00000e+00,    2.52735e+01,    0.00000e+00,    0.00000e+00,    0.00000e+00,    1.94768e+00,    0.00000e+00,   -1.01876e+00,    0.00000e+00,        1.94625,               ,              3,             -1,       Disabled
  14/04/2026 13:23:48.663,    1.39756e+02,    2.08876e+00,    0.00000e+00,    7.25810e+03,    0.00000e+00,    4.70215e+02,    0.00000e+00,    2.10403e+00,    0.00000e+00,    7.65625e+02,    0.00000e+00,    2.07487e+01,    0.00000e+00,    2.52748e+01,    0.00000e+00,    0.00000e+00,    0.00000e+00,    1.94713e+00,    0.00000e+00,   -1.01876e+00,    0.00000e+00,         1.9457,               ,              3,             -1,       Disabled
  14/04/2026 13:23:49.518,    1.40695e+02,    2.08679e+00,    0.00000e+00,    7.33599e+03,    0.00000e+00,    4.75850e+02,    0.00000e+00,    2.10221e+00,    0.00000e+00,    7.65649e+02,    0.00000e+00,    2.07334e+01,    0.00000e+00,    2.52774e+01,    0.00000e+00,    0.00000e+00,    0.00000e+00,    1.94765e+00,    0.00000e+00,   -1.01876e+00,    0.00000e+00,        1.94621,               ,              3,             -1,       Disabled
  14/04/2026 13:23:50.373,    1.40531e+02,    2.08820e+00,    0.00000e+00,    7.29455e+03,    0.00000e+00,    4.77414e+02,    0.00000e+00,    2.10355e+00,    0.00000e+00,    7.65654e+02,    0.00000e+00,    2.07584e+01,    0.00000e+00,    2.52798e+01,    0.00000e+00,    0.00000e+00,    0.00000e+00,    1.94681e+00,    0.00000e+00,   -1.01876e+00,    0.00000e+00,        1.94537,               ,              3,             -1,       Disabled
  14/04/2026 13:23:51.226,    1.39520e+02,    2.08921e+00,    0.00000e+00,    7.34157e+03,    0.00000e+00,    4.75615e+02,    0.00000e+00,    2.10466e+00,    0.00000e+00,    7.65634e+02,    0.00000e+00,    2.07490e+01,    0.00000e+00,    2.52836e+01,    0.00000e+00,    0.00000e+00,    0.00000e+00,    1.94671e+00,    0.00000e+00,   -1.01876e+00,    0.00000e+00,        1.94527,               ,              3,             -1,       Disabled
  14/04/2026 13:23:52.080,    1.40252e+02,    2.08822e+00,    0.00000e+00,    7.33291e+03,    0.00000e+00,    4.76089e+02,    0.00000e+00,    2.10365e+00,    0.00000e+00,    7.65653e+02,    0.00000e+00,    2.07405e+01,    0.00000e+00,    2.52892e+01,    0.00000e+00,    0.00000e+00,    0.00000e+00,    1.94711e+00,    0.00000e+00,   -1.01876e+00,    0.00000e+00,        1.94567,               ,              3,             -1,       Disabled
  14/04/2026 13:23:52.935,    1.39967e+02,    2.09005e+00,    0.00000e+00,    7.37348e+03,    0.00000e+00,    4.77941e+02,    0.00000e+00,    2.10558e+00,    0.00000e+00,    7.65661e+02,    0.00000e+00,    2.07594e+01,    0.00000e+00,    2.52915e+01,    0.00000e+00,    0.00000e+00,    0.00000e+00,    1.94720e+00,    0.00000e+00,   -1.01876e+00,    0.00000e+00,        1.94575,               ,              3,             -1,       Disabled
  14/04/2026 13:23:53.790,    1.39269e+02,    2.09249e+00,    0.00000e+00,    7.34483e+03,    0.00000e+00,    4.79100e+02,    0.00000e+00,    2.10797e+00,    0.00000e+00,    7.65646e+02,    0.00000e+00,    2.07494e+01,    0.00000e+00,    2.52969e+01,    0.00000e+00,    0.00000e+00,    0.00000e+00,    1.94534e+00,    0.00000e+00,   -1.01876e+00,    0.00000e+00,         1.9439,               ,              3,             -1,       Disabled
  14/04/2026 13:23:54.645,    1.40574e+02,    2.09063e+00,    0.00000e+00,    7.28431e+03,    0.00000e+00,    4.96786e+02,    0.00000e+00,    2.10597e+00,    0.00000e+00,    7.65624e+02,    0.00000e+00,    2.07430e+01,    0.00000e+00,    2.53020e+01,    0.00000e+00,    0.00000e+00,    0.00000e+00,    1.94709e+00,    0.00000e+00,   -1.01876e+00,    0.00000e+00,        1.94562,               ,              3,             -1,       Disabled
  14/04/2026 13:23:55.498,    1.40856e+02,    2.09100e+00,    0.00000e+00,    7.44221e+03,    0.00000e+00,    5.62817e+02,    0.00000e+00,    2.10668e+00,    0.00000e+00,    7.65622e+02,    0.00000e+00,    2.07490e+01,    0.00000e+00,    2.53097e+01,    0.00000e+00,    0.00000e+00,    0.00000e+00,    1.94479e+00,    0.00000e+00,   -1.01876e+00,    0.00000e+00,        1.94321,               ,              3,             -1,       Disabled
  14/04/2026 13:23:56.352,    1.39855e+02,    2.09059e+00,    0.00000e+00,    7.34839e+03,    0.00000e+00,    5.19157e+02,    0.00000e+00,    2.10606e+00,    0.00000e+00,    7.65624e+02,    0.00000e+00,    2.07494e+01,    0.00000e+00,    2.53142e+01,    0.00000e+00,    0.00000e+00,    0.00000e+00,    1.94667e+00,    0.00000e+00,   -1.01876e+00,    0.00000e+00,        1.94516,               ,              3,             -1,       Disabled
  14/04/2026 13:23:57.206,    1.40421e+02,    2.09071e+00,    0.00000e+00,    7.33313e+03,    0.00000e+00,    4.99027e+02,    0.00000e+00,    2.10615e+00,    0.00000e+00,    7.65663e+02,    0.00000e+00,    2.07491e+01,    0.00000e+00,    2.53211e+01,    0.00000e+00,    0.00000e+00,    0.00000e+00,    1.94531e+00,    0.00000e+00,   -1.01876e+00,    0.00000e+00,        1.94383,               ,              3,             -1,       Disabled
  14/04/2026 13:23:58.062,    1.39108e+02,    2.08995e+00,    0.00000e+00,    7.29125e+03,    0.00000e+00,    4.89530e+02,    0.00000e+00,    2.10530e+00,    0.00000e+00,    7.65678e+02,    0.00000e+00,    2.07739e+01,    0.00000e+00,    2.53239e+01,    0.00000e+00,    0.00000e+00,    0.00000e+00,    1.94584e+00,    0.00000e+00,   -1.01876e+00,    0.00000e+00,        1.94438,               ,              3,             -1,       Disabled
  14/04/2026 13:23:58.916,    1.40689e+02,    2.08962e+00,    0.00000e+00,    7.22966e+03,    0.00000e+00,    4.86517e+02,    0.00000e+00,    2.10484e+00,    0.00000e+00,    7.65615e+02,    0.00000e+00,    2.07535e+01,    0.00000e+00,    2.53298e+01,    0.00000e+00,    0.00000e+00,    0.00000e+00,    1.94571e+00,    0.00000e+00,   -1.01876e+00,    0.00000e+00,        1.94425,               ,              3,             -1,       Disabled
  14/04/2026 13:23:59.769,    1.39028e+02,    2.09004e+00,    0.00000e+00,    7.22856e+03,    0.00000e+00,    4.85095e+02,    0.00000e+00,    2.10525e+00,    0.00000e+00,    7.65663e+02,    0.00000e+00,    2.07620e+01,    0.00000e+00,    2.53355e+01,    0.00000e+00,    0.00000e+00,    0.00000e+00,    1.94665e+00,    0.00000e+00,   -1.01876e+00,    0.00000e+00,         1.9452,               ,              3,             -1,       Disabled
  14/04/2026 13:24:00.624,    1.40161e+02,    2.08579e+00,    0.00000e+00,    6.99582e+03,    0.00000e+00,    4.75526e+02,    0.00000e+00,    2.10049e+00,    0.00000e+00,    7.65641e+02,    0.00000e+00,    2.07736e+01,    0.00000e+00,    2.53409e+01,    0.00000e+00,    0.00000e+00,    0.00000e+00,    1.94553e+00,    0.00000e+00,   -1.01876e+00,    0.00000e+00,        1.94409,               ,              3,             -1,       Disabled
  14/04/2026 13:24:01.478,    1.39412e+02,    2.08869e+00,    0.00000e+00,    7.08174e+03,    0.00000e+00,    4.78304e+02,    0.00000e+00,    2.10359e+00,    0.00000e+00,    7.65638e+02,    0.00000e+00,    2.07611e+01,    0.00000e+00,    2.53446e+01,    0.00000e+00,    0.00000e+00,    0.00000e+00,    1.94569e+00,    0.00000e+00,   -1.01876e+00,    0.00000e+00,        1.94425,               ,              3,             -1,       Disabled
  14/04/2026 13:24:02.333,    1.40612e+02,    2.09124e+00,    0.00000e+00,    7.09722e+03,    0.00000e+00,    4.75792e+02,    0.00000e+00,    2.10619e+00,    0.00000e+00,    7.65639e+02,    0.00000e+00,    2.07663e+01,    0.00000e+00,    2.53473e+01,    0.00000e+00,    0.00000e+00,    0.00000e+00,    1.94595e+00,    0.00000e+00,   -1.01871e+00,    0.00000e+00,        1.94451,               ,              3,             -1,       Disabled
  14/04/2026 13:24:03.188,    1.40435e+02,    2.09366e+00,    0.00000e+00,    7.25206e+03,    0.00000e+00,    4.81542e+02,    0.00000e+00,    2.10895e+00,    0.00000e+00,    7.65634e+02,    0.00000e+00,    2.07703e+01,    0.00000e+00,    2.53531e+01,    0.00000e+00,    0.00000e+00,    0.00000e+00,    1.94608e+00,    0.00000e+00,   -1.01871e+00,    0.00000e+00,        1.94463,               ,              3,             -1,       Disabled
  14/04/2026 13:24:04.041,    1.39698e+02,    2.09356e+00,    0.00000e+00,    7.27760e+03,    0.00000e+00,    4.82394e+02,    0.00000e+00,    2.10891e+00,    0.00000e+00,    7.65650e+02,    0.00000e+00,    2.07715e+01,    0.00000e+00,    2.53577e+01,    0.00000e+00,    0.00000e+00,    0.00000e+00,    1.94785e+00,    0.00000e+00,   -1.01871e+00,    0.00000e+00,         1.9464,               ,              3,             -1,       Disabled
  14/04/2026 13:24:04.896,    1.39677e+02,    2.09645e+00,    0.00000e+00,    7.34409e+03,    0.00000e+00,    4.86277e+02,    0.00000e+00,    2.11196e+00,    0.00000e+00,    7.65666e+02,    0.00000e+00,    2.07774e+01,    0.00000e+00,    2.53614e+01,    0.00000e+00,    0.00000e+00,    0.00000e+00,    1.94670e+00,    0.00000e+00,   -1.01871e+00,    0.00000e+00,        1.94525,               ,              3,             -1,       Disabled
  14/04/2026 13:24:05.750,    1.39408e+02,    2.09508e+00,    0.00000e+00,    7.46940e+03,    0.00000e+00,    4.85912e+02,    0.00000e+00,    2.11085e+00,    0.00000e+00,    7.65642e+02,    0.00000e+00,    2.07824e+01,    0.00000e+00,    2.53646e+01,    0.00000e+00,    0.00000e+00,    0.00000e+00,    1.94669e+00,    0.00000e+00,   -1.01871e+00,    0.00000e+00,        1.94523,               ,              3,             -1,       Disabled
  14/04/2026 13:24:06.605,    1.39139e+02,    2.09246e+00,    0.00000e+00,    7.37581e+03,    0.00000e+00,    4.81249e+02,    0.00000e+00,    2.10801e+00,    0.00000e+00,    7.65689e+02,    0.00000e+00,    2.07813e+01,    0.00000e+00,    2.53674e+01,    0.00000e+00,    0.00000e+00,    0.00000e+00,    1.94463e+00,    0.00000e+00,   -1.01871e+00,    0.00000e+00,        1.94319,               ,              3,             -1,       Disabled
  14/04/2026 13:24:07.460,    1.40994e+02,    2.09501e+00,    0.00000e+00,    7.42118e+03,    0.00000e+00,    4.84227e+02,    0.00000e+00,    2.11067e+00,    0.00000e+00,    7.65600e+02,    0.00000e+00,    2.07893e+01,    0.00000e+00,    2.53733e+01,    0.00000e+00,    0.00000e+00,    0.00000e+00,    1.94697e+00,    0.00000e+00,   -1.01871e+00,    0.00000e+00,        1.94552,               ,              3,             -1,       Disabled
  14/04/2026 13:24:08.313,    1.41015e+02,    2.09278e+00,    0.00000e+00,    7.38162e+03,    0.00000e+00,    4.83648e+02,    0.00000e+00,    2.10834e+00,    0.00000e+00,    7.65669e+02,    0.00000e+00,    2.08699e+01,    0.00000e+00,    2.53726e+01,    0.00000e+00,    0.00000e+00,    0.00000e+00,    1.94502e+00,    0.00000e+00,   -1.01871e+00,    0.00000e+00,        1.94358,               ,              3,             -1,       Disabled
  14/04/2026 13:24:09.167,    1.40146e+02,    2.09335e+00,    0.00000e+00,    7.47650e+03,    0.00000e+00,    4.85894e+02,    0.00000e+00,    2.10911e+00,    0.00000e+00,    7.65653e+02,    0.00000e+00,    2.07920e+01,    0.00000e+00,    2.53724e+01,    0.00000e+00,    0.00000e+00,    0.00000e+00,    1.94828e+00,    0.00000e+00,   -1.01871e+00,    0.00000e+00,        1.94683,               ,              3,             -1,       Disabled
  14/04/2026 13:24:10.022,    1.39610e+02,    2.09526e+00,    0.00000e+00,    7.45315e+03,    0.00000e+00,    4.82006e+02,    0.00000e+00,    2.11100e+00,    0.00000e+00,    7.65665e+02,    0.00000e+00,    2.08031e+01,    0.00000e+00,    2.53766e+01,    0.00000e+00,    0.00000e+00,    0.00000e+00,    1.94815e+00,    0.00000e+00,   -1.01871e+00,    0.00000e+00,         1.9467,               ,              3,             -1,       Disabled
  14/04/2026 13:24:10.877,    1.39622e+02,    2.09303e+00,    0.00000e+00,    7.33793e+03,    0.00000e+00,    4.81439e+02,    0.00000e+00,    2.10850e+00,    0.00000e+00,    7.65654e+02,    0.00000e+00,    2.08074e+01,    0.00000e+00,    2.53783e+01,    0.00000e+00,    0.00000e+00,    0.00000e+00,    1.94693e+00,    0.00000e+00,   -1.01871e+00,    0.00000e+00,        1.94549,               ,              3,             -1,       Disabled
  14/04/2026 13:24:11.732,    1.39983e+02,    2.09065e+00,    0.00000e+00,    7.33173e+03,    0.00000e+00,    4.78853e+02,    0.00000e+00,    2.10609e+00,    0.00000e+00,    7.65655e+02,    0.00000e+00,    2.08029e+01,    0.00000e+00,    2.53776e+01,    0.00000e+00,    0.00000e+00,    0.00000e+00,    1.94776e+00,    0.00000e+00,   -1.01871e+00,    0.00000e+00,        1.94632,               ,              3,             -1,       Disabled
  14/04/2026 13:24:12.585,    1.40267e+02,    2.08989e+00,    0.00000e+00,    7.33709e+03,    0.00000e+00,    4.86072e+02,    0.00000e+00,    2.10534e+00,    0.00000e+00,    7.65645e+02,    0.00000e+00,    2.08148e+01,    0.00000e+00,    2.53778e+01,    0.00000e+00,    0.00000e+00,    0.00000e+00,    1.94664e+00,    0.00000e+00,   -1.01866e+00,    0.00000e+00,        1.94518,               ,              3,             -1,       Disabled
  14/04/2026 13:24:13.439,    1.39473e+02,    2.09200e+00,    0.00000e+00,    7.23509e+03,    0.00000e+00,    4.79204e+02,    0.00000e+00,    2.10724e+00,    0.00000e+00,    7.65617e+02,    0.00000e+00,    2.08201e+01,    0.00000e+00,    2.53814e+01,    0.00000e+00,    0.00000e+00,    0.00000e+00,    1.94637e+00,    0.00000e+00,   -1.01866e+00,    0.00000e+00,        1.94493,               ,              3,             -1,       Disabled
  14/04/2026 13:24:14.293,    1.39868e+02,    2.09001e+00,    0.00000e+00,    7.17320e+03,    0.00000e+00,    4.73806e+02,    0.00000e+00,    2.10511e+00,    0.00000e+00,    7.65679e+02,    0.00000e+00,    2.08153e+01,    0.00000e+00,    2.53838e+01,    0.00000e+00,    0.00000e+00,    0.00000e+00,    1.94827e+00,    0.00000e+00,   -1.01861e+00,    0.00000e+00,        1.94684,               ,              3,             -1,       Disabled
  14/04/2026 13:24:15.149,    1.38928e+02,    2.08920e+00,    0.00000e+00,    7.25301e+03,    0.00000e+00,    4.74829e+02,    0.00000e+00,    2.10446e+00,    0.00000e+00,    7.65654e+02,    0.00000e+00,    2.08315e+01,    0.00000e+00,    2.53878e+01,    0.00000e+00,    0.00000e+00,    0.00000e+00,    1.94610e+00,    0.00000e+00,   -1.01861e+00,    0.00000e+00,        1.94467,               ,              3,             -1,       Disabled
  14/04/2026 13:24:16.003,    1.39556e+02,    2.08887e+00,    0.00000e+00,    7.23004e+03,    0.00000e+00,    4.75099e+02,    0.00000e+00,    2.10408e+00,    0.00000e+00,    7.65683e+02,    0.00000e+00,    2.08378e+01,    0.00000e+00,    2.53881e+01,    0.00000e+00,    0.00000e+00,    0.00000e+00,    1.94451e+00,    0.00000e+00,   -1.01856e+00,    0.00000e+00,        1.94308,               ,              3,             -1,       Disabled
  14/04/2026 13:24:16.856,    1.39707e+02,    2.08820e+00,    0.00000e+00,    7.12132e+03,    0.00000e+00,    4.77072e+02,    0.00000e+00,    2.10317e+00,    0.00000e+00,    7.65656e+02,    0.00000e+00,    2.08280e+01,    0.00000e+00,    2.53884e+01,    0.00000e+00,    0.00000e+00,    0.00000e+00,    1.94503e+00,    0.00000e+00,   -1.01856e+00,    0.00000e+00,        1.94359,               ,              3,             -1,       Disabled
  14/04/2026 13:24:17.711,    1.40418e+02,    2.08774e+00,    0.00000e+00,    7.08645e+03,    0.00000e+00,    4.73887e+02,    0.00000e+00,    2.10264e+00,    0.00000e+00,    7.65666e+02,    0.00000e+00,    2.08692e+01,    0.00000e+00,    2.53927e+01,    0.00000e+00,    0.00000e+00,    0.00000e+00,    1.94316e+00,    0.00000e+00,   -1.01850e+00,    0.00000e+00,        1.94173,               ,              3,             -1,       Disabled
  14/04/2026 13:24:18.565,    1.39697e+02,    2.09022e+00,    0.00000e+00,    7.18818e+03,    0.00000e+00,    4.75005e+02,    0.00000e+00,    2.10535e+00,    0.00000e+00,    7.65681e+02,    0.00000e+00,    2.08557e+01,    0.00000e+00,    2.53958e+01,    0.00000e+00,    0.00000e+00,    0.00000e+00,    1.94336e+00,    0.00000e+00,   -1.01850e+00,    0.00000e+00,        1.94193,               ,              3,             -1,       Disabled
  14/04/2026 13:24:19.420,    1.39214e+02,    2.09108e+00,    0.00000e+00,    7.08969e+03,    0.00000e+00,    4.76856e+02,    0.00000e+00,    2.10601e+00,    0.00000e+00,    7.65653e+02,    0.00000e+00,    2.08417e+01,    0.00000e+00,    2.53974e+01,    0.00000e+00,    0.00000e+00,    0.00000e+00,    1.94103e+00,    0.00000e+00,   -1.01845e+00,    0.00000e+00,        1.93961,               ,              3,             -1,       Disabled
  14/04/2026 13:24:20.275,    1.40369e+02,    2.09148e+00,    0.00000e+00,    7.08180e+03,    0.00000e+00,    4.77467e+02,    0.00000e+00,    2.10640e+00,    0.00000e+00,    7.65606e+02,    0.00000e+00,    2.08837e+01,    0.00000e+00,    2.53959e+01,    0.00000e+00,    0.00000e+00,    0.00000e+00,    1.93993e+00,    0.00000e+00,   -1.01845e+00,    0.00000e+00,         1.9385,               ,              3,             -1,       Disabled
  14/04/2026 13:24:21.128,    1.39349e+02,    2.09331e+00,    0.00000e+00,    7.16323e+03,    0.00000e+00,    4.76072e+02,    0.00000e+00,    2.10842e+00,    0.00000e+00,    7.65657e+02,    0.00000e+00,    2.08842e+01,    0.00000e+00,    2.53997e+01,    0.00000e+00,    0.00000e+00,    0.00000e+00,    1.93853e+00,    0.00000e+00,   -1.01845e+00,    0.00000e+00,         1.9371,               ,              3,             -1,       Disabled
  14/04/2026 13:24:21.983,    1.39210e+02,    2.09229e+00,    0.00000e+00,    7.02529e+03,    0.00000e+00,    4.75254e+02,    0.00000e+00,    2.10710e+00,    0.00000e+00,    7.65645e+02,    0.00000e+00,    2.08560e+01,    0.00000e+00,    2.54063e+01,    0.00000e+00,    0.00000e+00,    0.00000e+00,    1.93947e+00,    0.00000e+00,   -1.01845e+00,    0.00000e+00,        1.93804,               ,              3,             -1,       Disabled
  14/04/2026 13:24:22.837,    1.39301e+02,    2.09048e+00,    0.00000e+00,    7.05249e+03,    0.00000e+00,    4.74306e+02,    0.00000e+00,    2.10533e+00,    0.00000e+00,    7.65675e+02,    0.00000e+00,    2.08838e+01,    0.00000e+00,    2.54093e+01,    0.00000e+00,    0.00000e+00,    0.00000e+00,    1.93966e+00,    0.00000e+00,   -1.01845e+00,    0.00000e+00,        1.93824,               ,              3,             -1,       Disabled
  14/04/2026 13:24:23.692,    1.39892e+02,    2.09172e+00,    0.00000e+00,    7.17425e+03,    0.00000e+00,    4.72854e+02,    0.00000e+00,    2.10683e+00,    0.00000e+00,    7.65632e+02,    0.00000e+00,    2.08905e+01,    0.00000e+00,    2.54120e+01,    0.00000e+00,    0.00000e+00,    0.00000e+00,    1.94031e+00,    0.00000e+00,   -1.01845e+00,    0.00000e+00,        1.93888,               ,              3,             -1,       Disabled
  14/04/2026 13:24:24.547,    1.40191e+02,    2.09095e+00,    0.00000e+00,    7.09654e+03,    0.00000e+00,    4.74610e+02,    0.00000e+00,    2.10590e+00,    0.00000e+00,    7.65673e+02,    0.00000e+00,    2.08686e+01,    0.00000e+00,    2.54168e+01,    0.00000e+00,    0.00000e+00,    0.00000e+00,    1.93955e+00,    0.00000e+00,   -1.01845e+00,    0.00000e+00,        1.93812,               ,              3,             -1,       Disabled
  14/04/2026 13:24:25.400,    1.39985e+02,    2.09161e+00,    0.00000e+00,    7.08663e+03,    0.00000e+00,    4.69184e+02,    0.00000e+00,    2.10653e+00,    0.00000e+00,    7.65632e+02,    0.00000e+00,    2.08982e+01,    0.00000e+00,    2.54203e+01,    0.00000e+00,    0.00000e+00,    0.00000e+00,    1.93825e+00,    0.00000e+00,   -1.01845e+00,    0.00000e+00,        1.93684,               ,              3,             -1,       Disabled
  14/04/2026 13:24:26.254,    1.40212e+02,    2.09041e+00,    0.00000e+00,    7.08276e+03,    0.00000e+00,    4.69903e+02,    0.00000e+00,    2.10532e+00,    0.00000e+00,    7.65695e+02,    0.00000e+00,    2.09022e+01,    0.00000e+00,    2.54247e+01,    0.00000e+00,    0.00000e+00,    0.00000e+00,    1.94068e+00,    0.00000e+00,   -1.01845e+00,    0.00000e+00,        1.93926,               ,              3,             -1,       Disabled
  14/04/2026 13:24:27.109,    1.40619e+02,    2.09067e+00,    0.00000e+00,    7.07620e+03,    0.00000e+00,    4.68212e+02,    0.00000e+00,    2.10557e+00,    0.00000e+00,    7.65636e+02,    0.00000e+00,    2.08782e+01,    0.00000e+00,    2.54277e+01,    0.00000e+00,    0.00000e+00,    0.00000e+00,    1.94023e+00,    0.00000e+00,   -1.01845e+00,    0.00000e+00,        1.93881,               ,              3,             -1,       Disabled
  14/04/2026 13:24:27.964,    1.40146e+02,    2.08925e+00,    0.00000e+00,    7.09875e+03,    0.00000e+00,    4.65915e+02,    0.00000e+00,    2.10419e+00,    0.00000e+00,    7.65640e+02,    0.00000e+00,    2.09092e+01,    0.00000e+00,    2.54289e+01,    0.00000e+00,    0.00000e+00,    0.00000e+00,    1.94061e+00,    0.00000e+00,   -1.01845e+00,    0.00000e+00,         1.9392,               ,              3,             -1,       Disabled
  14/04/2026 13:24:28.819,    1.39564e+02,    2.08883e+00,    0.00000e+00,    7.06410e+03,    0.00000e+00,    4.71161e+02,    0.00000e+00,    2.10369e+00,    0.00000e+00,    7.65633e+02,    0.00000e+00,    2.09148e+01,    0.00000e+00,    2.54317e+01,    0.00000e+00,    0.00000e+00,    0.00000e+00,    1.94132e+00,    0.00000e+00,   -1.01845e+00,    0.00000e+00,         1.9399,               ,              3,             -1,       Disabled
  14/04/2026 13:24:29.672,    1.40262e+02,    2.08997e+00,    0.00000e+00,    6.94714e+03,    0.00000e+00,    4.71125e+02,    0.00000e+00,    2.10459e+00,    0.00000e+00,    7.65671e+02,    0.00000e+00,    2.08891e+01,    0.00000e+00,    2.54339e+01,    0.00000e+00,    0.00000e+00,    0.00000e+00,    1.94205e+00,    0.00000e+00,   -1.01845e+00,    0.00000e+00,        1.94063,               ,              3,             -1,       Disabled
  14/04/2026 13:24:30.526,    1.39887e+02,    2.08721e+00,    0.00000e+00,    6.93106e+03,    0.00000e+00,    4.65647e+02,    0.00000e+00,    2.10177e+00,    0.00000e+00,    7.65650e+02,    0.00000e+00,    2.09178e+01,    0.00000e+00,    2.54338e+01,    0.00000e+00,    0.00000e+00,    0.00000e+00,    1.94346e+00,    0.00000e+00,   -1.01845e+00,    0.00000e+00,        1.94205,               ,              3,             -1,       Disabled
  14/04/2026 13:24:31.380,    1.40624e+02,    2.08488e+00,    0.00000e+00,    6.89453e+03,    0.00000e+00,    4.62213e+02,    0.00000e+00,    2.09935e+00,    0.00000e+00,    7.65673e+02,    0.00000e+00,    2.09239e+01,    0.00000e+00,    2.54346e+01,    0.00000e+00,    0.00000e+00,    0.00000e+00,    1.94467e+00,    0.00000e+00,   -1.01845e+00,    0.00000e+00,        1.94326,               ,              3,             -1,       Disabled
  14/04/2026 13:24:32.235,    1.39621e+02,    2.08663e+00,    0.00000e+00,    6.77489e+03,    0.00000e+00,    4.62263e+02,    0.00000e+00,    2.10086e+00,    0.00000e+00,    7.65656e+02,    0.00000e+00,    2.08989e+01,    0.00000e+00,    2.54384e+01,    0.00000e+00,    0.00000e+00,    0.00000e+00,    1.94353e+00,    0.00000e+00,   -1.01845e+00,    0.00000e+00,        1.94212,               ,              3,             -1,       Disabled
  14/04/2026 13:24:33.090,    1.40193e+02,    2.08394e+00,    0.00000e+00,    6.81624e+03,    0.00000e+00,    4.59088e+02,    0.00000e+00,    2.09824e+00,    0.00000e+00,    7.65643e+02,    0.00000e+00,    2.09272e+01,    0.00000e+00,    2.54415e+01,    0.00000e+00,    0.00000e+00,    0.00000e+00,    1.94562e+00,    0.00000e+00,   -1.01845e+00,    0.00000e+00,        1.94421,               ,              3,             -1,       Disabled
  14/04/2026 13:24:33.943,    1.39585e+02,    2.08567e+00,    0.00000e+00,    6.75009e+03,    0.00000e+00,    4.61107e+02,    0.00000e+00,    2.09984e+00,    0.00000e+00,    7.65579e+02,    0.00000e+00,    2.09307e+01,    0.00000e+00,    2.54438e+01,    0.00000e+00,    0.00000e+00,    0.00000e+00,    1.94613e+00,    0.00000e+00,   -1.01845e+00,    0.00000e+00,        1.94472,               ,              3,             -1,       Disabled
  14/04/2026 13:24:34.798,    1.39712e+02,    2.08577e+00,    0.00000e+00,    6.71636e+03,    0.00000e+00,    4.60423e+02,    0.00000e+00,    2.09987e+00,    0.00000e+00,    7.65641e+02,    0.00000e+00,    2.09054e+01,    0.00000e+00,    2.54475e+01,    0.00000e+00,    0.00000e+00,    0.00000e+00,    1.94655e+00,    0.00000e+00,   -1.01845e+00,    0.00000e+00,        1.94514,               ,              3,             -1,       Disabled
  14/04/2026 13:24:35.652,    1.40605e+02,    2.08391e+00,    0.00000e+00,    6.81420e+03,    0.00000e+00,    4.60845e+02,    0.00000e+00,    2.09820e+00,    0.00000e+00,    7.65652e+02,    0.00000e+00,    2.09366e+01,    0.00000e+00,    2.54513e+01,    0.00000e+00,    0.00000e+00,    0.00000e+00,    1.94829e+00,    0.00000e+00,   -1.01845e+00,    0.00000e+00,        1.94688,               ,              3,             -1,       Disabled
  14/04/2026 13:24:36.508,    1.39427e+02,    2.08420e+00,    0.00000e+00,    6.73049e+03,    0.00000e+00,    4.60025e+02,    0.00000e+00,    2.09832e+00,    0.00000e+00,    7.65650e+02,    0.00000e+00,    2.09402e+01,    0.00000e+00,    2.54534e+01,    0.00000e+00,    0.00000e+00,    0.00000e+00,    1.94731e+00,    0.00000e+00,   -1.01845e+00,    0.00000e+00,         1.9459,               ,              3,             -1,       Disabled
  14/04/2026 13:24:37.362,    1.39500e+02,    2.08481e+00,    0.00000e+00,    6.75971e+03,    0.00000e+00,    4.61664e+02,    0.00000e+00,    2.09900e+00,    0.00000e+00,    7.65668e+02,    0.00000e+00,    2.09943e+01,    0.00000e+00,    2.54536e+01,    0.00000e+00,    0.00000e+00,    0.00000e+00,    1.94902e+00,    0.00000e+00,   -1.01845e+00,    0.00000e+00,        1.94761,               ,              3,             -1,       Disabled
  14/04/2026 13:24:38.223,    1.39569e+02,    2.08705e+00,    0.00000e+00,    6.83316e+03,    0.00000e+00,    4.61937e+02,    0.00000e+00,    2.10140e+00,    0.00000e+00,    7.65628e+02,    0.00000e+00,    2.09456e+01,    0.00000e+00,    2.54562e+01,    0.00000e+00,    0.00000e+00,    0.00000e+00,    1.94670e+00,    0.00000e+00,   -1.01845e+00,    0.00000e+00,        1.94529,               ,              3,             -1,       Disabled
  14/04/2026 13:24:39.076,    1.39614e+02,    2.08718e+00,    0.00000e+00,    6.79759e+03,    0.00000e+00,    4.64963e+02,    0.00000e+00,    2.10147e+00,    0.00000e+00,    7.65694e+02,    0.00000e+00,    2.09485e+01,    0.00000e+00,    2.54592e+01,    0.00000e+00,    0.00000e+00,    0.00000e+00,    1.94855e+00,    0.00000e+00,   -1.01845e+00,    0.00000e+00,        1.94713,               ,              3,             -1,       Disabled
  14/04/2026 13:24:39.930,    1.39613e+02,    2.08811e+00,    0.00000e+00,    6.84243e+03,    0.00000e+00,    4.62282e+02,    0.00000e+00,    2.10250e+00,    0.00000e+00,    7.65643e+02,    0.00000e+00,    2.09275e+01,    0.00000e+00,    2.54622e+01,    0.00000e+00,    0.00000e+00,    0.00000e+00,    1.94702e+00,    0.00000e+00,   -1.01845e+00,    0.00000e+00,         1.9456,               ,              3,             -1,       Disabled
  14/04/2026 13:24:40.785,    1.40305e+02,    2.09119e+00,    0.00000e+00,    6.86990e+03,    0.00000e+00,    4.66142e+02,    0.00000e+00,    2.10566e+00,    0.00000e+00,    7.65671e+02,    0.00000e+00,    2.09599e+01,    0.00000e+00,    2.54668e+01,    0.00000e+00,    0.00000e+00,    0.00000e+00,    1.94729e+00,    0.00000e+00,   -1.01845e+00,    0.00000e+00,        1.94587,               ,              3,             -1,       Disabled
  14/04/2026 13:24:41.639,    1.40689e+02,    2.08928e+00,    0.00000e+00,    6.94215e+03,    0.00000e+00,    4.64414e+02,    0.00000e+00,    2.10388e+00,    0.00000e+00,    7.65671e+02,    0.00000e+00,    2.09616e+01,    0.00000e+00,    2.54683e+01,    0.00000e+00,    0.00000e+00,    0.00000e+00,    1.94684e+00,    0.00000e+00,   -1.01845e+00,    0.00000e+00,        1.94542,               ,              3,             -1,       Disabled
  14/04/2026 13:24:42.494,    1.40225e+02,    2.09215e+00,    0.00000e+00,    6.93091e+03,    0.00000e+00,    4.66530e+02,    0.00000e+00,    2.10675e+00,    0.00000e+00,    7.65657e+02,    0.00000e+00,    2.09334e+01,    0.00000e+00,    2.54721e+01,    0.00000e+00,    0.00000e+00,    0.00000e+00,    1.94683e+00,    0.00000e+00,   -1.01845e+00,    0.00000e+00,         1.9454,               ,              3,             -1,       Disabled
  14/04/2026 13:24:43.348,    1.39357e+02,    2.09153e+00,    0.00000e+00,    6.99013e+03,    0.00000e+00,    4.66978e+02,    0.00000e+00,    2.10625e+00,    0.00000e+00,    7.65650e+02,    0.00000e+00,    2.09643e+01,    0.00000e+00,    2.54760e+01,    0.00000e+00,    0.00000e+00,    0.00000e+00,    1.94653e+00,    0.00000e+00,   -1.01845e+00,    0.00000e+00,        1.94511,               ,              3,             -1,       Disabled
  14/04/2026 13:24:44.202,    1.39140e+02,    2.09343e+00,    0.00000e+00,    7.02028e+03,    0.00000e+00,    4.68119e+02,    0.00000e+00,    2.10823e+00,    0.00000e+00,    7.65632e+02,    0.00000e+00,    2.09830e+01,    0.00000e+00,    2.54790e+01,    0.00000e+00,    0.00000e+00,    0.00000e+00,    1.94693e+00,    0.00000e+00,   -1.01845e+00,    0.00000e+00,        1.94551,               ,              3,             -1,       Disabled
  14/04/2026 13:24:45.057,    1.39574e+02,    2.09031e+00,    0.00000e+00,    7.09851e+03,    0.00000e+00,    4.71534e+02,    0.00000e+00,    2.10526e+00,    0.00000e+00,    7.65674e+02,    0.00000e+00,    2.09454e+01,    0.00000e+00,    2.54878e+01,    0.00000e+00,    0.00000e+00,    0.00000e+00,    1.94637e+00,    0.00000e+00,   -1.01845e+00,    0.00000e+00,        1.94494,               ,              3,             -1,       Disabled
  14/04/2026 13:24:45.913,    1.39333e+02,    2.09381e+00,    0.00000e+00,    7.12761e+03,    0.00000e+00,    4.71156e+02,    0.00000e+00,    2.10884e+00,    0.00000e+00,    7.65671e+02,    0.00000e+00,    2.09774e+01,    0.00000e+00,    2.54913e+01,    0.00000e+00,    0.00000e+00,    0.00000e+00,    1.94658e+00,    0.00000e+00,   -1.01845e+00,    0.00000e+00,        1.94515,               ,              3,             -1,       Disabled
  14/04/2026 13:24:46.766,    1.40105e+02,    2.09255e+00,    0.00000e+00,    7.09351e+03,    0.00000e+00,    4.70276e+02,    0.00000e+00,    2.10750e+00,    0.00000e+00,    7.65658e+02,    0.00000e+00,    2.10013e+01,    0.00000e+00,    2.54920e+01,    0.00000e+00,    0.00000e+00,    0.00000e+00,    1.94660e+00,    0.00000e+00,   -1.01845e+00,    0.00000e+00,        1.94518,               ,              3,             -1,       Disabled
  14/04/2026 13:24:47.620,    1.40556e+02,    2.08894e+00,    0.00000e+00,    7.12783e+03,    0.00000e+00,    4.72642e+02,    0.00000e+00,    2.10394e+00,    0.00000e+00,    7.65678e+02,    0.00000e+00,    2.09551e+01,    0.00000e+00,    2.54966e+01,    0.00000e+00,    0.00000e+00,    0.00000e+00,    1.94600e+00,    0.00000e+00,   -1.01845e+00,    0.00000e+00,        1.94457,               ,              3,             -1,       Disabled
  14/04/2026 13:24:48.474,    1.39486e+02,    2.09252e+00,    0.00000e+00,    7.07020e+03,    0.00000e+00,    4.68669e+02,    0.00000e+00,    2.10742e+00,    0.00000e+00,    7.65644e+02,    0.00000e+00,    2.09834e+01,    0.00000e+00,    2.54963e+01,    0.00000e+00,    0.00000e+00,    0.00000e+00,    1.94593e+00,    0.00000e+00,   -1.01845e+00,    0.00000e+00,        1.94451,               ,              3,             -1,       Disabled
  14/04/2026 13:24:49.328,    1.39323e+02,    2.09054e+00,    0.00000e+00,    7.01240e+03,    0.00000e+00,    4.69036e+02,    0.00000e+00,    2.10530e+00,    0.00000e+00,    7.65708e+02,    0.00000e+00,    2.09855e+01,    0.00000e+00,    2.54980e+01,    0.00000e+00,    0.00000e+00,    0.00000e+00,    1.94670e+00,    0.00000e+00,   -1.01845e+00,    0.00000e+00,        1.94528,               ,              3,             -1,       Disabled
  14/04/2026 13:24:50.184,    1.40913e+02,    2.08757e+00,    0.00000e+00,    7.10037e+03,    0.00000e+00,    4.65174e+02,    0.00000e+00,    2.10250e+00,    0.00000e+00,    7.65648e+02,    0.00000e+00,    2.09636e+01,    0.00000e+00,    2.55033e+01,    0.00000e+00,    0.00000e+00,    0.00000e+00,    1.94825e+00,    0.00000e+00,   -1.01845e+00,    0.00000e+00,        1.94683,               ,              3,             -1,       Disabled
  14/04/2026 13:24:51.038,    1.39141e+02,    2.08993e+00,    0.00000e+00,    7.04348e+03,    0.00000e+00,    4.74268e+02,    0.00000e+00,    2.10475e+00,    0.00000e+00,    7.65683e+02,    0.00000e+00,    2.09918e+01,    0.00000e+00,    2.55073e+01,    0.00000e+00,    0.00000e+00,    0.00000e+00,    1.94317e+00,    0.00000e+00,   -1.01845e+00,    0.00000e+00,        1.94174,               ,              3,             -1,       Disabled
  14/04/2026 13:24:51.891,    1.40458e+02,    2.08907e+00,    0.00000e+00,    6.93328e+03,    0.00000e+00,    4.67349e+02,    0.00000e+00,    2.10365e+00,    0.00000e+00,    7.65678e+02,    0.00000e+00,    2.09969e+01,    0.00000e+00,    2.55077e+01,    0.00000e+00,    0.00000e+00,    0.00000e+00,    1.94654e+00,    0.00000e+00,   -1.01845e+00,    0.00000e+00,        1.94512,               ,              3,             -1,       Disabled
  14/04/2026 13:24:52.746,    1.39483e+02,    2.08703e+00,    0.00000e+00,    6.92209e+03,    0.00000e+00,    4.70147e+02,    0.00000e+00,    2.10158e+00,    0.00000e+00,    7.65663e+02,    0.00000e+00,    2.09696e+01,    0.00000e+00,    2.55126e+01,    0.00000e+00,    0.00000e+00,    0.00000e+00,    1.94752e+00,    0.00000e+00,   -1.01845e+00,    0.00000e+00,        1.94609,               ,              3,             -1,       Disabled
  14/04/2026 13:24:53.600,    1.40217e+02,    2.08413e+00,    0.00000e+00,    6.89158e+03,    0.00000e+00,    4.67741e+02,    0.00000e+00,    2.09860e+00,    0.00000e+00,    7.65695e+02,    0.00000e+00,    2.10053e+01,    0.00000e+00,    2.55171e+01,    0.00000e+00,    0.00000e+00,    0.00000e+00,    1.94721e+00,    0.00000e+00,   -1.01845e+00,    0.00000e+00,        1.94579,               ,              3,             -1,       Disabled
  14/04/2026 13:24:54.456,    1.40520e+02,    2.08518e+00,    0.00000e+00,    6.97299e+03,    0.00000e+00,    4.71337e+02,    0.00000e+00,    2.09982e+00,    0.00000e+00,    7.65701e+02,    0.00000e+00,    2.10068e+01,    0.00000e+00,    2.55224e+01,    0.00000e+00,    0.00000e+00,    0.00000e+00,    1.94684e+00,    0.00000e+00,   -1.01845e+00,    0.00000e+00,        1.94541,               ,              3,             -1,       Disabled
  14/04/2026 13:24:55.309,    1.39477e+02,    2.08655e+00,    0.00000e+00,    6.87673e+03,    0.00000e+00,    4.69844e+02,    0.00000e+00,    2.10100e+00,    0.00000e+00,    7.65673e+02,    0.00000e+00,    2.09789e+01,    0.00000e+00,    2.55278e+01,    0.00000e+00,    0.00000e+00,    0.00000e+00,    1.94709e+00,    0.00000e+00,   -1.01845e+00,    0.00000e+00,        1.94567,               ,              3,             -1,       Disabled
  14/04/2026 13:24:56.163,    1.40520e+02,    2.08514e+00,    0.00000e+00,    6.89278e+03,    0.00000e+00,    4.69905e+02,    0.00000e+00,    2.09961e+00,    0.00000e+00,    7.65709e+02,    0.00000e+00,    2.10086e+01,    0.00000e+00,    2.55336e+01,    0.00000e+00,    0.00000e+00,    0.00000e+00,    1.94615e+00,    0.00000e+00,   -1.01845e+00,    0.00000e+00,        1.94472,               ,              3,             -1,       Disabled
  14/04/2026 13:24:57.017,    1.40017e+02,    2.08370e+00,    0.00000e+00,    6.80066e+03,    0.00000e+00,    4.65891e+02,    0.00000e+00,    2.09797e+00,    0.00000e+00,    7.65634e+02,    0.00000e+00,    2.10415e+01,    0.00000e+00,    2.55372e+01,    0.00000e+00,    0.00000e+00,    0.00000e+00,    1.94645e+00,    0.00000e+00,   -1.01845e+00,    0.00000e+00,        1.94503,               ,              3,             -1,       Disabled
  14/04/2026 13:24:57.872,    1.39588e+02,    2.08379e+00,    0.00000e+00,    6.92136e+03,    0.00000e+00,    4.62934e+02,    0.00000e+00,    2.09831e+00,    0.00000e+00,    7.65670e+02,    0.00000e+00,    2.09871e+01,    0.00000e+00,    2.55421e+01,    0.00000e+00,    0.00000e+00,    0.00000e+00,    1.94715e+00,    0.00000e+00,   -1.01845e+00,    0.00000e+00,        1.94573,               ,              3,             -1,       Disabled
  14/04/2026 13:24:58.728,    1.39659e+02,    2.08380e+00,    0.00000e+00,    6.84877e+03,    0.00000e+00,    4.65953e+02,    0.00000e+00,    2.09817e+00,    0.00000e+00,    7.65706e+02,    0.00000e+00,    2.10040e+01,    0.00000e+00,    2.55469e+01,    0.00000e+00,    0.00000e+00,    0.00000e+00,    1.94794e+00,    0.00000e+00,   -1.01845e+00,    0.00000e+00,        1.94652,               ,              3,             -1,       Disabled
  14/04/2026 13:24:59.581,    1.41054e+02,    2.08443e+00,    0.00000e+00,    6.84638e+03,    0.00000e+00,    4.63525e+02,    0.00000e+00,    2.09879e+00,    0.00000e+00,    7.65631e+02,    0.00000e+00,    2.10345e+01,    0.00000e+00,    2.55504e+01,    0.00000e+00,    0.00000e+00,    0.00000e+00,    1.94897e+00,    0.00000e+00,   -1.01845e+00,    0.00000e+00,        1.94756,               ,              3,             -1,       Disabled
  14/04/2026 13:25:00.435,    1.39738e+02,    2.08429e+00,    0.00000e+00,    6.89461e+03,    0.00000e+00,    4.61803e+02,    0.00000e+00,    2.09876e+00,    0.00000e+00,    7.65648e+02,    0.00000e+00,    2.09969e+01,    0.00000e+00,    2.55555e+01,    0.00000e+00,    0.00000e+00,    0.00000e+00,    1.94920e+00,    0.00000e+00,   -1.01845e+00,    0.00000e+00,        1.94779,               ,              3,             -1,       Disabled
  14/04/2026 13:25:01.289,    1.40252e+02,    2.08450e+00,    0.00000e+00,    6.93436e+03,    0.00000e+00,    4.63851e+02,    0.00000e+00,    2.09905e+00,    0.00000e+00,    7.65694e+02,    0.00000e+00,    2.10271e+01,    0.00000e+00,    2.55589e+01,    0.00000e+00,    0.00000e+00,    0.00000e+00,    1.95088e+00,    0.00000e+00,   -1.01845e+00,    0.00000e+00,        1.94946,               ,              3,             -1,       Disabled
  14/04/2026 13:25:02.144,    1.39413e+02,    2.08647e+00,    0.00000e+00,    6.92707e+03,    0.00000e+00,    4.62385e+02,    0.00000e+00,    2.10102e+00,    0.00000e+00,    7.65600e+02,    0.00000e+00,    2.10323e+01,    0.00000e+00,    2.55630e+01,    0.00000e+00,    0.00000e+00,    0.00000e+00,    1.95006e+00,    0.00000e+00,   -1.01845e+00,    0.00000e+00,        1.94864,               ,              3,             -1,       Disabled
  14/04/2026 13:25:02.999,    1.38465e+02,    2.08444e+00,    0.00000e+00,    6.98238e+03,    0.00000e+00,    4.59673e+02,    0.00000e+00,    2.09909e+00,    0.00000e+00,    7.65672e+02,    0.00000e+00,    2.10292e+01,    0.00000e+00,    2.55692e+01,    0.00000e+00,    0.00000e+00,    0.00000e+00,    1.95261e+00,    0.00000e+00,   -1.01845e+00,    0.00000e+00,        1.95119,               ,              3,             -1,       Disabled
  14/04/2026 13:25:03.853,    1.39312e+02,    2.08122e+00,    0.00000e+00,    6.85544e+03,    0.00000e+00,    4.56587e+02,    0.00000e+00,    2.09559e+00,    0.00000e+00,    7.65706e+02,    0.00000e+00,    2.10358e+01,    0.00000e+00,    2.55724e+01,    0.00000e+00,    0.00000e+00,    0.00000e+00,    1.95488e+00,    0.00000e+00,   -1.01845e+00,    0.00000e+00,        1.95346,               ,              3,             -1,       Disabled
  14/04/2026 13:25:04.706,    1.39300e+02,    2.08078e+00,    0.00000e+00,    6.99099e+03,    0.00000e+00,    4.58523e+02,    0.00000e+00,    2.09542e+00,    0.00000e+00,    7.65618e+02,    0.00000e+00,    2.10533e+01,    0.00000e+00,    2.55768e+01,    0.00000e+00,    0.00000e+00,    0.00000e+00,    1.95433e+00,    0.00000e+00,   -1.01845e+00,    0.00000e+00,        1.95291,               ,              3,             -1,       Disabled
  14/04/2026 13:25:05.561,    1.39610e+02,    2.08014e+00,    0.00000e+00,    6.90900e+03,    0.00000e+00,    4.59084e+02,    0.00000e+00,    2.09461e+00,    0.00000e+00,    7.65699e+02,    0.00000e+00,    2.10161e+01,    0.00000e+00,    2.55791e+01,    0.00000e+00,    0.00000e+00,    0.00000e+00,    1.95408e+00,    0.00000e+00,   -1.01845e+00,    0.00000e+00,        1.95266,               ,              3,             -1,       Disabled
  14/04/2026 13:25:06.415,    1.40182e+02,    2.07791e+00,    0.00000e+00,    6.75778e+03,    0.00000e+00,    4.53128e+02,    0.00000e+00,    2.09204e+00,    0.00000e+00,    7.65698e+02,    0.00000e+00,    2.10172e+01,    0.00000e+00,    2.55827e+01,    0.00000e+00,    0.00000e+00,    0.00000e+00,    1.95487e+00,    0.00000e+00,   -1.01845e+00,    0.00000e+00,        1.95347,               ,              3,             -1,       Disabled
  14/04/2026 13:25:07.271,    1.39152e+02,    2.07718e+00,    0.00000e+00,    6.63401e+03,    0.00000e+00,    4.52308e+02,    0.00000e+00,    2.09106e+00,    0.00000e+00,    7.65725e+02,    0.00000e+00,    2.10491e+01,    0.00000e+00,    2.55867e+01,    0.00000e+00,    0.00000e+00,    0.00000e+00,    1.95340e+00,    0.00000e+00,   -1.01845e+00,    0.00000e+00,          1.952,               ,              3,             -1,       Disabled
  14/04/2026 13:25:08.132,    1.38978e+02,    2.07830e+00,    0.00000e+00,    6.56548e+03,    0.00000e+00,    4.52796e+02,    0.00000e+00,    2.09204e+00,    0.00000e+00,    7.65729e+02,    0.00000e+00,    2.10229e+01,    0.00000e+00,    2.55882e+01,    0.00000e+00,    0.00000e+00,    0.00000e+00,    1.95237e+00,    0.00000e+00,   -1.01845e+00,    0.00000e+00,        1.95097,               ,              3,             -1,       Disabled
  14/04/2026 13:25:08.985,    1.40084e+02,    2.07883e+00,    0.00000e+00,    6.59047e+03,    0.00000e+00,    4.55317e+02,    0.00000e+00,    2.09263e+00,    0.00000e+00,    7.65693e+02,    0.00000e+00,    2.10506e+01,    0.00000e+00,    2.55926e+01,    0.00000e+00,    0.00000e+00,    0.00000e+00,    1.95303e+00,    0.00000e+00,   -1.01845e+00,    0.00000e+00,        1.95162,               ,              3,             -1,       Disabled
  14/04/2026 13:25:09.839,    1.39280e+02,    2.07963e+00,    0.00000e+00,    6.62382e+03,    0.00000e+00,    4.56783e+02,    0.00000e+00,    2.09349e+00,    0.00000e+00,    7.65725e+02,    0.00000e+00,    2.10533e+01,    0.00000e+00,    2.56002e+01,    0.00000e+00,    0.00000e+00,    0.00000e+00,    1.95233e+00,    0.00000e+00,   -1.01845e+00,    0.00000e+00,        1.95092,               ,              3,             -1,       Disabled
  14/04/2026 13:25:10.694,    1.39906e+02,    2.08115e+00,    0.00000e+00,    6.52491e+03,    0.00000e+00,    4.58133e+02,    0.00000e+00,    2.09481e+00,    0.00000e+00,    7.65675e+02,    0.00000e+00,    2.10350e+01,    0.00000e+00,    2.56025e+01,    0.00000e+00,    0.00000e+00,    0.00000e+00,    1.95090e+00,    0.00000e+00,   -1.01845e+00,    0.00000e+00,        1.94949,               ,              3,             -1,       Disabled
  14/04/2026 13:25:11.549,    1.40212e+02,    2.08140e+00,    0.00000e+00,    6.50839e+03,    0.00000e+00,    4.57396e+02,    0.00000e+00,    2.09503e+00,    0.00000e+00,    7.65702e+02,    0.00000e+00,    2.10340e+01,    0.00000e+00,    2.56065e+01,    0.00000e+00,    0.00000e+00,    0.00000e+00,    1.95187e+00,    0.00000e+00,   -1.01845e+00,    0.00000e+00,        1.95046,               ,              3,             -1,       Disabled
  14/04/2026 13:25:12.403,    1.40832e+02,    2.08254e+00,    0.00000e+00,    6.45795e+03,    0.00000e+00,    4.56584e+02,    0.00000e+00,    2.09608e+00,    0.00000e+00,    7.65713e+02,    0.00000e+00,    2.10615e+01,    0.00000e+00,    2.56088e+01,    0.00000e+00,    0.00000e+00,    0.00000e+00,    1.95129e+00,    0.00000e+00,   -1.01845e+00,    0.00000e+00,        1.94989,               ,              3,             -1,       Disabled
  14/04/2026 13:25:13.257,    1.40088e+02,    2.08582e+00,    0.00000e+00,    6.55366e+03,    0.00000e+00,    4.58532e+02,    0.00000e+00,    2.09958e+00,    0.00000e+00,    7.65682e+02,    0.00000e+00,    2.10394e+01,    0.00000e+00,    2.56091e+01,    0.00000e+00,    0.00000e+00,    0.00000e+00,    1.95015e+00,    0.00000e+00,   -1.01845e+00,    0.00000e+00,        1.94874,               ,              3,             -1,       Disabled
  14/04/2026 13:25:14.111,    1.40195e+02,    2.08202e+00,    0.00000e+00,    6.48213e+03,    0.00000e+00,    4.56620e+02,    0.00000e+00,    2.09560e+00,    0.00000e+00,    7.65717e+02,    0.00000e+00,    2.10430e+01,    0.00000e+00,    2.56132e+01,    0.00000e+00,    0.00000e+00,    0.00000e+00,    1.95044e+00,    0.00000e+00,   -1.01845e+00,    0.00000e+00,        1.94903,               ,              3,             -1,       Disabled
  14/04/2026 13:25:14.965,    1.40032e+02,    2.08444e+00,    0.00000e+00,    6.43663e+03,    0.00000e+00,    4.59276e+02,    0.00000e+00,    2.09794e+00,    0.00000e+00,    7.65718e+02,    0.00000e+00,    2.10726e+01,    0.00000e+00,    2.56153e+01,    0.00000e+00,    0.00000e+00,    0.00000e+00,    1.94886e+00,    0.00000e+00,   -1.01845e+00,    0.00000e+00,        1.94745,               ,              3,             -1,       Disabled
  14/04/2026 13:25:15.820,    1.39463e+02,    2.08310e+00,    0.00000e+00,    6.41414e+03,    0.00000e+00,    4.65717e+02,    0.00000e+00,    2.09655e+00,    0.00000e+00,    7.65721e+02,    0.00000e+00,    2.10485e+01,    0.00000e+00,    2.56177e+01,    0.00000e+00,    0.00000e+00,    0.00000e+00,    1.94855e+00,    0.00000e+00,   -1.01845e+00,    0.00000e+00,        1.94714,               ,              3,             -1,       Disabled
  14/04/2026 13:25:16.675,    1.39942e+02,    2.08457e+00,    0.00000e+00,    6.48640e+03,    0.00000e+00,    4.73407e+02,    0.00000e+00,    2.09818e+00,    0.00000e+00,    7.65718e+02,    0.00000e+00,    2.10938e+01,    0.00000e+00,    2.56196e+01,    0.00000e+00,    0.00000e+00,    0.00000e+00,    1.94754e+00,    0.00000e+00,   -1.01845e+00,    0.00000e+00,        1.94611,               ,              3,             -1,       Disabled
  14/04/2026 13:25:17.528,    1.39460e+02,    2.08309e+00,    0.00000e+00,    6.43766e+03,    0.00000e+00,    4.73068e+02,    0.00000e+00,    2.09658e+00,    0.00000e+00,    7.65723e+02,    0.00000e+00,    2.10747e+01,    0.00000e+00,    2.56207e+01,    0.00000e+00,    0.00000e+00,    0.00000e+00,    1.94836e+00,    0.00000e+00,   -1.01845e+00,    0.00000e+00,        1.94694,               ,              3,             -1,       Disabled
  14/04/2026 13:25:18.383,    1.40196e+02,    2.08555e+00,    0.00000e+00,    6.45599e+03,    0.00000e+00,    4.67375e+02,    0.00000e+00,    2.09911e+00,    0.00000e+00,    7.65751e+02,    0.00000e+00,    2.10698e+01,    0.00000e+00,    2.56240e+01,    0.00000e+00,    0.00000e+00,    0.00000e+00,    1.94637e+00,    0.00000e+00,   -1.01845e+00,    0.00000e+00,        1.94495,               ,              3,             -1,       Disabled
  14/04/2026 13:25:19.237,    1.39816e+02,    2.08362e+00,    0.00000e+00,    6.51651e+03,    0.00000e+00,    4.68611e+02,    0.00000e+00,    2.09729e+00,    0.00000e+00,    7.65728e+02,    0.00000e+00,    2.10566e+01,    0.00000e+00,    2.56268e+01,    0.00000e+00,    0.00000e+00,    0.00000e+00,    1.94695e+00,    0.00000e+00,   -1.01845e+00,    0.00000e+00,        1.94553,               ,              3,             -1,       Disabled
  14/04/2026 13:25:20.091,    1.39470e+02,    2.08406e+00,    0.00000e+00,    6.51512e+03,    0.00000e+00,    4.65904e+02,    0.00000e+00,    2.09773e+00,    0.00000e+00,    7.65710e+02,    0.00000e+00,    2.10794e+01,    0.00000e+00,    2.56298e+01,    0.00000e+00,    0.00000e+00,    0.00000e+00,    1.94635e+00,    0.00000e+00,   -1.01845e+00,    0.00000e+00,        1.94494,               ,              3,             -1,       Disabled
  14/04/2026 13:25:20.947,    1.39767e+02,    2.08198e+00,    0.00000e+00,    6.53629e+03,    0.00000e+00,    4.64736e+02,    0.00000e+00,    2.09568e+00,    0.00000e+00,    7.65770e+02,    0.00000e+00,    2.10612e+01,    0.00000e+00,    2.56334e+01,    0.00000e+00,    0.00000e+00,    0.00000e+00,    1.94648e+00,    0.00000e+00,   -1.01845e+00,    0.00000e+00,        1.94507,               ,              3,             -1,       Disabled
  14/04/2026 13:25:21.800,    1.40878e+02,    2.08316e+00,    0.00000e+00,    6.47914e+03,    0.00000e+00,    4.63778e+02,    0.00000e+00,    2.09674e+00,    0.00000e+00,    7.65721e+02,    0.00000e+00,    2.10628e+01,    0.00000e+00,    2.56380e+01,    0.00000e+00,    0.00000e+00,    0.00000e+00,    1.94554e+00,    0.00000e+00,   -1.01845e+00,    0.00000e+00,        1.94413,               ,              3,             -1,       Disabled
  14/04/2026 13:25:22.654,    1.40374e+02,    2.07969e+00,    0.00000e+00,    6.53944e+03,    0.00000e+00,    4.68315e+02,    0.00000e+00,    2.09338e+00,    0.00000e+00,    7.65722e+02,    0.00000e+00,    2.10801e+01,    0.00000e+00,    2.56397e+01,    0.00000e+00,    0.00000e+00,    0.00000e+00,    1.94605e+00,    0.00000e+00,   -1.01845e+00,    0.00000e+00,        1.94463,               ,              3,             -1,       Disabled
  14/04/2026 13:25:23.509,    1.40238e+02,    2.08325e+00,    0.00000e+00,    6.52007e+03,    0.00000e+00,    4.64456e+02,    0.00000e+00,    2.09692e+00,    0.00000e+00,    7.65761e+02,    0.00000e+00,    2.10668e+01,    0.00000e+00,    2.56433e+01,    0.00000e+00,    0.00000e+00,    0.00000e+00,    1.94605e+00,    0.00000e+00,   -1.01845e+00,    0.00000e+00,        1.94464,               ,              3,             -1,       Disabled
  14/04/2026 13:25:24.364,    1.39113e+02,    2.08202e+00,    0.00000e+00,    6.58475e+03,    0.00000e+00,    4.67888e+02,    0.00000e+00,    2.09582e+00,    0.00000e+00,    7.65743e+02,    0.00000e+00,    2.10686e+01,    0.00000e+00,    2.56470e+01,    0.00000e+00,    0.00000e+00,    0.00000e+00,    1.94585e+00,    0.00000e+00,   -1.01845e+00,    0.00000e+00,        1.94444,               ,              3,             -1,       Disabled
  14/04/2026 13:25:25.219,    1.39645e+02,    2.08304e+00,    0.00000e+00,    6.58749e+03,    0.00000e+00,    4.71511e+02,    0.00000e+00,    2.09686e+00,    0.00000e+00,    7.65704e+02,    0.00000e+00,    2.10796e+01,    0.00000e+00,    2.56507e+01,    0.00000e+00,    0.00000e+00,    0.00000e+00,    1.94682e+00,    0.00000e+00,   -1.01845e+00,    0.00000e+00,         1.9454,               ,              3,             -1,       Disabled
  14/04/2026 13:25:26.072,    1.39966e+02,    2.08151e+00,    0.00000e+00,    6.55800e+03,    0.00000e+00,    4.69768e+02,    0.00000e+00,    2.09526e+00,    0.00000e+00,    7.65735e+02,    0.00000e+00,    2.10728e+01,    0.00000e+00,    2.56532e+01,    0.00000e+00,    0.00000e+00,    0.00000e+00,    1.94592e+00,    0.00000e+00,   -1.01845e+00,    0.00000e+00,         1.9445,               ,              3,             -1,       Disabled
  14/04/2026 13:25:26.926,    1.39076e+02,    2.08276e+00,    0.00000e+00,    6.60205e+03,    0.00000e+00,    4.69886e+02,    0.00000e+00,    2.09661e+00,    0.00000e+00,    7.65658e+02,    0.00000e+00,    2.10729e+01,    0.00000e+00,    2.56526e+01,    0.00000e+00,    0.00000e+00,    0.00000e+00,    1.94671e+00,    0.00000e+00,   -1.01845e+00,    0.00000e+00,        1.94529,               ,              3,             -1,       Disabled
  14/04/2026 13:25:27.780,    1.39936e+02,    2.08213e+00,    0.00000e+00,    6.59123e+03,    0.00000e+00,    4.66658e+02,    0.00000e+00,    2.09594e+00,    0.00000e+00,    7.65697e+02,    0.00000e+00,    2.10806e+01,    0.00000e+00,    2.56575e+01,    0.00000e+00,    0.00000e+00,    0.00000e+00,    1.94675e+00,    0.00000e+00,   -1.01845e+00,    0.00000e+00,        1.94534,               ,              3,             -1,       Disabled
  14/04/2026 13:25:28.636,    1.40938e+02,    2.08150e+00,    0.00000e+00,    6.57580e+03,    0.00000e+00,    4.68466e+02,    0.00000e+00,    2.09528e+00,    0.00000e+00,    7.65761e+02,    0.00000e+00,    2.10797e+01,    0.00000e+00,    2.56601e+01,    0.00000e+00,    0.00000e+00,    0.00000e+00,    1.94820e+00,    0.00000e+00,   -1.01845e+00,    0.00000e+00,        1.94678,               ,              3,             -1,       Disabled
  14/04/2026 13:25:29.490,    1.40535e+02,    2.08083e+00,    0.00000e+00,    6.49010e+03,    0.00000e+00,    4.66809e+02,    0.00000e+00,    2.09443e+00,    0.00000e+00,    7.65675e+02,    0.00000e+00,    2.10784e+01,    0.00000e+00,    2.56645e+01,    0.00000e+00,    0.00000e+00,    0.00000e+00,    1.94857e+00,    0.00000e+00,   -1.01845e+00,    0.00000e+00,        1.94716,               ,              3,             -1,       Disabled
  14/04/2026 13:25:30.343,    1.38949e+02,    2.07963e+00,    0.00000e+00,    6.45533e+03,    0.00000e+00,    4.62722e+02,    0.00000e+00,    2.09314e+00,    0.00000e+00,    7.65700e+02,    0.00000e+00,    2.10822e+01,    0.00000e+00,    2.56655e+01,    0.00000e+00,    0.00000e+00,    0.00000e+00,    1.95001e+00,    0.00000e+00,   -1.01845e+00,    0.00000e+00,        1.94859,               ,              3,             -1,       Disabled
  14/04/2026 13:25:31.198,    1.40535e+02,    2.07943e+00,    0.00000e+00,    6.55271e+03,    0.00000e+00,    4.60377e+02,    0.00000e+00,    2.09315e+00,    0.00000e+00,    7.65733e+02,    0.00000e+00,    2.10839e+01,    0.00000e+00,    2.56710e+01,    0.00000e+00,    0.00000e+00,    0.00000e+00,    1.94875e+00,    0.00000e+00,   -1.01845e+00,    0.00000e+00,        1.94734,               ,              3,             -1,       Disabled
  14/04/2026 13:25:32.052,    1.39934e+02,    2.08195e+00,    0.00000e+00,    6.56088e+03,    0.00000e+00,    4.67705e+02,    0.00000e+00,    2.09570e+00,    0.00000e+00,    7.65659e+02,    0.00000e+00,    2.10863e+01,    0.00000e+00,    2.56751e+01,    0.00000e+00,    0.00000e+00,    0.00000e+00,    1.94775e+00,    0.00000e+00,   -1.01845e+00,    0.00000e+00,        1.94633,               ,              3,             -1,       Disabled
  14/04/2026 13:25:32.907,    1.38438e+02,    2.08169e+00,    0.00000e+00,    6.59113e+03,    0.00000e+00,    4.69749e+02,    0.00000e+00,    2.09550e+00,    0.00000e+00,    7.65734e+02,    0.00000e+00,    2.10881e+01,    0.00000e+00,    2.56804e+01,    0.00000e+00,    0.00000e+00,    0.00000e+00,    1.94838e+00,    0.00000e+00,   -1.01845e+00,    0.00000e+00,        1.94696,               ,              3,             -1,       Disabled
  14/04/2026 13:25:33.762,    1.39394e+02,    2.08346e+00,    0.00000e+00,    6.63131e+03,    0.00000e+00,    4.70151e+02,    0.00000e+00,    2.09737e+00,    0.00000e+00,    7.65659e+02,    0.00000e+00,    2.11114e+01,    0.00000e+00,    2.56837e+01,    0.00000e+00,    0.00000e+00,    0.00000e+00,    1.94630e+00,    0.00000e+00,   -1.01845e+00,    0.00000e+00,        1.94488,               ,              3,             -1,       Disabled
  14/04/2026 13:25:34.615,    1.39143e+02,    2.08237e+00,    0.00000e+00,    6.66231e+03,    0.00000e+00,    4.71951e+02,    0.00000e+00,    2.09634e+00,    0.00000e+00,    7.65684e+02,    0.00000e+00,    2.10973e+01,    0.00000e+00,    2.56855e+01,    0.00000e+00,    0.00000e+00,    0.00000e+00,    1.94531e+00,    0.00000e+00,   -1.01845e+00,    0.00000e+00,        1.94388,               ,              3,             -1,       Disabled
  14/04/2026 13:25:35.469,    1.39989e+02,    2.08466e+00,    0.00000e+00,    6.73680e+03,    0.00000e+00,    4.74676e+02,    0.00000e+00,    2.09880e+00,    0.00000e+00,    7.65707e+02,    0.00000e+00,    2.10970e+01,    0.00000e+00,    2.56906e+01,    0.00000e+00,    0.00000e+00,    0.00000e+00,    1.94491e+00,    0.00000e+00,   -1.01845e+00,    0.00000e+00,        1.94349,               ,              3,             -1,       Disabled
  14/04/2026 13:25:36.324,    1.40235e+02,    2.08332e+00,    0.00000e+00,    6.78506e+03,    0.00000e+00,    4.90629e+02,    0.00000e+00,    2.09755e+00,    0.00000e+00,    7.65712e+02,    0.00000e+00,    2.11243e+01,    0.00000e+00,    2.56904e+01,    0.00000e+00,    0.00000e+00,    0.00000e+00,    1.94456e+00,    0.00000e+00,   -1.01845e+00,    0.00000e+00,        1.94311,               ,              3,             -1,       Disabled
  14/04/2026 13:25:37.180,    1.40054e+02,    2.08233e+00,    0.00000e+00,    6.82326e+03,    0.00000e+00,    5.22494e+02,    0.00000e+00,    2.09664e+00,    0.00000e+00,    7.65708e+02,    0.00000e+00,    2.11126e+01,    0.00000e+00,    2.56928e+01,    0.00000e+00,    0.00000e+00,    0.00000e+00,    1.94515e+00,    0.00000e+00,   -1.01845e+00,    0.00000e+00,        1.94365,               ,              3,             -1,       Disabled
  14/04/2026 13:25:38.034,    1.39741e+02,    2.08117e+00,    0.00000e+00,    6.87350e+03,    0.00000e+00,    5.70891e+02,    0.00000e+00,    2.09557e+00,    0.00000e+00,    7.65714e+02,    0.00000e+00,    2.11185e+01,    0.00000e+00,    2.56967e+01,    0.00000e+00,    0.00000e+00,    0.00000e+00,    1.94504e+00,    0.00000e+00,   -1.01845e+00,    0.00000e+00,        1.94346,               ,              3,             -1,       Disabled
  14/04/2026 13:25:38.887,    1.40910e+02,    2.08208e+00,    0.00000e+00,    6.90193e+03,    0.00000e+00,    5.74754e+02,    0.00000e+00,    2.09655e+00,    0.00000e+00,    7.65738e+02,    0.00000e+00,    2.11143e+01,    0.00000e+00,    2.56992e+01,    0.00000e+00,    0.00000e+00,    0.00000e+00,    1.94581e+00,    0.00000e+00,   -1.01845e+00,    0.00000e+00,        1.94422,               ,              3,             -1,       Disabled
  14/04/2026 13:25:39.741,    1.40600e+02,    2.08246e+00,    0.00000e+00,    6.97249e+03,    0.00000e+00,    5.26416e+02,    0.00000e+00,    2.09708e+00,    0.00000e+00,    7.65699e+02,    0.00000e+00,    2.11213e+01,    0.00000e+00,    2.57035e+01,    0.00000e+00,    0.00000e+00,    0.00000e+00,    1.94612e+00,    0.00000e+00,   -1.01840e+00,    0.00000e+00,        1.94461,               ,              3,             -1,       Disabled
  14/04/2026 13:25:40.596,    1.39637e+02,    2.08181e+00,    0.00000e+00,    6.91210e+03,    0.00000e+00,    5.22624e+02,    0.00000e+00,    2.09630e+00,    0.00000e+00,    7.65715e+02,    0.00000e+00,    2.11177e+01,    0.00000e+00,    2.57063e+01,    0.00000e+00,    0.00000e+00,    0.00000e+00,    1.94603e+00,    0.00000e+00,   -1.01840e+00,    0.00000e+00,        1.94453,               ,              3,             -1,       Disabled
  14/04/2026 13:25:41.451,    1.39616e+02,    2.07728e+00,    0.00000e+00,    7.11590e+03,    0.00000e+00,    9.16503e+02,    0.00000e+00,    2.09216e+00,    0.00000e+00,    7.65763e+02,    0.00000e+00,    2.11224e+01,    0.00000e+00,    2.57092e+01,    0.00000e+00,    0.00000e+00,    0.00000e+00,    1.94494e+00,    0.00000e+00,   -1.01835e+00,    0.00000e+00,        1.94281,               ,              3,             -1,       Disabled
  14/04/2026 13:25:42.306,    1.39264e+02,    2.07533e+00,    0.00000e+00,    7.33752e+03,    0.00000e+00,    1.11684e+03,    0.00000e+00,    2.09067e+00,    0.00000e+00,    7.65701e+02,    0.00000e+00,    2.11313e+01,    0.00000e+00,    2.57128e+01,    0.00000e+00,    0.00000e+00,    0.00000e+00,    1.94469e+00,    0.00000e+00,   -1.01835e+00,    0.00000e+00,        1.94224,               ,              3,             -1,       Disabled
  14/04/2026 13:25:43.159,    1.39826e+02,    2.08147e+00,    0.00000e+00,    7.18292e+03,    0.00000e+00,    9.80369e+02,    0.00000e+00,    2.09653e+00,    0.00000e+00,    7.65709e+02,    0.00000e+00,    2.11345e+01,    0.00000e+00,    2.57190e+01,    0.00000e+00,    0.00000e+00,    0.00000e+00,    1.94253e+00,    0.00000e+00,   -1.01830e+00,    0.00000e+00,         1.9403,               ,              3,             -1,       Disabled
  14/04/2026 13:25:44.013,    1.40196e+02,    2.08186e+00,    0.00000e+00,    7.08408e+03,    0.00000e+00,    9.12783e+02,    0.00000e+00,    2.09672e+00,    0.00000e+00,    7.65757e+02,    0.00000e+00,    2.11342e+01,    0.00000e+00,    2.57238e+01,    0.00000e+00,    0.00000e+00,    0.00000e+00,    1.94381e+00,    0.00000e+00,   -1.01830e+00,    0.00000e+00,        1.94168,               ,              3,             -1,       Disabled
  14/04/2026 13:25:44.867,    1.40632e+02,    2.07915e+00,    0.00000e+00,    7.03217e+03,    0.00000e+00,    8.96398e+02,    0.00000e+00,    2.09387e+00,    0.00000e+00,    7.65741e+02,    0.00000e+00,    2.11442e+01,    0.00000e+00,    2.57314e+01,    0.00000e+00,    0.00000e+00,    0.00000e+00,    1.94550e+00,    0.00000e+00,   -1.01830e+00,    0.00000e+00,         1.9434,               ,              3,             -1,       Disabled
  14/04/2026 13:25:45.723,    1.40370e+02,    2.08078e+00,    0.00000e+00,    7.03586e+03,    0.00000e+00,    7.98525e+02,    0.00000e+00,    2.09552e+00,    0.00000e+00,    7.65721e+02,    0.00000e+00,    2.11405e+01,    0.00000e+00,    2.57367e+01,    0.00000e+00,    0.00000e+00,    0.00000e+00,    1.94519e+00,    0.00000e+00,   -1.01830e+00,    0.00000e+00,        1.94324,               ,              3,             -1,       Disabled
  14/04/2026 13:25:46.576,    1.39275e+02,    2.08419e+00,    0.00000e+00,    6.96810e+03,    0.00000e+00,    6.93384e+02,    0.00000e+00,    2.09882e+00,    0.00000e+00,    7.65723e+02,    0.00000e+00,    2.11544e+01,    0.00000e+00,    2.57419e+01,    0.00000e+00,    0.00000e+00,    0.00000e+00,    1.94627e+00,    0.00000e+00,   -1.01824e+00,    0.00000e+00,        1.94449,               ,              3,             -1,       Disabled
  14/04/2026 13:25:47.430,    1.39090e+02,    2.08187e+00,    0.00000e+00,    7.03395e+03,    0.00000e+00,    7.52429e+02,    0.00000e+00,    2.09662e+00,    0.00000e+00,    7.65689e+02,    0.00000e+00,    2.11598e+01,    0.00000e+00,    2.57476e+01,    0.00000e+00,    0.00000e+00,    0.00000e+00,    1.94729e+00,    0.00000e+00,   -1.01824e+00,    0.00000e+00,        1.94542,               ,              3,             -1,       Disabled
  14/04/2026 13:25:48.285,    1.40851e+02,    2.08144e+00,    0.00000e+00,    6.99370e+03,    0.00000e+00,    7.39449e+02,    0.00000e+00,    2.09610e+00,    0.00000e+00,    7.65734e+02,    0.00000e+00,    2.11536e+01,    0.00000e+00,    2.57513e+01,    0.00000e+00,    0.00000e+00,    0.00000e+00,    1.94709e+00,    0.00000e+00,   -1.01819e+00,    0.00000e+00,        1.94524,               ,              3,             -1,       Disabled
  14/04/2026 13:25:49.139,    1.38434e+02,    2.08420e+00,    0.00000e+00,    6.91145e+03,    0.00000e+00,    6.50548e+02,    0.00000e+00,    2.09871e+00,    0.00000e+00,    7.65741e+02,    0.00000e+00,    2.11588e+01,    0.00000e+00,    2.57543e+01,    0.00000e+00,    0.00000e+00,    0.00000e+00,    1.94590e+00,    0.00000e+00,   -1.01819e+00,    0.00000e+00,        1.94419,               ,              3,             -1,       Disabled
  14/04/2026 13:25:49.994,    1.39450e+02,    2.08591e+00,    0.00000e+00,    6.84937e+03,    0.00000e+00,    5.99671e+02,    0.00000e+00,    2.10030e+00,    0.00000e+00,    7.65729e+02,    0.00000e+00,    2.11783e+01,    0.00000e+00,    2.57560e+01,    0.00000e+00,    0.00000e+00,    0.00000e+00,    1.94541e+00,    0.00000e+00,   -1.01813e+00,    0.00000e+00,        1.94378,               ,              3,             -1,       Disabled
  14/04/2026 13:25:50.849,    1.40454e+02,    2.08789e+00,    0.00000e+00,    6.94608e+03,    0.00000e+00,    7.02740e+02,    0.00000e+00,    2.10249e+00,    0.00000e+00,    7.65735e+02,    0.00000e+00,    2.11679e+01,    0.00000e+00,    2.57587e+01,    0.00000e+00,    0.00000e+00,    0.00000e+00,    1.94618e+00,    0.00000e+00,   -1.01813e+00,    0.00000e+00,        1.94438,               ,              3,             -1,       Disabled
  14/04/2026 13:25:51.702,    1.39106e+02,    2.08642e+00,    0.00000e+00,    7.08610e+03,    0.00000e+00,    8.15834e+02,    0.00000e+00,    2.10131e+00,    0.00000e+00,    7.65743e+02,    0.00000e+00,    2.11726e+01,    0.00000e+00,    2.57599e+01,    0.00000e+00,    0.00000e+00,    0.00000e+00,    1.94748e+00,    0.00000e+00,   -1.01813e+00,    0.00000e+00,         1.9455,               ,              3,             -1,       Disabled
  14/04/2026 13:25:52.556,    1.39541e+02,    2.08806e+00,    0.00000e+00,    7.18735e+03,    0.00000e+00,    7.80099e+02,    0.00000e+00,    2.10317e+00,    0.00000e+00,    7.65695e+02,    0.00000e+00,    2.12225e+01,    0.00000e+00,    2.57645e+01,    0.00000e+00,    0.00000e+00,    0.00000e+00,    1.94712e+00,    0.00000e+00,   -1.01813e+00,    0.00000e+00,         1.9452,               ,              3,             -1,       Disabled
  14/04/2026 13:25:53.411,    1.39559e+02,    2.08841e+00,    0.00000e+00,    7.11976e+03,    0.00000e+00,    7.03620e+02,    0.00000e+00,    2.10339e+00,    0.00000e+00,    7.65730e+02,    0.00000e+00,    2.11815e+01,    0.00000e+00,    2.57681e+01,    0.00000e+00,    0.00000e+00,    0.00000e+00,    1.94697e+00,    0.00000e+00,   -1.01813e+00,    0.00000e+00,        1.94517,               ,              3,             -1,       Disabled
  14/04/2026 13:25:54.266,    1.40117e+02,    2.09183e+00,    0.00000e+00,    7.07895e+03,    0.00000e+00,    6.11017e+02,    0.00000e+00,    2.10674e+00,    0.00000e+00,    7.65733e+02,    0.00000e+00,    2.11853e+01,    0.00000e+00,    2.57705e+01,    0.00000e+00,    0.00000e+00,    0.00000e+00,    1.94666e+00,    0.00000e+00,   -1.01813e+00,    0.00000e+00,        1.94501,               ,              3,             -1,       Disabled
  14/04/2026 13:25:55.120,    1.40427e+02,    2.09039e+00,    0.00000e+00,    6.86565e+03,    0.00000e+00,    5.63847e+02,    0.00000e+00,    2.10484e+00,    0.00000e+00,    7.65700e+02,    0.00000e+00,    2.12147e+01,    0.00000e+00,    2.57745e+01,    0.00000e+00,    0.00000e+00,    0.00000e+00,    1.94584e+00,    0.00000e+00,   -1.01813e+00,    0.00000e+00,        1.94427,               ,              3,             -1,       Disabled
  14/04/2026 13:25:55.974,    1.40227e+02,    2.08919e+00,    0.00000e+00,    6.78609e+03,    0.00000e+00,    5.66769e+02,    0.00000e+00,    2.10346e+00,    0.00000e+00,    7.65684e+02,    0.00000e+00,    2.11935e+01,    0.00000e+00,    2.57758e+01,    0.00000e+00,    0.00000e+00,    0.00000e+00,    1.94554e+00,    0.00000e+00,   -1.01813e+00,    0.00000e+00,        1.94397,               ,              3,             -1,       Disabled
  14/04/2026 13:25:56.828,    1.39734e+02,    2.09236e+00,    0.00000e+00,    6.66693e+03,    0.00000e+00,    5.49295e+02,    0.00000e+00,    2.10640e+00,    0.00000e+00,    7.65686e+02,    0.00000e+00,    2.11987e+01,    0.00000e+00,    2.57794e+01,    0.00000e+00,    0.00000e+00,    0.00000e+00,    1.94467e+00,    0.00000e+00,   -1.01813e+00,    0.00000e+00,        1.94312,               ,              3,             -1,       Disabled
  14/04/2026 13:25:57.683,    1.39786e+02,    2.09240e+00,    0.00000e+00,    6.70902e+03,    0.00000e+00,    5.31344e+02,    0.00000e+00,    2.10653e+00,    0.00000e+00,    7.65659e+02,    0.00000e+00,    2.12741e+01,    0.00000e+00,    2.57820e+01,    0.00000e+00,    0.00000e+00,    0.00000e+00,    1.94524e+00,    0.00000e+00,   -1.01813e+00,    0.00000e+00,        1.94372,               ,              3,             -1,       Disabled
  14/04/2026 13:25:58.538,    1.40156e+02,    2.09284e+00,    0.00000e+00,    6.62317e+03,    0.00000e+00,    5.21432e+02,    0.00000e+00,    2.10680e+00,    0.00000e+00,    7.65730e+02,    0.00000e+00,    2.12329e+01,    0.00000e+00,    2.57880e+01,    0.00000e+00,    0.00000e+00,    0.00000e+00,    1.94462e+00,    0.00000e+00,   -1.01813e+00,    0.00000e+00,        1.94311,               ,              3,             -1,       Disabled
  14/04/2026 13:25:59.393,    1.39484e+02,    2.08915e+00,    0.00000e+00,    6.51831e+03,    0.00000e+00,    5.16762e+02,    0.00000e+00,    2.10286e+00,    0.00000e+00,    7.65670e+02,    0.00000e+00,    2.12081e+01,    0.00000e+00,    2.57923e+01,    0.00000e+00,    0.00000e+00,    0.00000e+00,    1.94733e+00,    0.00000e+00,   -1.01813e+00,    0.00000e+00,        1.94584,               ,              3,             -1,       Disabled
  14/04/2026 13:26:00.246,    1.39103e+02,    2.09001e+00,    0.00000e+00,    6.50609e+03,    0.00000e+00,    5.13258e+02,    0.00000e+00,    2.10369e+00,    0.00000e+00,    7.65679e+02,    0.00000e+00,    2.12389e+01,    0.00000e+00,    2.57959e+01,    0.00000e+00,    0.00000e+00,    0.00000e+00,    1.94738e+00,    0.00000e+00,   -1.01813e+00,    0.00000e+00,        1.94588,               ,              3,             -1,       Disabled
  14/04/2026 13:26:01.100,    1.40771e+02,    2.08927e+00,    0.00000e+00,    6.42021e+03,    0.00000e+00,    5.07266e+02,    0.00000e+00,    2.10277e+00,    0.00000e+00,    7.65710e+02,    0.00000e+00,    2.12146e+01,    0.00000e+00,    2.58000e+01,    0.00000e+00,    0.00000e+00,    0.00000e+00,    1.94738e+00,    0.00000e+00,   -1.01813e+00,    0.00000e+00,        1.94589,               ,              3,             -1,       Disabled
  14/04/2026 13:26:01.954,    1.40034e+02,    2.08963e+00,    0.00000e+00,    6.47298e+03,    0.00000e+00,    5.21515e+02,    0.00000e+00,    2.10325e+00,    0.00000e+00,    7.65660e+02,    0.00000e+00,    2.12173e+01,    0.00000e+00,    2.58043e+01,    0.00000e+00,    0.00000e+00,    0.00000e+00,    1.94736e+00,    0.00000e+00,   -1.01813e+00,    0.00000e+00,        1.94586,               ,              3,             -1,       Disabled
  14/04/2026 13:26:02.810,    1.40838e+02,    2.08677e+00,    0.00000e+00,    6.48906e+03,    0.00000e+00,    6.67517e+02,    0.00000e+00,    2.10040e+00,    0.00000e+00,    7.65670e+02,    0.00000e+00,    2.12599e+01,    0.00000e+00,    2.58069e+01,    0.00000e+00,    0.00000e+00,    0.00000e+00,    1.94821e+00,    0.00000e+00,   -1.01813e+00,    0.00000e+00,        1.94647,               ,              3,             -1,       Disabled
  14/04/2026 13:26:03.664,    1.39634e+02,    2.08177e+00,    0.00000e+00,    6.84725e+03,    0.00000e+00,    1.19813e+03,    0.00000e+00,    2.09612e+00,    0.00000e+00,    7.65641e+02,    0.00000e+00,    2.12561e+01,    0.00000e+00,    2.58087e+01,    0.00000e+00,    0.00000e+00,    0.00000e+00,    1.94708e+00,    0.00000e+00,   -1.01808e+00,    0.00000e+00,         1.9445,               ,              3,             -1,       Disabled
  14/04/2026 13:26:04.517,    1.38776e+02,    2.08243e+00,    0.00000e+00,    7.03544e+03,    0.00000e+00,    1.15300e+03,    0.00000e+00,    2.09718e+00,    0.00000e+00,    7.65625e+02,    0.00000e+00,    2.12315e+01,    0.00000e+00,    2.58124e+01,    0.00000e+00,    0.00000e+00,    0.00000e+00,    1.94573e+00,    0.00000e+00,   -1.01808e+00,    0.00000e+00,        1.94322,               ,              3,             -1,       Disabled
  14/04/2026 13:26:05.372,    1.38792e+02,    2.08195e+00,    0.00000e+00,    6.89113e+03,    0.00000e+00,    1.01928e+03,    0.00000e+00,    2.09639e+00,    0.00000e+00,    7.65708e+02,    0.00000e+00,    2.12717e+01,    0.00000e+00,    2.58161e+01,    0.00000e+00,    0.00000e+00,    0.00000e+00,    1.94541e+00,    0.00000e+00,   -1.01808e+00,    0.00000e+00,        1.94311,               ,              3,             -1,       Disabled
  14/04/2026 13:26:06.226,    1.39126e+02,    2.08596e+00,    0.00000e+00,    6.72109e+03,    0.00000e+00,    7.83590e+02,    0.00000e+00,    2.10008e+00,    0.00000e+00,    7.65687e+02,    0.00000e+00,    2.12746e+01,    0.00000e+00,    2.58200e+01,    0.00000e+00,    0.00000e+00,    0.00000e+00,    1.94545e+00,    0.00000e+00,   -1.01808e+00,    0.00000e+00,        1.94353,               ,              3,             -1,       Disabled
  14/04/2026 13:26:07.082,    1.39597e+02,    2.08729e+00,    0.00000e+00,    6.53069e+03,    0.00000e+00,    6.16402e+02,    0.00000e+00,    2.10101e+00,    0.00000e+00,    7.65695e+02,    0.00000e+00,    2.12363e+01,    0.00000e+00,    2.58232e+01,    0.00000e+00,    0.00000e+00,    0.00000e+00,    1.94549e+00,    0.00000e+00,   -1.01808e+00,    0.00000e+00,        1.94384,               ,              3,             -1,       Disabled
  14/04/2026 13:26:07.936,    1.40745e+02,    2.08887e+00,    0.00000e+00,    6.46827e+03,    0.00000e+00,    5.61764e+02,    0.00000e+00,    2.10247e+00,    0.00000e+00,    7.65704e+02,    0.00000e+00,    2.12689e+01,    0.00000e+00,    2.58290e+01,    0.00000e+00,    0.00000e+00,    0.00000e+00,    1.94377e+00,    0.00000e+00,   -1.01808e+00,    0.00000e+00,         1.9422,               ,              3,             -1,       Disabled
  14/04/2026 13:26:08.789,    1.39920e+02,    2.08827e+00,    0.00000e+00,    6.42745e+03,    0.00000e+00,    5.40093e+02,    0.00000e+00,    2.10178e+00,    0.00000e+00,    7.65663e+02,    0.00000e+00,    2.12422e+01,    0.00000e+00,    2.58304e+01,    0.00000e+00,    0.00000e+00,    0.00000e+00,    1.94328e+00,    0.00000e+00,   -1.01808e+00,    0.00000e+00,        1.94175,               ,              3,             -1,       Disabled
  14/04/2026 13:26:09.643,    1.39863e+02,    2.08673e+00,    0.00000e+00,    6.49951e+03,    0.00000e+00,    5.22965e+02,    0.00000e+00,    2.10038e+00,    0.00000e+00,    7.65725e+02,    0.00000e+00,    2.12442e+01,    0.00000e+00,    2.58322e+01,    0.00000e+00,    0.00000e+00,    0.00000e+00,    1.94241e+00,    0.00000e+00,   -1.01808e+00,    0.00000e+00,        1.94091,               ,              3,             -1,       Disabled
  14/04/2026 13:26:10.498,    1.38966e+02,    2.08789e+00,    0.00000e+00,    6.41331e+03,    0.00000e+00,    5.19937e+02,    0.00000e+00,    2.10136e+00,    0.00000e+00,    7.65692e+02,    0.00000e+00,    2.12780e+01,    0.00000e+00,    2.58348e+01,    0.00000e+00,    0.00000e+00,    0.00000e+00,    1.94370e+00,    0.00000e+00,   -1.01808e+00,    0.00000e+00,         1.9422,               ,              3,             -1,       Disabled
  14/04/2026 13:26:11.353,    1.39339e+02,    2.08864e+00,    0.00000e+00,    6.35656e+03,    0.00000e+00,    5.19366e+02,    0.00000e+00,    2.10200e+00,    0.00000e+00,    7.65696e+02,    0.00000e+00,    2.12787e+01,    0.00000e+00,    2.58366e+01,    0.00000e+00,    0.00000e+00,    0.00000e+00,    1.94265e+00,    0.00000e+00,   -1.01808e+00,    0.00000e+00,        1.94116,               ,              3,             -1,       Disabled
  14/04/2026 13:26:12.208,    1.39629e+02,    2.08583e+00,    0.00000e+00,    6.41569e+03,    0.00000e+00,    5.29275e+02,    0.00000e+00,    2.09929e+00,    0.00000e+00,    7.65701e+02,    0.00000e+00,    2.12537e+01,    0.00000e+00,    2.58403e+01,    0.00000e+00,    0.00000e+00,    0.00000e+00,    1.94372e+00,    0.00000e+00,   -1.01808e+00,    0.00000e+00,        1.94221,               ,              3,             -1,       Disabled
  14/04/2026 13:26:13.061,    1.39230e+02,    2.08707e+00,    0.00000e+00,    6.47083e+03,    0.00000e+00,    5.54411e+02,    0.00000e+00,    2.10067e+00,    0.00000e+00,    7.65674e+02,    0.00000e+00,    2.12847e+01,    0.00000e+00,    2.58403e+01,    0.00000e+00,    0.00000e+00,    0.00000e+00,    1.94292e+00,    0.00000e+00,   -1.01808e+00,    0.00000e+00,        1.94137,               ,              3,             -1,       Disabled
  14/04/2026 13:26:13.915,    1.40209e+02,    2.08738e+00,    0.00000e+00,    6.46952e+03,    0.00000e+00,    5.12609e+02,    0.00000e+00,    2.10097e+00,    0.00000e+00,    7.65694e+02,    0.00000e+00,    2.12881e+01,    0.00000e+00,    2.58438e+01,    0.00000e+00,    0.00000e+00,    0.00000e+00,    1.94197e+00,    0.00000e+00,   -1.01808e+00,    0.00000e+00,        1.94048,               ,              3,             -1,       Disabled
  14/04/2026 13:26:14.769,    1.39454e+02,    2.08862e+00,    0.00000e+00,    6.46275e+03,    0.00000e+00,    4.98169e+02,    0.00000e+00,    2.10220e+00,    0.00000e+00,    7.65718e+02,    0.00000e+00,    2.12626e+01,    0.00000e+00,    2.58470e+01,    0.00000e+00,    0.00000e+00,    0.00000e+00,    1.94142e+00,    0.00000e+00,   -1.01808e+00,    0.00000e+00,        1.93996,               ,              3,             -1,       Disabled
  14/04/2026 13:26:15.625,    1.39450e+02,    2.08971e+00,    0.00000e+00,    6.39219e+03,    0.00000e+00,    4.81982e+02,    0.00000e+00,    2.10315e+00,    0.00000e+00,    7.65695e+02,    0.00000e+00,    2.13091e+01,    0.00000e+00,    2.58529e+01,    0.00000e+00,    0.00000e+00,    0.00000e+00,    1.94050e+00,    0.00000e+00,   -1.01808e+00,    0.00000e+00,        1.93907,               ,              3,             -1,       Disabled
  14/04/2026 13:26:16.479,    1.39769e+02,    2.08927e+00,    0.00000e+00,    6.38240e+03,    0.00000e+00,    4.75749e+02,    0.00000e+00,    2.10269e+00,    0.00000e+00,    7.65718e+02,    0.00000e+00,    2.12688e+01,    0.00000e+00,    2.58559e+01,    0.00000e+00,    0.00000e+00,    0.00000e+00,    1.93983e+00,    0.00000e+00,   -1.01808e+00,    0.00000e+00,         1.9384,               ,              3,             -1,       Disabled
  14/04/2026 13:26:17.332,    1.40121e+02,    2.09095e+00,    0.00000e+00,    6.36638e+03,    0.00000e+00,    4.70297e+02,    0.00000e+00,    2.10435e+00,    0.00000e+00,    7.65705e+02,    0.00000e+00,    2.12736e+01,    0.00000e+00,    2.58555e+01,    0.00000e+00,    0.00000e+00,    0.00000e+00,    1.93939e+00,    0.00000e+00,   -1.01808e+00,    0.00000e+00,        1.93798,               ,              3,             -1,       Disabled
  14/04/2026 13:26:18.187,    1.39957e+02,    2.08819e+00,    0.00000e+00,    6.25632e+03,    0.00000e+00,    4.70050e+02,    0.00000e+00,    2.10134e+00,    0.00000e+00,    7.65732e+02,    0.00000e+00,    2.13019e+01,    0.00000e+00,    2.58615e+01,    0.00000e+00,    0.00000e+00,    0.00000e+00,    1.94025e+00,    0.00000e+00,   -1.01808e+00,    0.00000e+00,        1.93884,               ,              3,             -1,       Disabled
  14/04/2026 13:26:19.041,    1.40416e+02,    2.08882e+00,    0.00000e+00,    6.43389e+03,    0.00000e+00,    4.85173e+02,    0.00000e+00,    2.10235e+00,    0.00000e+00,    7.65699e+02,    0.00000e+00,    2.13048e+01,    0.00000e+00,    2.58640e+01,    0.00000e+00,    0.00000e+00,    0.00000e+00,    1.94045e+00,    0.00000e+00,   -1.01808e+00,    0.00000e+00,        1.93901,               ,              3,             -1,       Disabled
  14/04/2026 13:26:19.897,    1.40461e+02,    2.08986e+00,    0.00000e+00,    6.34899e+03,    0.00000e+00,    5.42590e+02,    0.00000e+00,    2.10321e+00,    0.00000e+00,    7.65726e+02,    0.00000e+00,    2.12803e+01,    0.00000e+00,    2.58692e+01,    0.00000e+00,    0.00000e+00,    0.00000e+00,    1.93943e+00,    0.00000e+00,   -1.01808e+00,    0.00000e+00,        1.93791,               ,              3,             -1,       Disabled
  14/04/2026 13:26:20.751,    1.39707e+02,    2.08837e+00,    0.00000e+00,    6.34224e+03,    0.00000e+00,    5.22513e+02,    0.00000e+00,    2.10170e+00,    0.00000e+00,    7.65737e+02,    0.00000e+00,    2.13160e+01,    0.00000e+00,    2.58699e+01,    0.00000e+00,    0.00000e+00,    0.00000e+00,    1.94000e+00,    0.00000e+00,   -1.01808e+00,    0.00000e+00,         1.9385,               ,              3,             -1,       Disabled
