type,date time,latitude,longitude,accuracy(m),altitude(m),geoid_height(m),speed(m/s),bearing(deg),sat_used,sat_inview,name,desc
T,2026-04-14 13:46:08,53.46654,-2.23334,1.8,122.3,,0.14,355.0,32,61,20260414-134608,GPS Logger: 20260414-134608 - group2
T,2026-04-14 13:46:09,53.46653667,-2.23333833,1.8,122.4,,0.081,17.0,35,61,,
T,2026-04-14 13:46:10,53.46653667,-2.23334,1.7,122.6,,0.048,1.0,34,61,,
T,2026-04-14 13:46:11,53.466535,-2.23333833,1.7,122.7,,0.032,327.0,33,61,,
T,2026-04-14 13:46:12,53.466535,-2.23333667,1.7,122.6,,0.057,356.0,35,61,,
T,2026-04-14 13:46:13,53.46653333,-2.23333667,1.7,122.4,,0.067,243.0,36,61,,
T,2026-04-14 13:46:14,53.46653333,-2.23333333,1.7,122.2,,0.111,212.0,35,61,,
T,2026-04-14 13:46:15,53.46653,-2.23333667,1.7,122.0,,0.22,226.0,36,61,,
T,2026-04-14 13:46:16,53.46653,-2.23334,1.7,121.7,,0.162,244.0,37,61,,
T,2026-04-14 13:46:17,53.46653167,-2.233345,1.8,121.7,,0.155,219.0,37,61,,
T,2026-04-14 13:46:18,53.466535,-2.23335,1.8,121.8,,0.322,15.0,33,61,,
T,2026-04-14 13:46:19,53.46653833,-2.23335,1.8,121.6,,0.411,353.0,34,61,,
T,2026-04-14 13:46:20,53.466535,-2.23335333,1.8,121.3,,0.182,338.0,34,61,,
T,2026-04-14 13:46:21,53.466535,-2.23335,1.8,121.1,,0.179,358.0,35,61,,
T,2026-04-14 13:46:22,53.46653667,-2.23335167,1.8,121.2,,0.185,3.0,33,61,,
T,2026-04-14 13:46:23,53.46653667,-2.233355,1.8,121.0,,0.189,17.0,33,61,,
T,2026-04-14 13:46:24,53.46653667,-2.233355,1.8,121.1,,0.187,33.0,34,61,,
T,2026-04-14 13:46:25,53.46654,-2.23335833,1.8,121.1,,0.174,6.0,34,61,,
T,2026-04-14 13:46:26,53.46654333,-2.23335167,1.8,121.1,,0.166,81.0,34,61,,
T,2026-04-14 13:46:27,53.46654333,-2.23334833,1.8,121.0,,0.163,99.0,33,61,,
T,2026-04-14 13:46:28,53.46654167,-2.23334333,1.8,120.9,,0.138,135.0,33,61,,
T,2026-04-14 13:46:29,53.46654167,-2.23334667,1.8,121.0,,0.102,142.0,32,61,,
T,2026-04-14 13:46:30,53.46654167,-2.233345,1.8,120.9,,0.091,128.0,31,61,,
T,2026-04-14 13:46:31,53.46654167,-2.23334667,1.8,120.7,,0.085,215.0,32,61,,
T,2026-04-14 13:46:32,53.46654333,-2.23334833,1.7,120.9,,0.0,,32,61,,
T,2026-04-14 13:46:33,53.46654167,-2.23335,1.7,120.8,,0.0,,33,61,,
T,2026-04-14 13:46:34,53.46654167,-2.23334667,1.7,120.6,,0.0,,33,61,,
T,2026-04-14 13:46:35,53.46654167,-2.23334667,1.7,120.6,,0.0,,34,61,,
T,2026-04-14 13:46:36,53.46654167,-2.23334667,1.7,120.6,,0.0,,35,61,,
T,2026-04-14 13:46:37,53.46654167,-2.23334667,1.7,120.6,,0.0,,34,61,,
T,2026-04-14 13:46:38,53.46654167,-2.23334667,1.7,120.6,,0.0,,36,61,,
T,2026-04-14 13:46:39,53.46654167,-2.23334667,1.7,120.6,,0.0,,35,61,,
T,2026-04-14 13:46:40,53.46654167,-2.23334667,1.7,120.6,,0.0,,36,61,,
T,2026-04-14 13:46:41,53.46654167,-2.23334667,1.7,120.6,,0.0,,37,61,,
T,2026-04-14 13:46:42,53.46654167,-2.23334667,1.7,120.6,,0.0,,36,61,,
T,2026-04-14 13:46:43,53.46654167,-2.23334667,1.7,120.6,,0.0,,36,61,,
T,2026-04-14 13:46:44,53.46654167,-2.23334667,1.7,120.6,,0.0,,36,61,,
T,2026-04-14 13:46:45,53.46654167,-2.23334667,1.7,120.6,,0.0,,36,61,,
T,2026-04-14 13:46:46,53.46654167,-2.23334667,1.7,120.6,,0.0,,36,61,,
T,2026-04-14 13:46:47,53.46654167,-2.23334667,1.7,120.6,,0.0,,36,61,,
T,2026-04-14 13:46:48,53.46654167,-2.23334667,1.7,120.6,,0.0,,36,61,,
T,2026-04-14 13:46:49,53.46654167,-2.23334667,1.7,120.6,,0.0,,36,61,,
T,2026-04-14 13:46:50,53.46654167,-2.23334667,1.7,120.6,,0.0,,36,61,,
T,2026-04-14 13:46:51,53.46654167,-2.23334667,1.7,120.6,,0.0,,35,61,,
T,2026-04-14 13:46:52,53.46654167,-2.23334667,1.7,120.6,,0.0,,36,61,,
T,2026-04-14 13:46:53,53.46654167,-2.23334667,1.7,120.6,,0.0,,36,61,,
T,2026-04-14 13:46:54,53.46654167,-2.23334667,1.7,120.6,,0.0,,36,61,,
T,2026-04-14 13:46:55,53.46654167,-2.23334667,1.7,120.6,,0.0,,36,61,,
T,2026-04-14 13:46:56,53.46654167,-2.23334667,1.6,120.6,,0.0,,35,61,,
T,2026-04-14 13:46:57,53.46654167,-2.23334667,1.6,120.6,,0.0,,35,61,,
T,2026-04-14 13:46:58,53.46654167,-2.23334667,1.6,120.6,,0.0,,36,61,,
T,2026-04-14 13:46:59,53.46654167,-2.23334667,1.6,120.6,,0.0,,36,61,,
T,2026-04-14 13:47:00,53.46654167,-2.23334667,1.7,120.6,,0.0,,36,61,,
T,2026-04-14 13:47:01,53.46654167,-2.23334667,1.7,120.6,,0.0,,36,61,,
T,2026-04-14 13:47:02,53.46654167,-2.23334667,1.7,120.6,,0.0,,35,61,,
T,2026-04-14 13:47:03,53.46654167,-2.23334667,1.7,120.6,,0.0,,35,60,,
T,2026-04-14 13:47:04,53.46654167,-2.23334667,1.7,120.6,,0.0,,36,60,,
T,2026-04-14 13:47:05,53.46654167,-2.23334667,1.9,120.6,,0.0,,36,60,,
T,2026-04-14 13:47:06,53.46654167,-2.23334667,1.9,120.6,,0.0,,35,60,,
T,2026-04-14 13:47:07,53.46654167,-2.23334667,1.9,120.6,,0.0,,35,60,,
T,2026-04-14 13:47:08,53.46654167,-2.23334667,1.9,120.6,,0.0,,35,60,,
T,2026-04-14 13:47:09,53.46654167,-2.23334667,1.9,120.6,,0.0,,35,60,,
T,2026-04-14 13:47:10,53.46654167,-2.23334667,1.8,120.6,,0.0,,35,60,,
T,2026-04-14 13:47:11,53.46654167,-2.23334667,1.8,120.6,,0.0,,35,60,,
T,2026-04-14 13:47:12,53.46654167,-2.23334667,1.8,120.6,,0.0,,35,60,,
T,2026-04-14 13:47:13,53.46654167,-2.23334667,1.8,120.6,,0.0,,35,60,,
T,2026-04-14 13:47:14,53.46654167,-2.23334667,1.8,120.6,,0.0,,35,60,,
T,2026-04-14 13:47:15,53.46654167,-2.23334667,1.8,120.6,,0.0,,35,60,,
T,2026-04-14 13:47:16,53.46654167,-2.23334667,1.8,120.6,,0.0,,35,60,,
T,2026-04-14 13:47:17,53.46654167,-2.23334667,1.8,120.6,,0.0,,35,60,,
T,2026-04-14 13:47:18,53.46654167,-2.23334667,1.8,120.6,,0.0,,34,60,,
T,2026-04-14 13:47:19,53.46654167,-2.23334667,1.7,120.6,,0.0,,35,60,,
T,2026-04-14 13:47:20,53.46654167,-2.23334667,1.7,120.6,,0.0,,35,60,,
T,2026-04-14 13:47:21,53.46654167,-2.23334667,1.7,120.6,,0.0,,34,60,,
T,2026-04-14 13:47:22,53.46654167,-2.23334667,1.7,120.6,,0.0,,34,60,,
T,2026-04-14 13:47:23,53.46654167,-2.23334667,1.7,120.6,,0.0,,35,60,,
T,2026-04-14 13:47:24,53.46654167,-2.23334667,1.7,120.6,,0.0,,35,60,,
T,2026-04-14 13:47:25,53.46654167,-2.23334667,1.7,116.4,,0.0,,35,60,,
T,2026-04-14 13:47:26,53.46653167,-2.23339833,1.7,116.4,,0.251,270.0,35,60,,
T,2026-04-14 13:47:27,53.466535,-2.23340833,1.6,115.9,,0.311,254.0,36,60,,
T,2026-04-14 13:47:28,53.46653333,-2.23342,1.6,115.8,,0.386,264.0,36,60,,
T,2026-04-14 13:47:29,53.46653333,-2.23343167,1.6,115.7,,0.465,265.0,36,60,,
T,2026-04-14 13:47:30,53.46653167,-2.23344,1.6,115.7,,0.536,262.0,36,60,,
T,2026-04-14 13:47:31,53.46653333,-2.23344833,1.6,115.7,,0.59,266.0,36,60,,
T,2026-04-14 13:47:32,53.46653,-2.23345667,1.6,115.5,,0.662,268.0,36,60,,
T,2026-04-14 13:47:33,53.46653,-2.233465,1.6,115.3,,0.721,267.0,36,60,,
T,2026-04-14 13:47:34,53.46652833,-2.23347667,1.6,115.1,,0.779,260.0,36,60,,
T,2026-04-14 13:47:35,53.46652667,-2.23348667,1.6,114.7,,0.82,261.0,36,60,,
T,2026-04-14 13:47:36,53.46652667,-2.23349833,1.5,114.3,,0.844,262.0,37,60,,
T,2026-04-14 13:47:37,53.466525,-2.23351,1.5,113.7,,0.883,262.0,37,60,,
T,2026-04-14 13:47:38,53.466525,-2.23352167,1.5,113.1,,0.918,262.0,37,60,,
T,2026-04-14 13:47:39,53.46652333,-2.23353333,1.5,112.5,,0.939,264.0,37,60,,
T,2026-04-14 13:47:40,53.46652167,-2.23354,1.5,111.8,,0.945,271.0,38,60,,
T,2026-04-14 13:47:41,53.46652,-2.23354667,1.5,111.1,,0.982,276.0,38,60,,
T,2026-04-14 13:47:42,53.46651833,-2.23355333,1.5,110.2,,0.988,273.0,38,60,,
T,2026-04-14 13:47:43,53.46651833,-2.233565,1.4,109.6,,1.029,272.0,38,60,,
T,2026-04-14 13:47:44,53.46652,-2.23357833,1.4,108.7,,1.039,274.0,38,60,,
T,2026-04-14 13:47:45,53.46652,-2.23358833,1.4,107.9,,1.019,275.0,37,60,,
T,2026-04-14 13:47:46,53.466525,-2.23359667,1.4,107.0,,1.012,272.0,36,60,,
T,2026-04-14 13:47:47,53.46652833,-2.23360667,1.4,106.1,,1.005,272.0,35,60,,
T,2026-04-14 13:47:48,53.46653333,-2.23362,1.4,105.4,,0.981,274.0,37,60,,
T,2026-04-14 13:47:49,53.466535,-2.23362833,1.4,104.5,,0.961,279.0,38,60,,
T,2026-04-14 13:47:50,53.466535,-2.23363667,1.4,103.6,,0.953,281.0,36,60,,
T,2026-04-14 13:47:51,53.46653833,-2.23364667,1.3,102.8,,0.959,281.0,36,60,,
T,2026-04-14 13:47:52,53.46654,-2.23365667,1.3,102.1,,0.959,282.0,36,60,,
T,2026-04-14 13:47:53,53.46654167,-2.233665,1.3,101.3,,0.931,278.0,37,60,,
T,2026-04-14 13:47:54,53.46654333,-2.233675,1.3,100.5,,0.931,283.0,38,60,,
T,2026-04-14 13:47:55,53.46654333,-2.23368667,1.3,99.6,,0.953,299.0,36,60,,
T,2026-04-14 13:47:56,53.46654333,-2.23369833,1.3,99.0,,0.941,297.0,38,60,,
T,2026-04-14 13:47:57,53.46654667,-2.23370833,1.3,98.1,,0.939,297.0,38,60,,
T,2026-04-14 13:47:58,53.46655,-2.23372,1.3,97.4,,0.937,296.0,37,60,,
T,2026-04-14 13:47:59,53.46655333,-2.23373,1.3,96.6,,0.922,299.0,38,60,,
T,2026-04-14 13:48:00,53.46655833,-2.23374167,1.3,95.9,,0.941,297.0,38,60,,
T,2026-04-14 13:48:01,53.46656333,-2.233755,1.4,95.4,,0.958,299.0,39,60,,
T,2026-04-14 13:48:02,53.46656833,-2.23376667,1.4,98.0,,0.99,296.0,39,60,,
T,2026-04-14 13:48:03,53.466575,-2.23377333,1.4,100.1,,1.017,302.0,40,60,,
T,2026-04-14 13:48:04,53.46658,-2.23378,1.4,101.8,,1.023,308.0,40,60,,
T,2026-04-14 13:48:05,53.46658667,-2.23379,1.4,103.2,,1.041,312.0,40,60,,
T,2026-04-14 13:48:06,53.466595,-2.23379833,1.4,104.5,,1.076,317.0,40,60,,
T,2026-04-14 13:48:07,53.4666,-2.23381333,1.4,105.5,,1.074,322.0,40,60,,
T,2026-04-14 13:48:08,53.466605,-2.23381833,1.5,106.5,,1.101,322.0,39,60,,
T,2026-04-14 13:48:09,53.46660833,-2.23383,1.5,107.4,,1.131,319.0,39,60,,
T,2026-04-14 13:48:10,53.46661,-2.233845,1.5,108.2,,1.144,325.0,39,60,,
T,2026-04-14 13:48:11,53.46661167,-2.23386,1.5,109.0,,1.132,334.0,39,60,,
T,2026-04-14 13:48:12,53.46661167,-2.233875,1.5,109.7,,1.124,330.0,39,60,,
T,2026-04-14 13:48:13,53.46662,-2.23389167,1.5,110.3,,1.12,322.0,39,60,,
T,2026-04-14 13:48:14,53.46663667,-2.23390667,1.5,110.5,,1.132,317.0,39,60,,
T,2026-04-14 13:48:15,53.46664667,-2.23392333,1.5,110.9,,1.117,317.0,38,60,,
T,2026-04-14 13:48:16,53.46665333,-2.23393333,1.5,111.4,,1.121,308.0,37,60,,
T,2026-04-14 13:48:17,53.46666167,-2.233945,1.5,111.9,,1.168,298.0,37,60,,
T,2026-04-14 13:48:18,53.46667333,-2.23395167,1.5,112.6,,1.18,313.0,37,60,,
T,2026-04-14 13:48:19,53.466685,-2.23396167,1.6,113.2,,1.179,323.0,37,60,,
T,2026-04-14 13:48:20,53.46669,-2.23397,1.6,113.7,,1.146,330.0,37,60,,
T,2026-04-14 13:48:21,53.466695,-2.23397,1.6,114.3,,1.127,339.0,38,60,,
T,2026-04-14 13:48:22,53.46670333,-2.233975,1.6,114.8,,1.135,354.0,38,60,,
T,2026-04-14 13:48:23,53.46671667,-2.23397833,1.6,115.0,,1.147,357.0,38,60,,
T,2026-04-14 13:48:24,53.46673167,-2.23398,1.6,115.3,,1.151,0.0,39,60,,
T,2026-04-14 13:48:25,53.46674667,-2.23398333,1.6,115.4,,1.165,1.0,37,60,,
T,2026-04-14 13:48:26,53.46675833,-2.23398833,1.6,115.6,,1.139,358.0,37,60,,
T,2026-04-14 13:48:27,53.46676833,-2.23399333,1.6,115.6,,1.08,353.0,37,60,,
T,2026-04-14 13:48:28,53.466775,-2.23399833,1.6,115.7,,1.035,353.0,37,60,,
T,2026-04-14 13:48:29,53.466785,-2.23400333,1.6,115.8,,1.05,358.0,38,60,,
T,2026-04-14 13:48:30,53.46679333,-2.23400667,1.6,116.0,,1.059,359.0,38,60,,
T,2026-04-14 13:48:31,53.46680167,-2.23401333,1.6,116.1,,1.081,356.0,38,60,,
T,2026-04-14 13:48:32,53.46681,-2.23402167,1.7,115.9,,1.059,356.0,38,60,,
T,2026-04-14 13:48:33,53.466815,-2.234035,1.8,115.0,,1.034,354.0,38,60,,
T,2026-04-14 13:48:34,53.46681833,-2.234045,1.8,114.2,,1.012,350.0,37,60,,
T,2026-04-14 13:48:35,53.46682,-2.23405167,1.7,113.2,,1.003,345.0,36,60,,
T,2026-04-14 13:48:36,53.466835,-2.23405,1.7,112.2,,0.973,343.0,37,61,,
T,2026-04-14 13:48:37,53.46685,-2.23404833,1.6,111.2,,0.968,341.0,38,61,,
T,2026-04-14 13:48:38,53.46686833,-2.23405,1.7,109.9,,0.954,342.0,38,61,,
T,2026-04-14 13:48:39,53.46687333,-2.23405,1.7,109.1,,0.907,344.0,38,61,,
T,2026-04-14 13:48:40,53.46688167,-2.23405,1.7,108.2,,0.912,345.0,37,61,,
T,2026-04-14 13:48:41,53.46689333,-2.23405167,1.7,107.5,,0.907,348.0,37,60,,
T,2026-04-14 13:48:42,53.46691,-2.23405667,1.6,106.2,,0.917,352.0,37,60,,
T,2026-04-14 13:48:43,53.46692,-2.23406,1.6,105.3,,0.917,353.0,36,60,,
T,2026-04-14 13:48:44,53.46693333,-2.23407,1.6,104.6,,0.917,351.0,38,60,,
T,2026-04-14 13:48:45,53.46695,-2.23408,1.6,103.8,,0.931,342.0,38,60,,
T,2026-04-14 13:48:46,53.466965,-2.23409,1.5,102.8,,0.959,339.0,40,60,,
T,2026-04-14 13:48:47,53.46697833,-2.23410333,1.5,102.0,,0.979,344.0,38,60,,
T,2026-04-14 13:48:48,53.46699,-2.23411667,1.5,101.5,,1.007,341.0,39,60,,
T,2026-04-14 13:48:49,53.467,-2.23413,1.5,101.0,,1.029,338.0,40,60,,
T,2026-04-14 13:48:50,53.46701333,-2.23414333,1.4,100.6,,1.065,334.0,40,60,,
T,2026-04-14 13:48:51,53.46702667,-2.23415667,1.4,100.1,,1.087,331.0,40,60,,
T,2026-04-14 13:48:52,53.46703667,-2.23417167,1.4,99.6,,1.104,328.0,39,60,,
T,2026-04-14 13:48:53,53.46704667,-2.23418167,1.4,98.9,,1.13,332.0,39,60,,
T,2026-04-14 13:48:54,53.46705667,-2.23419,1.4,98.5,,1.132,332.0,38,60,,
T,2026-04-14 13:48:55,53.46706333,-2.23419667,1.4,98.2,,1.12,331.0,38,60,,
T,2026-04-14 13:48:56,53.46707167,-2.234205,1.4,97.7,,1.13,337.0,38,60,,
T,2026-04-14 13:48:57,53.46707833,-2.234215,1.4,97.3,,1.153,338.0,38,60,,
T,2026-04-14 13:48:58,53.46708667,-2.234225,1.4,96.6,,1.169,335.0,38,60,,
T,2026-04-14 13:48:59,53.46709333,-2.23423,1.4,96.0,,1.201,334.0,38,60,,
T,2026-04-14 13:49:00,53.46710167,-2.23423667,1.4,95.4,,1.19,335.0,38,60,,
T,2026-04-14 13:49:01,53.46710833,-2.23424167,1.4,94.8,,1.157,330.0,38,60,,
T,2026-04-14 13:49:02,53.467115,-2.23425,1.4,94.2,,1.157,325.0,38,60,,
T,2026-04-14 13:49:03,53.46712333,-2.23426,1.4,93.9,,1.15,325.0,36,60,,
T,2026-04-14 13:49:04,53.46713,-2.234265,1.4,93.2,,1.165,328.0,36,60,,
T,2026-04-14 13:49:05,53.46713833,-2.23426833,1.5,92.3,,1.181,339.0,36,60,,
T,2026-04-14 13:49:06,53.46715,-2.234275,1.5,91.6,,1.238,339.0,35,60,,
T,2026-04-14 13:49:07,53.46716167,-2.23428333,1.5,90.9,,1.279,337.0,35,60,,
T,2026-04-14 13:49:08,53.46717333,-2.23429333,1.5,90.3,,1.314,332.0,35,60,,
T,2026-04-14 13:49:09,53.467185,-2.23429667,1.5,89.7,,1.344,334.0,35,60,,
T,2026-04-14 13:49:10,53.46719833,-2.2343,1.5,89.1,,1.389,335.0,35,60,,
T,2026-04-14 13:49:11,53.46721167,-2.23430167,1.5,88.6,,1.452,332.0,34,60,,
T,2026-04-14 13:49:12,53.46722167,-2.23430667,1.5,88.0,,1.451,332.0,34,60,,
T,2026-04-14 13:49:13,53.46723167,-2.23430667,1.5,87.7,,1.436,333.0,35,59,,
T,2026-04-14 13:49:14,53.46724,-2.23430833,1.5,87.5,,1.416,332.0,36,59,,
T,2026-04-14 13:49:15,53.46724833,-2.23430833,1.5,87.2,,1.389,331.0,36,59,,
T,2026-04-14 13:49:16,53.46725833,-2.23431333,1.5,87.0,,1.335,333.0,36,59,,
T,2026-04-14 13:49:17,53.46726667,-2.23431833,1.5,86.8,,1.267,334.0,35,59,,
T,2026-04-14 13:49:18,53.467275,-2.23432333,1.5,86.4,,1.221,335.0,35,59,,
T,2026-04-14 13:49:19,53.467285,-2.234325,1.6,86.0,,1.157,337.0,35,59,,
T,2026-04-14 13:49:20,53.467295,-2.23432667,1.6,85.6,,1.093,340.0,36,59,,
T,2026-04-14 13:49:21,53.46730333,-2.23432833,1.6,85.2,,1.035,357.0,36,59,,
T,2026-04-14 13:49:22,53.46731,-2.23433333,1.6,84.8,,1.002,350.0,36,59,,
T,2026-04-14 13:49:23,53.46732,-2.23434,1.6,84.4,,0.998,9.0,36,59,,
T,2026-04-14 13:49:24,53.46732833,-2.23434667,1.6,84.0,,1.027,4.0,36,59,,
T,2026-04-14 13:49:25,53.46734,-2.23435167,1.6,83.9,,1.033,359.0,37,59,,
T,2026-04-14 13:49:26,53.46734833,-2.23435833,1.6,83.9,,1.023,347.0,36,59,,
T,2026-04-14 13:49:27,53.46735833,-2.23436333,1.6,83.9,,1.036,342.0,36,59,,
T,2026-04-14 13:49:28,53.46737,-2.23436833,1.6,83.8,,1.049,343.0,35,59,,
T,2026-04-14 13:49:29,53.46738,-2.23437833,1.6,83.8,,1.081,349.0,35,59,,
T,2026-04-14 13:49:30,53.46739167,-2.234385,1.6,83.8,,1.113,352.0,35,59,,
T,2026-04-14 13:49:31,53.46740333,-2.23438667,1.6,83.8,,1.13,358.0,36,59,,
T,2026-04-14 13:49:32,53.46741333,-2.23439,1.7,83.4,,1.159,344.0,35,59,,
T,2026-04-14 13:49:33,53.46742167,-2.23439833,1.7,83.2,,1.16,337.0,35,59,,
T,2026-04-14 13:49:34,53.46743167,-2.23440833,1.7,83.1,,1.131,331.0,35,59,,
T,2026-04-14 13:49:35,53.46744,-2.23441833,1.7,83.2,,1.142,330.0,35,59,,
T,2026-04-14 13:49:36,53.467445,-2.23442667,1.6,83.2,,1.102,331.0,37,59,,
T,2026-04-14 13:49:37,53.46745,-2.23443333,1.6,83.3,,1.05,341.0,37,59,,
T,2026-04-14 13:49:38,53.467455,-2.23444,1.6,83.3,,0.997,346.0,34,59,,
T,2026-04-14 13:49:39,53.46746167,-2.23444833,1.6,83.4,,0.943,344.0,34,59,,
T,2026-04-14 13:49:40,53.46747,-2.234455,1.6,83.5,,0.895,339.0,34,59,,
T,2026-04-14 13:49:41,53.46748167,-2.234465,1.7,83.6,,0.878,338.0,35,59,,
T,2026-04-14 13:49:42,53.46749167,-2.23447167,1.7,83.7,,0.856,335.0,35,59,,
T,2026-04-14 13:49:43,53.4675,-2.23448,1.6,83.7,,0.831,337.0,35,59,,
T,2026-04-14 13:49:44,53.467505,-2.23449,1.6,83.7,,0.807,338.0,35,59,,
T,2026-04-14 13:49:45,53.467515,-2.234495,1.6,83.8,,0.806,12.0,36,59,,
T,2026-04-14 13:49:46,53.46752667,-2.2345,1.6,83.8,,0.855,349.0,35,59,,
T,2026-04-14 13:49:47,53.46753833,-2.23451,1.6,83.9,,0.949,335.0,34,59,,
T,2026-04-14 13:49:48,53.467555,-2.23451667,1.7,84.1,,1.015,346.0,35,59,,
T,2026-04-14 13:49:49,53.46756667,-2.23451833,1.7,84.3,,1.06,348.0,35,59,,
T,2026-04-14 13:49:50,53.46757333,-2.234525,1.7,84.4,,1.079,347.0,35,59,,
T,2026-04-14 13:49:51,53.46758,-2.23454,1.7,84.5,,1.084,323.0,36,59,,
T,2026-04-14 13:49:52,53.46758833,-2.234555,1.7,84.5,,1.153,324.0,35,59,,
T,2026-04-14 13:49:53,53.46759667,-2.23456833,1.7,84.8,,1.196,330.0,34,59,,
T,2026-04-14 13:49:54,53.46760333,-2.23458333,1.7,84.8,,1.221,331.0,35,59,,
T,2026-04-14 13:49:55,53.46761,-2.23459833,1.7,84.6,,1.236,326.0,36,59,,
T,2026-04-14 13:49:56,53.46761833,-2.234615,1.7,84.5,,1.245,343.0,35,59,,
T,2026-04-14 13:49:57,53.46762833,-2.23463,1.6,84.5,,1.241,355.0,35,59,,
T,2026-04-14 13:49:58,53.46764,-2.234645,1.6,84.4,,1.257,353.0,36,59,,
T,2026-04-14 13:49:59,53.46764667,-2.23465333,1.6,84.4,,1.222,352.0,35,59,,
T,2026-04-14 13:50:00,53.46764833,-2.234665,1.6,84.5,,1.156,336.0,37,59,,
T,2026-04-14 13:50:01,53.46764667,-2.23466667,1.6,84.7,,1.067,335.0,36,59,,
T,2026-04-14 13:50:02,53.467645,-2.23467333,1.6,84.7,,0.914,320.0,37,59,,
T,2026-04-14 13:50:03,53.467645,-2.23467167,1.5,84.8,,0.817,320.0,36,59,,
T,2026-04-14 13:50:04,53.46764333,-2.23467,1.5,84.9,,0.721,290.0,36,59,,
T,2026-04-14 13:50:05,53.46764167,-2.234665,1.5,85.0,,0.606,290.0,35,59,,
T,2026-04-14 13:50:06,53.46764,-2.23466167,1.5,85.1,,0.499,290.0,36,60,,
T,2026-04-14 13:50:07,53.46763833,-2.23465667,1.5,85.1,,0.0,,37,60,,
T,2026-04-14 13:50:08,53.46763667,-2.23465833,1.5,85.1,,0.0,,37,60,,
T,2026-04-14 13:50:09,53.467635,-2.23465833,1.5,85.2,,0.0,,37,60,,
T,2026-04-14 13:50:10,53.467635,-2.23465833,1.5,85.2,,0.0,,37,60,,
T,2026-04-14 13:50:11,53.467635,-2.23465833,1.5,85.2,,0.0,,35,60,,
T,2026-04-14 13:50:12,53.467635,-2.23465833,1.5,85.2,,0.0,,36,60,,
T,2026-04-14 13:50:13,53.467635,-2.23465833,1.5,85.2,,0.0,,35,60,,
T,2026-04-14 13:50:14,53.467635,-2.23465833,1.5,85.2,,0.0,,36,60,,
T,2026-04-14 13:50:15,53.467635,-2.23465833,1.5,85.2,,0.0,,37,60,,
T,2026-04-14 13:50:16,53.467635,-2.23465833,1.5,85.2,,0.0,,37,60,,
T,2026-04-14 13:50:17,53.467635,-2.23465833,1.4,85.2,,0.0,,37,60,,
T,2026-04-14 13:50:18,53.467635,-2.23465833,1.4,85.2,,0.0,,36,60,,
T,2026-04-14 13:50:19,53.467635,-2.23465833,1.4,85.2,,0.0,,35,60,,
T,2026-04-14 13:50:20,53.467635,-2.23465833,1.4,85.2,,0.0,,35,60,,
T,2026-04-14 13:50:21,53.467635,-2.23465833,1.4,85.2,,0.0,,35,60,,
T,2026-04-14 13:50:22,53.467635,-2.23465833,1.4,85.2,,0.0,,36,60,,
T,2026-04-14 13:50:23,53.467635,-2.23465833,1.4,85.2,,0.0,,37,60,,
T,2026-04-14 13:50:24,53.467635,-2.23465833,1.4,85.2,,0.0,,36,60,,
T,2026-04-14 13:50:25,53.467635,-2.23465833,1.4,85.2,,0.0,,36,60,,
T,2026-04-14 13:50:26,53.467635,-2.23465833,1.5,85.2,,0.0,,36,60,,
T,2026-04-14 13:50:27,53.467645,-2.23468,1.5,84.1,,0.131,1.0,36,60,,
T,2026-04-14 13:50:28,53.46765,-2.23468333,1.5,84.1,,0.165,344.0,37,60,,
T,2026-04-14 13:50:29,53.46765667,-2.23469,1.5,84.2,,0.223,332.0,38,60,,
T,2026-04-14 13:50:30,53.46766167,-2.23468667,1.5,84.4,,0.289,19.0,38,60,,
T,2026-04-14 13:50:31,53.46767167,-2.23468333,1.5,84.5,,0.38,357.0,38,60,,
T,2026-04-14 13:50:32,53.467685,-2.23468667,1.5,84.6,,0.463,350.0,38,60,,
T,2026-04-14 13:50:33,53.46769667,-2.23469333,1.5,84.7,,0.525,350.0,39,60,,
T,2026-04-14 13:50:34,53.4677,-2.2347,1.5,84.9,,0.538,338.0,39,60,,
T,2026-04-14 13:50:35,53.467705,-2.23470833,1.5,84.9,,0.539,318.0,39,60,,
T,2026-04-14 13:50:36,53.46771333,-2.23472167,1.4,85.0,,0.554,330.0,39,60,,
T,2026-04-14 13:50:37,53.46772333,-2.23473333,1.4,85.2,,0.601,328.0,39,60,,
T,2026-04-14 13:50:38,53.467735,-2.23474833,1.4,85.2,,0.654,326.0,39,60,,
T,2026-04-14 13:50:39,53.46774667,-2.23476167,1.4,85.4,,0.7,336.0,38,60,,
T,2026-04-14 13:50:40,53.46775833,-2.23477667,1.4,85.5,,0.761,335.0,38,60,,
T,2026-04-14 13:50:41,53.46777,-2.23479167,1.4,85.6,,0.811,335.0,38,60,,
T,2026-04-14 13:50:42,53.46778333,-2.23480667,1.4,85.8,,0.896,335.0,39,60,,
T,2026-04-14 13:50:43,53.46779333,-2.23481667,1.4,85.8,,0.946,334.0,39,60,,
T,2026-04-14 13:50:44,53.467805,-2.23482667,1.4,86.0,,1.034,332.0,38,60,,
T,2026-04-14 13:50:45,53.467815,-2.23483333,1.4,86.0,,1.134,333.0,39,60,,
T,2026-04-14 13:50:46,53.46782167,-2.23484333,1.4,86.2,,1.185,336.0,39,60,,
T,2026-04-14 13:50:47,53.46782833,-2.23484833,1.4,86.3,,1.168,335.0,40,60,,
T,2026-04-14 13:50:48,53.467835,-2.23485167,1.4,86.6,,1.134,334.0,38,60,,
T,2026-04-14 13:50:49,53.46783833,-2.23485667,1.4,86.9,,1.076,337.0,38,60,,
T,2026-04-14 13:50:50,53.467845,-2.23486667,1.4,87.0,,0.997,338.0,40,60,,
T,2026-04-14 13:50:51,53.46785167,-2.23487667,1.4,87.1,,0.92,333.0,39,60,,
T,2026-04-14 13:50:52,53.46786167,-2.23488833,1.4,87.1,,0.827,329.0,40,60,,
T,2026-04-14 13:50:53,53.46787167,-2.23489667,1.4,87.1,,0.804,329.0,39,60,,
T,2026-04-14 13:50:54,53.46788167,-2.23490667,1.4,87.1,,0.798,329.0,39,60,,
T,2026-04-14 13:50:55,53.46789333,-2.23491667,1.4,87.2,,0.835,330.0,39,60,,
T,2026-04-14 13:50:56,53.46790667,-2.234925,1.4,86.9,,0.887,332.0,39,60,,
T,2026-04-14 13:50:57,53.46792167,-2.23493667,1.4,86.8,,1.019,334.0,39,60,,
T,2026-04-14 13:50:58,53.46794,-2.23495333,1.5,86.5,,1.17,332.0,39,60,,
T,2026-04-14 13:50:59,53.46795667,-2.23497,1.5,86.3,,1.291,330.0,39,60,,
T,2026-04-14 13:51:00,53.46797,-2.23498833,1.5,86.1,,1.38,330.0,39,60,,
T,2026-04-14 13:51:01,53.46798,-2.23501,1.6,86.0,,1.491,310.0,39,60,,
T,2026-04-14 13:51:02,53.46798667,-2.23504333,1.8,85.9,,1.52,284.0,39,60,,
T,2026-04-14 13:51:03,53.46798833,-2.23508,2.0,86.1,,1.512,323.0,39,60,,
T,2026-04-14 13:51:04,53.46798167,-2.23511,1.8,85.9,,1.484,329.0,38,60,,
T,2026-04-14 13:51:05,53.467985,-2.235125,1.7,85.6,,1.405,322.0,38,60,,
T,2026-04-14 13:51:06,53.46799167,-2.23514833,1.7,85.8,,1.383,330.0,38,60,,
T,2026-04-14 13:51:07,53.468,-2.23517,1.6,85.8,,1.359,321.0,38,60,,
T,2026-04-14 13:51:08,53.46801,-2.23519333,1.6,86.1,,1.287,331.0,40,60,,
T,2026-04-14 13:51:09,53.46802167,-2.23520333,1.5,86.4,,1.245,327.0,40,60,,
T,2026-04-14 13:51:10,53.46803167,-2.23522167,1.5,86.5,,1.245,321.0,41,60,,
T,2026-04-14 13:51:11,53.46804167,-2.235235,1.5,86.5,,1.177,322.0,40,60,,
T,2026-04-14 13:51:12,53.46805,-2.23524833,1.4,86.5,,1.18,324.0,40,60,,
T,2026-04-14 13:51:13,53.46806,-2.23525667,1.5,86.4,,1.214,335.0,39,60,,
T,2026-04-14 13:51:14,53.468065,-2.235275,1.5,86.4,,1.252,334.0,39,60,,
T,2026-04-14 13:51:15,53.46807167,-2.23529167,1.6,86.4,,1.265,339.0,39,60,,
T,2026-04-14 13:51:16,53.46807667,-2.23531167,1.5,86.5,,1.253,343.0,39,60,,
T,2026-04-14 13:51:17,53.468085,-2.23533167,1.5,86.5,,1.21,344.0,39,60,,
T,2026-04-14 13:51:18,53.46809833,-2.235345,1.5,86.4,,1.203,345.0,39,60,,
T,2026-04-14 13:51:19,53.468105,-2.23535833,1.5,86.2,,1.205,344.0,39,60,,
T,2026-04-14 13:51:20,53.46811667,-2.23536667,1.5,86.2,,1.211,344.0,39,60,,
T,2026-04-14 13:51:21,53.46812167,-2.23538167,1.6,85.6,,1.229,347.0,39,60,,
T,2026-04-14 13:51:22,53.46813,-2.23539667,1.5,85.5,,1.246,351.0,39,60,,
T,2026-04-14 13:51:23,53.46813333,-2.23541,1.6,85.1,,1.235,351.0,39,60,,
T,2026-04-14 13:51:24,53.46813833,-2.23542667,1.6,85.0,,1.232,352.0,40,60,,
T,2026-04-14 13:51:25,53.468145,-2.23544667,1.7,84.8,,1.257,328.0,39,60,,
T,2026-04-14 13:51:26,53.46815,-2.23546833,1.7,84.8,,1.271,314.0,39,60,,
T,2026-04-14 13:51:27,53.46816333,-2.23548167,1.6,84.4,,1.279,313.0,39,60,,
T,2026-04-14 13:51:28,53.46817,-2.235495,1.6,84.3,,1.283,320.0,39,60,,
T,2026-04-14 13:51:29,53.46817833,-2.23550833,1.6,84.2,,1.271,322.0,38,60,,
T,2026-04-14 13:51:30,53.468185,-2.23552667,1.6,84.2,,1.248,320.0,39,60,,
T,2026-04-14 13:51:31,53.468195,-2.23553833,1.5,84.0,,1.243,319.0,39,60,,
T,2026-04-14 13:51:32,53.46820333,-2.23554667,1.5,83.9,,1.202,321.0,39,60,,
T,2026-04-14 13:51:33,53.46821167,-2.23555333,1.5,83.5,,1.208,333.0,39,60,,
T,2026-04-14 13:51:34,53.46822167,-2.23556,1.5,83.2,,1.196,340.0,39,60,,
T,2026-04-14 13:51:35,53.46823167,-2.23556833,1.5,82.9,,1.164,340.0,39,60,,
T,2026-04-14 13:51:36,53.46824,-2.23557667,1.5,82.8,,1.148,340.0,40,60,,
T,2026-04-14 13:51:37,53.46825,-2.23558333,1.5,82.7,,1.13,338.0,39,60,,
T,2026-04-14 13:51:38,53.468265,-2.23558333,1.5,82.4,,1.114,333.0,39,60,,
T,2026-04-14 13:51:39,53.46828,-2.23558167,1.5,82.2,,1.134,331.0,39,60,,
T,2026-04-14 13:51:40,53.46829667,-2.23558167,1.5,81.9,,1.13,334.0,38,60,,
T,2026-04-14 13:51:41,53.46831833,-2.23557,1.5,82.1,,1.097,337.0,38,60,,
T,2026-04-14 13:51:42,53.46834167,-2.23555333,1.5,82.4,,1.096,344.0,39,60,,
T,2026-04-14 13:51:43,53.46835667,-2.23554833,1.5,82.8,,1.107,348.0,38,60,,
T,2026-04-14 13:51:44,53.46837333,-2.235535,1.5,83.4,,1.126,349.0,39,60,,
T,2026-04-14 13:51:45,53.46839,-2.23552667,1.6,83.9,,1.162,348.0,39,60,,
T,2026-04-14 13:51:46,53.46840667,-2.23551667,1.6,84.3,,1.199,338.0,39,60,,
T,2026-04-14 13:51:47,53.46842167,-2.235505,1.6,84.7,,1.2,335.0,40,60,,
T,2026-04-14 13:51:48,53.468435,-2.23549,1.5,85.0,,1.203,337.0,39,60,,
T,2026-04-14 13:51:49,53.46844667,-2.23547667,1.5,85.3,,1.166,335.0,40,60,,
T,2026-04-14 13:51:50,53.46845333,-2.23548167,1.4,85.5,,1.141,334.0,39,60,,
T,2026-04-14 13:51:51,53.46845333,-2.235485,1.4,85.8,,1.106,334.0,39,60,,
T,2026-04-14 13:51:52,53.46846,-2.23547333,1.5,86.0,,1.064,337.0,40,60,,
T,2026-04-14 13:51:53,53.46846667,-2.23546167,1.5,86.2,,0.987,344.0,40,60,,
T,2026-04-14 13:51:54,53.468475,-2.23545333,1.4,86.4,,0.902,354.0,40,60,,
T,2026-04-14 13:51:55,53.46847667,-2.23544667,1.4,86.5,,0.796,355.0,40,60,,
T,2026-04-14 13:51:56,53.46848,-2.23544,1.4,86.6,,0.667,356.0,39,60,,
T,2026-04-14 13:51:57,53.46848167,-2.23543333,1.4,86.7,,0.569,358.0,39,60,,
T,2026-04-14 13:51:58,53.46848333,-2.23542667,1.4,86.8,,0.459,1.0,39,60,,
T,2026-04-14 13:51:59,53.46848333,-2.23542333,1.4,87.0,,0.0,,39,60,,
T,2026-04-14 13:52:00,53.46848167,-2.23542333,1.3,87.2,,0.0,,41,60,,
T,2026-04-14 13:52:01,53.468485,-2.23542,1.3,87.4,,0.0,,39,60,,
T,2026-04-14 13:52:02,53.468485,-2.23542,1.4,87.4,,0.0,,39,59,,
T,2026-04-14 13:52:03,53.468485,-2.23542,1.4,87.4,,0.0,,39,59,,
T,2026-04-14 13:52:04,53.468485,-2.23542,1.4,87.4,,0.0,,39,59,,
T,2026-04-14 13:52:05,53.468485,-2.23542,1.3,87.4,,0.0,,37,59,,
T,2026-04-14 13:52:06,53.468485,-2.23542,1.3,87.4,,0.0,,39,59,,
T,2026-04-14 13:52:07,53.468485,-2.23542,1.3,87.4,,0.0,,39,59,,
T,2026-04-14 13:52:08,53.468485,-2.23542,1.3,87.4,,0.0,,39,59,,
T,2026-04-14 13:52:09,53.468485,-2.23542,1.3,87.4,,0.0,,39,59,,
T,2026-04-14 13:52:10,53.468485,-2.23542,1.3,87.4,,0.0,,40,59,,
T,2026-04-14 13:52:11,53.468485,-2.23542,1.3,87.4,,0.0,,40,59,,
T,2026-04-14 13:52:12,53.468485,-2.23542,1.3,87.4,,0.0,,39,59,,
T,2026-04-14 13:52:13,53.468485,-2.23542,1.3,87.4,,0.0,,39,59,,
T,2026-04-14 13:52:14,53.468485,-2.23542,1.3,87.4,,0.0,,40,59,,
T,2026-04-14 13:52:15,53.468485,-2.23542,1.3,87.4,,0.0,,40,59,,
T,2026-04-14 13:52:16,53.468485,-2.23542,1.3,87.4,,0.0,,40,59,,
T,2026-04-14 13:52:17,53.468485,-2.23542,1.4,87.4,,0.0,,40,59,,
T,2026-04-14 13:52:18,53.468505,-2.23540667,1.4,88.8,,0.277,317.0,40,59,,
T,2026-04-14 13:52:19,53.46851833,-2.23541833,1.4,88.8,,0.393,324.0,40,59,,
T,2026-04-14 13:52:20,53.46853,-2.23543333,1.4,88.8,,0.541,321.0,40,59,,
T,2026-04-14 13:52:21,53.46854333,-2.23544667,1.4,88.7,,0.683,320.0,39,60,,
T,2026-04-14 13:52:22,53.46855333,-2.23546,1.4,88.4,,0.807,314.0,38,60,,
T,2026-04-14 13:52:23,53.468565,-2.23547,1.4,88.2,,0.92,311.0,39,60,,
T,2026-04-14 13:52:24,53.46857667,-2.23548167,1.4,88.0,,1.047,309.0,40,60,,
T,2026-04-14 13:52:25,53.46858667,-2.23549333,1.3,88.0,,1.163,308.0,39,60,,
T,2026-04-14 13:52:26,53.468595,-2.23550667,1.3,88.0,,1.251,313.0,38,60,,
T,2026-04-14 13:52:27,53.468605,-2.235515,1.4,88.1,,1.296,319.0,38,60,,
T,2026-04-14 13:52:28,53.46861167,-2.23552833,1.4,88.1,,1.316,326.0,39,60,,
T,2026-04-14 13:52:29,53.46861833,-2.23554167,1.4,88.2,,1.334,331.0,39,60,,
T,2026-04-14 13:52:30,53.46862833,-2.235555,1.5,88.3,,1.317,325.0,38,60,,
T,2026-04-14 13:52:31,53.468635,-2.23556833,1.5,88.6,,1.293,321.0,37,60,,
T,2026-04-14 13:52:32,53.46864,-2.23558167,1.5,88.9,,1.263,322.0,36,60,,
T,2026-04-14 13:52:33,53.46864333,-2.235595,1.5,89.4,,1.235,322.0,38,60,,
T,2026-04-14 13:52:34,53.46865167,-2.23560667,1.5,89.9,,1.209,325.0,38,60,,
T,2026-04-14 13:52:35,53.46866333,-2.23561167,1.5,90.3,,1.188,326.0,39,60,,
T,2026-04-14 13:52:36,53.468675,-2.235625,1.6,90.5,,1.196,334.0,39,60,,
T,2026-04-14 13:52:37,53.46868833,-2.235635,1.6,90.6,,1.206,333.0,39,60,,
T,2026-04-14 13:52:38,53.46870333,-2.23564833,1.6,90.7,,1.219,333.0,39,60,,
T,2026-04-14 13:52:39,53.46871833,-2.235655,1.7,90.7,,1.208,335.0,39,60,,
T,2026-04-14 13:52:40,53.46873,-2.23566333,1.7,90.6,,1.203,336.0,39,60,,
T,2026-04-14 13:52:41,53.468745,-2.23567333,1.7,90.3,,1.232,335.0,39,60,,
T,2026-04-14 13:52:42,53.46875833,-2.23568833,1.7,90.0,,1.28,335.0,39,60,,
T,2026-04-14 13:52:43,53.46877,-2.23570167,1.7,89.6,,1.328,337.0,38,60,,
T,2026-04-14 13:52:44,53.46878167,-2.23571,1.7,89.3,,1.346,335.0,37,60,,
T,2026-04-14 13:52:45,53.46879,-2.23572,1.7,89.3,,1.363,335.0,37,60,,
T,2026-04-14 13:52:46,53.46880167,-2.23573333,1.7,89.3,,1.367,335.0,36,60,,
T,2026-04-14 13:52:47,53.468815,-2.23574333,1.7,89.4,,1.328,332.0,37,60,,
T,2026-04-14 13:52:48,53.46882333,-2.235755,1.7,89.5,,1.311,336.0,38,60,,
T,2026-04-14 13:52:49,53.46883167,-2.23576667,1.7,89.3,,1.305,336.0,37,60,,
T,2026-04-14 13:52:50,53.46884167,-2.23577667,1.6,89.3,,1.305,337.0,37,60,,
T,2026-04-14 13:52:51,53.46885333,-2.23578333,1.7,89.2,,1.299,342.0,37,60,,
T,2026-04-14 13:52:52,53.46886333,-2.23579333,1.8,89.2,,1.305,338.0,37,60,,
T,2026-04-14 13:52:53,53.46887167,-2.235805,1.8,89.3,,1.294,346.0,36,60,,
T,2026-04-14 13:52:54,53.46888333,-2.23581167,1.8,89.2,,1.306,347.0,36,60,,
T,2026-04-14 13:52:55,53.46889333,-2.23581833,1.8,89.1,,1.315,344.0,35,60,,
T,2026-04-14 13:52:56,53.46890333,-2.23582833,1.8,89.0,,1.306,344.0,37,60,,
T,2026-04-14 13:52:57,53.46891333,-2.23584,1.7,88.9,,1.336,327.0,37,60,,
T,2026-04-14 13:52:58,53.46892333,-2.23586,1.7,88.6,,1.341,321.0,36,60,,
T,2026-04-14 13:52:59,53.46893333,-2.23587,1.7,88.3,,1.348,323.0,36,60,,
T,2026-04-14 13:53:00,53.468945,-2.23587333,1.6,88.5,,1.325,324.0,36,60,,
T,2026-04-14 13:53:01,53.468955,-2.23588333,1.6,88.7,,1.3,324.0,36,60,,
T,2026-04-14 13:53:02,53.468965,-2.23589667,1.5,89.0,,1.272,322.0,37,60,,
T,2026-04-14 13:53:03,53.46897667,-2.23590667,1.4,89.2,,1.281,323.0,37,60,,
T,2026-04-14 13:53:04,53.46898833,-2.235915,1.4,89.3,,1.291,327.0,37,60,,
T,2026-04-14 13:53:05,53.46900167,-2.23592333,1.4,89.2,,1.295,329.0,38,60,,
T,2026-04-14 13:53:06,53.46901333,-2.23592667,1.4,89.0,,1.312,331.0,37,60,,
T,2026-04-14 13:53:07,53.46902667,-2.23593333,1.4,89.0,,1.321,341.0,37,60,,
T,2026-04-14 13:53:08,53.469035,-2.23594,1.4,89.1,,1.324,335.0,38,60,,
T,2026-04-14 13:53:09,53.46904333,-2.23594833,1.4,89.1,,1.307,330.0,38,60,,
T,2026-04-14 13:53:10,53.46905167,-2.23596,1.3,88.9,,1.298,330.0,39,60,,
T,2026-04-14 13:53:11,53.46906333,-2.23596667,1.4,89.1,,1.305,330.0,38,60,,
T,2026-04-14 13:53:12,53.46907333,-2.23598,1.4,88.9,,1.318,324.0,38,60,,
T,2026-04-14 13:53:13,53.46908167,-2.23599333,1.4,89.0,,1.273,336.0,38,60,,
T,2026-04-14 13:53:14,53.46909,-2.23600167,1.4,89.0,,1.226,337.0,38,60,,
T,2026-04-14 13:53:15,53.46909833,-2.23601,1.4,89.1,,1.152,354.0,39,60,,
T,2026-04-14 13:53:16,53.469105,-2.23601333,1.5,89.1,,1.077,356.0,38,60,,
T,2026-04-14 13:53:17,53.46910833,-2.23601,1.5,89.1,,0.981,356.0,38,60,,
T,2026-04-14 13:53:18,53.46911,-2.23601,1.5,89.1,,0.888,357.0,39,60,,
T,2026-04-14 13:53:19,53.46911167,-2.23601333,1.5,89.0,,0.808,358.0,39,60,,
T,2026-04-14 13:53:20,53.46911333,-2.23601333,1.5,89.0,,0.729,357.0,39,60,,
T,2026-04-14 13:53:21,53.46911333,-2.23601333,1.5,88.9,,0.619,358.0,39,60,,
T,2026-04-14 13:53:22,53.46911167,-2.236015,1.5,88.8,,0.486,0.0,38,60,,
T,2026-04-14 13:53:23,53.46911167,-2.23601667,1.5,88.7,,0.411,0.0,38,60,,
T,2026-04-14 13:53:24,53.46911167,-2.23601333,1.5,88.7,,0.0,,37,60,,
T,2026-04-14 13:53:25,53.46911167,-2.23601167,1.5,88.6,,0.0,,38,60,,
T,2026-04-14 13:53:26,53.46911333,-2.23601,1.5,88.5,,0.0,,38,60,,
T,2026-04-14 13:53:27,53.46911333,-2.23601,1.5,88.5,,0.0,,39,60,,
T,2026-04-14 13:53:28,53.46911333,-2.23601,1.5,88.5,,0.0,,39,60,,
T,2026-04-14 13:53:29,53.46911333,-2.23601,1.5,88.5,,0.0,,38,60,,
T,2026-04-14 13:53:30,53.46911333,-2.23601,1.5,88.5,,0.0,,37,60,,
T,2026-04-14 13:53:31,53.46911333,-2.23601,1.5,88.5,,0.0,,38,60,,
T,2026-04-14 13:53:32,53.46911333,-2.23601,1.5,88.5,,0.0,,39,60,,
T,2026-04-14 13:53:33,53.46911333,-2.23601,1.6,88.5,,0.0,,38,60,,
T,2026-04-14 13:53:34,53.46911333,-2.23601,1.6,88.5,,0.0,,39,60,,
T,2026-04-14 13:53:35,53.46911333,-2.23601,1.5,88.5,,0.0,,38,60,,
T,2026-04-14 13:53:36,53.46911333,-2.23601,1.5,88.5,,0.0,,38,60,,
T,2026-04-14 13:53:37,53.46911333,-2.23601,1.5,88.5,,0.0,,39,60,,
T,2026-04-14 13:53:38,53.46911333,-2.23601,1.5,88.5,,0.0,,39,60,,
T,2026-04-14 13:53:39,53.46911333,-2.23601,1.5,88.5,,0.0,,37,59,,
T,2026-04-14 13:53:40,53.46911333,-2.23601,1.5,88.5,,0.0,,37,59,,
T,2026-04-14 13:53:41,53.46911333,-2.23601,1.5,88.5,,0.0,,37,59,,
T,2026-04-14 13:53:42,53.46911333,-2.23601,1.5,88.5,,0.0,,37,59,,
T,2026-04-14 13:53:43,53.46911333,-2.23601,1.5,88.5,,0.0,,37,59,,
T,2026-04-14 13:53:44,53.46911333,-2.23601,1.5,88.5,,0.0,,37,59,,
T,2026-04-14 13:53:45,53.46911333,-2.23601,1.4,88.5,,0.0,,37,59,,
T,2026-04-14 13:53:46,53.46911333,-2.23601,1.4,88.5,,0.0,,39,59,,
T,2026-04-14 13:53:47,53.46911333,-2.23601,1.4,88.5,,0.0,,39,59,,
T,2026-04-14 13:53:48,53.46911333,-2.23601,1.4,88.5,,0.0,,39,59,,
T,2026-04-14 13:53:49,53.46911333,-2.23601,1.4,88.5,,0.0,,39,59,,
T,2026-04-14 13:53:50,53.46912167,-2.23601167,1.5,88.4,,0.188,333.0,39,59,,
T,2026-04-14 13:53:51,53.46912833,-2.23601833,1.5,88.4,,0.271,328.0,39,59,,
T,2026-04-14 13:53:52,53.46913667,-2.23602333,1.5,88.4,,0.363,337.0,38,59,,
T,2026-04-14 13:53:53,53.46914667,-2.23602833,1.5,88.3,,0.485,322.0,38,59,,
T,2026-04-14 13:53:54,53.46915833,-2.23603333,1.5,88.2,,0.593,336.0,37,59,,
T,2026-04-14 13:53:55,53.46916833,-2.23603667,1.5,88.2,,0.718,327.0,39,59,,
T,2026-04-14 13:53:56,53.46918,-2.23604167,1.6,87.9,,0.832,333.0,39,59,,
T,2026-04-14 13:53:57,53.46919,-2.23604667,1.6,87.9,,0.935,335.0,38,59,,
T,2026-04-14 13:53:58,53.46920167,-2.23605,1.6,87.7,,1.034,339.0,39,59,,
T,2026-04-14 13:53:59,53.46921167,-2.23605833,1.7,87.7,,1.077,337.0,40,59,,
T,2026-04-14 13:54:00,53.46922333,-2.236065,1.7,87.5,,1.111,336.0,38,59,,
T,2026-04-14 13:54:01,53.469235,-2.236075,1.7,87.3,,1.134,339.0,38,59,,
T,2026-04-14 13:54:02,53.46925,-2.23608667,1.8,86.9,,1.123,337.0,40,59,,
T,2026-04-14 13:54:03,53.46926333,-2.23609667,1.8,86.6,,1.126,334.0,39,59,,
T,2026-04-14 13:54:04,53.469275,-2.23610667,1.8,86.4,,1.147,335.0,39,59,,
T,2026-04-14 13:54:05,53.469285,-2.23611667,1.8,86.4,,1.139,335.0,39,59,,
T,2026-04-14 13:54:06,53.46929167,-2.23612833,1.7,86.5,,1.145,333.0,40,59,,
T,2026-04-14 13:54:07,53.46930333,-2.23613833,1.8,86.6,,1.184,330.0,38,59,,
T,2026-04-14 13:54:08,53.46931167,-2.23614333,1.7,86.5,,1.194,332.0,39,59,,
T,2026-04-14 13:54:09,53.46932167,-2.23614833,1.7,86.4,,1.221,343.0,40,59,,
T,2026-04-14 13:54:10,53.46933167,-2.236155,1.8,86.2,,1.247,343.0,41,59,,
T,2026-04-14 13:54:11,53.46934,-2.23616333,1.8,86.0,,1.233,341.0,41,59,,
T,2026-04-14 13:54:12,53.46934667,-2.23616833,1.8,85.8,,1.256,342.0,41,59,,
T,2026-04-14 13:54:13,53.46935667,-2.23617667,1.7,85.7,,1.243,345.0,41,59,,
T,2026-04-14 13:54:14,53.46936833,-2.236185,1.7,85.7,,1.238,342.0,40,59,,
T,2026-04-14 13:54:15,53.46937833,-2.23619167,1.7,85.8,,1.228,342.0,40,59,,
T,2026-04-14 13:54:16,53.469385,-2.23620333,1.7,86.0,,1.209,344.0,39,59,,
T,2026-04-14 13:54:17,53.469395,-2.236205,1.8,85.9,,1.193,346.0,39,59,,
T,2026-04-14 13:54:18,53.46940333,-2.236215,1.8,85.7,,1.207,349.0,39,59,,
T,2026-04-14 13:54:19,53.46941833,-2.23622333,1.8,85.6,,1.227,348.0,38,59,,
T,2026-04-14 13:54:20,53.46942833,-2.23622833,1.8,85.3,,1.245,348.0,38,59,,
T,2026-04-14 13:54:21,53.46944167,-2.23623333,1.8,85.3,,1.283,343.0,38,59,,
T,2026-04-14 13:54:22,53.469455,-2.23623667,1.8,85.3,,1.285,339.0,39,59,,
T,2026-04-14 13:54:23,53.46946833,-2.23624667,1.8,85.1,,1.322,339.0,39,59,,
T,2026-04-14 13:54:24,53.46948333,-2.23625667,1.8,85.0,,1.334,341.0,39,59,,
T,2026-04-14 13:54:25,53.469495,-2.236265,1.8,84.9,,1.349,343.0,38,59,,
T,2026-04-14 13:54:26,53.46950667,-2.23627167,1.8,84.7,,1.396,345.0,38,59,,
T,2026-04-14 13:54:27,53.46951333,-2.23629,1.7,84.7,,1.39,343.0,38,59,,
T,2026-04-14 13:54:28,53.46952,-2.236295,1.7,84.7,,1.37,343.0,39,59,,
T,2026-04-14 13:54:29,53.46953,-2.23630833,1.7,84.6,,1.346,341.0,39,59,,
T,2026-04-14 13:54:30,53.46953833,-2.23632333,1.7,84.5,,1.325,340.0,39,59,,
T,2026-04-14 13:54:31,53.46954667,-2.23633833,1.6,84.6,,1.314,337.0,39,59,,
T,2026-04-14 13:54:32,53.46955167,-2.23635833,1.5,84.7,,1.304,330.0,39,59,,
T,2026-04-14 13:54:33,53.46955667,-2.23638167,1.5,84.8,,1.26,317.0,39,58,,
T,2026-04-14 13:54:34,53.46956167,-2.23640167,1.5,84.9,,1.222,312.0,39,58,,
T,2026-04-14 13:54:35,53.46957,-2.23641667,1.4,85.2,,1.215,318.0,39,58,,
T,2026-04-14 13:54:36,53.46958,-2.23643,1.4,85.4,,1.175,322.0,40,58,,
T,2026-04-14 13:54:37,53.46959,-2.23644667,1.4,85.8,,1.18,324.0,40,58,,
T,2026-04-14 13:54:38,53.46959833,-2.23646333,1.3,86.0,,1.187,325.0,39,58,,
T,2026-04-14 13:54:39,53.46960667,-2.23647833,1.4,86.2,,1.214,321.0,39,58,,
T,2026-04-14 13:54:40,53.469615,-2.23649333,1.4,86.3,,1.224,324.0,39,58,,
T,2026-04-14 13:54:41,53.46962333,-2.23650333,1.4,86.5,,1.242,322.0,39,58,,
T,2026-04-14 13:54:42,53.46963167,-2.23651167,1.4,86.7,,1.255,320.0,39,58,,
T,2026-04-14 13:54:43,53.46964333,-2.23651833,1.4,86.6,,1.279,329.0,38,58,,
T,2026-04-14 13:54:44,53.46965333,-2.236525,1.4,86.7,,1.308,339.0,39,58,,
T,2026-04-14 13:54:45,53.46966,-2.23653667,1.4,86.6,,1.267,349.0,40,58,,
T,2026-04-14 13:54:46,53.46966667,-2.23654667,1.4,86.6,,1.228,348.0,39,58,,
T,2026-04-14 13:54:47,53.46967333,-2.23655167,1.4,86.7,,1.181,351.0,39,58,,
T,2026-04-14 13:54:48,53.46967833,-2.23655833,1.4,86.7,,1.147,343.0,39,58,,
T,2026-04-14 13:54:49,53.46968833,-2.23656667,1.4,86.7,,1.1,331.0,37,58,,
T,2026-04-14 13:54:50,53.46969833,-2.236575,1.4,86.8,,1.081,334.0,39,58,,
T,2026-04-14 13:54:51,53.46971,-2.23658333,1.4,87.0,,1.071,336.0,39,58,,
T,2026-04-14 13:54:52,53.46972167,-2.23659,1.3,87.2,,1.081,338.0,39,58,,
T,2026-04-14 13:54:53,53.46973167,-2.236595,1.4,87.2,,1.064,331.0,38,58,,
T,2026-04-14 13:54:54,53.46974,-2.23660333,1.4,87.2,,1.058,324.0,39,58,,
T,2026-04-14 13:54:55,53.46975,-2.23661333,1.4,87.3,,1.096,325.0,39,58,,
T,2026-04-14 13:54:56,53.46976333,-2.23662833,1.4,87.1,,1.161,326.0,37,58,,
T,2026-04-14 13:54:57,53.469775,-2.23664,1.4,86.8,,1.21,327.0,38,58,,
T,2026-04-14 13:54:58,53.46978667,-2.23665333,1.4,86.6,,1.248,334.0,38,58,,
T,2026-04-14 13:54:59,53.469795,-2.236665,1.4,86.4,,1.277,332.0,39,58,,
T,2026-04-14 13:55:00,53.46980667,-2.236675,1.4,86.0,,1.295,335.0,40,58,,
T,2026-04-14 13:55:01,53.46981667,-2.23668333,1.4,85.6,,1.277,336.0,40,58,,
T,2026-04-14 13:55:02,53.469825,-2.23669333,1.5,85.3,,1.248,335.0,39,58,,
T,2026-04-14 13:55:03,53.469835,-2.236705,1.5,85.1,,1.239,331.0,39,58,,
T,2026-04-14 13:55:04,53.46984167,-2.23671833,1.5,85.1,,1.21,336.0,39,58,,
T,2026-04-14 13:55:05,53.46985167,-2.23672667,1.5,85.0,,1.183,335.0,39,58,,
T,2026-04-14 13:55:06,53.46986,-2.236735,1.5,84.9,,1.151,335.0,39,58,,
T,2026-04-14 13:55:07,53.46987333,-2.23674667,1.6,84.8,,1.136,335.0,38,58,,
T,2026-04-14 13:55:08,53.46988,-2.23676333,1.5,84.7,,1.113,340.0,37,58,,
T,2026-04-14 13:55:09,53.46988667,-2.23678333,1.6,84.6,,1.11,339.0,37,58,,
T,2026-04-14 13:55:10,53.469895,-2.23680667,1.5,84.6,,1.118,333.0,37,58,,
T,2026-04-14 13:55:11,53.46990333,-2.236825,1.6,84.4,,1.13,331.0,37,58,,
T,2026-04-14 13:55:12,53.46991333,-2.23684667,1.7,84.5,,1.153,327.0,36,58,,
T,2026-04-14 13:55:13,53.46992,-2.23686667,1.6,84.7,,1.176,326.0,36,58,,
T,2026-04-14 13:55:14,53.46992667,-2.236885,1.6,84.9,,1.21,325.0,36,58,,
T,2026-04-14 13:55:15,53.469935,-2.236895,1.6,85.1,,1.243,326.0,36,58,,
T,2026-04-14 13:55:16,53.469945,-2.23690333,1.5,85.4,,1.253,325.0,36,58,,
T,2026-04-14 13:55:17,53.46995167,-2.23691667,1.5,85.6,,1.253,329.0,36,58,,
T,2026-04-14 13:55:18,53.46995833,-2.23692667,1.5,85.8,,1.246,328.0,34,58,,
T,2026-04-14 13:55:19,53.469965,-2.23695167,1.6,86.0,,1.25,327.0,37,58,,
T,2026-04-14 13:55:20,53.46997,-2.23698167,1.7,86.0,,1.234,302.0,36,58,,
T,2026-04-14 13:55:21,53.469975,-2.23700667,1.7,86.0,,1.238,311.0,37,58,,
T,2026-04-14 13:55:22,53.46998167,-2.23702833,1.7,86.3,,1.236,312.0,38,58,,
T,2026-04-14 13:55:23,53.46998667,-2.23705333,1.7,86.2,,1.242,312.0,38,58,,
T,2026-04-14 13:55:24,53.46999833,-2.23706167,1.7,86.0,,1.247,313.0,38,58,,
T,2026-04-14 13:55:25,53.47000833,-2.23707167,1.6,85.9,,1.248,327.0,37,58,,
T,2026-04-14 13:55:26,53.47001333,-2.23708833,1.7,86.0,,1.252,332.0,36,58,,
T,2026-04-14 13:55:27,53.47002667,-2.23709667,1.6,85.9,,1.267,334.0,36,58,,
T,2026-04-14 13:55:28,53.47003833,-2.23710333,1.6,86.0,,1.273,333.0,35,58,,
T,2026-04-14 13:55:29,53.47005,-2.23711333,1.5,86.0,,1.271,331.0,35,58,,
T,2026-04-14 13:55:30,53.47006167,-2.23712167,1.5,85.8,,1.289,331.0,35,58,,
T,2026-04-14 13:55:31,53.47007167,-2.23713,1.5,85.5,,1.273,330.0,36,58,,
T,2026-04-14 13:55:32,53.47008167,-2.23713,1.5,85.3,,1.235,328.0,36,58,,
T,2026-04-14 13:55:33,53.47009,-2.23713833,1.5,85.2,,1.201,327.0,37,58,,
T,2026-04-14 13:55:34,53.4701,-2.23714,1.5,85.2,,1.127,321.0,37,58,,
T,2026-04-14 13:55:35,53.470105,-2.23713833,1.5,85.1,,1.039,304.0,37,58,,
T,2026-04-14 13:55:36,53.47011,-2.23712833,1.5,84.9,,0.933,285.0,36,58,,
T,2026-04-14 13:55:37,53.47011667,-2.23711333,1.5,84.8,,0.819,273.0,36,58,,
T,2026-04-14 13:55:38,53.47011833,-2.23710333,1.5,84.8,,0.718,263.0,35,58,,
T,2026-04-14 13:55:39,53.47011833,-2.237095,1.4,84.8,,0.599,263.0,36,58,,
T,2026-04-14 13:55:40,53.470125,-2.23708,1.4,84.8,,0.472,263.0,36,58,,
T,2026-04-14 13:55:41,53.470125,-2.23707,1.4,85.1,,0.0,,36,58,,
T,2026-04-14 13:55:42,53.470125,-2.23706667,1.4,85.2,,0.0,,37,58,,
T,2026-04-14 13:55:43,53.470125,-2.23706167,1.4,85.3,,0.0,,37,58,,
T,2026-04-14 13:55:44,53.470125,-2.23706167,1.4,85.3,,0.0,,38,58,,
T,2026-04-14 13:55:45,53.470125,-2.23706167,1.4,85.3,,0.0,,38,58,,
T,2026-04-14 13:55:46,53.470125,-2.23706167,1.4,85.3,,0.0,,38,58,,
T,2026-04-14 13:55:47,53.470125,-2.23706167,1.4,85.3,,0.0,,37,58,,
T,2026-04-14 13:55:48,53.470125,-2.23706167,1.4,85.3,,0.0,,37,58,,
T,2026-04-14 13:55:49,53.470125,-2.23706167,1.4,85.3,,0.0,,35,58,,
T,2026-04-14 13:55:50,53.470125,-2.23706167,1.4,85.3,,0.0,,37,58,,
T,2026-04-14 13:55:51,53.470125,-2.23706167,1.4,85.3,,0.0,,35,58,,
T,2026-04-14 13:55:52,53.470125,-2.23706167,1.4,85.3,,0.0,,35,58,,
T,2026-04-14 13:55:53,53.470125,-2.23706167,1.4,85.3,,0.0,,37,58,,
T,2026-04-14 13:55:54,53.470125,-2.23706167,1.4,85.3,,0.0,,36,58,,
T,2026-04-14 13:55:55,53.470125,-2.23706167,1.4,85.3,,0.0,,37,58,,
T,2026-04-14 13:55:56,53.470125,-2.23706167,1.4,85.3,,0.0,,38,58,,
T,2026-04-14 13:55:57,53.470125,-2.23706167,1.4,85.3,,0.0,,38,58,,
T,2026-04-14 13:55:58,53.470125,-2.23706167,1.4,85.3,,0.0,,39,58,,
T,2026-04-14 13:55:59,53.470125,-2.23706167,1.4,85.3,,0.0,,37,58,,
T,2026-04-14 13:56:00,53.470125,-2.23706167,1.3,85.3,,0.0,,37,58,,
T,2026-04-14 13:56:01,53.470125,-2.23706167,1.3,85.3,,0.0,,38,58,,
T,2026-04-14 13:56:02,53.470125,-2.23706167,1.3,85.3,,0.0,,37,59,,
T,2026-04-14 13:56:03,53.470125,-2.23706167,1.3,85.3,,0.0,,37,59,,
T,2026-04-14 13:56:04,53.470125,-2.23706167,1.3,85.3,,0.0,,37,59,,
T,2026-04-14 13:56:05,53.470125,-2.23706167,1.3,85.3,,0.0,,37,59,,
T,2026-04-14 13:56:06,53.470125,-2.23706167,1.3,85.3,,0.0,,37,59,,
T,2026-04-14 13:56:07,53.470125,-2.23706167,1.4,85.3,,0.0,,36,59,,
T,2026-04-14 13:56:08,53.47014667,-2.237,1.4,88.7,,0.15,288.0,37,59,,
T,2026-04-14 13:56:09,53.47015,-2.23700333,1.4,88.7,,0.0,,38,59,,
T,2026-04-14 13:56:10,53.47015333,-2.237005,1.4,89.0,,0.0,,38,59,,
T,2026-04-14 13:56:11,53.470155,-2.23700667,1.4,89.2,,0.0,,38,59,,
T,2026-04-14 13:56:12,53.470155,-2.23700667,1.3,89.2,,0.0,,37,59,,
T,2026-04-14 13:56:13,53.470155,-2.23700667,1.3,89.2,,0.0,,38,59,,
T,2026-04-14 13:56:14,53.470155,-2.23700667,1.3,89.2,,0.0,,37,59,,
T,2026-04-14 13:56:15,53.470155,-2.23700667,1.3,89.2,,0.0,,38,59,,
T,2026-04-14 13:56:16,53.470155,-2.23700667,1.3,89.2,,0.0,,38,59,,
T,2026-04-14 13:56:17,53.470155,-2.23700667,1.3,89.2,,0.0,,38,59,,
T,2026-04-14 13:56:18,53.470155,-2.23700667,1.3,89.2,,0.0,,38,59,,
T,2026-04-14 13:56:19,53.470155,-2.23700667,1.4,89.2,,0.0,,38,59,,
T,2026-04-14 13:56:20,53.470155,-2.23700667,1.4,89.2,,0.0,,39,59,,
T,2026-04-14 13:56:21,53.470155,-2.23700667,1.3,89.2,,0.0,,40,59,,
T,2026-04-14 13:56:22,53.470155,-2.23700667,1.3,89.2,,0.0,,40,59,,
T,2026-04-14 13:56:23,53.470155,-2.23700667,1.3,89.2,,0.0,,40,59,,
T,2026-04-14 13:56:24,53.470155,-2.23700667,1.3,89.2,,0.0,,40,59,,
T,2026-04-14 13:56:25,53.470155,-2.23700667,1.3,89.2,,0.0,,40,59,,
T,2026-04-14 13:56:26,53.470155,-2.23700667,1.3,89.2,,0.0,,39,59,,
T,2026-04-14 13:56:27,53.470155,-2.23700667,1.3,89.2,,0.0,,38,59,,
T,2026-04-14 13:56:28,53.470155,-2.23700667,1.3,89.2,,0.0,,37,59,,
T,2026-04-14 13:56:29,53.470145,-2.23703167,1.3,89.7,,0.171,234.0,39,59,,
T,2026-04-14 13:56:30,53.47013833,-2.23704167,1.4,89.7,,0.237,237.0,37,59,,
T,2026-04-14 13:56:31,53.47013333,-2.23705333,1.4,89.6,,0.318,239.0,36,59,,
T,2026-04-14 13:56:32,53.47012667,-2.23707,1.4,89.6,,0.406,234.0,36,59,,
T,2026-04-14 13:56:33,53.47011833,-2.23708667,1.5,89.2,,0.492,234.0,36,59,,
T,2026-04-14 13:56:34,53.47010833,-2.23711,1.5,88.7,,0.613,228.0,35,59,,
T,2026-04-14 13:56:35,53.47010333,-2.23713167,1.5,88.8,,0.721,233.0,35,59,,
T,2026-04-14 13:56:36,53.47009833,-2.23715167,1.6,88.9,,0.84,240.0,35,59,,
T,2026-04-14 13:56:37,53.47009,-2.23717333,1.6,89.8,,0.958,238.0,34,59,,
T,2026-04-14 13:56:38,53.47008,-2.23719167,1.5,90.1,,1.068,235.0,34,59,,
T,2026-04-14 13:56:39,53.470075,-2.23721,1.5,90.3,,1.079,231.0,33,59,,
T,2026-04-14 13:56:40,53.47007333,-2.23722167,1.5,90.2,,1.091,248.0,33,59,,
T,2026-04-14 13:56:41,53.47007333,-2.23723333,1.5,90.2,,1.064,256.0,33,59,,
T,2026-04-14 13:56:42,53.47007667,-2.23724167,1.5,90.1,,1.037,265.0,34,59,,
T,2026-04-14 13:56:43,53.47008167,-2.23725167,1.6,90.0,,1.032,272.0,33,59,,
T,2026-04-14 13:56:44,53.47009,-2.23726167,1.5,89.9,,0.989,281.0,35,59,,
T,2026-04-14 13:56:45,53.47009833,-2.23727167,1.5,90.0,,1.028,298.0,36,59,,
T,2026-04-14 13:56:46,53.47011,-2.23728333,1.5,89.9,,1.035,317.0,38,59,,
T,2026-04-14 13:56:47,53.47011833,-2.237295,1.5,89.9,,1.011,329.0,36,59,,
T,2026-04-14 13:56:48,53.47013,-2.23730667,1.6,89.8,,1.0,328.0,36,59,,
T,2026-04-14 13:56:49,53.47014,-2.23731667,1.5,90.1,,1.036,324.0,36,59,,
T,2026-04-14 13:56:50,53.47015,-2.23732667,1.5,90.7,,1.081,320.0,38,59,,
T,2026-04-14 13:56:51,53.47016167,-2.23734167,1.5,91.0,,1.174,317.0,38,59,,
T,2026-04-14 13:56:52,53.47017,-2.237355,1.5,91.2,,1.229,314.0,38,59,,
T,2026-04-14 13:56:53,53.470175,-2.23736833,1.5,91.2,,1.245,316.0,37,59,,
T,2026-04-14 13:56:54,53.470185,-2.23737833,1.4,91.1,,1.295,319.0,37,59,,
T,2026-04-14 13:56:55,53.47019833,-2.23739333,1.4,91.0,,1.284,314.0,39,59,,
T,2026-04-14 13:56:56,53.47020333,-2.23740167,1.4,90.9,,1.287,313.0,37,59,,
T,2026-04-14 13:56:57,53.470215,-2.23740833,1.4,90.8,,1.296,312.0,37,59,,
T,2026-04-14 13:56:58,53.470225,-2.23741667,1.4,90.6,,1.279,323.0,37,59,,
T,2026-04-14 13:56:59,53.470235,-2.237425,1.5,90.5,,1.264,324.0,37,59,,
T,2026-04-14 13:57:00,53.47024333,-2.23743333,1.5,90.6,,1.232,321.0,36,59,,
T,2026-04-14 13:57:01,53.47025,-2.23743833,1.5,90.5,,1.165,326.0,38,59,,
T,2026-04-14 13:57:02,53.47025667,-2.23744833,1.5,90.5,,1.148,334.0,37,59,,
T,2026-04-14 13:57:03,53.47026667,-2.23745667,1.5,90.5,,1.141,331.0,38,59,,
T,2026-04-14 13:57:04,53.47027833,-2.237465,1.5,90.7,,1.139,328.0,38,59,,
T,2026-04-14 13:57:05,53.47028833,-2.237475,1.6,90.7,,1.11,332.0,36,59,,
T,2026-04-14 13:57:06,53.470305,-2.23749333,1.5,90.9,,1.079,344.0,36,59,,
T,2026-04-14 13:57:07,53.47031667,-2.23751,1.6,91.1,,1.061,352.0,36,59,,
T,2026-04-14 13:57:08,53.47033,-2.23752167,1.6,91.4,,1.052,358.0,36,59,,
T,2026-04-14 13:57:09,53.47034167,-2.237535,1.6,91.4,,1.071,357.0,36,59,,
T,2026-04-14 13:57:10,53.47035167,-2.23754167,1.5,91.4,,1.075,353.0,37,59,,
T,2026-04-14 13:57:11,53.470365,-2.23755167,1.5,91.3,,1.12,334.0,37,59,,
T,2026-04-14 13:57:12,53.47037833,-2.23756,1.6,91.2,,1.114,321.0,37,59,,
T,2026-04-14 13:57:13,53.47038833,-2.23756667,1.6,91.3,,1.122,318.0,38,59,,
T,2026-04-14 13:57:14,53.4704,-2.23758,1.6,91.7,,1.094,313.0,38,59,,
T,2026-04-14 13:57:15,53.47041167,-2.23759333,1.6,92.1,,1.074,313.0,36,59,,
T,2026-04-14 13:57:16,53.47043,-2.23760333,1.6,92.3,,1.105,319.0,36,59,,
T,2026-04-14 13:57:17,53.47044333,-2.23761167,1.5,92.4,,1.147,322.0,39,59,,
T,2026-04-14 13:57:18,53.47045,-2.23762,1.6,92.9,,1.135,325.0,38,59,,
T,2026-04-14 13:57:19,53.47045667,-2.23763333,1.6,93.2,,1.113,330.0,37,59,,
T,2026-04-14 13:57:20,53.470465,-2.237645,1.5,93.1,,1.146,334.0,38,59,,
T,2026-04-14 13:57:21,53.47047667,-2.23765333,1.6,92.9,,1.158,335.0,38,59,,
T,2026-04-14 13:57:22,53.47048667,-2.23766333,1.5,92.6,,1.196,331.0,39,59,,
T,2026-04-14 13:57:23,53.47049833,-2.23767167,1.5,92.4,,1.213,325.0,39,59,,
T,2026-04-14 13:57:24,53.47051,-2.23768,1.5,92.3,,1.231,323.0,39,59,,
T,2026-04-14 13:57:25,53.47051833,-2.23769,1.6,92.0,,1.231,329.0,38,59,,
T,2026-04-14 13:57:26,53.47052833,-2.23770167,1.6,91.8,,1.209,330.0,37,59,,
T,2026-04-14 13:57:27,53.47053833,-2.23771333,1.6,91.7,,1.177,317.0,35,59,,
T,2026-04-14 13:57:28,53.47054167,-2.23771833,1.6,91.3,,1.184,316.0,36,59,,
T,2026-04-14 13:57:29,53.47055,-2.23773,1.6,91.1,,1.185,322.0,35,59,,
T,2026-04-14 13:57:30,53.470565,-2.237745,1.6,90.8,,1.182,323.0,36,59,,
T,2026-04-14 13:57:31,53.47057833,-2.23775833,1.6,90.5,,1.174,324.0,37,59,,
T,2026-04-14 13:57:32,53.47059,-2.23776833,1.6,90.3,,1.152,322.0,37,59,,
T,2026-04-14 13:57:33,53.4706,-2.23778,1.5,90.5,,1.146,315.0,37,59,,
T,2026-04-14 13:57:34,53.47061,-2.23778833,1.5,90.4,,1.127,310.0,38,59,,
T,2026-04-14 13:57:35,53.47062,-2.237795,1.5,90.4,,1.131,312.0,37,59,,
T,2026-04-14 13:57:36,53.47062833,-2.23780333,1.5,90.3,,1.132,313.0,37,59,,
T,2026-04-14 13:57:37,53.47063667,-2.23781333,1.5,90.1,,1.117,315.0,37,59,,
T,2026-04-14 13:57:38,53.470645,-2.23782667,1.5,90.0,,1.144,319.0,37,59,,
T,2026-04-14 13:57:39,53.47065667,-2.23783833,1.5,90.1,,1.191,317.0,38,59,,
T,2026-04-14 13:57:40,53.47066833,-2.23784833,1.5,90.2,,1.201,320.0,38,59,,
T,2026-04-14 13:57:41,53.47067833,-2.23785833,1.5,90.2,,1.2,328.0,38,59,,
T,2026-04-14 13:57:42,53.47068833,-2.23786667,1.5,90.2,,1.222,335.0,38,59,,
T,2026-04-14 13:57:43,53.47069667,-2.237875,1.5,90.1,,1.2,324.0,38,59,,
T,2026-04-14 13:57:44,53.47070667,-2.23787833,1.5,90.1,,1.213,328.0,38,59,,
T,2026-04-14 13:57:45,53.47071667,-2.237885,1.5,90.2,,1.218,331.0,38,59,,
T,2026-04-14 13:57:46,53.470725,-2.23789333,1.5,90.1,,1.181,334.0,37,59,,
T,2026-04-14 13:57:47,53.47073167,-2.23790167,1.5,90.1,,1.17,334.0,37,59,,
T,2026-04-14 13:57:48,53.470745,-2.23791167,1.5,90.0,,1.139,334.0,39,59,,
T,2026-04-14 13:57:49,53.47075833,-2.23792167,1.5,89.9,,1.117,334.0,37,59,,
T,2026-04-14 13:57:50,53.47077167,-2.23793,1.5,89.9,,1.093,338.0,39,59,,
T,2026-04-14 13:57:51,53.47078167,-2.23794,1.5,89.7,,1.065,337.0,38,59,,
T,2026-04-14 13:57:52,53.47079,-2.237945,1.5,89.6,,1.039,336.0,36,59,,
T,2026-04-14 13:57:53,53.47080167,-2.23795167,1.5,89.6,,1.094,334.0,36,59,,
T,2026-04-14 13:57:54,53.47081333,-2.23796,1.6,89.6,,1.13,333.0,35,59,,
T,2026-04-14 13:57:55,53.470825,-2.237965,1.5,89.5,,1.152,329.0,36,59,,
T,2026-04-14 13:57:56,53.470835,-2.23797333,1.5,89.0,,1.201,329.0,36,59,,
T,2026-04-14 13:57:57,53.470845,-2.23798,1.5,88.9,,1.249,329.0,36,59,,
T,2026-04-14 13:57:58,53.470855,-2.237985,1.5,88.7,,1.267,329.0,38,59,,
T,2026-04-14 13:57:59,53.470865,-2.23799167,1.5,88.7,,1.259,329.0,36,58,,
T,2026-04-14 13:58:00,53.470875,-2.23799333,1.5,88.4,,1.226,328.0,36,58,,
T,2026-04-14 13:58:01,53.47088167,-2.23799667,1.6,88.3,,1.205,333.0,36,58,,
T,2026-04-14 13:58:02,53.47089333,-2.23800667,1.6,88.3,,1.187,334.0,36,58,,
T,2026-04-14 13:58:03,53.47090333,-2.23801333,1.6,88.2,,1.156,338.0,36,58,,
T,2026-04-14 13:58:04,53.47091667,-2.23801833,1.6,88.6,,1.102,338.0,35,58,,
T,2026-04-14 13:58:05,53.47092667,-2.23802333,1.5,88.7,,1.057,335.0,36,58,,
T,2026-04-14 13:58:06,53.470935,-2.23803,1.5,88.9,,1.036,338.0,35,58,,
T,2026-04-14 13:58:07,53.47094667,-2.23803333,1.5,88.8,,0.977,348.0,37,58,,
T,2026-04-14 13:58:08,53.47095833,-2.23803333,1.5,88.8,,0.973,354.0,37,58,,
T,2026-04-14 13:58:09,53.47097333,-2.23803833,1.5,89.1,,1.002,351.0,37,58,,
T,2026-04-14 13:58:10,53.47098833,-2.23804667,1.5,89.3,,1.036,347.0,36,58,,
T,2026-04-14 13:58:11,53.471,-2.23805,1.5,89.4,,1.074,344.0,36,58,,
T,2026-04-14 13:58:12,53.47100833,-2.23804833,1.5,89.5,,1.099,345.0,36,58,,
T,2026-04-14 13:58:13,53.47101833,-2.23805167,1.5,89.6,,1.088,351.0,36,58,,
T,2026-04-14 13:58:14,53.47103,-2.238055,1.5,90.2,,1.118,351.0,36,58,,
T,2026-04-14 13:58:15,53.47104,-2.23806167,1.5,90.7,,1.144,348.0,38,58,,
T,2026-04-14 13:58:16,53.47105167,-2.23807,1.6,91.6,,1.179,349.0,38,58,,
T,2026-04-14 13:58:17,53.47106333,-2.23808,1.6,92.2,,1.194,350.0,38,58,,
T,2026-04-14 13:58:18,53.47107167,-2.23808333,1.6,93.1,,1.159,359.0,38,58,,
T,2026-04-14 13:58:19,53.47108,-2.23808833,1.6,93.6,,1.11,15.0,38,58,,
T,2026-04-14 13:58:20,53.47109,-2.23809833,1.6,94.0,,1.077,17.0,39,58,,
T,2026-04-14 13:58:21,53.47109333,-2.238105,1.6,94.8,,0.981,9.0,38,58,,
T,2026-04-14 13:58:22,53.471095,-2.23811667,1.6,95.2,,0.901,357.0,38,58,,
T,2026-04-14 13:58:23,53.471095,-2.23812333,1.5,95.6,,0.837,348.0,39,58,,
T,2026-04-14 13:58:24,53.47109667,-2.23813167,1.5,95.7,,0.755,342.0,39,58,,
T,2026-04-14 13:58:25,53.4711,-2.23813833,1.6,95.8,,0.691,336.0,39,58,,
T,2026-04-14 13:58:26,53.47110333,-2.23815167,1.5,95.9,,0.611,326.0,39,58,,
T,2026-04-14 13:58:27,53.47111167,-2.23816167,1.5,96.0,,0.582,326.0,38,58,,
T,2026-04-14 13:58:28,53.47111333,-2.23816333,1.6,96.2,,0.542,326.0,37,58,,
T,2026-04-14 13:58:29,53.47111833,-2.23816833,1.6,96.4,,0.503,329.0,38,58,,
T,2026-04-14 13:58:30,53.47112667,-2.23817333,1.5,96.5,,0.481,330.0,39,58,,
T,2026-04-14 13:58:31,53.47113667,-2.23818,1.5,96.8,,0.516,329.0,39,58,,
T,2026-04-14 13:58:32,53.47114667,-2.23818667,1.6,96.9,,0.551,326.0,39,58,,
T,2026-04-14 13:58:33,53.47115833,-2.23819833,1.6,97.1,,0.602,322.0,38,58,,
T,2026-04-14 13:58:34,53.47117167,-2.23820833,1.5,97.1,,0.662,320.0,38,58,,
T,2026-04-14 13:58:35,53.47118167,-2.23822,1.5,97.2,,0.721,319.0,39,58,,
T,2026-04-14 13:58:36,53.47119,-2.23823167,1.5,97.1,,0.764,320.0,38,58,,
T,2026-04-14 13:58:37,53.47120333,-2.238245,1.5,96.8,,0.81,316.0,40,58,,
T,2026-04-14 13:58:38,53.47121833,-2.23825667,1.6,96.6,,0.877,315.0,39,58,,
T,2026-04-14 13:58:39,53.47123167,-2.23826667,1.6,96.4,,0.928,315.0,39,59,,
T,2026-04-14 13:58:40,53.47124667,-2.23827833,1.6,96.3,,0.974,318.0,39,59,,
T,2026-04-14 13:58:41,53.47125833,-2.23829167,1.6,96.1,,1.024,321.0,40,59,,
T,2026-04-14 13:58:42,53.47127167,-2.2383,1.6,96.0,,1.062,323.0,39,59,,
T,2026-04-14 13:58:43,53.471285,-2.23831167,1.5,96.1,,1.092,325.0,40,59,,
T,2026-04-14 13:58:44,53.47129667,-2.23831833,1.5,96.1,,1.09,326.0,40,59,,
T,2026-04-14 13:58:45,53.47131167,-2.23832333,1.5,96.1,,1.105,332.0,40,59,,
T,2026-04-14 13:58:46,53.47132333,-2.23833333,1.5,96.0,,1.118,333.0,40,59,,
T,2026-04-14 13:58:47,53.471335,-2.23834333,1.4,95.9,,1.12,334.0,40,59,,
T,2026-04-14 13:58:48,53.47134667,-2.23834667,1.4,95.7,,1.108,342.0,39,59,,
T,2026-04-14 13:58:49,53.47136,-2.23835333,1.5,95.6,,1.1,352.0,40,59,,
T,2026-04-14 13:58:50,53.47137333,-2.23835833,1.5,95.6,,1.099,355.0,38,59,,
T,2026-04-14 13:58:51,53.47138667,-2.238365,1.5,95.6,,1.099,353.0,38,59,,
T,2026-04-14 13:58:52,53.4714,-2.23837167,1.5,95.5,,1.088,347.0,38,59,,
T,2026-04-14 13:58:53,53.47141167,-2.23837833,1.5,95.4,,1.073,342.0,37,59,,
T,2026-04-14 13:58:54,53.47142833,-2.23839167,1.5,95.1,,1.099,344.0,37,59,,
T,2026-04-14 13:58:55,53.47144167,-2.23840333,1.5,94.6,,1.092,342.0,38,59,,
T,2026-04-14 13:58:56,53.47145333,-2.23841333,1.5,94.2,,1.071,339.0,39,59,,
T,2026-04-14 13:58:57,53.47146167,-2.23842333,1.6,93.7,,1.054,333.0,38,59,,
T,2026-04-14 13:58:58,53.471465,-2.23842167,1.6,93.4,,1.002,327.0,39,59,,
T,2026-04-14 13:58:59,53.47146833,-2.23843,1.6,93.3,,0.956,323.0,37,59,,
T,2026-04-14 13:59:00,53.47147,-2.23843833,1.7,93.1,,0.898,323.0,38,59,,
T,2026-04-14 13:59:01,53.47147333,-2.23844667,1.7,92.7,,0.838,326.0,37,59,,
T,2026-04-14 13:59:02,53.471475,-2.238455,1.8,92.5,,0.791,332.0,38,59,,
T,2026-04-14 13:59:03,53.47147833,-2.238455,1.9,92.2,,0.738,326.0,36,59,,
T,2026-04-14 13:59:04,53.47148167,-2.238455,1.9,92.1,,0.674,323.0,36,59,,
T,2026-04-14 13:59:05,53.47148833,-2.23845667,2.0,91.9,,0.633,335.0,35,59,,
T,2026-04-14 13:59:06,53.47148833,-2.23845,2.0,92.0,,0.604,342.0,34,59,,
T,2026-04-14 13:59:07,53.47149833,-2.23845,2.1,91.8,,0.58,343.0,32,59,,
T,2026-04-14 13:59:08,53.47150833,-2.238445,2.1,91.7,,0.604,341.0,32,59,,
T,2026-04-14 13:59:09,53.471515,-2.23844833,2.1,91.6,,0.631,339.0,32,59,,
T,2026-04-14 13:59:10,53.47152667,-2.23845167,2.1,91.5,,0.671,339.0,32,59,,
T,2026-04-14 13:59:11,53.47153667,-2.23845667,2.1,91.4,,0.716,344.0,33,59,,
T,2026-04-14 13:59:12,53.471545,-2.238465,2.1,91.2,,0.754,351.0,34,59,,
T,2026-04-14 13:59:13,53.47155167,-2.23847333,2.1,91.0,,0.791,349.0,35,59,,
T,2026-04-14 13:59:14,53.47155833,-2.23848333,2.1,90.8,,0.817,332.0,35,59,,
T,2026-04-14 13:59:15,53.47157833,-2.238495,2.1,90.5,,0.842,330.0,35,59,,
T,2026-04-14 13:59:16,53.471595,-2.23848833,2.1,90.2,,0.863,328.0,36,59,,
T,2026-04-14 13:59:17,53.47161833,-2.23849167,2.0,90.3,,0.869,325.0,37,59,,
T,2026-04-14 13:59:18,53.47164,-2.238515,2.0,90.8,,0.873,325.0,38,59,,
T,2026-04-14 13:59:19,53.47165667,-2.23854167,1.9,90.9,,0.888,326.0,39,58,,
T,2026-04-14 13:59:20,53.47166,-2.23855,1.8,91.4,,0.894,323.0,39,58,,
T,2026-04-14 13:59:21,53.47166833,-2.23857667,1.8,92.0,,0.893,319.0,39,58,,
T,2026-04-14 13:59:22,53.47167333,-2.238595,1.7,92.7,,0.841,318.0,40,58,,
T,2026-04-14 13:59:23,53.47168667,-2.23863,1.6,92.9,,0.765,329.0,40,58,,
T,2026-04-14 13:59:24,53.47169833,-2.23864667,1.6,93.2,,0.692,354.0,38,58,,
T,2026-04-14 13:59:25,53.471705,-2.23865667,1.5,93.4,,0.609,15.0,37,58,,
T,2026-04-14 13:59:26,53.471705,-2.23866667,1.5,93.3,,0.53,15.0,36,58,,
T,2026-04-14 13:59:27,53.47170333,-2.23867,1.5,93.3,,0.453,15.0,36,58,,
T,2026-04-14 13:59:28,53.47170333,-2.23867833,1.4,93.1,,0.0,,36,58,,
T,2026-04-14 13:59:29,53.47170667,-2.23868167,1.4,93.4,,0.0,,35,58,,
T,2026-04-14 13:59:30,53.47171,-2.238685,1.4,93.5,,0.0,,35,58,,
T,2026-04-14 13:59:31,53.47171,-2.238685,1.4,93.5,,0.0,,36,58,,
T,2026-04-14 13:59:32,53.47171,-2.238685,1.4,93.5,,0.0,,38,58,,
T,2026-04-14 13:59:33,53.47171,-2.238685,1.4,93.5,,0.0,,36,58,,
T,2026-04-14 13:59:34,53.47171,-2.238685,1.4,93.5,,0.0,,35,58,,
T,2026-04-14 13:59:35,53.47171,-2.238685,1.4,93.5,,0.0,,37,58,,
T,2026-04-14 13:59:36,53.47171,-2.238685,1.4,93.5,,0.0,,37,58,,
T,2026-04-14 13:59:37,53.47171,-2.238685,1.4,93.5,,0.0,,37,58,,
T,2026-04-14 13:59:38,53.47171,-2.238685,1.4,93.5,,0.0,,37,58,,
T,2026-04-14 13:59:39,53.47171,-2.238685,1.4,93.5,,0.0,,37,58,,
T,2026-04-14 13:59:40,53.47171,-2.238685,1.4,93.5,,0.0,,35,58,,
T,2026-04-14 13:59:41,53.47171,-2.238685,1.4,93.5,,0.0,,35,58,,
T,2026-04-14 13:59:42,53.47171,-2.238685,1.3,93.5,,0.0,,36,58,,
T,2026-04-14 13:59:43,53.47171,-2.238685,1.3,93.5,,0.0,,36,58,,
T,2026-04-14 13:59:44,53.47171,-2.238685,1.3,93.5,,0.0,,35,58,,
T,2026-04-14 13:59:45,53.47171,-2.238685,1.3,93.5,,0.0,,34,58,,
T,2026-04-14 13:59:46,53.47171,-2.238685,1.3,93.5,,0.0,,35,58,,
T,2026-04-14 13:59:47,53.47171,-2.238685,1.3,93.5,,0.0,,35,58,,
T,2026-04-14 13:59:48,53.47171,-2.238685,1.3,93.5,,0.0,,35,58,,
T,2026-04-14 13:59:49,53.47171,-2.238685,1.3,93.5,,0.0,,34,58,,
T,2026-04-14 13:59:50,53.47171,-2.238685,1.3,93.5,,0.0,,33,58,,
T,2026-04-14 13:59:51,53.47171,-2.238685,1.3,93.5,,0.0,,34,58,,
T,2026-04-14 13:59:52,53.47171,-2.238685,1.3,93.5,,0.0,,35,58,,
T,2026-04-14 13:59:53,53.47171,-2.238685,1.3,93.5,,0.0,,36,58,,
T,2026-04-14 13:59:54,53.47171,-2.238685,1.3,93.5,,0.0,,37,58,,
T,2026-04-14 13:59:55,53.47171,-2.238685,1.3,93.5,,0.0,,39,58,,
T,2026-04-14 13:59:56,53.47171,-2.238685,1.3,93.5,,0.0,,38,58,,
T,2026-04-14 13:59:57,53.47171,-2.238685,1.3,93.5,,0.0,,37,58,,
T,2026-04-14 13:59:58,53.47171,-2.238685,1.3,93.5,,0.0,,36,58,,
T,2026-04-14 13:59:59,53.47171,-2.238685,1.3,93.5,,0.0,,36,58,,
T,2026-04-14 14:00:00,53.47171,-2.238685,1.3,93.5,,0.0,,37,58,,
T,2026-04-14 14:00:01,53.47171,-2.238685,1.3,93.5,,0.0,,34,58,,
T,2026-04-14 14:00:02,53.47171,-2.238685,1.3,93.5,,0.0,,35,58,,
T,2026-04-14 14:00:03,53.47171,-2.238685,1.3,93.5,,0.0,,34,58,,
T,2026-04-14 14:00:04,53.47171,-2.238685,1.3,93.5,,0.0,,35,58,,
T,2026-04-14 14:00:05,53.47171,-2.238685,1.4,93.5,,0.0,,35,58,,
T,2026-04-14 14:00:06,53.47171,-2.238685,1.4,93.5,,0.0,,34,58,,
T,2026-04-14 14:00:07,53.47171667,-2.23868667,1.4,90.2,,0.236,327.0,35,58,,
T,2026-04-14 14:00:08,53.47172167,-2.23869167,1.4,90.2,,0.287,331.0,35,58,,
T,2026-04-14 14:00:09,53.47173167,-2.23870167,1.4,89.9,,0.365,329.0,34,58,,
T,2026-04-14 14:00:10,53.47173833,-2.23871,1.5,89.8,,0.422,324.0,34,57,,
T,2026-04-14 14:00:11,53.47174833,-2.23872,1.5,89.8,,0.468,326.0,35,58,,
T,2026-04-14 14:00:12,53.47175333,-2.238725,1.5,89.8,,0.525,330.0,34,58,,
T,2026-04-14 14:00:13,53.47175833,-2.23873333,1.5,89.8,,0.589,328.0,34,58,,
T,2026-04-14 14:00:14,53.47176167,-2.23874167,1.5,89.7,,0.636,324.0,33,58,,
T,2026-04-14 14:00:15,53.47177,-2.23875167,1.5,89.7,,0.689,325.0,33,58,,
T,2026-04-14 14:00:16,53.471775,-2.23876,1.5,89.7,,0.71,318.0,33,58,,
T,2026-04-14 14:00:17,53.47177833,-2.23876833,1.6,89.8,,0.713,317.0,33,58,,
T,2026-04-14 14:00:18,53.471785,-2.23877333,1.6,89.8,,0.726,319.0,34,58,,
T,2026-04-14 14:00:19,53.47179333,-2.23878333,1.6,89.8,,0.719,316.0,34,58,,
T,2026-04-14 14:00:20,53.47180167,-2.23879,1.6,89.8,,0.724,319.0,34,58,,
T,2026-04-14 14:00:21,53.47181,-2.23879667,1.6,89.8,,0.719,319.0,33,58,,
T,2026-04-14 14:00:22,53.47182,-2.23880667,1.6,89.9,,0.737,322.0,35,58,,
T,2026-04-14 14:00:23,53.47183167,-2.23881833,1.6,89.8,,0.767,338.0,34,58,,
T,2026-04-14 14:00:24,53.471845,-2.23882833,1.7,89.8,,0.792,342.0,34,58,,
T,2026-04-14 14:00:25,53.471855,-2.238835,1.6,89.8,,0.779,344.0,34,58,,
T,2026-04-14 14:00:26,53.471865,-2.23883833,1.6,89.8,,0.789,345.0,35,58,,
T,2026-04-14 14:00:27,53.47187333,-2.23884667,1.7,89.8,,0.802,344.0,34,58,,
T,2026-04-14 14:00:28,53.47188,-2.238855,1.6,89.7,,0.817,345.0,35,58,,
T,2026-04-14 14:00:29,53.47189,-2.23886333,1.6,89.7,,0.84,341.0,35,58,,
T,2026-04-14 14:00:30,53.47189333,-2.238865,1.6,89.6,,0.833,340.0,35,58,,
T,2026-04-14 14:00:31,53.47190167,-2.23886667,1.6,89.7,,0.825,338.0,34,58,,
T,2026-04-14 14:00:32,53.47191333,-2.238875,1.6,89.8,,0.83,336.0,34,58,,
T,2026-04-14 14:00:33,53.47192667,-2.238885,1.6,89.8,,0.853,336.0,33,58,,
T,2026-04-14 14:00:34,53.47194,-2.238895,1.6,89.8,,0.881,334.0,33,58,,
T,2026-04-14 14:00:35,53.47195,-2.23890333,1.6,89.7,,0.928,333.0,33,58,,
T,2026-04-14 14:00:36,53.47196,-2.23891333,1.6,89.7,,0.969,333.0,34,58,,
T,2026-04-14 14:00:37,53.47197167,-2.23892333,1.6,89.7,,1.017,331.0,34,58,,
T,2026-04-14 14:00:38,53.47198167,-2.238935,1.6,89.6,,1.037,332.0,35,58,,
T,2026-04-14 14:00:39,53.47199167,-2.23894833,1.6,89.6,,1.074,331.0,35,58,,
T,2026-04-14 14:00:40,53.47200333,-2.23896,1.6,89.7,,1.148,332.0,33,58,,
T,2026-04-14 14:00:41,53.47201333,-2.23897,1.6,89.6,,1.195,336.0,35,58,,
T,2026-04-14 14:00:42,53.47202,-2.23897167,1.6,89.7,,1.158,337.0,35,58,,
T,2026-04-14 14:00:43,53.47202667,-2.238975,1.7,89.8,,1.102,342.0,35,57,,
T,2026-04-14 14:00:44,53.47203333,-2.23898,1.8,89.8,,1.049,340.0,35,58,,
T,2026-04-14 14:00:45,53.47203667,-2.23898167,1.8,89.8,,1.003,336.0,34,58,,
T,2026-04-14 14:00:46,53.47204167,-2.238985,1.8,90.0,,0.946,330.0,34,58,,
T,2026-04-14 14:00:47,53.47204667,-2.238985,1.8,90.3,,0.877,330.0,33,58,,
T,2026-04-14 14:00:48,53.47205833,-2.23898667,1.8,90.7,,0.833,338.0,32,58,,
T,2026-04-14 14:00:49,53.47206167,-2.23898667,1.8,91.2,,0.75,342.0,34,58,,
T,2026-04-14 14:00:50,53.47206833,-2.23898667,1.8,91.3,,0.662,338.0,33,58,,
T,2026-04-14 14:00:51,53.472075,-2.23898833,1.8,91.6,,0.592,336.0,33,58,,
T,2026-04-14 14:00:52,53.47208167,-2.238985,1.8,92.0,,0.574,338.0,33,58,,
T,2026-04-14 14:00:53,53.47208667,-2.23899,1.8,92.3,,0.534,341.0,32,58,,
T,2026-04-14 14:00:54,53.47209,-2.23899167,1.8,92.4,,0.485,345.0,31,58,,
T,2026-04-14 14:00:55,53.47209667,-2.23898833,1.8,92.7,,0.439,345.0,30,58,,
T,2026-04-14 14:00:56,53.472105,-2.23898833,1.8,93.1,,0.0,,30,58,,
T,2026-04-14 14:00:57,53.47210833,-2.23899333,1.8,93.2,,0.0,,31,58,,
T,2026-04-14 14:00:58,53.47211333,-2.23899167,1.7,93.5,,0.0,,31,58,,
T,2026-04-14 14:00:59,53.47211333,-2.23899167,1.7,93.5,,0.0,,33,58,,
T,2026-04-14 14:01:00,53.47211333,-2.23899167,1.7,93.5,,0.0,,33,58,,
T,2026-04-14 14:01:01,53.47211333,-2.23899167,1.7,93.5,,0.0,,33,58,,
T,2026-04-14 14:01:02,53.47211333,-2.23899167,1.7,93.5,,0.0,,32,58,,
T,2026-04-14 14:01:03,53.47211333,-2.23899167,1.7,93.5,,0.0,,33,58,,
T,2026-04-14 14:01:04,53.47211333,-2.23899167,1.6,93.5,,0.0,,34,58,,
T,2026-04-14 14:01:05,53.47211333,-2.23899167,1.6,93.5,,0.0,,34,58,,
T,2026-04-14 14:01:06,53.47211333,-2.23899167,1.6,93.5,,0.0,,34,58,,
T,2026-04-14 14:01:07,53.47211333,-2.23899167,1.6,93.5,,0.0,,34,58,,
T,2026-04-14 14:01:08,53.47211333,-2.23899167,1.6,93.5,,0.0,,33,58,,
T,2026-04-14 14:01:09,53.47211333,-2.23899167,1.6,93.5,,0.0,,33,58,,
T,2026-04-14 14:01:10,53.47211333,-2.23899167,1.6,93.5,,0.0,,32,58,,
T,2026-04-14 14:01:11,53.47211333,-2.23899167,1.6,93.5,,0.0,,30,58,,
T,2026-04-14 14:01:12,53.47211333,-2.23899167,1.6,93.5,,0.0,,33,58,,
T,2026-04-14 14:01:13,53.47211333,-2.23899167,1.6,93.5,,0.0,,33,58,,
T,2026-04-14 14:01:14,53.47211333,-2.23899167,1.6,93.5,,0.0,,33,58,,
T,2026-04-14 14:01:15,53.47211333,-2.23899167,1.6,93.5,,0.0,,33,58,,
T,2026-04-14 14:01:16,53.47211333,-2.23899167,1.6,93.5,,0.0,,34,58,,
T,2026-04-14 14:01:17,53.47211333,-2.23899167,1.6,93.5,,0.0,,34,58,,
T,2026-04-14 14:01:18,53.47211333,-2.23899167,1.7,93.5,,0.0,,33,58,,
T,2026-04-14 14:01:19,53.47211333,-2.23899167,1.7,93.5,,0.0,,33,58,,
T,2026-04-14 14:01:20,53.47211333,-2.23899167,1.7,93.5,,0.0,,34,58,,
T,2026-04-14 14:01:21,53.47211333,-2.23899167,1.7,93.5,,0.0,,34,58,,
T,2026-04-14 14:01:22,53.47218167,-2.238995,1.7,96.5,,0.182,334.0,35,58,,
T,2026-04-14 14:01:23,53.47218667,-2.23899667,1.8,96.9,,0.223,326.0,35,58,,
T,2026-04-14 14:01:24,53.47219667,-2.23900333,1.8,97.0,,0.286,315.0,35,58,,
T,2026-04-14 14:01:25,53.47220333,-2.23900833,1.8,97.3,,0.344,321.0,35,58,,
T,2026-04-14 14:01:26,53.472215,-2.23901333,1.8,97.5,,0.407,320.0,35,58,,
T,2026-04-14 14:01:27,53.47221667,-2.23902333,1.8,97.6,,0.474,316.0,35,58,,
T,2026-04-14 14:01:28,53.47221667,-2.239035,1.8,97.6,,0.532,314.0,35,58,,
T,2026-04-14 14:01:29,53.47222833,-2.23904333,1.8,98.0,,0.583,316.0,35,58,,
T,2026-04-14 14:01:30,53.47224167,-2.23904667,1.9,98.5,,0.619,319.0,36,58,,
T,2026-04-14 14:01:31,53.47225,-2.23905333,1.9,98.8,,0.65,317.0,35,58,,
T,2026-04-14 14:01:32,53.47226,-2.23905833,1.9,99.1,,0.689,322.0,35,58,,
T,2026-04-14 14:01:33,53.47227333,-2.23906167,1.9,99.3,,0.739,321.0,35,58,,
T,2026-04-14 14:01:34,53.472285,-2.23906,1.9,99.3,,0.761,327.0,35,58,,
T,2026-04-14 14:01:35,53.4723,-2.23906333,1.9,99.5,,0.801,330.0,35,58,,
T,2026-04-14 14:01:36,53.472315,-2.23906833,1.9,99.7,,0.836,324.0,34,58,,
T,2026-04-14 14:01:37,53.47233333,-2.23906833,1.9,100.3,,0.867,319.0,36,58,,
T,2026-04-14 14:01:38,53.47235333,-2.239065,1.9,100.8,,0.9,317.0,36,58,,
T,2026-04-14 14:01:39,53.472385,-2.239055,1.9,102.1,,0.942,314.0,34,58,,
T,2026-04-14 14:01:40,53.47241333,-2.23904667,1.9,102.6,,0.982,317.0,33,58,,
T,2026-04-14 14:01:41,53.47243333,-2.23904667,1.8,102.7,,1.029,321.0,32,58,,
T,2026-04-14 14:01:42,53.47244833,-2.23904667,1.8,102.7,,1.035,325.0,32,58,,
T,2026-04-14 14:01:43,53.47246333,-2.23904667,1.8,102.5,,1.029,338.0,32,58,,
T,2026-04-14 14:01:44,53.47248,-2.23904167,1.7,102.2,,1.05,344.0,32,58,,
T,2026-04-14 14:01:45,53.472495,-2.239035,1.7,101.9,,1.058,344.0,33,58,,
T,2026-04-14 14:01:46,53.47250667,-2.23903333,1.7,101.9,,1.058,337.0,33,58,,
T,2026-04-14 14:01:47,53.472515,-2.23903333,1.7,101.8,,1.031,328.0,32,58,,
T,2026-04-14 14:01:48,53.472525,-2.239035,1.7,101.9,,1.022,327.0,32,58,,
T,2026-04-14 14:01:49,53.472535,-2.23904,1.7,102.2,,1.022,336.0,30,58,,
T,2026-04-14 14:01:50,53.47254667,-2.23904667,1.7,102.4,,1.026,343.0,31,58,,
T,2026-04-14 14:01:51,53.47255833,-2.23905333,1.7,102.6,,1.035,344.0,32,58,,
T,2026-04-14 14:01:52,53.47257,-2.23905333,1.7,102.7,,1.046,337.0,32,58,,
T,2026-04-14 14:01:53,53.47257833,-2.23905,1.7,102.8,,1.038,334.0,33,58,,
T,2026-04-14 14:01:54,53.472585,-2.23905167,1.8,102.9,,0.991,334.0,33,58,,
T,2026-04-14 14:01:55,53.47259,-2.23905667,1.7,102.8,,0.958,334.0,33,58,,
T,2026-04-14 14:01:56,53.47259667,-2.23905,1.8,102.5,,0.933,339.0,33,58,,
T,2026-04-14 14:01:57,53.47261167,-2.23905,1.7,102.4,,0.973,338.0,33,58,,
T,2026-04-14 14:01:58,53.472635,-2.23906167,1.7,102.8,,1.009,339.0,33,58,,
T,2026-04-14 14:01:59,53.47265167,-2.23907167,1.7,103.0,,1.025,336.0,32,58,,
T,2026-04-14 14:02:00,53.472665,-2.239095,1.7,103.6,,1.03,332.0,33,58,,
T,2026-04-14 14:02:01,53.47266667,-2.239115,1.7,103.6,,0.973,327.0,34,58,,
T,2026-04-14 14:02:02,53.47266833,-2.23914167,1.7,104.4,,0.934,323.0,33,58,,
T,2026-04-14 14:02:03,53.472655,-2.23918,1.7,104.4,,0.908,326.0,35,58,,
T,2026-04-14 14:02:04,53.47264667,-2.23921,1.7,104.1,,0.906,328.0,35,58,,
T,2026-04-14 14:02:05,53.47265,-2.23923167,1.7,104.2,,0.899,324.0,35,58,,
T,2026-04-14 14:02:06,53.472655,-2.239255,1.7,104.2,,0.899,321.0,34,58,,
T,2026-04-14 14:02:07,53.472655,-2.23927,1.7,104.0,,0.865,318.0,33,58,,
T,2026-04-14 14:02:08,53.47265833,-2.23928667,1.8,103.6,,0.809,318.0,34,58,,
T,2026-04-14 14:02:09,53.47265667,-2.23930167,1.7,102.8,,0.747,322.0,35,58,,
T,2026-04-14 14:02:10,53.47264667,-2.239315,1.7,102.3,,0.675,319.0,34,58,,
T,2026-04-14 14:02:11,53.472645,-2.23932333,1.7,102.0,,0.645,317.0,34,58,,
T,2026-04-14 14:02:12,53.472645,-2.23932667,1.7,102.0,,0.623,316.0,31,58,,
T,2026-04-14 14:02:13,53.47264833,-2.23932833,1.8,101.9,,0.605,311.0,31,58,,
T,2026-04-14 14:02:14,53.47265,-2.23933333,1.8,102.0,,0.578,314.0,31,58,,
T,2026-04-14 14:02:15,53.47265,-2.239335,1.8,102.3,,0.528,325.0,34,58,,
T,2026-04-14 14:02:16,53.47265333,-2.23932667,1.8,102.3,,0.452,312.0,32,58,,
T,2026-04-14 14:02:17,53.47265333,-2.239325,1.8,102.2,,0.0,,33,58,,
T,2026-04-14 14:02:18,53.47266,-2.23931833,1.8,102.2,,0.0,,32,58,,
T,2026-04-14 14:02:19,53.472655,-2.23931167,1.8,102.3,,0.0,,32,58,,
T,2026-04-14 14:02:20,53.472655,-2.23931167,1.8,102.3,,0.0,,31,58,,
T,2026-04-14 14:02:21,53.472655,-2.23931167,1.8,102.3,,0.0,,32,58,,
T,2026-04-14 14:02:22,53.472655,-2.23931167,1.9,102.3,,0.0,,32,58,,
T,2026-04-14 14:02:23,53.472655,-2.23931167,1.9,102.3,,0.0,,32,58,,
T,2026-04-14 14:02:24,53.472655,-2.23931167,1.9,102.3,,0.0,,33,58,,
T,2026-04-14 14:02:25,53.472655,-2.23931167,1.9,102.3,,0.0,,32,58,,
T,2026-04-14 14:02:26,53.472655,-2.23931167,1.9,102.3,,0.0,,30,58,,
T,2026-04-14 14:02:27,53.472655,-2.23931167,2.0,102.3,,0.0,,32,58,,
T,2026-04-14 14:02:28,53.472655,-2.23931167,2.0,102.3,,0.0,,32,58,,
T,2026-04-14 14:02:29,53.472655,-2.23931167,2.0,102.3,,0.0,,32,58,,
T,2026-04-14 14:02:30,53.472655,-2.23931167,1.9,102.3,,0.0,,32,58,,
T,2026-04-14 14:02:31,53.472565,-2.23930333,1.9,103.4,,0.196,183.0,32,58,,
T,2026-04-14 14:02:32,53.47255833,-2.23930167,1.9,103.7,,0.0,,31,58,,
T,2026-04-14 14:02:33,53.47254833,-2.23930667,1.9,103.9,,0.0,,31,58,,
T,2026-04-14 14:02:34,53.47254167,-2.23931,1.8,103.9,,0.0,,33,58,,
T,2026-04-14 14:02:35,53.47254167,-2.23931,1.8,103.9,,0.0,,33,58,,
T,2026-04-14 14:02:36,53.47254167,-2.23931,1.8,103.9,,0.0,,33,58,,
T,2026-04-14 14:02:37,53.47254167,-2.23931,1.8,103.9,,0.0,,33,57,,
T,2026-04-14 14:02:38,53.47254167,-2.23931,1.8,103.9,,0.0,,33,57,,
T,2026-04-14 14:02:39,53.47254167,-2.23931,1.8,103.9,,0.0,,33,57,,
T,2026-04-14 14:02:40,53.47254167,-2.23931,1.8,103.9,,0.0,,34,57,,
T,2026-04-14 14:02:41,53.47254167,-2.23931,1.8,103.9,,0.0,,34,57,,
T,2026-04-14 14:02:42,53.47254167,-2.23931,1.8,103.9,,0.0,,34,57,,
T,2026-04-14 14:02:43,53.47254167,-2.23931,1.8,103.9,,0.0,,34,57,,
T,2026-04-14 14:02:44,53.47254167,-2.23931,1.8,103.9,,0.0,,33,57,,
T,2026-04-14 14:02:45,53.47254167,-2.23931,1.8,103.9,,0.0,,33,57,,
T,2026-04-14 14:02:46,53.47254167,-2.23931,1.9,103.9,,0.0,,33,57,,
T,2026-04-14 14:02:47,53.47254167,-2.23931,1.9,103.9,,0.0,,34,57,,
T,2026-04-14 14:02:48,53.47254167,-2.23931,1.9,103.9,,0.0,,35,57,,
T,2026-04-14 14:02:49,53.47259,-2.23924667,1.8,109.0,,0.232,341.0,35,57,,
T,2026-04-14 14:02:50,53.472605,-2.23924667,1.8,109.2,,0.308,343.0,35,57,,
T,2026-04-14 14:02:51,53.47262333,-2.23925,1.8,109.3,,0.395,339.0,35,57,,
T,2026-04-14 14:02:52,53.47264667,-2.23925667,1.7,109.5,,0.511,339.0,35,57,,
T,2026-04-14 14:02:53,53.47266167,-2.23925833,1.7,109.9,,0.644,350.0,35,57,,
T,2026-04-14 14:02:54,53.47267333,-2.23925667,1.8,110.3,,0.72,341.0,35,57,,
T,2026-04-14 14:02:55,53.47268667,-2.23925167,1.8,110.7,,0.782,350.0,35,57,,
T,2026-04-14 14:02:56,53.4727,-2.23925333,1.8,111.1,,0.842,343.0,35,57,,
T,2026-04-14 14:02:57,53.472715,-2.23925,1.8,111.3,,0.892,339.0,34,57,,
T,2026-04-14 14:02:58,53.47274667,-2.23925,1.8,110.5,,0.922,342.0,34,57,,
T,2026-04-14 14:02:59,53.47275333,-2.239245,1.8,110.2,,0.899,343.0,33,57,,
T,2026-04-14 14:03:00,53.47276333,-2.23923833,1.8,110.0,,0.875,341.0,34,57,,
T,2026-04-14 14:03:01,53.47280167,-2.23924333,1.8,108.7,,0.885,343.0,34,57,,
T,2026-04-14 14:03:02,53.47281833,-2.23925,1.8,108.1,,0.878,343.0,34,57,,
T,2026-04-14 14:03:03,53.47282833,-2.239245,1.8,107.4,,0.841,343.0,34,57,,
T,2026-04-14 14:03:04,53.472855,-2.23923167,1.7,106.3,,0.851,357.0,34,57,,
T,2026-04-14 14:03:05,53.47286833,-2.23922167,1.7,105.4,,0.855,359.0,35,57,,
T,2026-04-14 14:03:06,53.47288333,-2.23921,1.7,104.7,,0.856,359.0,35,57,,
T,2026-04-14 14:03:07,53.47291167,-2.239205,1.7,103.5,,0.892,360.0,35,57,,
T,2026-04-14 14:03:08,53.47293667,-2.23920167,1.7,102.7,,0.932,356.0,34,57,,
T,2026-04-14 14:03:09,53.47296,-2.23920667,1.7,101.8,,1.007,359.0,33,57,,
T,2026-04-14 14:03:10,53.47298167,-2.23921667,1.7,100.9,,1.098,357.0,34,57,,
T,2026-04-14 14:03:11,53.473,-2.23922167,1.7,100.2,,1.112,349.0,36,57,,
T,2026-04-14 14:03:12,53.47301833,-2.239225,1.7,99.2,,1.128,345.0,36,57,,
T,2026-04-14 14:03:13,53.47303333,-2.23923,1.7,98.2,,1.146,344.0,35,57,,
T,2026-04-14 14:03:14,53.473045,-2.23923167,1.7,97.2,,1.144,347.0,35,57,,
T,2026-04-14 14:03:15,53.47305167,-2.23923,1.7,96.2,,1.127,348.0,35,57,,
T,2026-04-14 14:03:16,53.47306167,-2.23923333,1.7,95.2,,1.123,348.0,34,57,,
T,2026-04-14 14:03:17,53.47307333,-2.23923333,1.6,94.3,,1.091,349.0,36,57,,
T,2026-04-14 14:03:18,53.47308167,-2.23923,1.6,93.2,,1.046,349.0,37,57,,
T,2026-04-14 14:03:19,53.47308667,-2.23923,1.6,92.5,,0.987,341.0,36,57,,
T,2026-04-14 14:03:20,53.47309,-2.23923333,1.7,92.3,,0.904,339.0,36,57,,
T,2026-04-14 14:03:21,53.47309333,-2.23923,1.7,91.7,,0.848,344.0,36,57,,
T,2026-04-14 14:03:22,53.473095,-2.23922333,1.7,90.9,,0.773,348.0,36,57,,
T,2026-04-14 14:03:23,53.47310167,-2.23922,1.7,90.3,,0.716,347.0,36,57,,
T,2026-04-14 14:03:24,53.47310667,-2.23922667,1.7,90.1,,0.676,343.0,36,57,,
T,2026-04-14 14:03:25,53.47311167,-2.23922333,1.7,89.5,,0.674,347.0,35,57,,
T,2026-04-14 14:03:26,53.47312333,-2.23922167,1.7,88.9,,0.673,349.0,35,57,,
T,2026-04-14 14:03:27,53.47313333,-2.23921667,1.7,88.3,,0.673,348.0,35,57,,
T,2026-04-14 14:03:28,53.47314167,-2.239215,1.7,87.5,,0.668,347.0,35,57,,
T,2026-04-14 14:03:29,53.47314833,-2.23921167,1.7,86.6,,0.668,338.0,35,57,,
T,2026-04-14 14:03:30,53.473155,-2.239215,1.7,85.8,,0.675,337.0,36,57,,
T,2026-04-14 14:03:31,53.47315833,-2.239215,1.6,85.3,,0.673,338.0,37,57,,
T,2026-04-14 14:03:32,53.47316167,-2.239225,1.6,84.6,,0.676,347.0,35,57,,
T,2026-04-14 14:03:33,53.47316667,-2.23923,1.6,84.2,,0.674,346.0,35,57,,
T,2026-04-14 14:03:34,53.47317,-2.23923667,1.6,83.8,,0.679,355.0,35,57,,
T,2026-04-14 14:03:35,53.473175,-2.23924167,1.6,83.3,,0.667,354.0,34,57,,
T,2026-04-14 14:03:36,53.47318,-2.239245,1.6,82.9,,0.647,353.0,34,57,,
T,2026-04-14 14:03:37,53.47318667,-2.239245,1.6,82.6,,0.623,358.0,34,57,,
T,2026-04-14 14:03:38,53.47319333,-2.239245,1.6,82.0,,0.611,359.0,35,57,,
T,2026-04-14 14:03:39,53.47320167,-2.23924667,1.6,81.6,,0.605,358.0,35,57,,
T,2026-04-14 14:03:40,53.47320667,-2.23924833,1.6,81.2,,0.598,349.0,34,57,,
T,2026-04-14 14:03:41,53.47321167,-2.23924667,1.7,80.7,,0.597,349.0,35,57,,
T,2026-04-14 14:03:42,53.47321667,-2.23925667,1.7,80.5,,0.595,345.0,35,57,,
T,2026-04-14 14:03:43,53.47321667,-2.23926333,1.6,80.4,,0.58,346.0,35,57,,
T,2026-04-14 14:03:44,53.47321833,-2.23926833,1.7,80.4,,0.553,319.0,35,57,,
T,2026-04-14 14:03:45,53.47321833,-2.23927333,1.7,80.1,,0.529,322.0,35,57,,
T,2026-04-14 14:03:46,53.47321833,-2.23928,1.6,80.2,,0.498,289.0,36,57,,
T,2026-04-14 14:03:47,53.47321833,-2.23928,1.6,80.2,,0.459,293.0,36,57,,
T,2026-04-14 14:03:48,53.47321667,-2.23928167,1.6,80.2,,0.41,297.0,37,57,,
T,2026-04-14 14:03:49,53.47321833,-2.23928667,1.6,80.1,,0.0,,37,57,,
T,2026-04-14 14:03:50,53.47322333,-2.23929,1.6,80.0,,0.0,,36,57,,
T,2026-04-14 14:03:51,53.47322833,-2.23929333,1.6,79.9,,0.378,360.0,36,57,,
T,2026-04-14 14:03:52,53.473235,-2.23929667,1.6,79.9,,0.4,8.0,37,57,,
T,2026-04-14 14:03:53,53.47324,-2.23929667,1.7,79.7,,0.423,23.0,36,57,,
T,2026-04-14 14:03:54,53.47325,-2.23929167,1.7,79.6,,0.453,21.0,36,57,,
T,2026-04-14 14:03:55,53.47326167,-2.23928333,1.7,79.5,,0.502,13.0,37,57,,
T,2026-04-14 14:03:56,53.47327167,-2.23927833,1.7,79.5,,0.563,10.0,37,57,,
T,2026-04-14 14:03:57,53.47327833,-2.23927833,1.7,79.5,,0.615,6.0,37,57,,
T,2026-04-14 14:03:58,53.47328833,-2.23928,1.7,79.5,,0.675,355.0,37,57,,
T,2026-04-14 14:03:59,53.47329833,-2.23928667,1.7,79.6,,0.722,355.0,37,57,,
T,2026-04-14 14:04:00,53.47331167,-2.23929667,1.7,79.8,,0.763,355.0,37,57,,
T,2026-04-14 14:04:01,53.47332167,-2.23929833,1.6,79.9,,0.783,354.0,37,57,,
T,2026-04-14 14:04:02,53.47333167,-2.23931,1.6,79.9,,0.806,355.0,36,57,,
T,2026-04-14 14:04:03,53.47334,-2.23932,1.6,80.0,,0.834,360.0,35,57,,
T,2026-04-14 14:04:04,53.47335,-2.23932833,1.7,79.9,,0.863,6.0,36,57,,
T,2026-04-14 14:04:05,53.47335667,-2.23933,1.7,79.9,,0.88,6.0,36,56,,
T,2026-04-14 14:04:06,53.47336333,-2.23934167,1.7,79.8,,0.883,4.0,36,57,,
T,2026-04-14 14:04:07,53.47337167,-2.23934333,1.7,79.9,,0.898,3.0,36,57,,
T,2026-04-14 14:04:08,53.47338167,-2.23935333,1.7,80.0,,0.91,0.0,36,57,,
T,2026-04-14 14:04:09,53.47338833,-2.23936167,1.7,80.1,,0.912,358.0,36,57,,
T,2026-04-14 14:04:10,53.47339333,-2.23937,1.8,80.0,,0.897,353.0,36,57,,
T,2026-04-14 14:04:11,53.4734,-2.23938,1.8,80.1,,0.876,351.0,38,57,,
T,2026-04-14 14:04:12,53.473405,-2.23938833,1.8,80.3,,0.846,347.0,38,57,,
T,2026-04-14 14:04:13,53.473415,-2.239395,1.8,80.5,,0.825,340.0,38,57,,
T,2026-04-14 14:04:14,53.47341667,-2.23940333,1.7,80.9,,0.79,338.0,37,57,,
T,2026-04-14 14:04:15,53.473425,-2.23940833,1.7,81.1,,0.762,333.0,39,57,,
T,2026-04-14 14:04:16,53.47343333,-2.239415,1.7,81.3,,0.747,333.0,39,57,,
T,2026-04-14 14:04:17,53.47343833,-2.23944167,1.7,82.2,,0.737,327.0,37,57,,
T,2026-04-14 14:04:18,53.47344667,-2.23947667,1.8,83.1,,0.726,324.0,39,57,,
T,2026-04-14 14:04:19,53.47344333,-2.23953667,1.8,84.7,,0.72,325.0,38,57,,
T,2026-04-14 14:04:20,53.47344833,-2.23957167,1.8,85.5,,0.729,346.0,38,57,,
T,2026-04-14 14:04:21,53.47345333,-2.239615,1.8,86.6,,0.737,354.0,38,57,,
T,2026-04-14 14:04:22,53.47345,-2.23965667,1.8,87.4,,0.732,345.0,37,57,,
T,2026-04-14 14:04:23,53.47345333,-2.23968333,1.8,88.1,,0.712,343.0,38,57,,
T,2026-04-14 14:04:24,53.47345333,-2.23969333,1.8,88.2,,0.686,329.0,38,57,,
T,2026-04-14 14:04:25,53.47345,-2.23970167,1.8,88.3,,0.645,328.0,38,57,,
T,2026-04-14 14:04:26,53.47345,-2.23972333,1.8,88.9,,0.614,328.0,38,57,,
T,2026-04-14 14:04:27,53.47344833,-2.23975,1.8,89.2,,0.585,330.0,37,57,,
T,2026-04-14 14:04:28,53.47345,-2.23976,1.9,89.4,,0.556,332.0,37,57,,
T,2026-04-14 14:04:29,53.47344667,-2.23977833,1.9,89.7,,0.523,332.0,36,57,,
T,2026-04-14 14:04:30,53.47345,-2.23979167,1.9,89.8,,0.482,334.0,37,57,,
T,2026-04-14 14:04:31,53.473445,-2.239795,1.9,90.0,,0.446,344.0,36,57,,
T,2026-04-14 14:04:32,53.47344333,-2.23979833,1.9,90.1,,0.428,348.0,35,57,,
T,2026-04-14 14:04:33,53.47344333,-2.23980833,1.9,90.3,,0.425,357.0,35,57,,
T,2026-04-14 14:04:34,53.47345167,-2.23982,1.9,90.5,,0.445,30.0,35,57,,
T,2026-04-14 14:04:35,53.47345333,-2.23982333,1.8,91.0,,0.478,26.0,35,57,,
T,2026-04-14 14:04:36,53.47345667,-2.23982333,1.8,91.4,,0.504,23.0,35,57,,
T,2026-04-14 14:04:37,53.47346,-2.23983333,1.8,92.0,,0.531,30.0,36,57,,
T,2026-04-14 14:04:38,53.473465,-2.23984833,1.8,92.4,,0.533,20.0,36,57,,
T,2026-04-14 14:04:39,53.473465,-2.23985833,1.8,93.1,,0.538,7.0,37,57,,
T,2026-04-14 14:04:40,53.47346833,-2.239865,1.8,93.3,,0.545,4.0,36,57,,
T,2026-04-14 14:04:41,53.47347167,-2.23986667,1.9,93.6,,0.551,360.0,35,57,,
T,2026-04-14 14:04:42,53.47348167,-2.23987833,1.9,93.9,,0.575,351.0,35,57,,
T,2026-04-14 14:04:43,53.47349333,-2.23989333,1.9,94.0,,0.606,351.0,36,57,,
T,2026-04-14 14:04:44,53.47350833,-2.23990333,1.9,94.2,,0.64,353.0,37,57,,
T,2026-04-14 14:04:45,53.47351833,-2.23991,1.9,94.2,,0.672,355.0,37,57,,
T,2026-04-14 14:04:46,53.47353167,-2.239915,1.9,94.3,,0.694,358.0,37,57,,
T,2026-04-14 14:04:47,53.47353833,-2.23991667,1.9,94.2,,0.704,358.0,36,57,,
T,2026-04-14 14:04:48,53.47354667,-2.23992167,1.9,94.2,,0.737,359.0,36,57,,
T,2026-04-14 14:04:49,53.47355167,-2.23993167,1.9,94.1,,0.766,357.0,35,57,,
T,2026-04-14 14:04:50,53.473565,-2.23994833,1.8,94.0,,0.803,353.0,34,57,,
T,2026-04-14 14:04:51,53.47358167,-2.239955,1.8,93.9,,0.852,352.0,34,57,,
T,2026-04-14 14:04:52,53.47359833,-2.23997,1.8,94.1,,0.887,357.0,35,57,,
T,2026-04-14 14:04:53,53.47361,-2.23998167,1.8,94.0,,0.92,358.0,35,57,,
T,2026-04-14 14:04:54,53.47362333,-2.23999,1.8,94.0,,0.942,356.0,37,57,,
T,2026-04-14 14:04:55,53.473635,-2.23999833,1.9,94.0,,0.965,354.0,36,56,,
T,2026-04-14 14:04:56,53.47365,-2.23999667,1.9,94.2,,0.991,356.0,36,56,,
T,2026-04-14 14:04:57,53.47366333,-2.23999833,1.9,94.2,,1.026,0.0,36,56,,
T,2026-04-14 14:04:58,53.47366833,-2.24001167,1.8,94.3,,1.052,356.0,38,56,,
T,2026-04-14 14:04:59,53.47367333,-2.24002833,1.8,94.5,,1.081,354.0,38,56,,
T,2026-04-14 14:05:00,53.47368333,-2.24003333,1.8,94.6,,1.092,353.0,38,56,,
T,2026-04-14 14:05:01,53.473695,-2.24004833,1.8,94.7,,1.091,351.0,37,55,,
T,2026-04-14 14:05:02,53.473705,-2.24006,1.7,94.9,,1.09,348.0,37,56,,
T,2026-04-14 14:05:03,53.47370333,-2.24007333,1.7,94.8,,1.082,347.0,36,56,,
T,2026-04-14 14:05:04,53.47371,-2.240085,1.7,94.6,,1.076,348.0,36,56,,
T,2026-04-14 14:05:05,53.47371833,-2.24009167,1.7,94.5,,1.071,348.0,36,56,,
T,2026-04-14 14:05:06,53.47372833,-2.24009833,1.7,94.5,,1.068,347.0,34,56,,
T,2026-04-14 14:05:07,53.47373833,-2.24011333,1.7,94.6,,1.062,346.0,34,56,,
T,2026-04-14 14:05:08,53.473745,-2.24012,1.7,94.4,,1.065,347.0,36,56,,
T,2026-04-14 14:05:09,53.47375167,-2.24013167,1.7,94.2,,1.072,348.0,36,56,,
T,2026-04-14 14:05:10,53.47376167,-2.24013667,1.7,94.1,,1.071,349.0,36,56,,
T,2026-04-14 14:05:11,53.473775,-2.24014333,1.7,93.9,,1.099,344.0,35,56,,
T,2026-04-14 14:05:12,53.47378333,-2.24015667,1.6,94.0,,1.115,342.0,34,56,,
T,2026-04-14 14:05:13,53.47379333,-2.240175,1.7,94.0,,1.12,343.0,34,56,,
T,2026-04-14 14:05:14,53.47379833,-2.24019167,1.7,93.9,,1.112,335.0,35,56,,
T,2026-04-14 14:05:15,53.4738,-2.24021,1.7,93.7,,1.073,320.0,38,56,,
T,2026-04-14 14:05:16,53.47380333,-2.24022667,1.7,93.5,,1.027,312.0,37,56,,
T,2026-04-14 14:05:17,53.47380667,-2.24025667,1.7,93.3,,0.984,319.0,36,56,,
T,2026-04-14 14:05:18,53.47381167,-2.24028833,1.6,93.6,,0.933,295.0,35,56,,
T,2026-04-14 14:05:19,53.47382333,-2.24031833,1.6,93.5,,0.896,289.0,33,56,,
T,2026-04-14 14:05:20,53.47383,-2.24033667,1.6,93.6,,0.877,273.0,34,56,,
T,2026-04-14 14:05:21,53.473835,-2.240355,1.6,93.7,,0.835,260.0,35,56,,
T,2026-04-14 14:05:22,53.473845,-2.240375,1.6,93.4,,0.798,259.0,36,56,,
T,2026-04-14 14:05:23,53.473855,-2.24039333,1.7,93.2,,0.782,269.0,37,56,,
T,2026-04-14 14:05:24,53.47386333,-2.24040833,1.7,92.9,,0.787,267.0,34,56,,
T,2026-04-14 14:05:25,53.473875,-2.24042167,1.7,92.5,,0.832,270.0,35,56,,
T,2026-04-14 14:05:26,53.47388667,-2.240435,1.8,92.3,,0.885,287.0,35,55,,
T,2026-04-14 14:05:27,53.47389833,-2.240445,1.9,92.0,,0.92,287.0,33,55,,
T,2026-04-14 14:05:28,53.47390833,-2.240455,2.0,91.7,,0.951,286.0,32,56,,
T,2026-04-14 14:05:29,53.47391833,-2.240465,2.0,91.4,,0.984,287.0,31,56,,
T,2026-04-14 14:05:30,53.47392833,-2.24047333,2.1,91.1,,1.002,290.0,31,56,,
T,2026-04-14 14:05:31,53.47394167,-2.24049167,2.1,90.7,,1.005,292.0,31,56,,
T,2026-04-14 14:05:32,53.47394833,-2.24050667,2.1,90.3,,0.985,291.0,32,56,,
T,2026-04-14 14:05:33,53.473955,-2.24052333,2.0,90.2,,0.97,288.0,32,56,,
T,2026-04-14 14:05:34,53.47396667,-2.24053167,1.9,90.1,,0.949,286.0,33,56,,
T,2026-04-14 14:05:35,53.47397833,-2.24053833,1.9,89.9,,0.924,298.0,35,56,,
T,2026-04-14 14:05:36,53.473975,-2.240545,1.8,89.8,,0.885,297.0,35,56,,
T,2026-04-14 14:05:37,53.47397333,-2.24055667,1.8,89.6,,0.846,302.0,33,56,,
T,2026-04-14 14:05:38,53.47397167,-2.24057,1.7,89.5,,0.811,300.0,33,56,,
T,2026-04-14 14:05:39,53.47397,-2.24058167,1.7,89.3,,0.754,303.0,33,56,,
T,2026-04-14 14:05:40,53.47397,-2.24058833,1.8,89.3,,0.711,306.0,34,56,,
T,2026-04-14 14:05:41,53.47396667,-2.240595,1.8,89.2,,0.661,297.0,35,56,,
T,2026-04-14 14:05:42,53.473965,-2.24060333,1.8,89.1,,0.626,298.0,34,56,,
T,2026-04-14 14:05:43,53.47396167,-2.24061167,1.8,89.1,,0.57,298.0,34,56,,
T,2026-04-14 14:05:44,53.47396167,-2.24062,1.7,89.1,,0.51,305.0,34,56,,
T,2026-04-14 14:05:45,53.47396,-2.24062833,1.7,89.1,,0.443,295.0,33,56,,
T,2026-04-14 14:05:46,53.47395833,-2.24064,1.7,89.1,,0.404,295.0,31,56,,
T,2026-04-14 14:05:47,53.473955,-2.24065,1.7,89.1,,0.371,295.0,35,56,,
T,2026-04-14 14:05:48,53.47395167,-2.240655,1.7,89.1,,0.33,293.0,35,56,,
T,2026-04-14 14:05:49,53.47395,-2.24065667,1.6,89.3,,0.279,266.0,35,56,,
T,2026-04-14 14:05:50,53.47395,-2.24066,1.7,89.1,,0.0,,34,56,,
T,2026-04-14 14:05:51,53.473945,-2.24066333,1.7,89.0,,0.0,,35,56,,
T,2026-04-14 14:05:52,53.473945,-2.24066667,1.7,89.0,,0.0,,36,56,,
T,2026-04-14 14:05:53,53.473945,-2.24066667,1.7,89.0,,0.0,,36,56,,
T,2026-04-14 14:05:54,53.473945,-2.24067833,1.7,89.2,,0.16,283.0,35,56,,
T,2026-04-14 14:05:55,53.47394667,-2.24068667,1.7,89.3,,0.163,309.0,36,56,,
T,2026-04-14 14:05:56,53.47394833,-2.240695,1.7,89.3,,0.162,308.0,36,56,,
T,2026-04-14 14:05:57,53.47395333,-2.24070333,1.7,89.3,,0.0,,35,56,,
T,2026-04-14 14:05:58,53.47396,-2.24070833,1.7,89.3,,0.219,309.0,35,56,,
T,2026-04-14 14:05:59,53.473965,-2.24071333,1.7,89.3,,0.268,310.0,35,56,,
T,2026-04-14 14:06:00,53.47397667,-2.24071667,1.7,89.3,,0.32,304.0,34,56,,
T,2026-04-14 14:06:01,53.47398667,-2.24072,1.7,89.2,,0.386,307.0,34,56,,
T,2026-04-14 14:06:02,53.47399667,-2.24072167,1.7,89.1,,0.455,305.0,34,56,,
T,2026-04-14 14:06:03,53.47400667,-2.24072,1.7,89.0,,0.514,308.0,35,56,,
T,2026-04-14 14:06:04,53.47401333,-2.24072167,1.7,88.9,,0.563,319.0,35,56,,
T,2026-04-14 14:06:05,53.47402167,-2.240725,1.8,88.8,,0.603,319.0,36,56,,
T,2026-04-14 14:06:06,53.474035,-2.24073,1.8,88.8,,0.641,338.0,35,56,,
T,2026-04-14 14:06:07,53.47404667,-2.24073167,1.8,88.8,,0.671,340.0,35,56,,
T,2026-04-14 14:06:08,53.47405667,-2.24073,1.8,88.8,,0.693,325.0,31,56,,
T,2026-04-14 14:06:09,53.47406667,-2.240735,1.8,88.8,,0.726,307.0,32,56,,
T,2026-04-14 14:06:10,53.47407333,-2.24073667,1.8,88.9,,0.747,306.0,32,56,,
T,2026-04-14 14:06:11,53.47408333,-2.24074,1.9,88.9,,0.758,311.0,33,56,,
T,2026-04-14 14:06:12,53.47409167,-2.240745,1.9,89.0,,0.761,316.0,32,56,,
T,2026-04-14 14:06:13,53.47409833,-2.240745,2.0,89.1,,0.764,324.0,33,56,,
T,2026-04-14 14:06:14,53.47411167,-2.24075,1.9,89.0,,0.77,331.0,32,56,,
T,2026-04-14 14:06:15,53.47412333,-2.24075833,1.9,89.0,,0.776,344.0,33,56,,
T,2026-04-14 14:06:16,53.47413333,-2.24076,1.9,88.9,,0.771,344.0,33,56,,
T,2026-04-14 14:06:17,53.47414,-2.24076167,1.9,88.9,,0.759,356.0,35,56,,
T,2026-04-14 14:06:18,53.47414167,-2.24076167,2.0,88.9,,0.742,347.0,34,56,,
T,2026-04-14 14:06:19,53.47414833,-2.240765,2.0,88.9,,0.714,347.0,35,56,,
T,2026-04-14 14:06:20,53.47415167,-2.240765,2.0,88.8,,0.673,328.0,34,56,,
T,2026-04-14 14:06:21,53.474155,-2.24076667,2.0,88.7,,0.625,330.0,34,56,,
T,2026-04-14 14:06:22,53.47415667,-2.240765,2.0,88.7,,0.57,333.0,35,56,,
T,2026-04-14 14:06:23,53.47415833,-2.24076667,2.0,88.8,,0.513,337.0,35,56,,
T,2026-04-14 14:06:24,53.47416,-2.24076667,2.0,88.8,,0.456,340.0,36,56,,
T,2026-04-14 14:06:25,53.47415833,-2.24076167,2.0,88.9,,0.0,,35,56,,
T,2026-04-14 14:06:26,53.47415833,-2.24076,2.0,89.1,,0.0,,35,56,,
T,2026-04-14 14:06:27,53.47416,-2.24075333,1.9,89.2,,0.0,,33,56,,
T,2026-04-14 14:06:28,53.47416,-2.24075333,1.9,89.2,,0.0,,32,56,,
T,2026-04-14 14:06:29,53.47416,-2.24075333,1.9,89.2,,0.0,,31,56,,
T,2026-04-14 14:06:30,53.47416,-2.24075333,1.9,89.2,,0.0,,30,56,,
T,2026-04-14 14:06:31,53.47416,-2.24075333,1.9,89.2,,0.0,,31,56,,
T,2026-04-14 14:06:32,53.47416,-2.24075333,1.9,89.2,,0.0,,30,56,,
T,2026-04-14 14:06:33,53.47416,-2.24075333,1.9,89.2,,0.0,,29,56,,
T,2026-04-14 14:06:34,53.47416,-2.24075333,1.9,89.2,,0.0,,29,56,,
T,2026-04-14 14:06:35,53.47416,-2.24075333,1.9,89.2,,0.0,,29,56,,
T,2026-04-14 14:06:36,53.47416,-2.24075333,1.9,89.2,,0.0,,32,56,,
T,2026-04-14 14:06:37,53.47416,-2.24075333,1.9,89.2,,0.0,,30,56,,
T,2026-04-14 14:06:38,53.47416,-2.24075333,1.9,89.2,,0.0,,32,56,,
T,2026-04-14 14:06:39,53.47416,-2.24075333,2.0,89.2,,0.0,,29,56,,
T,2026-04-14 14:06:40,53.47416,-2.24075333,1.9,89.2,,0.0,,33,56,,
T,2026-04-14 14:06:41,53.47416,-2.24075333,2.0,89.2,,0.0,,31,56,,
T,2026-04-14 14:06:42,53.47416,-2.24075333,2.0,89.2,,0.0,,30,56,,
T,2026-04-14 14:06:43,53.47416,-2.24075333,2.0,89.2,,0.0,,29,56,,
T,2026-04-14 14:06:44,53.47416,-2.24075333,2.0,89.2,,0.0,,29,56,,
T,2026-04-14 14:06:45,53.47416,-2.24075333,2.0,89.2,,0.0,,30,56,,
T,2026-04-14 14:06:46,53.47416,-2.24075333,2.0,89.2,,0.0,,29,56,,
T,2026-04-14 14:06:47,53.47416,-2.24075333,2.0,89.2,,0.0,,30,56,,
T,2026-04-14 14:06:48,53.47421,-2.24074667,2.0,89.3,,0.264,340.0,30,56,,
T,2026-04-14 14:06:49,53.47421833,-2.24076333,1.9,89.3,,0.323,332.0,28,56,,
T,2026-04-14 14:06:50,53.47422667,-2.24077,1.9,89.3,,0.385,333.0,30,56,,
T,2026-04-14 14:06:51,53.47423167,-2.24078,1.9,89.3,,0.45,328.0,29,56,,
T,2026-04-14 14:06:52,53.47423667,-2.24078833,1.9,89.4,,0.495,329.0,29,56,,
T,2026-04-14 14:06:53,53.47424167,-2.240795,1.9,89.6,,0.528,326.0,30,56,,
T,2026-04-14 14:06:54,53.47424667,-2.24079833,1.9,89.7,,0.556,327.0,30,56,,
T,2026-04-14 14:06:55,53.474255,-2.24080333,1.9,89.9,,0.586,330.0,30,56,,
T,2026-04-14 14:06:56,53.47426167,-2.24081167,1.9,89.9,,0.619,326.0,29,56,,
T,2026-04-14 14:06:57,53.474265,-2.24082167,1.9,90.0,,0.641,323.0,30,56,,
T,2026-04-14 14:06:58,53.47426833,-2.24082667,2.0,90.1,,0.651,321.0,29,56,,
T,2026-04-14 14:06:59,53.47427,-2.240835,2.0,90.1,,0.642,317.0,29,56,,
T,2026-04-14 14:07:00,53.47428167,-2.24083833,2.0,90.1,,0.638,324.0,28,56,,
T,2026-04-14 14:07:01,53.474295,-2.24083333,2.0,90.2,,0.636,335.0,30,56,,
T,2026-04-14 14:07:02,53.474305,-2.24083833,2.0,90.2,,0.643,336.0,33,56,,
T,2026-04-14 14:07:03,53.47431167,-2.24084333,2.0,90.2,,0.651,338.0,32,56,,
T,2026-04-14 14:07:04,53.47431667,-2.240845,2.0,90.1,,0.661,337.0,32,56,,
T,2026-04-14 14:07:05,53.474325,-2.24084833,2.0,90.1,,0.666,340.0,32,56,,
T,2026-04-14 14:07:06,53.47432667,-2.24085833,2.0,89.9,,0.656,337.0,32,56,,
T,2026-04-14 14:07:07,53.47433333,-2.240865,2.0,89.8,,0.652,339.0,32,56,,
T,2026-04-14 14:07:08,53.47433833,-2.240875,2.0,89.7,,0.657,325.0,32,56,,
T,2026-04-14 14:07:09,53.47434333,-2.24088167,1.9,89.7,,0.665,325.0,32,56,,
T,2026-04-14 14:07:10,53.47435,-2.24087833,1.9,89.6,,0.659,329.0,33,56,,
T,2026-04-14 14:07:11,53.47436333,-2.24088333,1.9,89.5,,0.662,337.0,34,56,,
T,2026-04-14 14:07:12,53.474365,-2.24089,1.9,89.4,,0.652,325.0,34,56,,
T,2026-04-14 14:07:13,53.47436833,-2.24089167,1.9,89.1,,0.638,326.0,32,56,,
T,2026-04-14 14:07:14,53.47437667,-2.24089667,1.9,89.0,,0.636,329.0,32,56,,
T,2026-04-14 14:07:15,53.47439,-2.24090667,2.0,88.8,,0.65,331.0,33,56,,
T,2026-04-14 14:07:16,53.47440833,-2.24090333,2.0,88.7,,0.682,337.0,33,56,,
T,2026-04-14 14:07:17,53.47442167,-2.24091833,2.0,88.7,,0.721,335.0,33,56,,
T,2026-04-14 14:07:18,53.47443333,-2.24094,2.0,88.8,,0.77,331.0,33,56,,
T,2026-04-14 14:07:19,53.47444833,-2.240945,2.0,88.9,,0.818,328.0,32,56,,
T,2026-04-14 14:07:20,53.47446167,-2.240955,2.0,88.9,,0.873,333.0,33,56,,
T,2026-04-14 14:07:21,53.47447167,-2.24097333,2.0,88.9,,0.922,307.0,33,56,,
T,2026-04-14 14:07:22,53.47448167,-2.24099333,2.0,88.9,,0.973,323.0,33,56,,
T,2026-04-14 14:07:23,53.47449,-2.24100833,2.0,88.6,,1.041,326.0,33,56,,
T,2026-04-14 14:07:24,53.47449667,-2.24102667,1.9,88.4,,1.062,338.0,32,56,,
T,2026-04-14 14:07:25,53.47450833,-2.241035,1.9,88.3,,1.099,351.0,34,56,,
T,2026-04-14 14:07:26,53.47451667,-2.24104333,1.9,88.4,,1.139,337.0,35,55,,
T,2026-04-14 14:07:27,53.47451833,-2.24106667,1.8,88.6,,1.183,335.0,33,55,,
T,2026-04-14 14:07:28,53.47452167,-2.24108667,1.8,88.8,,1.156,327.0,34,55,,
T,2026-04-14 14:07:29,53.47452667,-2.241105,1.7,89.2,,1.12,333.0,35,55,,
T,2026-04-14 14:07:30,53.474535,-2.24112167,1.7,89.5,,1.096,330.0,36,55,,
T,2026-04-14 14:07:31,53.47453833,-2.241135,1.6,90.1,,1.048,308.0,35,55,,
T,2026-04-14 14:07:32,53.47454333,-2.24115,1.6,90.3,,1.03,300.0,34,55,,
T,2026-04-14 14:07:33,53.47454333,-2.24118,1.5,90.2,,1.022,300.0,34,55,,
T,2026-04-14 14:07:34,53.47454833,-2.2412,1.5,90.1,,1.058,296.0,37,55,,
T,2026-04-14 14:07:35,53.47454833,-2.24122333,1.5,90.1,,1.06,287.0,37,55,,
T,2026-04-14 14:07:36,53.47454833,-2.241245,1.5,90.1,,1.052,271.0,37,55,,
T,2026-04-14 14:07:37,53.474545,-2.241265,1.5,90.1,,0.999,257.0,37,55,,
T,2026-04-14 14:07:38,53.47454333,-2.24128,1.5,90.2,,1.0,253.0,37,55,,
T,2026-04-14 14:07:39,53.47453833,-2.24129167,1.6,90.6,,0.993,252.0,38,55,,
T,2026-04-14 14:07:40,53.47453,-2.24130333,1.6,90.9,,0.99,241.0,38,55,,
T,2026-04-14 14:07:41,53.47452,-2.24130667,1.6,90.9,,0.994,226.0,37,55,,
T,2026-04-14 14:07:42,53.47450833,-2.241315,1.6,90.9,,0.973,202.0,35,55,,
T,2026-04-14 14:07:43,53.4745,-2.24132,1.6,90.8,,0.935,194.0,35,55,,
T,2026-04-14 14:07:44,53.47449333,-2.24132333,1.6,90.7,,0.897,188.0,36,55,,
T,2026-04-14 14:07:45,53.47448333,-2.24132833,1.7,90.6,,0.876,192.0,36,55,,
T,2026-04-14 14:07:46,53.47447333,-2.241335,1.7,90.5,,0.852,195.0,36,55,,
T,2026-04-14 14:07:47,53.474465,-2.24134167,1.7,90.4,,0.858,200.0,38,55,,
T,2026-04-14 14:07:48,53.47445667,-2.24134667,1.8,90.5,,0.855,205.0,37,55,,
T,2026-04-14 14:07:49,53.47445,-2.241355,1.7,90.8,,0.853,200.0,36,55,,
T,2026-04-14 14:07:50,53.47444167,-2.24136,1.7,91.1,,0.841,200.0,38,55,,
T,2026-04-14 14:07:51,53.47443333,-2.241365,1.7,91.4,,0.835,200.0,36,55,,
T,2026-04-14 14:07:52,53.474425,-2.24137167,1.7,91.7,,0.828,200.0,37,55,,
T,2026-04-14 14:07:53,53.47442167,-2.24138,1.7,91.8,,0.815,200.0,37,55,,
T,2026-04-14 14:07:54,53.47441333,-2.24138333,1.7,92.0,,0.789,205.0,36,55,,
T,2026-04-14 14:07:55,53.47439833,-2.24139167,1.7,92.2,,0.771,223.0,36,55,,
T,2026-04-14 14:07:56,53.47438833,-2.24139333,1.7,92.3,,0.749,227.0,37,55,,
T,2026-04-14 14:07:57,53.47437833,-2.241395,1.7,92.3,,0.742,245.0,36,55,,
T,2026-04-14 14:07:58,53.47437,-2.241405,1.7,92.4,,0.754,254.0,35,55,,
T,2026-04-14 14:07:59,53.47435833,-2.24141333,1.7,92.5,,0.781,256.0,34,55,,
T,2026-04-14 14:08:00,53.47435333,-2.24142167,1.7,92.7,,0.794,245.0,33,55,,
T,2026-04-14 14:08:01,53.47433167,-2.24144667,1.7,93.1,,0.834,242.0,35,55,,
T,2026-04-14 14:08:02,53.47432333,-2.24145833,1.7,93.1,,0.872,246.0,36,55,,
T,2026-04-14 14:08:03,53.47431667,-2.24146333,1.6,93.1,,0.907,234.0,37,55,,
T,2026-04-14 14:08:04,53.47430667,-2.24146833,1.6,93.1,,0.941,226.0,37,55,,
T,2026-04-14 14:08:05,53.4743,-2.24147167,1.6,93.0,,0.946,199.0,36,55,,
T,2026-04-14 14:08:06,53.474295,-2.24146833,1.6,93.1,,0.936,194.0,36,55,,
T,2026-04-14 14:08:07,53.474285,-2.24146333,1.6,92.9,,0.928,191.0,34,55,,
T,2026-04-14 14:08:08,53.47427333,-2.24146333,1.6,92.8,,0.927,186.0,35,55,,
T,2026-04-14 14:08:09,53.47426,-2.24145667,1.5,92.6,,0.935,183.0,36,55,,
T,2026-04-14 14:08:10,53.47424667,-2.24145,1.5,92.5,,0.964,176.0,36,55,,
T,2026-04-14 14:08:11,53.47423333,-2.24145167,1.5,92.1,,0.965,173.0,36,55,,
T,2026-04-14 14:08:12,53.47421833,-2.24146,1.5,91.8,,1.003,171.0,35,55,,
T,2026-04-14 14:08:13,53.47420833,-2.241475,1.5,91.6,,0.999,177.0,36,55,,
T,2026-04-14 14:08:14,53.4742,-2.241485,1.5,91.4,,0.992,192.0,35,55,,
T,2026-04-14 14:08:15,53.47419167,-2.241495,1.4,91.4,,1.001,210.0,37,55,,
T,2026-04-14 14:08:16,53.47418333,-2.24150833,1.4,91.2,,1.027,211.0,36,55,,
T,2026-04-14 14:08:17,53.47418,-2.241525,1.4,91.0,,1.021,209.0,36,55,,
T,2026-04-14 14:08:18,53.47418,-2.24154667,1.4,91.0,,1.024,213.0,35,55,,
T,2026-04-14 14:08:19,53.47417833,-2.24156667,1.5,90.9,,0.993,219.0,34,55,,
T,2026-04-14 14:08:20,53.47417833,-2.241585,1.5,90.9,,0.962,227.0,36,55,,
T,2026-04-14 14:08:21,53.47417167,-2.241605,1.5,90.8,,0.958,241.0,34,55,,
T,2026-04-14 14:08:22,53.47416833,-2.24162667,1.5,90.8,,0.9,240.0,35,55,,
T,2026-04-14 14:08:23,53.47416667,-2.24164833,1.5,90.8,,0.902,239.0,33,55,,
T,2026-04-14 14:08:24,53.474165,-2.24167,1.5,90.7,,0.942,244.0,33,55,,
T,2026-04-14 14:08:25,53.47416333,-2.24169,1.5,90.8,,0.947,241.0,32,55,,
T,2026-04-14 14:08:26,53.47415833,-2.24170833,1.5,90.8,,0.968,240.0,33,55,,
T,2026-04-14 14:08:27,53.47415667,-2.241725,1.5,90.7,,0.979,240.0,33,55,,
T,2026-04-14 14:08:28,53.47415667,-2.24174167,1.5,90.7,,0.988,243.0,35,55,,
T,2026-04-14 14:08:29,53.474155,-2.24175833,1.6,90.8,,0.996,249.0,36,55,,
T,2026-04-14 14:08:30,53.47415167,-2.24177333,1.6,91.0,,1.01,245.0,35,55,,
T,2026-04-14 14:08:31,53.47415,-2.24178667,1.6,91.3,,1.005,245.0,36,55,,
T,2026-04-14 14:08:32,53.474145,-2.24179833,1.6,91.6,,1.015,244.0,36,55,,
T,2026-04-14 14:08:33,53.47414167,-2.24181167,1.6,91.8,,1.026,241.0,36,55,,
T,2026-04-14 14:08:34,53.47413833,-2.24182833,1.6,92.2,,0.997,242.0,37,55,,
T,2026-04-14 14:08:35,53.474135,-2.24184333,1.6,92.4,,0.966,242.0,37,55,,
T,2026-04-14 14:08:36,53.47413167,-2.24185333,1.6,92.5,,0.911,245.0,37,55,,
T,2026-04-14 14:08:37,53.47412333,-2.24186333,1.5,92.8,,0.888,250.0,37,55,,
T,2026-04-14 14:08:38,53.47412167,-2.24187167,1.5,93.1,,0.838,251.0,36,56,,
T,2026-04-14 14:08:39,53.47412,-2.24188,1.5,93.5,,0.807,244.0,35,56,,
T,2026-04-14 14:08:40,53.474115,-2.24189,1.5,93.9,,0.76,239.0,35,56,,
T,2026-04-14 14:08:41,53.47411167,-2.24189833,1.5,94.1,,0.712,249.0,35,56,,
T,2026-04-14 14:08:42,53.47410167,-2.24191,1.5,94.4,,0.695,249.0,34,56,,
T,2026-04-14 14:08:43,53.47409167,-2.24191833,1.5,94.8,,0.658,231.0,35,56,,
T,2026-04-14 14:08:44,53.47408333,-2.24192167,1.5,95.3,,0.63,224.0,35,56,,
T,2026-04-14 14:08:45,53.47407667,-2.241925,1.5,95.7,,0.628,215.0,35,56,,
T,2026-04-14 14:08:46,53.47407333,-2.24192667,1.5,96.1,,0.626,212.0,36,56,,
T,2026-04-14 14:08:47,53.47406667,-2.241925,1.5,96.6,,0.623,207.0,35,56,,
T,2026-04-14 14:08:48,53.47405833,-2.24192333,1.5,97.0,,0.642,204.0,35,56,,
T,2026-04-14 14:08:49,53.47405,-2.24192,1.6,97.4,,0.671,207.0,34,56,,
T,2026-04-14 14:08:50,53.47404,-2.24191833,1.6,97.6,,0.716,200.0,36,56,,
T,2026-04-14 14:08:51,53.47403,-2.24191333,1.6,97.9,,0.777,187.0,35,56,,
T,2026-04-14 14:08:52,53.47401667,-2.24190833,1.6,98.2,,0.811,186.0,37,56,,
T,2026-04-14 14:08:53,53.474005,-2.241905,1.6,98.3,,0.849,185.0,37,56,,
T,2026-04-14 14:08:54,53.473995,-2.24190167,1.6,98.5,,0.875,179.0,36,56,,
T,2026-04-14 14:08:55,53.47398667,-2.24189833,1.6,98.6,,0.896,172.0,36,56,,
T,2026-04-14 14:08:56,53.47398167,-2.24189,1.6,98.6,,0.91,168.0,37,55,,
T,2026-04-14 14:08:57,53.47397333,-2.24188667,1.6,98.5,,0.935,168.0,36,56,,
T,2026-04-14 14:08:58,53.473965,-2.241885,1.6,98.5,,0.964,153.0,35,56,,
T,2026-04-14 14:08:59,53.47396,-2.24189,1.6,98.3,,0.93,151.0,37,56,,
T,2026-04-14 14:09:00,53.47395667,-2.24189,1.6,98.2,,0.867,160.0,35,56,,
T,2026-04-14 14:09:01,53.47395,-2.241895,1.6,98.0,,0.83,164.0,36,56,,
T,2026-04-14 14:09:02,53.47394333,-2.241895,1.6,98.0,,0.801,166.0,36,56,,
T,2026-04-14 14:09:03,53.47393667,-2.24189167,1.6,97.8,,0.776,165.0,36,56,,
T,2026-04-14 14:09:04,53.47393333,-2.24189667,1.5,97.7,,0.754,163.0,37,56,,
T,2026-04-14 14:09:05,53.47393167,-2.24189167,1.5,97.6,,0.707,165.0,37,56,,
T,2026-04-14 14:09:06,53.47393167,-2.24189,1.5,97.5,,0.663,165.0,38,56,,
T,2026-04-14 14:09:07,53.47393,-2.24188333,1.4,97.5,,0.598,167.0,37,56,,
T,2026-04-14 14:09:08,53.47393,-2.24187833,1.4,97.6,,0.506,167.0,38,56,,
T,2026-04-14 14:09:09,53.47393,-2.24187833,1.4,97.7,,0.47,166.0,35,56,,
T,2026-04-14 14:09:10,53.47393167,-2.24187667,1.4,97.7,,0.44,166.0,35,56,,
T,2026-04-14 14:09:11,53.47393,-2.241875,1.4,97.5,,0.0,,35,56,,
T,2026-04-14 14:09:12,53.47393167,-2.24187667,1.4,97.4,,0.0,,35,56,,
T,2026-04-14 14:09:13,53.47393,-2.24187667,1.4,97.3,,0.0,,38,56,,
T,2026-04-14 14:09:14,53.47393,-2.24187667,1.3,97.3,,0.0,,38,56,,
T,2026-04-14 14:09:15,53.47393,-2.24187667,1.3,97.3,,0.0,,39,56,,
T,2026-04-14 14:09:16,53.47393,-2.24187667,1.3,97.3,,0.0,,37,56,,
T,2026-04-14 14:09:17,53.47393,-2.24187667,1.3,97.3,,0.0,,38,56,,
T,2026-04-14 14:09:18,53.47393,-2.24187667,1.3,97.3,,0.0,,38,56,,
T,2026-04-14 14:09:19,53.47393,-2.24187667,1.3,97.3,,0.0,,38,56,,
T,2026-04-14 14:09:20,53.47393,-2.24187667,1.3,97.3,,0.0,,40,56,,
T,2026-04-14 14:09:21,53.47393,-2.24187667,1.3,97.3,,0.0,,40,56,,
T,2026-04-14 14:09:22,53.47393,-2.24187667,1.3,97.3,,0.0,,39,56,,
T,2026-04-14 14:09:23,53.47393,-2.24187667,1.3,97.3,,0.0,,39,56,,
T,2026-04-14 14:09:24,53.47393,-2.24187667,1.3,97.3,,0.0,,38,56,,
T,2026-04-14 14:09:25,53.47393,-2.24187667,1.3,97.3,,0.0,,39,56,,
T,2026-04-14 14:09:26,53.47393,-2.24187667,1.3,97.3,,0.0,,40,56,,
T,2026-04-14 14:09:27,53.47393,-2.24187667,1.3,97.3,,0.0,,39,56,,
T,2026-04-14 14:09:28,53.47393,-2.24187667,1.3,97.3,,0.0,,38,56,,
T,2026-04-14 14:09:29,53.47393,-2.24187667,1.3,97.3,,0.0,,39,56,,
T,2026-04-14 14:09:30,53.47393,-2.24187667,1.3,97.3,,0.0,,40,56,,
T,2026-04-14 14:09:31,53.47393,-2.24187667,1.3,97.3,,0.0,,39,56,,
T,2026-04-14 14:09:32,53.47393,-2.24187667,1.3,97.3,,0.0,,39,56,,
T,2026-04-14 14:09:33,53.47393,-2.24187667,1.4,97.3,,0.0,,37,56,,
T,2026-04-14 14:09:34,53.47393,-2.24187667,1.4,97.3,,0.0,,36,56,,
T,2026-04-14 14:09:35,53.47393,-2.24187667,1.4,97.3,,0.0,,35,56,,
T,2026-04-14 14:09:36,53.47393,-2.24187667,1.4,97.3,,0.0,,35,56,,
T,2026-04-14 14:09:37,53.47393,-2.24187667,1.4,97.3,,0.0,,37,56,,
T,2026-04-14 14:09:38,53.47393,-2.24187667,1.3,97.3,,0.0,,38,56,,
T,2026-04-14 14:09:39,53.47393,-2.24187667,1.3,97.3,,0.0,,38,56,,
T,2026-04-14 14:09:40,53.47393,-2.24187667,1.3,97.3,,0.0,,38,56,,
T,2026-04-14 14:09:41,53.47393,-2.24187667,1.3,97.3,,0.0,,38,56,,
T,2026-04-14 14:09:42,53.47393,-2.24187667,1.3,97.3,,0.0,,38,56,,
T,2026-04-14 14:09:43,53.47393,-2.24187667,1.3,97.3,,0.0,,38,56,,
T,2026-04-14 14:09:44,53.47393,-2.24187667,1.3,94.3,,0.0,,38,56,,
T,2026-04-14 14:09:45,53.47393,-2.24187667,1.3,94.3,,0.0,,38,56,,
T,2026-04-14 14:09:46,53.47393,-2.24187667,1.3,94.3,,0.0,,38,56,,
T,2026-04-14 14:09:47,53.47393,-2.24187667,1.3,94.3,,0.0,,38,56,,
T,2026-04-14 14:09:48,53.47393,-2.24187667,1.3,94.3,,0.0,,37,56,,
T,2026-04-14 14:09:49,53.47393,-2.24187667,1.3,94.3,,0.0,,38,56,,
T,2026-04-14 14:09:50,53.47393,-2.24187667,1.3,94.3,,0.0,,36,56,,
T,2026-04-14 14:09:51,53.47393,-2.24187667,1.3,94.3,,0.0,,35,56,,
T,2026-04-14 14:09:52,53.47393,-2.24187667,1.3,94.3,,0.0,,39,56,,
T,2026-04-14 14:09:53,53.47393,-2.24187667,1.3,94.3,,0.0,,40,56,,
T,2026-04-14 14:09:54,53.47393,-2.24187667,1.3,94.3,,0.0,,39,56,,
T,2026-04-14 14:09:55,53.47393,-2.24187667,1.3,94.3,,0.0,,38,56,,
T,2026-04-14 14:09:56,53.47393,-2.24187667,1.3,94.3,,0.0,,37,56,,
T,2026-04-14 14:09:57,53.47393,-2.24187667,1.3,94.3,,0.0,,35,56,,
T,2026-04-14 14:09:58,53.47393,-2.24187667,1.3,94.3,,0.0,,38,56,,
T,2026-04-14 14:09:59,53.47393,-2.24187667,1.3,94.3,,0.0,,37,56,,
T,2026-04-14 14:10:00,53.47393,-2.24187667,1.3,94.3,,0.0,,37,56,,
T,2026-04-14 14:10:01,53.47393,-2.24187667,1.3,94.3,,0.0,,37,56,,
T,2026-04-14 14:10:02,53.47393,-2.24187667,1.3,94.3,,0.0,,37,56,,
T,2026-04-14 14:10:03,53.47393,-2.24187667,1.3,94.3,,0.0,,36,56,,
T,2026-04-14 14:10:04,53.47393,-2.24187667,1.3,94.3,,0.0,,36,56,,
T,2026-04-14 14:10:05,53.47393,-2.24187667,1.3,94.3,,0.0,,34,56,,
T,2026-04-14 14:10:06,53.47393,-2.24187667,1.3,94.3,,0.0,,34,56,,
T,2026-04-14 14:10:07,53.47393,-2.24187667,1.3,94.3,,0.0,,35,56,,
T,2026-04-14 14:10:08,53.47393,-2.24187667,1.3,91.2,,0.0,,36,56,,
T,2026-04-14 14:10:09,53.47393,-2.24187667,1.3,91.2,,0.0,,36,56,,
T,2026-04-14 14:10:10,53.47393,-2.24187667,1.3,91.2,,0.0,,35,56,,
T,2026-04-14 14:10:11,53.47393,-2.24187667,1.3,91.2,,0.0,,37,56,,
T,2026-04-14 14:10:12,53.47393,-2.24187667,1.3,91.2,,0.0,,37,56,,
T,2026-04-14 14:10:13,53.47393,-2.24187667,1.3,91.2,,0.0,,37,56,,
T,2026-04-14 14:10:14,53.47393,-2.24187667,1.3,91.2,,0.0,,36,56,,
T,2026-04-14 14:10:15,53.47393,-2.24187667,1.3,91.2,,0.0,,37,56,,
T,2026-04-14 14:10:16,53.47393,-2.24187667,1.3,91.2,,0.0,,38,56,,
T,2026-04-14 14:10:17,53.47393,-2.24187667,1.3,91.2,,0.0,,38,56,,
T,2026-04-14 14:10:18,53.47393,-2.24187667,1.3,91.2,,0.0,,38,56,,
T,2026-04-14 14:10:19,53.47393,-2.24187667,1.3,91.2,,0.0,,38,56,,
T,2026-04-14 14:10:20,53.47393,-2.24187667,1.3,91.2,,0.0,,38,56,,
T,2026-04-14 14:10:21,53.47393,-2.24187667,1.3,91.2,,0.0,,38,56,,
T,2026-04-14 14:10:22,53.47393,-2.24187667,1.3,91.2,,0.0,,38,56,,
T,2026-04-14 14:10:23,53.47393,-2.24187667,1.3,91.2,,0.0,,37,56,,
T,2026-04-14 14:10:24,53.47393,-2.24187667,1.3,91.2,,0.0,,37,56,,
T,2026-04-14 14:10:25,53.47393,-2.24187667,1.3,91.2,,0.0,,38,56,,
T,2026-04-14 14:10:26,53.47393,-2.24187667,1.3,91.2,,0.0,,39,56,,
T,2026-04-14 14:10:27,53.47393,-2.24187667,1.3,91.2,,0.0,,38,56,,
T,2026-04-14 14:10:28,53.47393,-2.24187667,1.3,91.2,,0.0,,37,56,,
T,2026-04-14 14:10:29,53.47393,-2.24187667,1.2,91.2,,0.0,,37,56,,
T,2026-04-14 14:10:30,53.47393,-2.24187667,1.2,91.2,,0.0,,40,56,,
T,2026-04-14 14:10:31,53.47393,-2.24187667,1.2,91.2,,0.0,,39,56,,
T,2026-04-14 14:10:32,53.47393,-2.24187667,1.3,91.2,,0.0,,41,56,,
T,2026-04-14 14:10:33,53.47393,-2.24187667,1.2,91.2,,0.0,,40,56,,
T,2026-04-14 14:10:34,53.47393,-2.24187667,1.2,91.2,,0.0,,41,56,,
T,2026-04-14 14:10:35,53.47393,-2.24187667,1.2,91.2,,0.0,,39,56,,
T,2026-04-14 14:10:36,53.47393,-2.24187667,1.2,91.2,,0.0,,39,56,,
T,2026-04-14 14:10:37,53.47393,-2.24187667,1.2,91.2,,0.0,,38,56,,
T,2026-04-14 14:10:38,53.47393,-2.24187667,1.2,91.2,,0.0,,39,56,,
T,2026-04-14 14:10:39,53.47393,-2.24187667,1.2,91.2,,0.0,,40,56,,
T,2026-04-14 14:10:40,53.47393,-2.24187667,1.2,91.2,,0.0,,39,56,,
T,2026-04-14 14:10:41,53.47393,-2.24187667,1.2,91.2,,0.0,,37,56,,
T,2026-04-14 14:10:42,53.47393,-2.24187667,1.2,91.2,,0.0,,41,56,,
T,2026-04-14 14:10:43,53.47393,-2.24187667,1.2,91.2,,0.0,,37,56,,
T,2026-04-14 14:10:44,53.47393,-2.24187667,1.2,91.2,,0.0,,38,56,,
T,2026-04-14 14:10:45,53.47393,-2.24187667,1.2,91.2,,0.0,,38,56,,
T,2026-04-14 14:10:46,53.47393,-2.24187667,1.2,91.2,,0.0,,38,56,,
T,2026-04-14 14:10:47,53.47393,-2.24187667,1.2,91.2,,0.0,,39,56,,
T,2026-04-14 14:10:48,53.47393,-2.24187667,1.2,91.2,,0.0,,37,56,,
T,2026-04-14 14:10:49,53.47393,-2.24187667,1.2,91.2,,0.0,,37,56,,
T,2026-04-14 14:10:50,53.47393,-2.24187667,1.2,91.2,,0.0,,39,56,,
T,2026-04-14 14:10:51,53.47393,-2.24187667,1.2,91.2,,0.0,,39,56,,
T,2026-04-14 14:10:52,53.47393,-2.24187667,1.2,91.2,,0.0,,40,56,,
T,2026-04-14 14:10:53,53.47393,-2.24187667,1.2,91.2,,0.0,,40,56,,
T,2026-04-14 14:10:54,53.47393,-2.24187667,1.2,91.2,,0.0,,40,56,,
T,2026-04-14 14:10:55,53.47393,-2.24187667,1.2,91.2,,0.0,,40,56,,
T,2026-04-14 14:10:56,53.47393,-2.24187667,1.2,91.2,,0.0,,40,56,,
T,2026-04-14 14:10:57,53.47393,-2.24187667,1.2,91.2,,0.0,,39,56,,
T,2026-04-14 14:10:58,53.47393,-2.24187667,1.2,91.2,,0.0,,39,56,,
T,2026-04-14 14:10:59,53.47393,-2.24187667,1.3,91.2,,0.0,,38,56,,
T,2026-04-14 14:11:00,53.47393,-2.24187667,1.3,91.2,,0.0,,39,56,,
T,2026-04-14 14:11:01,53.47393,-2.24187667,1.3,91.2,,0.0,,39,56,,
T,2026-04-14 14:11:02,53.47393,-2.24187667,1.3,91.2,,0.0,,39,56,,
T,2026-04-14 14:11:03,53.47393,-2.24187667,1.3,94.3,,0.0,,37,56,,
T,2026-04-14 14:11:04,53.47393,-2.24187667,1.3,94.3,,0.0,,38,56,,
T,2026-04-14 14:11:05,53.47393,-2.24187667,1.3,94.3,,0.0,,37,56,,
T,2026-04-14 14:11:06,53.47393,-2.24187667,1.3,94.3,,0.0,,38,56,,
T,2026-04-14 14:11:07,53.47393,-2.24187667,1.3,94.3,,0.0,,37,56,,
T,2026-04-14 14:11:08,53.47393,-2.24187667,1.2,94.3,,0.0,,38,56,,
T,2026-04-14 14:11:09,53.47393,-2.24187667,1.2,94.3,,0.0,,39,56,,
T,2026-04-14 14:11:10,53.47393,-2.24187667,1.2,94.3,,0.0,,39,56,,
T,2026-04-14 14:11:11,53.47393,-2.24187667,1.2,94.3,,0.0,,39,56,,
T,2026-04-14 14:11:12,53.47393,-2.24187667,1.2,94.3,,0.0,,38,56,,
T,2026-04-14 14:11:13,53.47393,-2.24187667,1.2,94.3,,0.0,,39,56,,
T,2026-04-14 14:11:14,53.47393,-2.24187667,1.2,94.3,,0.0,,39,56,,
T,2026-04-14 14:11:15,53.47393,-2.24187667,1.2,94.3,,0.0,,40,56,,
T,2026-04-14 14:11:16,53.47393,-2.24187667,1.2,94.3,,0.0,,40,56,,
T,2026-04-14 14:11:17,53.47393,-2.24187667,1.2,94.3,,0.0,,40,56,,
T,2026-04-14 14:11:18,53.47393,-2.24187667,1.2,94.3,,0.0,,39,56,,
T,2026-04-14 14:11:19,53.47393,-2.24187667,1.2,94.3,,0.0,,40,56,,
T,2026-04-14 14:11:20,53.47393,-2.24187667,1.2,94.3,,0.0,,39,56,,
T,2026-04-14 14:11:21,53.47393,-2.24187667,1.2,94.3,,0.0,,40,56,,
T,2026-04-14 14:11:22,53.47393,-2.24187667,1.2,94.3,,0.0,,41,56,,
T,2026-04-14 14:11:23,53.47393,-2.24187667,1.2,94.3,,0.0,,41,56,,
T,2026-04-14 14:11:24,53.47393,-2.24187667,1.2,94.3,,0.0,,41,56,,
T,2026-04-14 14:11:25,53.47393,-2.24187667,1.2,94.3,,0.0,,41,56,,
T,2026-04-14 14:11:26,53.47393,-2.24187667,1.2,94.3,,0.0,,41,56,,
T,2026-04-14 14:11:27,53.47393,-2.24187667,1.2,94.3,,0.0,,41,56,,
T,2026-04-14 14:11:28,53.47393,-2.24187667,1.2,94.3,,0.0,,41,56,,
T,2026-04-14 14:11:29,53.47393,-2.24187667,1.2,94.3,,0.0,,41,56,,
T,2026-04-14 14:11:30,53.47393,-2.24187667,1.2,94.3,,0.0,,41,56,,
T,2026-04-14 14:11:31,53.47393,-2.24187667,1.2,94.3,,0.0,,41,56,,
T,2026-04-14 14:11:32,53.47393,-2.24187667,1.2,94.3,,0.0,,41,56,,
T,2026-04-14 14:11:33,53.47393,-2.24187667,1.2,94.3,,0.0,,40,56,,
T,2026-04-14 14:11:34,53.47393,-2.24187667,1.2,94.3,,0.0,,39,56,,
T,2026-04-14 14:11:35,53.47393,-2.24187667,1.2,94.3,,0.0,,40,56,,
T,2026-04-14 14:11:36,53.47393,-2.24187667,1.2,94.3,,0.0,,39,56,,
T,2026-04-14 14:11:37,53.47393,-2.24187667,1.2,94.3,,0.0,,38,56,,
T,2026-04-14 14:11:38,53.47393,-2.24187667,1.2,94.3,,0.0,,39,56,,
T,2026-04-14 14:11:39,53.47393,-2.24187667,1.2,94.3,,0.0,,37,56,,
T,2026-04-14 14:11:40,53.47393,-2.24187667,1.2,94.3,,0.0,,37,56,,
T,2026-04-14 14:11:41,53.47393,-2.24187667,1.2,94.3,,0.0,,38,56,,
T,2026-04-14 14:11:42,53.47393,-2.24187667,1.2,94.3,,0.0,,39,56,,
T,2026-04-14 14:11:43,53.47393,-2.24187667,1.2,94.3,,0.0,,39,56,,
T,2026-04-14 14:11:44,53.47393,-2.24187667,1.2,94.3,,0.0,,39,56,,
T,2026-04-14 14:11:45,53.47393,-2.24187667,1.2,94.3,,0.0,,39,56,,
T,2026-04-14 14:11:46,53.47393,-2.24187667,1.2,94.3,,0.0,,40,56,,
T,2026-04-14 14:11:47,53.47393,-2.24187667,1.2,94.3,,0.0,,40,56,,
T,2026-04-14 14:11:48,53.47393,-2.24187667,1.2,94.3,,0.0,,38,56,,
T,2026-04-14 14:11:49,53.47393,-2.24187667,1.2,94.3,,0.0,,36,56,,
T,2026-04-14 14:11:50,53.47393,-2.24187667,1.3,94.3,,0.0,,36,56,,
T,2026-04-14 14:11:51,53.47393,-2.24187667,1.3,94.3,,0.0,,37,56,,
T,2026-04-14 14:11:52,53.47393,-2.24187667,1.3,94.3,,0.0,,36,56,,
T,2026-04-14 14:11:53,53.47393,-2.24187667,1.3,94.3,,0.0,,36,56,,
T,2026-04-14 14:11:54,53.47393,-2.24187667,1.3,94.3,,0.0,,37,56,,
T,2026-04-14 14:11:55,53.47393,-2.24187667,1.3,94.3,,0.0,,38,56,,
T,2026-04-14 14:11:56,53.47393,-2.24187667,1.3,94.3,,0.0,,38,56,,
T,2026-04-14 14:11:57,53.47393,-2.24187667,1.3,94.3,,0.0,,37,56,,
T,2026-04-14 14:11:58,53.47393,-2.24187667,1.3,94.3,,0.0,,38,56,,
T,2026-04-14 14:11:59,53.47393,-2.24187667,1.3,94.3,,0.0,,37,56,,
T,2026-04-14 14:12:00,53.47393,-2.24187667,1.3,94.3,,0.0,,39,56,,
T,2026-04-14 14:12:01,53.47393,-2.24187667,1.3,94.3,,0.0,,38,56,,
T,2026-04-14 14:12:02,53.47393,-2.24187667,1.3,94.3,,0.0,,40,56,,
T,2026-04-14 14:12:03,53.47393,-2.24187667,1.3,94.3,,0.0,,39,56,,
T,2026-04-14 14:12:04,53.47393,-2.24187667,1.3,94.3,,0.0,,40,56,,
T,2026-04-14 14:12:05,53.47393,-2.24187667,1.3,94.3,,0.0,,39,56,,
T,2026-04-14 14:12:06,53.47393,-2.24187667,1.3,94.3,,0.0,,40,56,,
T,2026-04-14 14:12:07,53.47393,-2.24187667,1.2,94.3,,0.0,,38,56,,
T,2026-04-14 14:12:08,53.47393,-2.24187667,1.2,94.3,,0.0,,38,56,,
T,2026-04-14 14:12:09,53.47393,-2.24187667,1.2,94.3,,0.0,,39,56,,
T,2026-04-14 14:12:10,53.47393,-2.24187667,1.2,94.3,,0.0,,40,56,,
T,2026-04-14 14:12:11,53.47393,-2.24187667,1.3,94.3,,0.0,,40,56,,
T,2026-04-14 14:12:12,53.47393,-2.24187667,1.3,94.3,,0.0,,39,56,,
T,2026-04-14 14:12:13,53.47393,-2.24187667,1.3,94.3,,0.0,,39,56,,
T,2026-04-14 14:12:14,53.47393,-2.24187667,1.3,94.3,,0.0,,39,56,,
T,2026-04-14 14:12:15,53.47393,-2.24187667,1.3,94.3,,0.0,,39,56,,
T,2026-04-14 14:12:16,53.47393,-2.24187667,1.3,94.3,,0.0,,37,56,,
T,2026-04-14 14:12:17,53.47393,-2.24187667,1.3,94.3,,0.0,,38,56,,
T,2026-04-14 14:12:18,53.47393,-2.24187667,1.3,94.3,,0.0,,38,56,,
T,2026-04-14 14:12:19,53.47393,-2.24187667,1.3,94.3,,0.0,,38,56,,
T,2026-04-14 14:12:20,53.47393,-2.24187667,1.3,94.3,,0.0,,38,56,,
T,2026-04-14 14:12:21,53.47393,-2.24187667,1.3,94.3,,0.0,,38,56,,
T,2026-04-14 14:12:22,53.47393,-2.24187667,1.3,94.3,,0.0,,37,56,,
T,2026-04-14 14:12:23,53.47393,-2.24187667,1.3,94.3,,0.0,,38,56,,
T,2026-04-14 14:12:24,53.47393,-2.24187667,1.3,94.3,,0.0,,37,56,,
T,2026-04-14 14:12:25,53.47393,-2.24187667,1.3,94.3,,0.0,,37,56,,
T,2026-04-14 14:12:26,53.47393,-2.24187667,1.3,94.3,,0.0,,38,56,,
T,2026-04-14 14:12:27,53.47393,-2.24187667,1.3,94.3,,0.0,,39,56,,
T,2026-04-14 14:12:28,53.47393,-2.24187667,1.3,94.3,,0.0,,38,56,,
T,2026-04-14 14:12:29,53.47393,-2.24187667,1.3,94.3,,0.0,,37,56,,
T,2026-04-14 14:12:30,53.47393,-2.24187667,1.3,94.3,,0.0,,36,56,,
T,2026-04-14 14:12:31,53.47393,-2.24187667,1.3,94.3,,0.0,,36,56,,
T,2026-04-14 14:12:32,53.47393,-2.24187667,1.3,94.3,,0.0,,36,56,,
T,2026-04-14 14:12:33,53.47393,-2.24187667,1.3,94.3,,0.0,,36,56,,
T,2026-04-14 14:12:34,53.47393,-2.24187667,1.3,94.3,,0.0,,36,56,,
T,2026-04-14 14:12:35,53.47393,-2.24187667,1.3,94.3,,0.0,,37,56,,
T,2026-04-14 14:12:36,53.47393,-2.24187667,1.3,94.3,,0.0,,37,56,,
T,2026-04-14 14:12:37,53.47393,-2.24187667,1.3,94.3,,0.0,,37,56,,
T,2026-04-14 14:12:38,53.47393,-2.24187667,1.3,94.3,,0.0,,37,56,,
T,2026-04-14 14:12:39,53.47393,-2.24187667,1.4,94.3,,0.0,,38,56,,
T,2026-04-14 14:12:40,53.47391167,-2.24192667,1.6,93.9,,0.19,322.0,38,56,,
T,2026-04-14 14:12:41,53.47391333,-2.24193,1.5,94.2,,0.246,282.0,37,56,,
T,2026-04-14 14:12:42,53.47391667,-2.24193167,1.5,93.9,,0.0,,38,56,,
T,2026-04-14 14:12:43,53.47391833,-2.24193,1.4,93.7,,0.0,,39,56,,
T,2026-04-14 14:12:44,53.47392,-2.241925,1.4,93.4,,0.0,,38,56,,
T,2026-04-14 14:12:45,53.47392,-2.241925,1.4,93.4,,0.0,,39,56,,
T,2026-04-14 14:12:46,53.47392,-2.241925,1.4,93.4,,0.0,,38,56,,
T,2026-04-14 14:12:47,53.47392,-2.241925,1.4,93.4,,0.0,,35,56,,
T,2026-04-14 14:12:48,53.47392,-2.241925,1.3,93.4,,0.0,,35,56,,
T,2026-04-14 14:12:49,53.47392,-2.241925,1.3,93.4,,0.0,,35,56,,
T,2026-04-14 14:12:50,53.47392,-2.241925,1.3,93.4,,0.0,,36,56,,
T,2026-04-14 14:12:51,53.47392,-2.241925,1.3,93.4,,0.0,,37,56,,
T,2026-04-14 14:12:52,53.47392,-2.241925,1.3,93.4,,0.0,,38,56,,
T,2026-04-14 14:12:53,53.47392,-2.241925,1.3,93.4,,0.0,,38,56,,
T,2026-04-14 14:12:54,53.47392,-2.241925,1.3,93.4,,0.0,,40,56,,
T,2026-04-14 14:12:55,53.47392,-2.241925,1.3,93.4,,0.0,,39,56,,
T,2026-04-14 14:12:56,53.47392,-2.241925,1.3,93.4,,0.0,,38,56,,
T,2026-04-14 14:12:57,53.47392,-2.241925,1.3,93.4,,0.0,,39,56,,
T,2026-04-14 14:12:58,53.47392,-2.241925,1.3,93.4,,0.0,,39,56,,
T,2026-04-14 14:12:59,53.47392,-2.241925,1.3,93.4,,0.0,,40,56,,
T,2026-04-14 14:13:00,53.47392,-2.241925,1.3,93.4,,0.0,,40,55,,
T,2026-04-14 14:13:01,53.47392,-2.241925,1.3,93.4,,0.0,,40,56,,
T,2026-04-14 14:13:02,53.47392,-2.241925,1.3,93.4,,0.0,,39,56,,
T,2026-04-14 14:13:03,53.47392,-2.241925,1.3,93.4,,0.0,,39,56,,
T,2026-04-14 14:13:04,53.47392,-2.241925,1.3,93.4,,0.0,,38,56,,
T,2026-04-14 14:13:05,53.47392,-2.241925,1.3,93.4,,0.0,,38,56,,
T,2026-04-14 14:13:06,53.47392,-2.241925,1.3,93.4,,0.0,,38,56,,
T,2026-04-14 14:13:07,53.47392,-2.241925,1.3,93.4,,0.0,,37,56,,
T,2026-04-14 14:13:08,53.47392,-2.241925,1.3,93.4,,0.0,,37,56,,
T,2026-04-14 14:13:09,53.47392,-2.241925,1.3,93.4,,0.0,,37,56,,
T,2026-04-14 14:13:10,53.47392,-2.241925,1.3,93.4,,0.0,,38,56,,
T,2026-04-14 14:13:11,53.47392,-2.241925,1.3,93.4,,0.0,,38,56,,
T,2026-04-14 14:13:12,53.47392,-2.241925,1.3,93.4,,0.0,,38,56,,
T,2026-04-14 14:13:13,53.47392,-2.241925,1.3,93.4,,0.0,,38,56,,
T,2026-04-14 14:13:14,53.47392,-2.241925,1.3,93.4,,0.0,,38,56,,
T,2026-04-14 14:13:15,53.47392,-2.241925,1.2,93.4,,0.0,,39,56,,
T,2026-04-14 14:13:16,53.47392,-2.241925,1.2,93.4,,0.0,,39,56,,
T,2026-04-14 14:13:17,53.47392,-2.241925,1.2,93.4,,0.0,,40,56,,
T,2026-04-14 14:13:18,53.47392,-2.241925,1.2,93.4,,0.0,,40,56,,
T,2026-04-14 14:13:19,53.47392,-2.241925,1.2,93.4,,0.0,,39,56,,
T,2026-04-14 14:13:20,53.47392,-2.241925,1.3,93.4,,0.0,,39,56,,
T,2026-04-14 14:13:21,53.47392,-2.241925,1.3,93.4,,0.0,,39,56,,
T,2026-04-14 14:13:22,53.47392,-2.241925,1.3,93.4,,0.0,,40,56,,
T,2026-04-14 14:13:23,53.47392,-2.241925,1.3,93.4,,0.0,,38,56,,
T,2026-04-14 14:13:24,53.47392,-2.241925,1.3,93.4,,0.0,,38,56,,
T,2026-04-14 14:13:25,53.47392,-2.241925,1.3,93.4,,0.0,,38,56,,
T,2026-04-14 14:13:26,53.47392,-2.241925,1.3,93.4,,0.0,,39,56,,
T,2026-04-14 14:13:27,53.47392,-2.241925,1.3,93.4,,0.0,,39,56,,
T,2026-04-14 14:13:28,53.47392,-2.241925,1.3,93.4,,0.0,,39,56,,
T,2026-04-14 14:13:29,53.47392,-2.241925,1.3,93.4,,0.0,,39,56,,
T,2026-04-14 14:13:30,53.47392,-2.241925,1.3,93.4,,0.0,,40,56,,
T,2026-04-14 14:13:31,53.47392,-2.241925,1.3,93.4,,0.0,,39,56,,
T,2026-04-14 14:13:32,53.47392,-2.241925,1.3,93.4,,0.0,,37,56,,
T,2026-04-14 14:13:33,53.47392,-2.241925,1.3,93.4,,0.0,,38,56,,
T,2026-04-14 14:13:34,53.47392,-2.241925,1.3,93.4,,0.0,,38,56,,
T,2026-04-14 14:13:35,53.47392,-2.241925,1.3,93.4,,0.0,,38,56,,
T,2026-04-14 14:13:36,53.47392,-2.241925,1.3,93.4,,0.0,,38,56,,
T,2026-04-14 14:13:37,53.47392,-2.241925,1.3,93.4,,0.0,,40,56,,
T,2026-04-14 14:13:38,53.47392,-2.241925,1.3,93.4,,0.0,,40,56,,
T,2026-04-14 14:13:39,53.47392,-2.241925,1.3,93.4,,0.0,,39,56,,
T,2026-04-14 14:13:40,53.47392,-2.241925,1.3,93.4,,0.0,,40,56,,
T,2026-04-14 14:13:41,53.47392,-2.241925,1.3,93.4,,0.0,,41,56,,
T,2026-04-14 14:13:42,53.47392,-2.241925,1.3,93.4,,0.0,,41,56,,
T,2026-04-14 14:13:43,53.47392,-2.241925,1.2,93.4,,0.0,,40,56,,
T,2026-04-14 14:13:44,53.47392,-2.241925,1.2,93.4,,0.0,,39,56,,
T,2026-04-14 14:13:45,53.47392,-2.241925,1.2,93.4,,0.0,,40,56,,
T,2026-04-14 14:13:46,53.47392,-2.241925,1.2,93.4,,0.0,,40,56,,
T,2026-04-14 14:13:47,53.47392,-2.241925,1.2,93.4,,0.0,,41,56,,
T,2026-04-14 14:13:48,53.47392,-2.241925,1.2,93.4,,0.0,,40,56,,
T,2026-04-14 14:13:49,53.47392,-2.241925,1.2,93.4,,0.0,,40,56,,
T,2026-04-14 14:13:50,53.47392,-2.241925,1.2,93.4,,0.0,,40,56,,
T,2026-04-14 14:13:51,53.47392,-2.241925,1.2,93.4,,0.0,,40,56,,
T,2026-04-14 14:13:52,53.47392,-2.241925,1.2,93.4,,0.0,,40,56,,
T,2026-04-14 14:13:53,53.47392,-2.241925,1.2,93.4,,0.0,,40,56,,
T,2026-04-14 14:13:54,53.47392,-2.241925,1.2,93.4,,0.0,,40,56,,
T,2026-04-14 14:13:55,53.47392,-2.241925,1.2,93.4,,0.0,,40,56,,
T,2026-04-14 14:13:56,53.47392,-2.241925,1.2,93.4,,0.0,,39,56,,
T,2026-04-14 14:13:57,53.47392,-2.241925,1.2,93.4,,0.0,,38,56,,
T,2026-04-14 14:13:58,53.47392,-2.241925,1.2,93.4,,0.0,,39,56,,
T,2026-04-14 14:13:59,53.47392,-2.241925,1.2,93.4,,0.0,,38,56,,
T,2026-04-14 14:14:00,53.47392,-2.241925,1.2,93.4,,0.0,,39,56,,
T,2026-04-14 14:14:01,53.47392,-2.241925,1.2,93.4,,0.0,,39,56,,
T,2026-04-14 14:14:02,53.47392,-2.241925,1.2,93.4,,0.0,,38,56,,
T,2026-04-14 14:14:03,53.47392,-2.241925,1.2,93.4,,0.0,,38,56,,
T,2026-04-14 14:14:04,53.47392,-2.241925,1.2,93.4,,0.0,,37,56,,
T,2026-04-14 14:14:05,53.47392,-2.241925,1.2,93.4,,0.0,,38,56,,
T,2026-04-14 14:14:06,53.47392,-2.241925,1.2,93.4,,0.0,,39,56,,
T,2026-04-14 14:14:07,53.47392,-2.241925,1.2,93.4,,0.0,,39,56,,
T,2026-04-14 14:14:08,53.47392,-2.241925,1.2,93.4,,0.0,,39,56,,
T,2026-04-14 14:14:09,53.47392,-2.241925,1.2,93.4,,0.0,,39,56,,
T,2026-04-14 14:14:10,53.47392,-2.241925,1.3,93.4,,0.0,,40,56,,
T,2026-04-14 14:14:11,53.47392,-2.241925,1.3,93.4,,0.0,,39,56,,
T,2026-04-14 14:14:12,53.47392333,-2.24184,1.3,92.6,,0.218,45.0,37,56,,
T,2026-04-14 14:14:13,53.47393,-2.24183167,1.4,92.7,,0.283,42.0,38,56,,
T,2026-04-14 14:14:14,53.47393667,-2.24182833,1.4,92.7,,0.344,31.0,38,56,,
T,2026-04-14 14:14:15,53.47394167,-2.24182333,1.5,92.7,,0.399,37.0,38,56,,
T,2026-04-14 14:14:16,53.47394333,-2.241815,1.5,92.7,,0.448,45.0,38,56,,
T,2026-04-14 14:14:17,53.473945,-2.241805,1.5,92.8,,0.488,49.0,38,56,,
T,2026-04-14 14:14:18,53.47395,-2.241805,1.5,92.9,,0.502,26.0,37,56,,
T,2026-04-14 14:14:19,53.473955,-2.24180833,1.6,93.0,,0.508,9.0,37,56,,
T,2026-04-14 14:14:20,53.47395667,-2.24180167,1.6,93.2,,0.505,37.0,38,56,,
T,2026-04-14 14:14:21,53.47396,-2.241795,1.6,93.4,,0.492,40.0,36,56,,
T,2026-04-14 14:14:22,53.47396167,-2.24178833,1.6,93.6,,0.457,56.0,36,56,,
T,2026-04-14 14:14:23,53.47396167,-2.24179167,1.6,93.6,,0.405,51.0,36,56,,
T,2026-04-14 14:14:24,53.473965,-2.24179,1.6,93.6,,0.0,,36,55,,
T,2026-04-14 14:14:25,53.47397333,-2.24179167,1.6,93.6,,0.0,,36,56,,
T,2026-04-14 14:14:26,53.47397833,-2.24179167,1.6,93.7,,0.0,,36,56,,
T,2026-04-14 14:14:27,53.47397833,-2.24179167,1.6,93.7,,0.0,,37,56,,
T,2026-04-14 14:14:28,53.47397833,-2.24179167,1.5,93.7,,0.0,,36,56,,
T,2026-04-14 14:14:29,53.47397833,-2.24179167,1.5,93.7,,0.0,,35,56,,
T,2026-04-14 14:14:30,53.47399833,-2.24178833,1.5,93.8,,0.362,359.0,34,56,,
T,2026-04-14 14:14:31,53.474005,-2.24179167,1.5,93.8,,0.398,357.0,34,56,,
T,2026-04-14 14:14:32,53.47401333,-2.24179667,1.5,93.7,,0.447,357.0,34,56,,
T,2026-04-14 14:14:33,53.47402167,-2.24180333,1.5,93.7,,0.502,351.0,36,56,,
T,2026-04-14 14:14:34,53.47402833,-2.24181,1.5,93.6,,0.535,349.0,37,56,,
T,2026-04-14 14:14:35,53.474035,-2.24181667,1.5,93.6,,0.558,342.0,37,56,,
T,2026-04-14 14:14:36,53.47404167,-2.24182167,1.5,93.5,,0.591,343.0,38,56,,
T,2026-04-14 14:14:37,53.474045,-2.24182833,1.5,93.5,,0.601,339.0,38,56,,
T,2026-04-14 14:14:38,53.47405333,-2.24183167,1.5,93.5,,0.615,346.0,37,56,,
T,2026-04-14 14:14:39,53.47406,-2.24183333,1.5,93.4,,0.622,338.0,37,56,,
T,2026-04-14 14:14:40,53.47406333,-2.24183667,1.5,93.4,,0.592,343.0,37,56,,
T,2026-04-14 14:14:41,53.47406833,-2.241835,1.5,93.3,,0.568,360.0,37,56,,
T,2026-04-14 14:14:42,53.47407167,-2.24183667,1.5,93.3,,0.536,352.0,38,56,,
T,2026-04-14 14:14:43,53.47407667,-2.24183833,1.4,93.3,,0.502,2.0,37,56,,
T,2026-04-14 14:14:44,53.47408167,-2.24184,1.4,93.3,,0.479,356.0,36,56,,
T,2026-04-14 14:14:45,53.47408667,-2.24184333,1.4,93.2,,0.45,347.0,37,56,,
T,2026-04-14 14:14:46,53.47409,-2.24184333,1.4,93.1,,0.424,5.0,37,56,,
T,2026-04-14 14:14:47,53.47409667,-2.24184167,1.4,93.1,,0.43,21.0,37,56,,
T,2026-04-14 14:14:48,53.4741,-2.24184167,1.4,93.1,,0.41,17.0,37,56,,
T,2026-04-14 14:14:49,53.47410333,-2.24184167,1.4,93.0,,0.373,346.0,35,56,,
T,2026-04-14 14:14:50,53.47410667,-2.24184333,1.5,92.9,,0.359,321.0,37,56,,
T,2026-04-14 14:14:51,53.47411,-2.24183833,1.5,92.9,,0.349,34.0,37,56,,
T,2026-04-14 14:14:52,53.474115,-2.24184167,1.5,92.8,,0.338,23.0,37,56,,
T,2026-04-14 14:14:53,53.47411833,-2.24184333,1.5,92.7,,0.328,28.0,37,56,,
T,2026-04-14 14:14:54,53.47412333,-2.24184,1.5,92.7,,0.331,27.0,38,56,,
T,2026-04-14 14:14:55,53.47412833,-2.24184,1.5,92.6,,0.324,18.0,38,56,,
T,2026-04-14 14:14:56,53.47412833,-2.24183,1.5,92.6,,0.318,71.0,38,56,,
T,2026-04-14 14:14:57,53.47412833,-2.241825,1.5,92.4,,0.307,67.0,38,56,,
T,2026-04-14 14:14:58,53.47413167,-2.24181833,1.5,92.3,,0.322,66.0,38,56,,
T,2026-04-14 14:14:59,53.47413667,-2.24181333,1.5,92.2,,0.361,53.0,38,56,,
T,2026-04-14 14:15:00,53.47414333,-2.24180167,1.5,92.1,,0.401,51.0,38,56,,
T,2026-04-14 14:15:01,53.47414833,-2.24179167,1.5,91.9,,0.44,48.0,39,56,,
T,2026-04-14 14:15:02,53.47415333,-2.24178,1.5,91.8,,0.477,60.0,38,56,,
T,2026-04-14 14:15:03,53.47415667,-2.241765,1.5,91.7,,0.528,68.0,37,56,,
T,2026-04-14 14:15:04,53.47415833,-2.24175167,1.6,91.6,,0.565,68.0,38,56,,
T,2026-04-14 14:15:05,53.47416167,-2.24173667,1.6,91.5,,0.608,69.0,37,56,,
T,2026-04-14 14:15:06,53.47416667,-2.24172333,1.6,91.5,,0.659,62.0,36,56,,
T,2026-04-14 14:15:07,53.47417,-2.24170167,1.6,91.5,,0.721,65.0,37,56,,
T,2026-04-14 14:15:08,53.47417333,-2.24168333,1.7,91.1,,0.783,69.0,38,56,,
T,2026-04-14 14:15:09,53.47417833,-2.24166833,1.7,90.8,,0.835,70.0,39,56,,
T,2026-04-14 14:15:10,53.47418167,-2.24165,1.7,90.7,,0.877,68.0,36,56,,
T,2026-04-14 14:15:11,53.47418333,-2.24163333,1.7,90.4,,0.915,66.0,39,56,,
T,2026-04-14 14:15:12,53.47418667,-2.24162,1.7,90.2,,0.951,66.0,37,56,,
T,2026-04-14 14:15:13,53.47419,-2.24160333,1.7,90.1,,0.984,63.0,36,56,,
T,2026-04-14 14:15:14,53.474195,-2.241585,1.7,90.0,,1.018,62.0,37,56,,
T,2026-04-14 14:15:15,53.47420167,-2.24156667,1.7,89.9,,1.056,61.0,38,55,,
T,2026-04-14 14:15:16,53.47420667,-2.24155,1.6,89.8,,1.106,65.0,38,56,,
T,2026-04-14 14:15:17,53.47421,-2.24152833,1.6,89.7,,1.144,66.0,38,56,,
T,2026-04-14 14:15:18,53.47421333,-2.241505,1.6,89.7,,1.164,67.0,38,56,,
T,2026-04-14 14:15:19,53.47421833,-2.24148667,1.6,89.6,,1.194,65.0,38,56,,
T,2026-04-14 14:15:20,53.474225,-2.24148167,1.6,89.4,,1.157,51.0,37,56,,
T,2026-04-14 14:15:21,53.474235,-2.24148333,1.6,89.1,,1.135,12.0,38,56,,
T,2026-04-14 14:15:22,53.47424333,-2.241475,1.6,89.0,,1.133,34.0,37,56,,
T,2026-04-14 14:15:23,53.47425333,-2.24147333,1.6,88.8,,1.156,27.0,36,55,,
T,2026-04-14 14:15:24,53.47426167,-2.241465,1.6,88.6,,1.159,25.0,39,56,,
T,2026-04-14 14:15:25,53.47426833,-2.24146333,1.6,88.5,,1.118,4.0,37,56,,
T,2026-04-14 14:15:26,53.47427333,-2.24146333,1.6,88.3,,1.037,351.0,37,56,,
T,2026-04-14 14:15:27,53.47427667,-2.24146,1.7,88.0,,0.938,356.0,37,56,,
T,2026-04-14 14:15:28,53.474285,-2.241455,1.7,87.6,,0.859,9.0,36,56,,
T,2026-04-14 14:15:29,53.474295,-2.24145,1.7,87.3,,0.79,13.0,35,56,,
T,2026-04-14 14:15:30,53.47430667,-2.24143667,1.7,87.1,,0.816,21.0,34,56,,
T,2026-04-14 14:15:31,53.47432,-2.24143,1.8,87.0,,0.851,18.0,37,56,,
T,2026-04-14 14:15:32,53.474335,-2.24142167,1.8,86.7,,0.901,22.0,39,55,,
T,2026-04-14 14:15:33,53.47435167,-2.241405,1.9,86.5,,0.932,23.0,40,55,,
T,2026-04-14 14:15:34,53.47437,-2.24138833,1.8,86.5,,0.973,24.0,39,55,,
T,2026-04-14 14:15:35,53.47438833,-2.24137833,1.7,86.7,,1.053,25.0,39,55,,
T,2026-04-14 14:15:36,53.47439833,-2.24135667,1.6,86.9,,1.116,28.0,37,55,,
T,2026-04-14 14:15:37,53.47440833,-2.24136333,1.6,87.0,,1.129,36.0,37,55,,
T,2026-04-14 14:15:38,53.47441667,-2.241375,1.6,87.4,,1.143,46.0,38,55,,
T,2026-04-14 14:15:39,53.474425,-2.24138167,1.5,87.7,,1.14,53.0,38,55,,
T,2026-04-14 14:15:40,53.474435,-2.24138833,1.5,87.9,,1.109,54.0,37,55,,
T,2026-04-14 14:15:41,53.47444167,-2.241385,1.5,88.3,,1.053,51.0,38,55,,
T,2026-04-14 14:15:42,53.474445,-2.24138333,1.5,88.6,,0.943,45.0,38,55,,
T,2026-04-14 14:15:43,53.474445,-2.24138,1.5,88.7,,0.814,44.0,35,55,,
T,2026-04-14 14:15:44,53.47444333,-2.24137833,1.5,88.8,,0.669,45.0,39,55,,
T,2026-04-14 14:15:45,53.47444333,-2.24137667,1.5,89.0,,0.537,45.0,38,55,,
T,2026-04-14 14:15:46,53.47444167,-2.241375,1.5,89.2,,0.437,46.0,39,55,,
T,2026-04-14 14:15:47,53.47444167,-2.24137833,1.6,89.3,,0.393,48.0,39,55,,
T,2026-04-14 14:15:48,53.47444,-2.24138167,1.6,89.4,,0.343,48.0,39,55,,
T,2026-04-14 14:15:49,53.47443667,-2.24138167,1.6,89.4,,0.281,48.0,40,55,,
T,2026-04-14 14:15:50,53.474435,-2.24138333,1.6,89.5,,0.23,43.0,40,55,,
T,2026-04-14 14:15:51,53.474435,-2.24138167,1.6,89.5,,0.168,43.0,38,55,,
T,2026-04-14 14:15:52,53.474435,-2.241385,1.6,89.6,,0.135,41.0,39,55,,
T,2026-04-14 14:15:53,53.47443167,-2.24139167,1.6,89.7,,0.109,41.0,39,55,,
T,2026-04-14 14:15:54,53.474435,-2.24139833,1.6,90.0,,0.0,,39,55,,
T,2026-04-14 14:15:55,53.47443667,-2.24140333,1.6,90.2,,0.0,,39,55,,
T,2026-04-14 14:15:56,53.474435,-2.24141,1.6,90.6,,0.0,,39,55,,
T,2026-04-14 14:15:57,53.474435,-2.24141,1.6,90.6,,0.0,,40,55,,
T,2026-04-14 14:15:58,53.474435,-2.24141,1.6,90.6,,0.0,,39,55,,
T,2026-04-14 14:15:59,53.474435,-2.24141,1.6,90.6,,0.0,,39,55,,
T,2026-04-14 14:16:00,53.474435,-2.24141,1.6,90.6,,0.0,,39,55,,
T,2026-04-14 14:16:01,53.474435,-2.24141,1.6,90.6,,0.0,,40,55,,
T,2026-04-14 14:16:02,53.474435,-2.24141,1.6,90.6,,0.0,,40,55,,
T,2026-04-14 14:16:03,53.474435,-2.24141,1.6,90.6,,0.0,,40,55,,
T,2026-04-14 14:16:04,53.474435,-2.24141,1.5,90.6,,0.0,,39,55,,
T,2026-04-14 14:16:05,53.474435,-2.24141,1.5,90.6,,0.0,,40,55,,
T,2026-04-14 14:16:06,53.474435,-2.24141,1.5,90.6,,0.0,,39,55,,
T,2026-04-14 14:16:07,53.474435,-2.24141,1.5,90.6,,0.0,,39,55,,
T,2026-04-14 14:16:08,53.474435,-2.24141,1.5,90.6,,0.0,,39,55,,
T,2026-04-14 14:16:09,53.474435,-2.24141,1.5,90.6,,0.0,,40,55,,
T,2026-04-14 14:16:10,53.474435,-2.24141,1.5,90.6,,0.0,,40,55,,
T,2026-04-14 14:16:11,53.474435,-2.24141,1.5,90.6,,0.0,,40,55,,
T,2026-04-14 14:16:12,53.474435,-2.24141,1.5,90.6,,0.0,,41,55,,
T,2026-04-14 14:16:13,53.474425,-2.24146333,1.5,92.6,,0.046,207.0,41,55,,
T,2026-04-14 14:16:14,53.47442333,-2.24146333,1.6,92.6,,0.046,176.0,40,55,,
T,2026-04-14 14:16:15,53.47442,-2.24146333,1.6,92.5,,0.0,,40,55,,
T,2026-04-14 14:16:16,53.47441833,-2.24147167,1.6,92.5,,0.054,201.0,40,55,,
T,2026-04-14 14:16:17,53.47441667,-2.24147667,1.7,92.5,,0.062,215.0,40,55,,
T,2026-04-14 14:16:18,53.47441,-2.24148333,1.7,92.4,,0.074,200.0,41,55,,
T,2026-04-14 14:16:19,53.47440333,-2.24148333,1.7,92.6,,0.081,193.0,40,55,,
T,2026-04-14 14:16:20,53.47439833,-2.241485,1.7,92.8,,0.096,170.0,40,55,,
T,2026-04-14 14:16:21,53.47439667,-2.24148333,1.7,92.8,,0.1,161.0,41,55,,
T,2026-04-14 14:16:22,53.47439167,-2.24147833,1.7,92.9,,0.121,151.0,41,55,,
T,2026-04-14 14:16:23,53.47439167,-2.24147,1.7,93.1,,0.132,133.0,40,55,,
T,2026-04-14 14:16:24,53.47439,-2.24147333,1.7,93.2,,0.135,196.0,41,55,,
T,2026-04-14 14:16:25,53.47439,-2.24146833,1.7,93.3,,0.151,36.0,41,55,,
T,2026-04-14 14:16:26,53.474395,-2.24146333,1.7,93.3,,0.191,26.0,41,55,,
T,2026-04-14 14:16:27,53.47439833,-2.24145833,1.7,93.4,,0.219,15.0,39,55,,
T,2026-04-14 14:16:28,53.4744,-2.24145333,1.7,93.4,,0.238,19.0,39,55,,
T,2026-04-14 14:16:29,53.47440667,-2.24145,1.7,93.5,,0.275,18.0,38,55,,
T,2026-04-14 14:16:30,53.47441,-2.24145,1.7,93.3,,0.31,7.0,39,55,,
T,2026-04-14 14:16:31,53.47441833,-2.24145,1.8,93.1,,0.353,11.0,40,55,,
T,2026-04-14 14:16:32,53.47442667,-2.24145167,1.8,93.0,,0.378,15.0,40,55,,
T,2026-04-14 14:16:33,53.474455,-2.24143833,1.8,92.7,,0.418,16.0,41,55,,
T,2026-04-14 14:16:34,53.47447167,-2.24143167,1.7,92.4,,0.464,11.0,41,55,,
T,2026-04-14 14:16:35,53.47448333,-2.24143667,1.7,92.2,,0.485,356.0,41,55,,
T,2026-04-14 14:16:36,53.47448833,-2.24143,1.7,92.4,,0.47,18.0,41,55,,
T,2026-04-14 14:16:37,53.47449833,-2.24143,1.6,92.5,,0.453,20.0,41,55,,
T,2026-04-14 14:16:38,53.474505,-2.24142667,1.6,92.7,,0.44,25.0,40,55,,
T,2026-04-14 14:16:39,53.474515,-2.24142333,1.6,92.6,,0.404,23.0,40,55,,
T,2026-04-14 14:16:40,53.47452,-2.241415,1.6,92.7,,0.0,,40,55,,
T,2026-04-14 14:16:41,53.47452333,-2.24141167,1.6,92.7,,0.0,,40,55,,
T,2026-04-14 14:16:42,53.47452833,-2.24140833,1.6,92.6,,0.0,,40,55,,
T,2026-04-14 14:16:43,53.47452833,-2.24140833,1.5,92.6,,0.0,,39,55,,
T,2026-04-14 14:16:44,53.47452833,-2.24140833,1.5,92.6,,0.0,,39,55,,
T,2026-04-14 14:16:45,53.47452833,-2.24140833,1.5,92.6,,0.0,,39,55,,
T,2026-04-14 14:16:46,53.47452833,-2.24140833,1.5,92.6,,0.0,,39,55,,
T,2026-04-14 14:16:47,53.47452833,-2.24140833,1.5,92.6,,0.0,,39,55,,
T,2026-04-14 14:16:48,53.47452833,-2.24140833,1.5,92.6,,0.0,,39,55,,
T,2026-04-14 14:16:49,53.47452833,-2.24140833,1.5,92.6,,0.0,,39,55,,
T,2026-04-14 14:16:50,53.47452833,-2.24140833,1.5,92.6,,0.0,,39,55,,
T,2026-04-14 14:16:51,53.47452833,-2.24140833,1.5,92.6,,0.0,,40,55,,
T,2026-04-14 14:16:52,53.47452833,-2.24140833,1.5,92.6,,0.0,,40,55,,
T,2026-04-14 14:16:53,53.47452833,-2.24140833,1.4,92.6,,0.0,,40,55,,
T,2026-04-14 14:16:54,53.47452833,-2.24140833,1.4,92.6,,0.0,,39,55,,
T,2026-04-14 14:16:55,53.47452833,-2.24140833,1.4,92.6,,0.0,,39,55,,
T,2026-04-14 14:16:56,53.47452833,-2.24140833,1.4,92.6,,0.0,,40,55,,
T,2026-04-14 14:16:57,53.47452833,-2.24140833,1.4,92.6,,0.0,,40,55,,
T,2026-04-14 14:16:58,53.47452833,-2.24140833,1.4,92.6,,0.0,,40,55,,
T,2026-04-14 14:16:59,53.47452833,-2.24140833,1.4,92.6,,0.0,,39,55,,
T,2026-04-14 14:17:00,53.47452833,-2.24140833,1.4,92.6,,0.0,,39,55,,
T,2026-04-14 14:17:01,53.47452833,-2.24140833,1.4,92.6,,0.0,,38,55,,
T,2026-04-14 14:17:02,53.47452833,-2.24140833,1.4,92.6,,0.0,,39,55,,
T,2026-04-14 14:17:03,53.47452833,-2.24140833,1.4,92.6,,0.0,,39,55,,
T,2026-04-14 14:17:04,53.47452833,-2.24140833,1.4,92.6,,0.0,,38,55,,
T,2026-04-14 14:17:05,53.47452833,-2.24140833,1.4,92.6,,0.0,,39,55,,
T,2026-04-14 14:17:06,53.47452833,-2.24140833,1.4,92.6,,0.0,,39,55,,
T,2026-04-14 14:17:07,53.47452833,-2.24140833,1.4,92.6,,0.0,,40,55,,
T,2026-04-14 14:17:08,53.47452833,-2.24140833,1.4,92.6,,0.0,,39,55,,
T,2026-04-14 14:17:09,53.47452833,-2.24140833,1.4,92.6,,0.0,,39,55,,
T,2026-04-14 14:17:10,53.47452833,-2.24140833,1.4,92.6,,0.0,,39,55,,
T,2026-04-14 14:17:11,53.47452833,-2.24140833,1.4,92.6,,0.0,,39,55,,
T,2026-04-14 14:17:12,53.47452833,-2.24140833,1.4,92.6,,0.0,,40,55,,
T,2026-04-14 14:17:13,53.47452833,-2.24140833,1.4,92.6,,0.0,,41,55,,
T,2026-04-14 14:17:14,53.47452833,-2.24140833,1.4,92.6,,0.0,,40,55,,
T,2026-04-14 14:17:15,53.47452833,-2.24140833,1.4,92.6,,0.0,,41,55,,
T,2026-04-14 14:17:16,53.47452833,-2.24140833,1.4,92.6,,0.0,,41,55,,
T,2026-04-14 14:17:17,53.47452833,-2.24140833,1.4,92.6,,0.0,,38,55,,
T,2026-04-14 14:17:18,53.47452833,-2.24140833,1.4,92.6,,0.0,,40,55,,
T,2026-04-14 14:17:19,53.47452833,-2.24140833,1.4,92.6,,0.0,,40,55,,
T,2026-04-14 14:17:20,53.47452833,-2.24140833,1.4,92.6,,0.0,,39,55,,
T,2026-04-14 14:17:21,53.47452833,-2.24140833,1.4,92.6,,0.0,,40,55,,
T,2026-04-14 14:17:22,53.47452833,-2.24140833,1.4,92.6,,0.0,,40,55,,
T,2026-04-14 14:17:23,53.47452833,-2.24140833,1.4,92.6,,0.0,,38,55,,
T,2026-04-14 14:17:24,53.47452833,-2.24140833,1.4,92.6,,0.0,,39,55,,
T,2026-04-14 14:17:25,53.47452833,-2.24140833,1.4,92.6,,0.0,,39,55,,
T,2026-04-14 14:17:26,53.47452833,-2.24140833,1.4,92.6,,0.0,,41,55,,
T,2026-04-14 14:17:27,53.47452833,-2.24140833,1.4,92.6,,0.0,,41,55,,
T,2026-04-14 14:17:28,53.47452833,-2.24140833,1.4,92.6,,0.0,,41,55,,
T,2026-04-14 14:17:29,53.47452833,-2.24140833,1.4,92.6,,0.0,,41,55,,
T,2026-04-14 14:17:30,53.47452833,-2.24140833,1.4,92.6,,0.0,,39,55,,
T,2026-04-14 14:17:31,53.47452833,-2.24140833,1.4,92.6,,0.0,,39,55,,
T,2026-04-14 14:17:32,53.47452833,-2.24140833,1.4,92.6,,0.0,,39,55,,
T,2026-04-14 14:17:33,53.47452833,-2.24140833,1.4,92.6,,0.0,,39,55,,
T,2026-04-14 14:17:34,53.47452833,-2.24140833,1.4,92.6,,0.0,,39,55,,
T,2026-04-14 14:17:35,53.47452833,-2.24140833,1.4,92.6,,0.0,,39,55,,
T,2026-04-14 14:17:36,53.47452833,-2.24140833,1.4,92.6,,0.0,,40,55,,
T,2026-04-14 14:17:37,53.47452833,-2.24140833,1.4,92.6,,0.0,,40,55,,
T,2026-04-14 14:17:38,53.47452833,-2.24140833,1.4,92.6,,0.0,,40,55,,
T,2026-04-14 14:17:39,53.47452833,-2.24140833,1.4,92.6,,0.0,,40,55,,
T,2026-04-14 14:17:40,53.47452833,-2.24140833,1.4,92.6,,0.0,,41,55,,
T,2026-04-14 14:17:41,53.47452833,-2.24140833,1.4,92.6,,0.0,,42,55,,
T,2026-04-14 14:17:42,53.47452833,-2.24140833,1.4,92.6,,0.0,,41,55,,
T,2026-04-14 14:17:43,53.47452833,-2.24140833,1.4,92.6,,0.0,,42,55,,
T,2026-04-14 14:17:44,53.47452833,-2.24140833,1.4,92.6,,0.0,,42,55,,
T,2026-04-14 14:17:45,53.47452833,-2.24140833,1.4,92.6,,0.0,,40,55,,
T,2026-04-14 14:17:46,53.47452833,-2.24140833,1.4,92.6,,0.0,,42,55,,
T,2026-04-14 14:17:47,53.47452833,-2.24140833,1.4,92.6,,0.0,,41,55,,
T,2026-04-14 14:17:48,53.47452833,-2.24140833,1.4,92.6,,0.0,,39,55,,
T,2026-04-14 14:17:49,53.47452833,-2.24140833,1.4,92.6,,0.0,,39,55,,
T,2026-04-14 14:17:50,53.47452833,-2.24140833,1.4,92.6,,0.0,,40,55,,
T,2026-04-14 14:17:51,53.47452833,-2.24140833,1.4,92.6,,0.0,,39,55,,
T,2026-04-14 14:17:52,53.47452833,-2.24140833,1.4,92.6,,0.0,,40,55,,
T,2026-04-14 14:17:53,53.47452833,-2.24140833,1.4,92.6,,0.0,,40,55,,
T,2026-04-14 14:17:54,53.47452833,-2.24140833,1.4,92.6,,0.0,,41,55,,
T,2026-04-14 14:17:55,53.47452833,-2.24140833,1.4,92.6,,0.0,,42,55,,
T,2026-04-14 14:17:56,53.47452833,-2.24140833,1.4,92.6,,0.0,,41,55,,
T,2026-04-14 14:17:57,53.47452833,-2.24140833,1.4,92.6,,0.0,,40,55,,
T,2026-04-14 14:17:58,53.47452833,-2.24140833,1.4,92.6,,0.0,,40,55,,
T,2026-04-14 14:17:59,53.47452833,-2.24140833,1.4,92.6,,0.0,,39,55,,
T,2026-04-14 14:18:00,53.47452833,-2.24140833,1.4,92.6,,0.0,,39,55,,
T,2026-04-14 14:18:01,53.47452833,-2.24140833,1.4,92.6,,0.0,,39,55,,
T,2026-04-14 14:18:02,53.47452833,-2.24140833,1.4,92.6,,0.0,,39,55,,
T,2026-04-14 14:18:03,53.47452833,-2.24140833,1.4,92.6,,0.0,,38,55,,
T,2026-04-14 14:18:04,53.47452833,-2.24140833,1.4,92.6,,0.0,,39,55,,
T,2026-04-14 14:18:05,53.47452833,-2.24140833,1.4,92.6,,0.0,,39,55,,
T,2026-04-14 14:18:06,53.47452833,-2.24140833,1.4,92.6,,0.0,,39,55,,
T,2026-04-14 14:18:07,53.47461333,-2.24135833,1.4,102.9,,0.05,57.0,40,55,,
T,2026-04-14 14:18:08,53.47461333,-2.241355,1.4,102.8,,0.0,,40,55,,
T,2026-04-14 14:18:09,53.47461333,-2.24135167,1.4,102.9,,0.0,,41,55,,
T,2026-04-14 14:18:10,53.474615,-2.24135,1.4,102.9,,0.0,,40,55,,
T,2026-04-14 14:18:11,53.474615,-2.24135,1.4,102.9,,0.0,,40,55,,
T,2026-04-14 14:18:12,53.474615,-2.24135,1.4,102.9,,0.0,,40,55,,
T,2026-04-14 14:18:13,53.474615,-2.24135,1.3,102.9,,0.0,,40,55,,
T,2026-04-14 14:18:14,53.474615,-2.24135,1.3,102.9,,0.0,,40,55,,
T,2026-04-14 14:18:15,53.474615,-2.24135,1.3,102.9,,0.0,,41,55,,
T,2026-04-14 14:18:16,53.474615,-2.24135,1.3,102.9,,0.0,,41,55,,
T,2026-04-14 14:18:17,53.474615,-2.24135,1.3,102.9,,0.0,,40,55,,
T,2026-04-14 14:18:18,53.474615,-2.24135,1.3,102.9,,0.0,,39,55,,
T,2026-04-14 14:18:19,53.474615,-2.24135,1.3,102.9,,0.0,,40,55,,
T,2026-04-14 14:18:20,53.474615,-2.24135,1.3,102.9,,0.0,,39,55,,
T,2026-04-14 14:18:21,53.474615,-2.24135,1.4,102.9,,0.0,,39,55,,
T,2026-04-14 14:18:22,53.47465167,-2.24136167,1.4,102.1,,0.199,340.0,39,55,,
T,2026-04-14 14:18:23,53.47466167,-2.24136833,1.4,102.1,,0.271,330.0,38,55,,
T,2026-04-14 14:18:24,53.47467167,-2.241375,1.4,102.1,,0.349,333.0,38,55,,
T,2026-04-14 14:18:25,53.47468333,-2.24138333,1.4,102.1,,0.433,336.0,39,55,,
T,2026-04-14 14:18:26,53.474695,-2.24139,1.4,102.2,,0.529,331.0,38,55,,
T,2026-04-14 14:18:27,53.474705,-2.2414,1.5,102.2,,0.618,331.0,38,55,,
T,2026-04-14 14:18:28,53.474715,-2.24140833,1.5,102.4,,0.702,333.0,37,55,,
T,2026-04-14 14:18:29,53.47472333,-2.24141333,1.5,102.4,,0.772,334.0,37,55,,
T,2026-04-14 14:18:30,53.47472833,-2.241415,1.5,102.5,,0.817,338.0,37,55,,
T,2026-04-14 14:18:31,53.474735,-2.24141667,1.5,102.5,,0.851,347.0,36,55,,
T,2026-04-14 14:18:32,53.47474167,-2.24141667,1.6,102.4,,0.862,350.0,38,55,,
T,2026-04-14 14:18:33,53.47474333,-2.24141667,1.6,102.4,,0.845,355.0,37,55,,
T,2026-04-14 14:18:34,53.47474667,-2.24141667,1.6,102.3,,0.819,2.0,37,55,,
T,2026-04-14 14:18:35,53.47474833,-2.24141167,1.6,102.3,,0.784,7.0,37,56,,
T,2026-04-14 14:18:36,53.47475,-2.24140833,1.7,102.3,,0.742,8.0,37,56,,
T,2026-04-14 14:18:37,53.47475,-2.241405,1.7,102.4,,0.693,0.0,36,56,,
T,2026-04-14 14:18:38,53.47475167,-2.241405,1.7,102.5,,0.643,360.0,38,56,,
T,2026-04-14 14:18:39,53.47475833,-2.24141,1.8,102.5,,0.615,356.0,37,56,,
T,2026-04-14 14:18:40,53.47476333,-2.241415,1.7,102.5,,0.598,352.0,38,56,,
T,2026-04-14 14:18:41,53.47478,-2.24143,1.7,102.3,,0.589,351.0,38,56,,
T,2026-04-14 14:18:42,53.47479333,-2.24144,1.7,102.0,,0.602,352.0,38,56,,
T,2026-04-14 14:18:43,53.47480833,-2.24145167,1.7,101.8,,0.637,349.0,38,56,,
T,2026-04-14 14:18:44,53.47482333,-2.241465,1.7,101.5,,0.703,344.0,37,56,,
T,2026-04-14 14:18:45,53.47484,-2.241475,1.7,101.3,,0.763,344.0,34,56,,
T,2026-04-14 14:18:46,53.47484667,-2.241485,1.7,101.2,,0.81,343.0,36,56,,
T,2026-04-14 14:18:47,53.474855,-2.24149833,1.7,101.0,,0.833,345.0,36,56,,
T,2026-04-14 14:18:48,53.47486333,-2.241505,1.7,100.9,,0.869,345.0,35,56,,
T,2026-04-14 14:18:49,53.47487333,-2.241515,1.7,100.6,,0.903,339.0,34,56,,
T,2026-04-14 14:18:50,53.47488167,-2.241525,1.7,100.4,,0.936,336.0,35,56,,
T,2026-04-14 14:18:51,53.47488667,-2.24153,1.8,100.3,,0.943,337.0,34,56,,
T,2026-04-14 14:18:52,53.474895,-2.241535,1.7,99.9,,0.934,328.0,36,56,,
T,2026-04-14 14:18:53,53.47490333,-2.24153833,1.7,99.7,,0.907,321.0,37,56,,
T,2026-04-14 14:18:54,53.47491167,-2.241545,1.7,99.5,,0.849,326.0,37,56,,
T,2026-04-14 14:18:55,53.47491833,-2.24154833,1.7,99.3,,0.792,346.0,33,56,,
T,2026-04-14 14:18:56,53.47492,-2.24154667,1.7,99.0,,0.726,344.0,31,56,,
T,2026-04-14 14:18:57,53.47492,-2.24154,1.7,98.5,,0.68,343.0,30,56,,
T,2026-04-14 14:18:58,53.47492,-2.24153167,1.7,98.2,,0.616,343.0,31,56,,
T,2026-04-14 14:18:59,53.47491667,-2.241525,1.7,97.9,,0.534,345.0,30,56,,
T,2026-04-14 14:19:00,53.47491167,-2.24152,1.6,97.7,,0.442,345.0,30,56,,
T,2026-04-14 14:19:01,53.47490667,-2.24151667,1.6,97.5,,0.0,,30,56,,
T,2026-04-14 14:19:02,53.47490833,-2.24151,1.6,97.2,,0.0,,31,56,,
T,2026-04-14 14:19:03,53.47491,-2.24150667,1.6,97.0,,0.0,,33,56,,
T,2026-04-14 14:19:04,53.47491,-2.24150667,1.6,97.0,,0.0,,33,56,,
T,2026-04-14 14:19:05,53.47491,-2.24150667,1.6,97.0,,0.0,,33,56,,
T,2026-04-14 14:19:06,53.47491,-2.24150667,1.6,97.0,,0.0,,32,56,,
T,2026-04-14 14:19:07,53.47491,-2.24150667,1.6,97.0,,0.0,,34,56,,
T,2026-04-14 14:19:08,53.47491,-2.24150667,1.6,97.0,,0.0,,35,56,,
T,2026-04-14 14:19:09,53.47491,-2.24150667,1.6,97.0,,0.0,,36,56,,
T,2026-04-14 14:19:10,53.47491,-2.24150667,1.5,97.0,,0.0,,36,56,,
T,2026-04-14 14:19:11,53.47491,-2.24150667,1.5,97.0,,0.0,,37,56,,
T,2026-04-14 14:19:12,53.47491,-2.24150667,1.6,97.0,,0.0,,38,56,,
T,2026-04-14 14:19:13,53.47491,-2.24150667,1.6,97.0,,0.0,,38,56,,
T,2026-04-14 14:19:14,53.47491,-2.24150667,1.6,97.0,,0.0,,36,56,,
T,2026-04-14 14:19:15,53.47493833,-2.241525,1.6,95.8,,0.199,339.0,37,56,,
T,2026-04-14 14:19:16,53.474945,-2.24152333,1.6,95.6,,0.253,344.0,35,56,,
T,2026-04-14 14:19:17,53.474955,-2.241535,1.6,95.3,,0.339,331.0,35,56,,
T,2026-04-14 14:19:18,53.474965,-2.24154833,1.7,95.1,,0.427,315.0,37,56,,
T,2026-04-14 14:19:19,53.47497167,-2.24155667,1.7,94.8,,0.508,316.0,35,56,,
T,2026-04-14 14:19:20,53.47497667,-2.24156333,1.7,94.6,,0.579,326.0,35,56,,
T,2026-04-14 14:19:21,53.474985,-2.24157667,1.8,94.5,,0.674,331.0,35,56,,
T,2026-04-14 14:19:22,53.47499,-2.24158833,1.8,94.3,,0.759,331.0,34,56,,
T,2026-04-14 14:19:23,53.47500167,-2.241595,1.8,94.1,,0.829,335.0,35,56,,
T,2026-04-14 14:19:24,53.47501167,-2.24159833,1.8,93.8,,0.842,332.0,33,56,,
T,2026-04-14 14:19:25,53.47502,-2.24160333,1.8,93.5,,0.835,327.0,33,56,,
T,2026-04-14 14:19:26,53.47502833,-2.24159833,1.8,93.4,,0.817,344.0,32,56,,
T,2026-04-14 14:19:27,53.47503333,-2.241605,1.8,93.5,,0.792,336.0,33,56,,
T,2026-04-14 14:19:28,53.47504167,-2.24161,1.9,93.5,,0.776,332.0,34,56,,
T,2026-04-14 14:19:29,53.47503667,-2.24162167,1.9,93.7,,0.751,323.0,34,56,,
T,2026-04-14 14:19:30,53.47503833,-2.24163167,1.9,93.8,,0.722,321.0,35,56,,
T,2026-04-14 14:19:31,53.475035,-2.24166167,1.8,94.5,,0.676,308.0,35,56,,
T,2026-04-14 14:19:32,53.47503333,-2.24167,1.8,94.6,,0.616,290.0,34,56,,
T,2026-04-14 14:19:33,53.47503833,-2.24168333,1.8,94.7,,0.56,309.0,35,56,,
T,2026-04-14 14:19:34,53.47504833,-2.24169,1.8,94.7,,0.556,326.0,35,56,,
T,2026-04-14 14:19:35,53.47505167,-2.241695,1.9,94.5,,0.562,327.0,33,56,,
T,2026-04-14 14:19:36,53.47505667,-2.24169667,1.8,94.6,,0.577,326.0,34,56,,
T,2026-04-14 14:19:37,53.475065,-2.24169833,1.8,94.5,,0.584,328.0,35,56,,
T,2026-04-14 14:19:38,53.475075,-2.24170333,1.8,94.4,,0.582,324.0,36,56,,
T,2026-04-14 14:19:39,53.47508333,-2.24170667,1.8,94.3,,0.581,329.0,34,56,,
T,2026-04-14 14:19:40,53.47509,-2.24170833,1.9,94.2,,0.584,332.0,35,56,,
T,2026-04-14 14:19:41,53.47510667,-2.241705,1.8,93.9,,0.597,339.0,35,56,,
T,2026-04-14 14:19:42,53.47512333,-2.24170667,1.8,93.8,,0.639,340.0,35,56,,
T,2026-04-14 14:19:43,53.47513167,-2.24170833,1.8,93.7,,0.667,344.0,34,56,,
T,2026-04-14 14:19:44,53.47514167,-2.24171333,1.8,93.5,,0.691,338.0,34,56,,
T,2026-04-14 14:19:45,53.47515,-2.241715,1.8,93.3,,0.713,332.0,34,56,,
T,2026-04-14 14:19:46,53.47516,-2.24171667,1.8,93.1,,0.746,322.0,33,56,,
T,2026-04-14 14:19:47,53.47517,-2.24172,1.9,92.9,,0.768,318.0,33,56,,
T,2026-04-14 14:19:48,53.47518167,-2.241725,1.9,92.5,,0.803,326.0,34,56,,
T,2026-04-14 14:19:49,53.47518833,-2.241735,1.9,92.4,,0.824,325.0,34,56,,
T,2026-04-14 14:19:50,53.47519333,-2.24174167,1.9,92.2,,0.825,323.0,34,56,,
T,2026-04-14 14:19:51,53.475205,-2.24174667,2.0,92.2,,0.82,321.0,34,56,,
T,2026-04-14 14:19:52,53.47521333,-2.241755,2.0,92.2,,0.813,319.0,33,56,,
T,2026-04-14 14:19:53,53.475235,-2.24176167,2.0,91.9,,0.838,331.0,33,56,,
T,2026-04-14 14:19:54,53.47524833,-2.24176833,2.0,91.9,,0.854,332.0,33,55,,
T,2026-04-14 14:19:55,53.47526667,-2.24177833,2.0,91.9,,0.887,330.0,33,56,,
T,2026-04-14 14:19:56,53.47528333,-2.241785,2.0,91.9,,0.912,337.0,33,55,,
T,2026-04-14 14:19:57,53.4753,-2.24178833,2.1,91.8,,0.941,347.0,32,56,,
T,2026-04-14 14:19:58,53.47531333,-2.24179167,2.0,91.7,,0.954,346.0,32,56,,
T,2026-04-14 14:19:59,53.475325,-2.241805,2.1,91.7,,0.992,339.0,33,56,,
T,2026-04-14 14:20:00,53.47533667,-2.24181,2.1,91.6,,1.055,336.0,32,56,,
T,2026-04-14 14:20:01,53.47535167,-2.24181667,2.1,91.5,,1.134,340.0,31,56,,
T,2026-04-14 14:20:02,53.475365,-2.24182333,2.1,91.4,,1.186,336.0,31,56,,
T,2026-04-14 14:20:03,53.475375,-2.24183167,2.1,91.3,,1.201,333.0,30,56,,
T,2026-04-14 14:20:04,53.47538333,-2.24183833,2.1,91.2,,1.186,334.0,28,56,,
T,2026-04-14 14:20:05,53.47538667,-2.24184333,2.1,91.0,,1.151,335.0,29,56,,
T,2026-04-14 14:20:06,53.47539667,-2.24184667,2.2,90.8,,1.134,337.0,28,56,,
T,2026-04-14 14:20:07,53.475405,-2.24185167,2.2,90.7,,1.122,337.0,28,56,,
T,2026-04-14 14:20:08,53.47541833,-2.24185,2.2,90.6,,1.113,340.0,28,55,,
T,2026-04-14 14:20:09,53.47543,-2.24185667,2.2,90.5,,1.107,340.0,29,56,,
T,2026-04-14 14:20:10,53.47543833,-2.241865,2.2,90.4,,1.073,339.0,28,56,,
T,2026-04-14 14:20:11,53.47544833,-2.24187667,2.2,90.3,,1.046,336.0,28,56,,
T,2026-04-14 14:20:12,53.47545833,-2.241885,2.2,90.2,,1.021,333.0,28,56,,
T,2026-04-14 14:20:13,53.47546833,-2.24189,2.2,89.9,,1.019,337.0,28,56,,
T,2026-04-14 14:20:14,53.47548333,-2.24189,2.2,89.6,,1.06,336.0,29,56,,
T,2026-04-14 14:20:15,53.47549833,-2.24188,2.3,89.3,,1.109,336.0,28,56,,
T,2026-04-14 14:20:16,53.47550833,-2.24188833,2.2,89.1,,1.13,342.0,28,56,,
T,2026-04-14 14:20:17,53.47552,-2.241895,2.2,88.7,,1.127,345.0,28,56,,
T,2026-04-14 14:20:18,53.47553667,-2.24189833,2.2,88.4,,1.123,344.0,28,56,,
T,2026-04-14 14:20:19,53.47554667,-2.24189667,2.2,88.0,,1.112,340.0,28,56,,
T,2026-04-14 14:20:20,53.47555667,-2.241895,2.2,87.6,,1.124,340.0,26,56,,
T,2026-04-14 14:20:21,53.47557167,-2.24190333,2.3,87.0,,1.131,340.0,27,56,,
T,2026-04-14 14:20:22,53.47559,-2.24189833,2.2,86.4,,1.16,337.0,26,56,,
T,2026-04-14 14:20:23,53.4756,-2.24190667,2.2,86.4,,1.186,348.0,28,56,,
T,2026-04-14 14:20:24,53.47559167,-2.24197833,2.1,88.2,,1.184,348.0,28,56,,
T,2026-04-14 14:20:25,53.47559333,-2.24201667,2.0,89.3,,1.168,347.0,29,56,,
T,2026-04-14 14:20:26,53.47559667,-2.24203333,2.0,89.4,,1.146,346.0,31,56,,
T,2026-04-14 14:20:27,53.47560667,-2.242045,1.9,89.9,,1.176,340.0,33,56,,
T,2026-04-14 14:20:28,53.47562833,-2.24205,1.9,90.5,,1.236,326.0,32,56,,
T,2026-04-14 14:20:29,53.47564333,-2.24205667,2.0,90.9,,1.297,351.0,33,56,,
T,2026-04-14 14:20:30,53.47565833,-2.24207167,2.2,91.5,,1.366,22.0,33,56,,
T,2026-04-14 14:20:31,53.47567833,-2.24206667,3.2,92.6,,1.312,6.0,32,56,,
T,2026-04-14 14:20:32,53.47568833,-2.24208667,2.5,94.1,,1.258,16.0,30,56,,
T,2026-04-14 14:20:33,53.47569167,-2.24211167,2.2,94.9,,1.196,36.0,30,56,,
T,2026-04-14 14:20:34,53.47569167,-2.24211833,2.1,95.5,,1.088,6.0,30,56,,
T,2026-04-14 14:20:35,53.47569,-2.24212,2.2,95.8,,1.017,359.0,32,56,,
T,2026-04-14 14:20:36,53.475685,-2.24213167,2.3,95.9,,0.979,339.0,32,56,,
T,2026-04-14 14:20:37,53.47568,-2.24213333,2.4,96.8,,0.89,347.0,32,56,,
T,2026-04-14 14:20:38,53.475675,-2.24212667,2.3,98.2,,0.766,354.0,32,56,,
T,2026-04-14 14:20:39,53.47568,-2.24213333,2.4,98.7,,0.662,13.0,31,56,,
T,2026-04-14 14:20:40,53.47569167,-2.242145,2.3,97.2,,0.57,16.0,31,56,,
T,2026-04-14 14:20:41,53.475705,-2.24215,2.2,96.6,,0.579,6.0,30,56,,
T,2026-04-14 14:20:42,53.47570833,-2.24215833,2.3,96.5,,0.564,358.0,30,56,,
T,2026-04-14 14:20:43,53.47572,-2.24216,2.3,96.0,,0.566,355.0,26,56,,
T,2026-04-14 14:20:44,53.47573167,-2.24216,2.2,95.3,,0.645,358.0,27,56,,
T,2026-04-14 14:20:45,53.475735,-2.24216333,2.2,94.5,,0.708,348.0,29,56,,
T,2026-04-14 14:20:46,53.47574167,-2.24216333,2.2,94.0,,0.747,354.0,32,56,,
T,2026-04-14 14:20:47,53.47574667,-2.24216833,2.2,93.5,,0.801,344.0,31,56,,
T,2026-04-14 14:20:48,53.47576,-2.24216667,2.2,93.0,,0.877,347.0,32,56,,
T,2026-04-14 14:20:49,53.47577833,-2.24217833,2.2,92.4,,0.948,351.0,32,56,,
T,2026-04-14 14:20:50,53.47578833,-2.24218667,2.1,92.2,,0.959,12.0,30,56,,
T,2026-04-14 14:20:51,53.47579833,-2.24218333,2.2,91.4,,0.955,358.0,34,56,,
T,2026-04-14 14:20:52,53.47581167,-2.24219333,2.2,90.7,,0.958,333.0,34,56,,
T,2026-04-14 14:20:53,53.47582167,-2.24220333,2.2,89.7,,0.954,315.0,34,56,,
T,2026-04-14 14:20:54,53.47583167,-2.242215,2.2,89.0,,0.907,337.0,33,56,,
T,2026-04-14 14:20:55,53.47584,-2.24222333,2.2,88.0,,0.864,334.0,33,56,,
T,2026-04-14 14:20:56,53.47584,-2.24221833,2.2,87.2,,0.832,351.0,34,56,,
T,2026-04-14 14:20:57,53.47584667,-2.242215,2.2,87.0,,0.811,351.0,33,56,,
T,2026-04-14 14:20:58,53.47585333,-2.24221,2.2,87.1,,0.763,359.0,33,56,,
T,2026-04-14 14:20:59,53.475855,-2.24221167,2.2,87.2,,0.689,352.0,31,56,,
T,2026-04-14 14:21:00,53.47586167,-2.242195,2.1,87.9,,0.651,40.0,33,56,,
T,2026-04-14 14:21:01,53.47586,-2.24218667,2.1,88.6,,0.611,56.0,31,56,,
T,2026-04-14 14:21:02,53.47586,-2.24216,2.1,90.0,,0.605,75.0,32,56,,
T,2026-04-14 14:21:03,53.47586167,-2.24215,2.1,90.0,,0.582,65.0,33,56,,
T,2026-04-14 14:21:04,53.47586333,-2.24214667,2.1,91.4,,0.557,60.0,33,56,,
T,2026-04-14 14:21:05,53.47586667,-2.24214167,2.0,92.1,,0.502,64.0,33,56,,
T,2026-04-14 14:21:06,53.475875,-2.24213833,1.9,92.5,,0.453,0.0,34,56,,
T,2026-04-14 14:21:07,53.47588667,-2.24214,1.9,92.8,,0.41,335.0,36,56,,
T,2026-04-14 14:21:08,53.475905,-2.24214667,1.8,93.3,,0.405,345.0,35,55,,
T,2026-04-14 14:21:09,53.47592167,-2.24215,1.7,93.5,,0.434,346.0,34,56,,
T,2026-04-14 14:21:10,53.47594,-2.24214333,1.7,93.3,,0.493,355.0,33,56,,
T,2026-04-14 14:21:11,53.47595667,-2.24213833,1.7,93.3,,0.567,8.0,33,55,,
T,2026-04-14 14:21:12,53.47597,-2.24213333,1.7,93.4,,0.6,7.0,34,55,,
T,2026-04-14 14:21:13,53.47598667,-2.24213333,1.7,93.5,,0.716,6.0,34,55,,
T,2026-04-14 14:21:14,53.47600167,-2.24213667,1.7,93.7,,0.811,4.0,33,55,,
T,2026-04-14 14:21:15,53.47601667,-2.24214,1.7,93.8,,0.916,2.0,32,55,,
T,2026-04-14 14:21:16,53.476025,-2.24213667,1.7,94.0,,0.959,3.0,32,55,,
T,2026-04-14 14:21:17,53.47603,-2.24213833,1.6,93.9,,0.971,3.0,33,55,,
T,2026-04-14 14:21:18,53.476035,-2.24214,1.6,94.0,,0.963,4.0,36,55,,
T,2026-04-14 14:21:19,53.47604,-2.24214333,1.6,94.2,,0.926,12.0,34,55,,
T,2026-04-14 14:21:20,53.47604,-2.24214667,1.6,94.3,,0.833,19.0,34,55,,
T,2026-04-14 14:21:21,53.47604167,-2.24215,1.6,94.4,,0.737,28.0,31,55,,
T,2026-04-14 14:21:22,53.47604333,-2.24215167,1.6,94.5,,0.649,28.0,30,55,,
T,2026-04-14 14:21:23,53.47604333,-2.24215833,1.7,94.5,,0.491,28.0,31,55,,
T,2026-04-14 14:21:24,53.47604667,-2.24215833,1.7,94.5,,0.0,,32,55,,
T,2026-04-14 14:21:25,53.47604833,-2.24215667,1.7,94.4,,0.0,,31,55,,
T,2026-04-14 14:21:26,53.47605167,-2.24216,1.6,94.2,,0.0,,32,55,,
T,2026-04-14 14:21:27,53.47605167,-2.24216,1.6,94.2,,0.0,,32,55,,
T,2026-04-14 14:21:28,53.47605167,-2.24216,1.6,94.2,,0.0,,31,55,,
T,2026-04-14 14:21:29,53.47605167,-2.24216,1.6,94.2,,0.0,,31,55,,
T,2026-04-14 14:21:30,53.47605167,-2.24216,1.6,94.2,,0.0,,31,55,,
T,2026-04-14 14:21:31,53.47605167,-2.24216,1.7,94.2,,0.0,,32,55,,
T,2026-04-14 14:21:32,53.47605167,-2.24216,1.7,94.2,,0.0,,32,55,,
T,2026-04-14 14:21:33,53.47605167,-2.24216,1.7,94.2,,0.0,,32,55,,
T,2026-04-14 14:21:34,53.47605167,-2.24216,1.7,94.2,,0.0,,33,55,,
T,2026-04-14 14:21:35,53.47605167,-2.24216,1.7,94.2,,0.0,,33,55,,
T,2026-04-14 14:21:36,53.47605667,-2.24222,1.7,92.4,,0.1,268.0,33,55,,
T,2026-04-14 14:21:37,53.47605667,-2.24223667,1.7,92.6,,0.115,249.0,33,55,,
T,2026-04-14 14:21:38,53.47605833,-2.24225667,1.7,92.7,,0.14,267.0,32,55,,
T,2026-04-14 14:21:39,53.47606,-2.24227667,1.7,92.9,,0.22,314.0,32,55,,
T,2026-04-14 14:21:40,53.47606833,-2.24229833,1.8,92.8,,0.0,,33,55,,
T,2026-04-14 14:21:41,53.47606667,-2.24232,1.9,93.1,,0.0,,34,55,,
T,2026-04-14 14:21:42,53.47605333,-2.24235167,1.9,92.5,,0.0,,33,55,,
T,2026-04-14 14:21:43,53.47605333,-2.24235167,1.8,92.5,,0.0,,32,55,,
T,2026-04-14 14:21:44,53.47605333,-2.24235167,1.8,92.5,,0.0,,32,55,,
T,2026-04-14 14:21:45,53.47605333,-2.24235167,1.8,92.5,,0.0,,31,55,,
T,2026-04-14 14:21:46,53.47605333,-2.24235167,1.7,92.5,,0.0,,31,55,,
T,2026-04-14 14:21:47,53.47605333,-2.24235167,1.7,92.5,,0.0,,31,55,,
T,2026-04-14 14:21:48,53.47605333,-2.24235167,1.7,92.5,,0.0,,31,55,,
T,2026-04-14 14:21:49,53.47605333,-2.24235167,1.7,92.5,,0.0,,31,55,,
T,2026-04-14 14:21:50,53.47605333,-2.24235167,1.8,92.5,,0.0,,31,55,,
T,2026-04-14 14:21:51,53.47605333,-2.24235167,1.8,92.5,,0.0,,33,55,,
T,2026-04-14 14:21:52,53.47605333,-2.24235167,1.9,92.5,,0.0,,32,55,,
T,2026-04-14 14:21:53,53.47605333,-2.24235167,2.0,92.5,,0.0,,31,55,,
T,2026-04-14 14:21:54,53.47605333,-2.24235167,2.0,92.5,,0.0,,33,55,,
T,2026-04-14 14:21:55,53.476205,-2.242265,2.4,115.8,,0.311,39.0,33,55,,
T,2026-04-14 14:21:56,53.47622167,-2.24226,2.3,118.0,,0.418,39.0,31,55,,
T,2026-04-14 14:21:57,53.47622667,-2.24226833,2.2,120.8,,0.519,43.0,31,55,,
T,2026-04-14 14:21:58,53.476215,-2.242295,2.1,121.0,,0.582,55.0,32,55,,
T,2026-04-14 14:21:59,53.47621167,-2.24230333,2.0,120.7,,0.633,52.0,33,55,,
T,2026-04-14 14:22:00,53.47620833,-2.24230667,2.0,120.4,,0.658,252.0,32,55,,
T,2026-04-14 14:22:01,53.47619833,-2.24232,2.0,119.9,,0.663,267.0,32,55,,
T,2026-04-14 14:22:02,53.47618833,-2.24233333,1.9,119.3,,0.665,204.0,32,55,,
T,2026-04-14 14:22:03,53.47618167,-2.242335,1.9,119.4,,0.654,240.0,33,55,,
T,2026-04-14 14:22:04,53.47617833,-2.24234833,1.8,119.1,,0.628,353.0,33,55,,
T,2026-04-14 14:22:05,53.47617833,-2.24235167,1.8,118.8,,0.558,18.0,34,55,,
T,2026-04-14 14:22:06,53.47618167,-2.24236,1.7,118.0,,0.468,16.0,36,55,,
T,2026-04-14 14:22:07,53.476175,-2.24237167,1.8,116.7,,0.0,,36,55,,
T,2026-04-14 14:22:08,53.47616167,-2.24237333,2.0,114.4,,0.0,,36,55,,
T,2026-04-14 14:22:09,53.47617667,-2.24239667,1.9,113.5,,0.511,9.0,35,55,,
T,2026-04-14 14:22:10,53.47618667,-2.24241167,1.8,112.7,,0.592,4.0,34,55,,
T,2026-04-14 14:22:11,53.47619833,-2.24241833,1.8,112.2,,0.758,20.0,33,55,,
T,2026-04-14 14:22:12,53.476205,-2.24241333,1.8,111.4,,0.89,23.0,33,55,,
T,2026-04-14 14:22:13,53.47621333,-2.242405,1.7,111.2,,1.021,41.0,33,55,,
T,2026-04-14 14:22:14,53.47622,-2.24239667,1.7,111.0,,1.109,40.0,31,55,,
T,2026-04-14 14:22:15,53.476225,-2.24239,1.7,110.8,,1.164,48.0,33,55,,
T,2026-04-14 14:22:16,53.476235,-2.24238833,1.7,110.7,,1.19,51.0,33,55,,
T,2026-04-14 14:22:17,53.47624667,-2.24238833,1.7,110.6,,1.243,40.0,34,55,,
T,2026-04-14 14:22:18,53.476265,-2.242385,1.7,110.8,,1.181,38.0,34,55,,
T,2026-04-14 14:22:19,53.476275,-2.24238333,1.6,110.8,,1.146,38.0,35,55,,
T,2026-04-14 14:22:20,53.47628667,-2.24238333,1.7,110.8,,1.137,30.0,35,55,,
T,2026-04-14 14:22:21,53.4763,-2.24238,1.7,110.7,,1.081,31.0,35,55,,
T,2026-04-14 14:22:22,53.47630833,-2.24238,1.8,110.9,,1.022,28.0,35,55,,
T,2026-04-14 14:22:23,53.47631333,-2.242375,1.7,111.0,,0.914,36.0,35,55,,
T,2026-04-14 14:22:24,53.47631,-2.24237,1.7,111.0,,0.816,34.0,35,55,,
T,2026-04-14 14:22:25,53.47630833,-2.24236667,1.6,110.7,,0.779,31.0,35,55,,
T,2026-04-14 14:22:26,53.47631667,-2.24235833,1.6,111.1,,0.775,28.0,35,55,,
T,2026-04-14 14:22:27,53.47632333,-2.24234833,1.6,111.2,,0.765,29.0,35,55,,
T,2026-04-14 14:22:28,53.47632333,-2.24233667,1.6,110.6,,0.74,49.0,35,55,,
T,2026-04-14 14:22:29,53.47632,-2.24232667,1.6,110.1,,0.713,56.0,35,55,,
T,2026-04-14 14:22:30,53.47631667,-2.242315,1.5,109.6,,0.656,56.0,35,55,,
T,2026-04-14 14:22:31,53.47631167,-2.242305,1.5,109.0,,0.582,57.0,35,55,,
T,2026-04-14 14:22:32,53.47631167,-2.24229,1.5,108.7,,0.545,57.0,33,55,,
T,2026-04-14 14:22:33,53.47631,-2.24227667,1.5,108.3,,0.597,49.0,33,55,,
T,2026-04-14 14:22:34,53.47631667,-2.242265,1.5,108.0,,0.686,51.0,34,55,,
T,2026-04-14 14:22:35,53.47632667,-2.24225167,1.7,107.6,,0.706,49.0,36,55,,
T,2026-04-14 14:22:36,53.47633667,-2.24224,2.1,106.8,,0.723,44.0,36,55,,
T,2026-04-14 14:22:37,53.476335,-2.242225,1.9,106.1,,0.73,41.0,36,55,,
T,2026-04-14 14:22:38,53.476345,-2.242225,2.0,107.0,,0.718,41.0,37,55,,
T,2026-04-14 14:22:39,53.47635167,-2.24223167,2.2,107.2,,0.775,41.0,35,55,,
T,2026-04-14 14:22:40,53.47635167,-2.24222333,2.2,107.6,,0.861,38.0,34,55,,
T,2026-04-14 14:22:41,53.47647333,-2.24228667,2.5,133.3,,0.894,36.0,34,55,,
T,2026-04-14 14:22:42,53.47648167,-2.24227167,2.3,133.4,,0.914,39.0,33,55,,
T,2026-04-14 14:22:43,53.47648667,-2.24226167,2.2,133.3,,0.878,39.0,33,55,,
T,2026-04-14 14:22:44,53.47648667,-2.24224,2.3,131.8,,0.872,45.0,32,55,,
T,2026-04-14 14:22:45,53.47648667,-2.24222333,2.1,127.1,,0.884,45.0,33,55,,
T,2026-04-14 14:22:46,53.47648333,-2.24220833,2.1,124.2,,0.901,42.0,33,55,,
T,2026-04-14 14:22:47,53.47648833,-2.24218833,2.1,122.2,,0.932,41.0,33,55,,
T,2026-04-14 14:22:48,53.47649167,-2.24218667,2.1,120.9,,0.991,41.0,33,55,,
T,2026-04-14 14:22:49,53.47649333,-2.242165,2.0,119.7,,1.007,41.0,34,55,,
T,2026-04-14 14:22:50,53.47649,-2.24214333,2.0,118.0,,0.972,45.0,35,55,,
T,2026-04-14 14:22:51,53.476495,-2.242135,2.0,117.4,,0.985,47.0,34,55,,
T,2026-04-14 14:22:52,53.4765,-2.24212333,2.0,116.5,,0.959,51.0,34,55,,
T,2026-04-14 14:22:53,53.476495,-2.24211833,2.1,114.9,,1.034,49.0,33,55,,
T,2026-04-14 14:22:54,53.47650667,-2.24209833,2.0,114.4,,1.072,47.0,34,55,,
T,2026-04-14 14:22:55,53.476515,-2.24207833,2.0,114.1,,1.141,47.0,33,55,,
T,2026-04-14 14:22:56,53.47652333,-2.24205667,2.0,113.6,,1.175,46.0,34,55,,
T,2026-04-14 14:22:57,53.47652667,-2.24203833,2.0,113.0,,1.152,45.0,34,55,,
T,2026-04-14 14:22:58,53.47653333,-2.242025,2.1,112.6,,1.161,44.0,34,55,,
T,2026-04-14 14:22:59,53.47653667,-2.242005,2.1,112.3,,1.129,43.0,34,55,,
T,2026-04-14 14:23:00,53.47653667,-2.241985,2.0,111.8,,1.15,38.0,33,55,,
T,2026-04-14 14:23:01,53.47654167,-2.24197,2.0,111.4,,1.164,49.0,33,55,,
T,2026-04-14 14:23:02,53.47654167,-2.24195167,2.1,111.0,,1.227,53.0,33,55,,
T,2026-04-14 14:23:03,53.47654167,-2.24195,2.3,110.8,,1.197,48.0,30,55,,
T,2026-04-14 14:23:04,53.47654333,-2.24192667,2.2,109.7,,1.167,55.0,29,55,,
T,2026-04-14 14:23:05,53.47654833,-2.24191167,2.2,108.7,,1.12,59.0,29,55,,
T,2026-04-14 14:23:06,53.47655333,-2.24189167,2.2,107.8,,1.107,45.0,29,55,,
T,2026-04-14 14:23:07,53.47655333,-2.24187,2.1,107.1,,1.143,44.0,29,55,,
T,2026-04-14 14:23:08,53.47655333,-2.24185,2.1,106.1,,1.16,47.0,28,55,,
T,2026-04-14 14:23:09,53.47656167,-2.24181,2.3,105.5,,1.255,48.0,27,55,,
T,2026-04-14 14:23:10,53.47656667,-2.24180167,2.1,105.8,,1.28,48.0,27,55,,
T,2026-04-14 14:23:11,53.47657333,-2.24179,2.1,105.5,,1.313,45.0,28,55,,
T,2026-04-14 14:23:12,53.476585,-2.24178167,2.1,105.3,,1.33,44.0,29,55,,
T,2026-04-14 14:23:13,53.47659,-2.241765,2.1,105.3,,1.373,25.0,29,55,,
T,2026-04-14 14:23:14,53.47659833,-2.241755,2.1,105.0,,1.372,23.0,32,55,,
T,2026-04-14 14:23:15,53.47660667,-2.24174333,2.1,104.9,,1.363,22.0,32,55,,
T,2026-04-14 14:23:16,53.47661333,-2.24173167,2.2,104.7,,1.342,29.0,31,55,,
T,2026-04-14 14:23:17,53.47661333,-2.24171833,2.1,103.9,,1.361,30.0,32,55,,
T,2026-04-14 14:23:18,53.47661333,-2.24170333,2.1,103.3,,1.335,41.0,30,55,,
T,2026-04-14 14:23:19,53.476615,-2.24169,2.1,102.4,,1.263,43.0,29,55,,
T,2026-04-14 14:23:20,53.47662167,-2.24167333,2.1,102.3,,1.236,52.0,32,55,,
T,2026-04-14 14:23:21,53.47662667,-2.24166,2.1,101.9,,1.203,60.0,31,55,,
T,2026-04-14 14:23:22,53.47663,-2.241645,2.1,101.4,,1.179,60.0,33,55,,
T,2026-04-14 14:23:23,53.476635,-2.24163167,2.1,101.0,,1.134,50.0,32,55,,
T,2026-04-14 14:23:24,53.47663833,-2.24162,2.1,100.5,,1.138,53.0,32,55,,
T,2026-04-14 14:23:25,53.47664,-2.24160667,2.1,100.1,,1.144,66.0,31,55,,
T,2026-04-14 14:23:26,53.47664167,-2.24159333,2.0,99.6,,1.168,62.0,31,55,,
T,2026-04-14 14:23:27,53.47664667,-2.24157667,2.0,99.4,,1.13,55.0,31,55,,
T,2026-04-14 14:23:28,53.47665167,-2.24156333,2.0,99.0,,1.129,49.0,31,55,,
T,2026-04-14 14:23:29,53.47665333,-2.24155167,2.0,98.5,,1.081,41.0,31,56,,
T,2026-04-14 14:23:30,53.476655,-2.24154,2.0,98.2,,1.039,30.0,31,56,,
T,2026-04-14 14:23:31,53.47666,-2.24152833,2.0,97.8,,1.01,35.0,31,56,,
T,2026-04-14 14:23:32,53.47666667,-2.24151667,2.0,97.5,,1.013,42.0,33,56,,
T,2026-04-14 14:23:33,53.47666833,-2.24149333,1.9,97.0,,1.06,48.0,35,56,,
T,2026-04-14 14:23:34,53.47666833,-2.24147167,1.9,96.5,,1.068,38.0,35,56,,
T,2026-04-14 14:23:35,53.476675,-2.24145667,1.9,96.3,,1.092,37.0,35,55,,
T,2026-04-14 14:23:36,53.476685,-2.24144167,1.9,96.2,,1.1,48.0,35,55,,
T,2026-04-14 14:23:37,53.47669167,-2.241425,1.9,95.9,,1.092,50.0,35,55,,
T,2026-04-14 14:23:38,53.47669833,-2.241415,1.9,95.7,,1.078,42.0,33,55,,
T,2026-04-14 14:23:39,53.47671,-2.2414,1.9,95.9,,1.099,43.0,35,55,,
T,2026-04-14 14:23:40,53.476715,-2.24138333,1.9,95.7,,1.165,44.0,33,55,,
T,2026-04-14 14:23:41,53.476725,-2.24136833,1.9,95.6,,1.197,46.0,33,55,,
T,2026-04-14 14:23:42,53.47673667,-2.24136,1.9,95.6,,1.179,46.0,32,55,,
T,2026-04-14 14:23:43,53.47675,-2.241355,1.8,95.6,,1.142,40.0,33,55,,
T,2026-04-14 14:23:44,53.47675833,-2.241345,1.7,95.3,,1.136,24.0,34,55,,
T,2026-04-14 14:23:45,53.47676833,-2.24133333,1.7,95.2,,1.129,29.0,34,55,,
T,2026-04-14 14:23:46,53.47678167,-2.24132833,1.7,95.1,,1.126,35.0,34,55,,
T,2026-04-14 14:23:47,53.47679333,-2.24132833,1.7,94.8,,1.15,39.0,35,55,,
T,2026-04-14 14:23:48,53.47680333,-2.24132167,1.7,94.5,,1.138,42.0,36,55,,
T,2026-04-14 14:23:49,53.47681333,-2.24131833,1.6,94.3,,1.129,42.0,35,55,,
T,2026-04-14 14:23:50,53.47682,-2.24130667,1.6,94.2,,1.078,50.0,35,55,,
T,2026-04-14 14:23:51,53.47682333,-2.24129833,1.6,93.8,,1.0,49.0,35,55,,
T,2026-04-14 14:23:52,53.476825,-2.24129167,1.6,93.8,,0.917,44.0,36,55,,
T,2026-04-14 14:23:53,53.47682167,-2.241285,1.6,94.0,,0.833,37.0,36,55,,
T,2026-04-14 14:23:54,53.47682167,-2.24128167,1.6,94.0,,0.735,37.0,37,55,,
T,2026-04-14 14:23:55,53.47682,-2.241275,1.6,94.0,,0.622,42.0,36,55,,
T,2026-04-14 14:23:56,53.47681833,-2.24126833,1.6,93.9,,0.505,35.0,37,55,,
T,2026-04-14 14:23:57,53.47681667,-2.24126667,1.6,93.9,,0.401,41.0,37,55,,
T,2026-04-14 14:23:58,53.476815,-2.24126333,1.6,93.9,,0.0,,38,55,,
T,2026-04-14 14:23:59,53.47681333,-2.24126,1.6,93.8,,0.0,,38,55,,
T,2026-04-14 14:24:00,53.47681167,-2.241255,1.5,93.8,,0.0,,38,55,,
T,2026-04-14 14:24:01,53.47681167,-2.241255,1.5,93.8,,0.0,,38,55,,
T,2026-04-14 14:24:02,53.47681167,-2.241255,1.6,93.8,,0.0,,38,55,,
T,2026-04-14 14:24:03,53.47681167,-2.241255,1.6,93.8,,0.0,,38,55,,
T,2026-04-14 14:24:04,53.47681167,-2.241255,1.6,93.8,,0.0,,35,55,,
T,2026-04-14 14:24:05,53.47681167,-2.241255,1.7,93.8,,0.0,,35,55,,
T,2026-04-14 14:24:06,53.47681167,-2.241255,1.9,93.8,,0.0,,34,55,,
T,2026-04-14 14:24:07,53.47681167,-2.241255,1.8,93.8,,0.0,,33,55,,
T,2026-04-14 14:24:08,53.47681167,-2.241255,1.8,93.8,,0.0,,32,55,,
T,2026-04-14 14:24:09,53.47681167,-2.241255,1.8,93.8,,0.0,,34,55,,
T,2026-04-14 14:24:10,53.476845,-2.241275,1.9,96.8,,0.307,20.0,34,55,,
T,2026-04-14 14:24:11,53.47685,-2.241285,2.0,97.9,,0.0,,34,55,,
T,2026-04-14 14:24:12,53.47686,-2.24130333,1.9,98.9,,0.0,,36,55,,
T,2026-04-14 14:24:13,53.47687,-2.24132667,1.9,99.3,,0.0,,37,55,,
T,2026-04-14 14:24:14,53.47687,-2.24132667,2.0,99.3,,0.0,,37,55,,
T,2026-04-14 14:24:15,53.47687,-2.24132667,1.8,99.3,,0.0,,37,55,,
T,2026-04-14 14:24:16,53.47687,-2.24132667,1.7,99.3,,0.0,,37,55,,
T,2026-04-14 14:24:17,53.47687,-2.24132667,1.7,99.3,,0.0,,37,55,,
T,2026-04-14 14:24:18,53.47687,-2.24132667,1.7,99.3,,0.0,,36,55,,
T,2026-04-14 14:24:19,53.47687,-2.24132667,1.6,99.3,,0.0,,35,55,,
T,2026-04-14 14:24:20,53.47687,-2.24132667,1.6,99.3,,0.0,,37,55,,
T,2026-04-14 14:24:21,53.47687,-2.24132667,1.6,99.3,,0.0,,37,55,,
T,2026-04-14 14:24:22,53.47687,-2.24132667,1.6,99.3,,0.0,,38,55,,
T,2026-04-14 14:24:23,53.47687,-2.24132667,1.6,99.3,,0.0,,38,55,,
T,2026-04-14 14:24:24,53.47687,-2.24132667,1.6,99.3,,0.0,,38,55,,
T,2026-04-14 14:24:25,53.47687,-2.24132667,1.6,99.3,,0.0,,37,55,,
T,2026-04-14 14:24:26,53.476885,-2.24132,1.6,103.6,,0.209,273.0,37,55,,
T,2026-04-14 14:24:27,53.47688833,-2.24133333,1.6,104.0,,0.0,,36,54,,
T,2026-04-14 14:24:28,53.47689,-2.24134333,1.6,104.4,,0.0,,36,54,,
T,2026-04-14 14:24:29,53.47689167,-2.24134833,1.5,104.6,,0.0,,36,54,,
T,2026-04-14 14:24:30,53.47689167,-2.24134833,1.5,104.6,,0.0,,38,54,,
T,2026-04-14 14:24:31,53.47689167,-2.24134833,1.5,104.6,,0.0,,37,54,,
T,2026-04-14 14:24:32,53.47689167,-2.24134833,1.5,104.6,,0.0,,38,54,,
T,2026-04-14 14:24:33,53.47689167,-2.24134833,1.5,104.6,,0.0,,38,54,,
T,2026-04-14 14:24:34,53.47689167,-2.24134833,1.5,104.6,,0.0,,38,54,,
T,2026-04-14 14:24:35,53.47689167,-2.24134833,1.5,104.6,,0.0,,38,54,,
T,2026-04-14 14:24:36,53.47689167,-2.24134833,1.5,104.6,,0.0,,38,54,,
T,2026-04-14 14:24:37,53.47689167,-2.24134833,1.5,104.6,,0.0,,39,54,,
T,2026-04-14 14:24:38,53.47689167,-2.24134833,1.5,104.6,,0.0,,39,54,,
T,2026-04-14 14:24:39,53.47689167,-2.24134833,1.5,104.6,,0.0,,39,54,,
T,2026-04-14 14:24:40,53.47689167,-2.24134833,1.4,104.6,,0.0,,38,54,,
T,2026-04-14 14:24:41,53.47689167,-2.24134833,1.4,104.6,,0.0,,37,54,,
T,2026-04-14 14:24:42,53.47689167,-2.24134833,1.4,104.6,,0.0,,37,54,,
T,2026-04-14 14:24:43,53.47689167,-2.24134833,1.4,104.6,,0.0,,36,54,,
T,2026-04-14 14:24:44,53.47689167,-2.24134833,1.4,104.6,,0.0,,39,54,,
T,2026-04-14 14:24:45,53.47689167,-2.24134833,1.4,104.6,,0.0,,39,54,,
T,2026-04-14 14:24:46,53.47689167,-2.24134833,1.4,104.6,,0.0,,38,54,,
T,2026-04-14 14:24:47,53.47689167,-2.24134833,1.4,104.6,,0.0,,38,54,,
T,2026-04-14 14:24:48,53.47689167,-2.24134833,1.4,104.6,,0.0,,38,54,,
T,2026-04-14 14:24:49,53.47689167,-2.24134833,1.4,104.6,,0.0,,37,54,,
T,2026-04-14 14:24:50,53.47689167,-2.24134833,1.4,104.6,,0.0,,38,54,,
T,2026-04-14 14:24:51,53.47689167,-2.24134833,1.4,104.6,,0.0,,38,54,,
T,2026-04-14 14:24:52,53.47689167,-2.24134833,1.4,104.6,,0.0,,38,54,,
T,2026-04-14 14:24:53,53.47689167,-2.24134833,1.4,104.6,,0.0,,37,54,,
T,2026-04-14 14:24:54,53.47689167,-2.24134833,1.4,104.6,,0.0,,38,54,,
T,2026-04-14 14:24:55,53.47689167,-2.24134833,1.4,104.6,,0.0,,37,54,,
T,2026-04-14 14:24:56,53.47689167,-2.24134833,1.5,104.6,,0.0,,38,54,,
T,2026-04-14 14:24:57,53.47689167,-2.24134833,1.5,104.6,,0.0,,37,54,,
T,2026-04-14 14:24:58,53.47689167,-2.24134833,1.5,104.6,,0.0,,38,54,,
T,2026-04-14 14:24:59,53.47689167,-2.24134833,1.5,104.6,,0.0,,37,54,,
T,2026-04-14 14:25:00,53.47689167,-2.24134833,1.5,104.6,,0.0,,37,54,,
T,2026-04-14 14:25:01,53.47689167,-2.24134833,1.6,104.6,,0.0,,36,54,,
T,2026-04-14 14:25:02,53.47689167,-2.24134833,1.6,104.6,,0.0,,36,54,,
T,2026-04-14 14:25:03,53.476865,-2.24124667,1.6,101.6,,0.321,46.0,34,54,,
T,2026-04-14 14:25:04,53.476875,-2.24123167,1.7,100.9,,0.418,46.0,33,54,,
T,2026-04-14 14:25:05,53.47688333,-2.241215,1.8,100.2,,0.514,45.0,34,54,,
T,2026-04-14 14:25:06,53.476895,-2.241205,1.8,99.6,,0.608,41.0,34,54,,
T,2026-04-14 14:25:07,53.47691167,-2.2412,1.9,99.1,,0.718,38.0,33,54,,
T,2026-04-14 14:25:08,53.476925,-2.24118667,1.9,98.6,,0.831,38.0,34,54,,
T,2026-04-14 14:25:09,53.47694167,-2.24118,1.9,98.0,,0.945,41.0,34,54,,
T,2026-04-14 14:25:10,53.476955,-2.24117167,1.9,97.7,,1.062,41.0,32,54,,
T,2026-04-14 14:25:11,53.47697167,-2.24117167,1.9,97.4,,1.169,31.0,33,54,,
T,2026-04-14 14:25:12,53.476985,-2.24116167,2.0,97.1,,1.185,27.0,33,54,,
T,2026-04-14 14:25:13,53.477,-2.24115833,2.0,96.7,,1.201,33.0,33,54,,
T,2026-04-14 14:25:14,53.47701167,-2.24115167,1.9,96.3,,1.191,44.0,33,54,,
T,2026-04-14 14:25:15,53.477025,-2.241145,1.9,96.1,,1.191,44.0,33,54,,
T,2026-04-14 14:25:16,53.477035,-2.24114167,1.9,95.9,,1.205,43.0,33,54,,
T,2026-04-14 14:25:17,53.47704833,-2.24112833,1.9,95.9,,1.217,44.0,32,54,,
T,2026-04-14 14:25:18,53.47706167,-2.24112,1.9,95.8,,1.206,46.0,32,54,,
T,2026-04-14 14:25:19,53.47707333,-2.24111833,1.9,95.8,,1.147,47.0,32,54,,
T,2026-04-14 14:25:20,53.47708167,-2.24111833,1.9,95.9,,1.057,45.0,33,55,,
T,2026-04-14 14:25:21,53.477085,-2.241115,1.8,96.3,,0.947,31.0,34,55,,
T,2026-04-14 14:25:22,53.47708833,-2.24111833,1.8,96.6,,0.842,19.0,34,55,,
T,2026-04-14 14:25:23,53.47709167,-2.24112,1.8,96.9,,0.72,18.0,34,55,,
T,2026-04-14 14:25:24,53.477095,-2.24112167,1.8,97.1,,0.635,18.0,34,55,,
T,2026-04-14 14:25:25,53.47710167,-2.241125,1.8,97.3,,0.546,18.0,33,55,,
T,2026-04-14 14:25:26,53.47710667,-2.24112833,1.8,97.6,,0.442,14.0,32,55,,
T,2026-04-14 14:25:27,53.47710667,-2.241125,1.8,97.5,,0.0,,32,55,,
T,2026-04-14 14:25:28,53.47710667,-2.24112333,1.8,97.4,,0.0,,32,55,,
T,2026-04-14 14:25:29,53.477105,-2.24112,1.8,97.1,,0.0,,33,55,,
T,2026-04-14 14:25:30,53.477105,-2.24112,1.8,97.1,,0.0,,33,55,,
T,2026-04-14 14:25:31,53.477105,-2.24112,1.5,97.1,,0.0,,33,55,,
T,2026-04-14 14:25:32,53.477105,-2.24112,1.6,97.1,,0.0,,33,55,,
T,2026-04-14 14:25:33,53.477105,-2.24112,1.6,97.1,,0.0,,34,55,,
T,2026-04-14 14:25:34,53.477105,-2.24112,1.6,97.1,,0.0,,34,55,,
T,2026-04-14 14:25:35,53.477105,-2.24112,1.6,97.1,,0.0,,33,55,,
T,2026-04-14 14:25:36,53.477105,-2.24112,1.7,97.1,,0.0,,32,55,,
T,2026-04-14 14:25:37,53.477105,-2.24112,1.7,97.1,,0.0,,33,55,,
T,2026-04-14 14:25:38,53.477105,-2.24112,1.7,97.1,,0.0,,32,55,,
T,2026-04-14 14:25:39,53.477105,-2.24112,1.7,97.1,,0.0,,31,55,,
T,2026-04-14 14:25:40,53.477105,-2.24112,1.7,97.1,,0.0,,30,55,,
T,2026-04-14 14:25:41,53.477105,-2.24112,1.7,97.1,,0.0,,32,55,,
T,2026-04-14 14:25:42,53.477105,-2.24112,1.7,97.1,,0.0,,33,55,,
T,2026-04-14 14:25:43,53.477105,-2.24112,1.7,97.1,,0.0,,33,55,,
T,2026-04-14 14:25:44,53.477105,-2.24112,1.7,97.1,,0.0,,33,55,,
T,2026-04-14 14:25:45,53.477105,-2.24112,1.7,97.1,,0.0,,33,55,,
T,2026-04-14 14:25:46,53.477105,-2.24112,1.7,97.1,,0.0,,33,55,,
T,2026-04-14 14:25:47,53.477105,-2.24112,1.7,97.1,,0.0,,32,55,,
T,2026-04-14 14:25:48,53.477105,-2.24112,1.7,97.1,,0.0,,31,55,,
T,2026-04-14 14:25:49,53.477105,-2.24112,1.7,97.1,,0.0,,32,55,,
T,2026-04-14 14:25:50,53.477105,-2.24112,1.7,97.1,,0.0,,33,55,,
T,2026-04-14 14:25:51,53.477105,-2.24112,1.7,97.1,,0.0,,33,55,,
T,2026-04-14 14:25:52,53.477105,-2.24112,1.7,97.1,,0.0,,33,55,,
T,2026-04-14 14:25:53,53.477105,-2.24112,1.7,97.1,,0.0,,34,55,,
T,2026-04-14 14:25:54,53.477105,-2.24112,1.7,97.1,,0.0,,34,55,,
T,2026-04-14 14:25:55,53.477105,-2.24112,1.7,97.1,,0.0,,33,55,,
T,2026-04-14 14:25:56,53.477105,-2.24112,1.7,97.1,,0.0,,32,55,,
T,2026-04-14 14:25:57,53.47712833,-2.24114167,1.7,97.2,,0.257,43.0,33,55,,
T,2026-04-14 14:25:58,53.47714333,-2.24114333,1.7,97.1,,0.374,43.0,31,55,,
T,2026-04-14 14:25:59,53.47715667,-2.24114333,1.7,96.9,,0.486,53.0,32,55,,
T,2026-04-14 14:26:00,53.47716333,-2.241135,1.6,96.6,,0.586,58.0,32,55,,
T,2026-04-14 14:26:01,53.47717167,-2.24112333,1.6,96.4,,0.689,47.0,33,55,,
T,2026-04-14 14:26:02,53.47718167,-2.241115,1.6,96.3,,0.798,24.0,33,55,,
T,2026-04-14 14:26:03,53.47719,-2.241105,1.5,96.3,,0.898,27.0,33,55,,
T,2026-04-14 14:26:04,53.4772,-2.241095,1.5,96.2,,1.005,29.0,33,55,,
T,2026-04-14 14:26:05,53.47721,-2.24108667,1.6,96.3,,1.071,18.0,33,55,,
T,2026-04-14 14:26:06,53.47721667,-2.24107667,1.6,96.4,,1.137,9.0,32,55,,
T,2026-04-14 14:26:07,53.477225,-2.24106,1.5,96.7,,1.173,17.0,32,55,,
T,2026-04-14 14:26:08,53.477235,-2.241045,1.6,96.9,,1.16,36.0,31,55,,
T,2026-04-14 14:26:09,53.47724333,-2.24103167,1.7,97.2,,1.155,31.0,31,55,,
T,2026-04-14 14:26:10,53.477255,-2.24102,1.7,97.6,,1.174,27.0,31,55,,
T,2026-04-14 14:26:11,53.477265,-2.241005,1.7,98.0,,1.188,25.0,31,55,,
T,2026-04-14 14:26:12,53.47727667,-2.24098833,1.7,98.8,,1.209,26.0,34,55,,
T,2026-04-14 14:26:13,53.477285,-2.24097333,1.7,99.3,,1.216,27.0,33,55,,
T,2026-04-14 14:26:14,53.47729333,-2.240955,1.6,99.8,,1.207,24.0,34,55,,
T,2026-04-14 14:26:15,53.47730167,-2.24094333,1.6,100.0,,1.223,26.0,34,55,,
T,2026-04-14 14:26:16,53.47730833,-2.24092833,1.6,100.3,,1.211,36.0,34,55,,
T,2026-04-14 14:26:17,53.47731667,-2.240915,1.6,100.4,,1.187,42.0,34,55,,
T,2026-04-14 14:26:18,53.47732667,-2.24090667,1.6,100.5,,1.165,47.0,34,55,,
T,2026-04-14 14:26:19,53.47733667,-2.240895,1.6,100.6,,1.157,52.0,34,55,,
T,2026-04-14 14:26:20,53.47734833,-2.240885,1.6,100.7,,1.137,47.0,34,55,,
T,2026-04-14 14:26:21,53.47735833,-2.24087,1.6,100.8,,1.132,48.0,34,55,,
T,2026-04-14 14:26:22,53.47736667,-2.24085167,1.6,101.0,,1.138,50.0,34,55,,
T,2026-04-14 14:26:23,53.47737667,-2.240835,1.6,101.0,,1.167,50.0,34,55,,
T,2026-04-14 14:26:24,53.477385,-2.24082,1.6,101.1,,1.191,44.0,35,55,,
T,2026-04-14 14:26:25,53.47739167,-2.24080333,1.6,101.4,,1.187,46.0,35,55,,
T,2026-04-14 14:26:26,53.4774,-2.24078667,1.6,101.7,,1.226,46.0,34,55,,
T,2026-04-14 14:26:27,53.47740833,-2.24077333,1.6,101.9,,1.236,58.0,34,55,,
T,2026-04-14 14:26:28,53.47741333,-2.24076,1.6,102.1,,1.237,60.0,34,55,,
T,2026-04-14 14:26:29,53.47741833,-2.24074833,1.7,102.0,,1.239,50.0,33,55,,
T,2026-04-14 14:26:30,53.477425,-2.24073667,1.7,102.1,,1.225,49.0,34,55,,
T,2026-04-14 14:26:31,53.47743333,-2.24072667,1.7,102.2,,1.197,47.0,34,55,,
T,2026-04-14 14:26:32,53.47744167,-2.240715,1.7,102.3,,1.181,41.0,32,55,,
T,2026-04-14 14:26:33,53.47745167,-2.24070167,1.8,102.3,,1.165,44.0,32,55,,
T,2026-04-14 14:26:34,53.47746167,-2.24068833,1.8,102.3,,1.152,45.0,33,55,,
T,2026-04-14 14:26:35,53.47747167,-2.24067833,1.8,102.4,,1.163,42.0,33,55,,
T,2026-04-14 14:26:36,53.47748,-2.24066333,1.8,102.6,,1.141,42.0,33,55,,
T,2026-04-14 14:26:37,53.47748833,-2.24065,1.8,102.7,,1.159,43.0,32,55,,
T,2026-04-14 14:26:38,53.477495,-2.24063667,1.8,102.7,,1.171,44.0,33,55,,
T,2026-04-14 14:26:39,53.4775,-2.24062167,1.8,102.6,,1.174,49.0,33,55,,
T,2026-04-14 14:26:40,53.47750833,-2.24060667,1.8,102.5,,1.206,49.0,33,55,,
T,2026-04-14 14:26:41,53.47751667,-2.24059167,1.8,102.4,,1.242,48.0,33,55,,
T,2026-04-14 14:26:42,53.47752333,-2.24057833,1.8,102.3,,1.251,41.0,31,55,,
T,2026-04-14 14:26:43,53.47753333,-2.24056333,1.8,102.2,,1.235,43.0,29,55,,
T,2026-04-14 14:26:44,53.47754,-2.24055,1.9,102.0,,1.225,47.0,29,55,,
T,2026-04-14 14:26:45,53.47754667,-2.24053333,1.9,101.9,,1.221,46.0,28,55,,
T,2026-04-14 14:26:46,53.477555,-2.24051667,1.9,101.7,,1.229,47.0,28,55,,
T,2026-04-14 14:26:47,53.47756167,-2.24050167,1.9,101.6,,1.228,42.0,29,55,,
T,2026-04-14 14:26:48,53.47756833,-2.24049,1.8,101.3,,1.236,53.0,31,55,,
T,2026-04-14 14:26:49,53.47757833,-2.24048167,1.8,101.2,,1.226,45.0,32,55,,
T,2026-04-14 14:26:50,53.47759,-2.24047167,1.8,101.0,,1.228,29.0,32,56,,
T,2026-04-14 14:26:51,53.47759667,-2.24045833,1.8,100.9,,1.201,25.0,33,56,,
T,2026-04-14 14:26:52,53.47760167,-2.24044667,1.9,100.7,,1.152,23.0,34,56,,
T,2026-04-14 14:26:53,53.477605,-2.24043667,1.9,100.7,,1.107,22.0,33,56,,
T,2026-04-14 14:26:54,53.47761,-2.24042667,1.9,100.8,,1.062,12.0,33,56,,
T,2026-04-14 14:26:55,53.47760833,-2.24041,1.9,100.8,,1.017,16.0,32,56,,
T,2026-04-14 14:26:56,53.477605,-2.24039167,1.9,100.9,,0.968,32.0,32,56,,
T,2026-04-14 14:26:57,53.4776,-2.24037333,1.9,100.8,,0.907,41.0,32,56,,
T,2026-04-14 14:26:58,53.477595,-2.240355,1.8,100.8,,0.842,52.0,32,56,,
T,2026-04-14 14:26:59,53.47758667,-2.240335,1.7,100.8,,0.781,59.0,32,56,,
T,2026-04-14 14:27:00,53.47758167,-2.24031667,1.7,100.6,,0.697,74.0,33,56,,
T,2026-04-14 14:27:01,53.477575,-2.24029333,1.6,100.7,,0.665,77.0,31,56,,
T,2026-04-14 14:27:02,53.47757167,-2.24027833,1.6,100.9,,0.634,73.0,32,56,,
T,2026-04-14 14:27:03,53.47756833,-2.24026833,1.6,101.1,,0.589,61.0,32,56,,
T,2026-04-14 14:27:04,53.47755833,-2.24025167,1.6,101.5,,0.538,56.0,32,56,,
T,2026-04-14 14:27:05,53.47754833,-2.24023667,1.5,101.5,,0.48,50.0,33,56,,
T,2026-04-14 14:27:06,53.47754167,-2.24022833,1.5,101.5,,0.419,56.0,32,56,,
T,2026-04-14 14:27:07,53.477535,-2.24022167,1.5,101.5,,0.0,,32,56,,
T,2026-04-14 14:27:08,53.47751667,-2.240205,1.5,100.7,,0.0,,32,56,,
T,2026-04-14 14:27:09,53.47751167,-2.2402,1.5,100.6,,0.0,,31,56,,
T,2026-04-14 14:27:10,53.47751167,-2.2402,1.5,100.6,,0.0,,32,56,,
T,2026-04-14 14:27:11,53.47751167,-2.2402,1.4,100.6,,0.0,,31,56,,
T,2026-04-14 14:27:12,53.47751167,-2.2402,1.4,100.6,,0.0,,32,56,,
T,2026-04-14 14:27:13,53.47751167,-2.2402,1.4,100.6,,0.0,,32,56,,
T,2026-04-14 14:27:14,53.47748167,-2.24014,1.4,99.3,,0.25,65.0,33,56,,
T,2026-04-14 14:27:15,53.47748167,-2.24012667,1.4,99.1,,0.294,55.0,33,56,,
T,2026-04-14 14:27:16,53.47748333,-2.24011167,1.4,98.9,,0.369,61.0,33,56,,
T,2026-04-14 14:27:17,53.47748333,-2.24009333,1.4,98.6,,0.474,64.0,33,56,,
T,2026-04-14 14:27:18,53.47748667,-2.240075,1.4,98.3,,0.586,53.0,33,56,,
T,2026-04-14 14:27:19,53.47749167,-2.24005833,1.3,98.1,,0.684,59.0,33,56,,
T,2026-04-14 14:27:20,53.477495,-2.24004167,1.3,97.8,,0.783,54.0,33,56,,
T,2026-04-14 14:27:21,53.47749833,-2.24003333,1.3,97.6,,0.851,53.0,33,56,,
T,2026-04-14 14:27:22,53.47750333,-2.24003333,1.3,97.3,,0.905,48.0,32,56,,
T,2026-04-14 14:27:23,53.47751,-2.24003167,1.4,97.0,,0.982,26.0,33,56,,
T,2026-04-14 14:27:24,53.47751833,-2.240025,1.4,96.7,,1.04,17.0,34,56,,
T,2026-04-14 14:27:25,53.47752667,-2.24002167,1.4,96.4,,1.084,9.0,32,56,,
T,2026-04-14 14:27:26,53.47753333,-2.24001667,1.4,96.1,,1.088,8.0,31,56,,
T,2026-04-14 14:27:27,53.47754,-2.24000833,1.4,95.8,,1.078,21.0,33,56,,
T,2026-04-14 14:27:28,53.47755,-2.23999833,1.4,95.8,,1.086,33.0,34,56,,
T,2026-04-14 14:27:29,53.47755833,-2.23998333,1.4,95.7,,1.107,32.0,33,56,,
T,2026-04-14 14:27:30,53.477565,-2.23997,1.4,95.5,,1.12,31.0,33,56,,
T,2026-04-14 14:27:31,53.47756833,-2.23995333,1.4,95.3,,1.134,37.0,32,56,,
T,2026-04-14 14:27:32,53.47757333,-2.23994,1.5,95.2,,1.149,42.0,32,56,,
T,2026-04-14 14:27:33,53.47758,-2.23992833,1.5,95.4,,1.135,45.0,34,56,,
T,2026-04-14 14:27:34,53.47758667,-2.239915,1.5,95.6,,1.115,43.0,33,56,,
T,2026-04-14 14:27:35,53.477595,-2.239905,1.5,95.6,,1.124,39.0,33,56,,
T,2026-04-14 14:27:36,53.47760167,-2.23989167,1.5,95.7,,1.151,34.0,33,56,,
T,2026-04-14 14:27:37,53.47761167,-2.23987,1.5,95.9,,1.2,37.0,29,56,,
T,2026-04-14 14:27:38,53.47762,-2.23984833,1.5,96.1,,1.212,40.0,30,56,,
T,2026-04-14 14:27:39,53.47762667,-2.23982833,1.5,96.1,,1.208,37.0,30,56,,
T,2026-04-14 14:27:40,53.47763667,-2.23981,1.5,96.3,,1.207,38.0,29,56,,
T,2026-04-14 14:27:41,53.477645,-2.23979667,1.5,96.2,,1.228,37.0,31,56,,
T,2026-04-14 14:27:42,53.477655,-2.239785,1.5,96.1,,1.251,35.0,32,56,,
T,2026-04-14 14:27:43,53.47766333,-2.23977333,1.5,95.9,,1.255,34.0,32,56,,
T,2026-04-14 14:27:44,53.47767333,-2.23976167,1.5,95.6,,1.301,35.0,33,56,,
T,2026-04-14 14:27:45,53.47768167,-2.23974833,1.5,95.5,,1.32,46.0,32,56,,
T,2026-04-14 14:27:46,53.47768833,-2.23973167,1.5,95.3,,1.326,52.0,32,56,,
T,2026-04-14 14:27:47,53.47768667,-2.239705,1.4,94.5,,1.295,52.0,32,56,,
T,2026-04-14 14:27:48,53.47769333,-2.23969,1.4,94.2,,1.27,48.0,31,56,,
T,2026-04-14 14:27:49,53.47770167,-2.23968167,1.5,93.7,,1.236,48.0,31,56,,
T,2026-04-14 14:27:50,53.47770833,-2.23966667,1.4,93.3,,1.223,49.0,34,56,,
T,2026-04-14 14:27:51,53.47771667,-2.23965833,1.5,93.2,,1.186,45.0,34,56,,
T,2026-04-14 14:27:52,53.47772333,-2.23965333,1.5,93.0,,1.14,45.0,34,56,,
T,2026-04-14 14:27:53,53.47772833,-2.23964167,1.5,92.9,,1.135,52.0,34,56,,
T,2026-04-14 14:27:54,53.477735,-2.23962667,1.5,93.0,,1.113,52.0,35,56,,
T,2026-04-14 14:27:55,53.47774333,-2.23961167,1.5,93.0,,1.096,49.0,36,56,,
T,2026-04-14 14:27:56,53.47775333,-2.23959667,1.5,93.1,,1.088,43.0,35,56,,
T,2026-04-14 14:27:57,53.47776,-2.23957833,1.5,93.3,,1.082,43.0,35,56,,
T,2026-04-14 14:27:58,53.47776833,-2.23956333,1.6,93.4,,1.082,41.0,33,56,,
T,2026-04-14 14:27:59,53.477775,-2.23954833,1.5,93.6,,1.079,43.0,34,56,,
T,2026-04-14 14:28:00,53.47778,-2.23953333,1.5,93.7,,1.069,46.0,35,56,,
T,2026-04-14 14:28:01,53.47778667,-2.23952,1.6,93.7,,1.115,49.0,35,56,,
T,2026-04-14 14:28:02,53.47779667,-2.23950667,1.6,93.7,,1.186,46.0,35,56,,
T,2026-04-14 14:28:03,53.477805,-2.23949167,1.6,93.7,,1.214,46.0,35,56,,
T,2026-04-14 14:28:04,53.47781167,-2.23948,1.6,93.7,,1.208,49.0,35,56,,
T,2026-04-14 14:28:05,53.47781667,-2.23946833,1.6,93.9,,1.188,49.0,35,56,,
T,2026-04-14 14:28:06,53.47782167,-2.239455,1.6,94.1,,1.169,55.0,34,56,,
T,2026-04-14 14:28:07,53.47782833,-2.23944167,1.6,94.4,,1.149,58.0,35,56,,
T,2026-04-14 14:28:08,53.47783667,-2.23943167,1.6,94.6,,1.153,60.0,35,56,,
T,2026-04-14 14:28:09,53.477845,-2.23941667,1.6,94.7,,1.176,59.0,35,56,,
T,2026-04-14 14:28:10,53.47785333,-2.23940167,1.6,94.8,,1.194,64.0,35,56,,
T,2026-04-14 14:28:11,53.47786333,-2.23939167,1.7,95.1,,1.188,55.0,34,56,,
T,2026-04-14 14:28:12,53.477875,-2.239385,1.7,95.4,,1.134,49.0,35,56,,
T,2026-04-14 14:28:13,53.47788167,-2.239375,1.7,95.7,,1.103,45.0,35,56,,
T,2026-04-14 14:28:14,53.47789,-2.23936167,1.7,95.9,,1.111,43.0,33,56,,
T,2026-04-14 14:28:15,53.4779,-2.23935167,1.7,96.1,,1.144,48.0,36,56,,
T,2026-04-14 14:28:16,53.47790833,-2.23933667,1.7,96.1,,1.17,48.0,35,56,,
T,2026-04-14 14:28:17,53.47791833,-2.239325,1.7,96.0,,1.195,54.0,35,56,,
T,2026-04-14 14:28:18,53.47792667,-2.23931333,1.7,95.9,,1.18,54.0,36,56,,
T,2026-04-14 14:28:19,53.47793333,-2.23930333,1.7,95.9,,1.149,52.0,36,57,,
T,2026-04-14 14:28:20,53.47793333,-2.23928167,1.7,96.3,,1.123,45.0,36,57,,
T,2026-04-14 14:28:21,53.47793667,-2.239265,1.7,96.3,,1.113,48.0,36,57,,
T,2026-04-14 14:28:22,53.47794,-2.23924833,1.7,96.2,,1.136,54.0,36,57,,
T,2026-04-14 14:28:23,53.47794667,-2.23923167,1.6,96.2,,1.15,55.0,37,57,,
T,2026-04-14 14:28:24,53.47795,-2.239215,1.6,96.1,,1.156,50.0,38,57,,
T,2026-04-14 14:28:25,53.47795167,-2.23919833,1.6,95.9,,1.13,48.0,37,58,,
T,2026-04-14 14:28:26,53.47795833,-2.239185,1.6,95.9,,1.13,48.0,37,58,,
T,2026-04-14 14:28:27,53.47796167,-2.23917,1.5,95.9,,1.123,40.0,37,58,,
T,2026-04-14 14:28:28,53.47796833,-2.23915667,1.5,96.0,,1.116,44.0,37,58,,
T,2026-04-14 14:28:29,53.47797333,-2.23913833,1.5,95.9,,1.146,52.0,37,58,,
T,2026-04-14 14:28:30,53.47797667,-2.23912,1.5,95.9,,1.153,62.0,37,58,,
T,2026-04-14 14:28:31,53.47798167,-2.2391,1.5,96.1,,1.148,72.0,37,58,,
T,2026-04-14 14:28:32,53.477985,-2.23908,1.5,96.1,,1.138,71.0,39,58,,
T,2026-04-14 14:28:33,53.47798667,-2.23906,1.5,96.2,,1.136,73.0,39,58,,
T,2026-04-14 14:28:34,53.47799167,-2.23904167,1.4,96.4,,1.117,73.0,39,58,,
T,2026-04-14 14:28:35,53.47799167,-2.23902833,1.4,96.4,,1.124,77.0,39,58,,
T,2026-04-14 14:28:36,53.477985,-2.23901333,1.4,96.4,,1.107,90.0,39,58,,
T,2026-04-14 14:28:37,53.47798167,-2.239,1.4,96.6,,1.098,100.0,37,58,,
T,2026-04-14 14:28:38,53.47797667,-2.23898333,1.4,96.6,,1.115,104.0,37,58,,
T,2026-04-14 14:28:39,53.47797,-2.23896667,1.4,96.6,,1.136,110.0,37,58,,
T,2026-04-14 14:28:40,53.47796333,-2.23895,1.4,96.6,,1.173,118.0,35,58,,
T,2026-04-14 14:28:41,53.47795333,-2.23893667,1.5,96.7,,1.217,121.0,33,58,,
T,2026-04-14 14:28:42,53.47794333,-2.23892833,1.5,96.7,,1.257,122.0,34,58,,
T,2026-04-14 14:28:43,53.47793167,-2.23891833,1.5,96.7,,1.289,121.0,34,58,,
T,2026-04-14 14:28:44,53.47792167,-2.23890833,1.5,96.7,,1.304,118.0,34,58,,
T,2026-04-14 14:28:45,53.47791,-2.23889667,1.5,96.7,,1.318,123.0,33,58,,
T,2026-04-14 14:28:46,53.4779,-2.23888667,1.6,96.8,,1.312,127.0,35,58,,
T,2026-04-14 14:28:47,53.47789333,-2.23887667,1.6,97.0,,1.286,129.0,36,58,,
T,2026-04-14 14:28:48,53.47788667,-2.23886,1.6,97.2,,1.261,128.0,32,58,,
T,2026-04-14 14:28:49,53.477875,-2.23884833,1.6,97.2,,1.242,131.0,33,58,,
T,2026-04-14 14:28:50,53.47786667,-2.238835,1.6,97.3,,1.214,129.0,34,58,,
T,2026-04-14 14:28:51,53.47785667,-2.23882667,1.6,97.3,,1.168,127.0,34,58,,
T,2026-04-14 14:28:52,53.47785167,-2.238815,1.6,97.5,,1.127,127.0,35,58,,
T,2026-04-14 14:28:53,53.47784667,-2.23880333,1.6,97.6,,1.072,127.0,34,58,,
T,2026-04-14 14:28:54,53.47784167,-2.23879167,1.6,97.6,,1.07,126.0,35,58,,
T,2026-04-14 14:28:55,53.47783833,-2.23878,1.6,97.8,,1.056,126.0,33,58,,
T,2026-04-14 14:28:56,53.47783333,-2.23876833,1.6,97.7,,1.105,121.0,30,58,,
T,2026-04-14 14:28:57,53.47782167,-2.23875333,1.6,97.6,,1.157,119.0,32,58,,
T,2026-04-14 14:28:58,53.47781333,-2.23874,1.6,97.4,,1.188,122.0,29,58,,
T,2026-04-14 14:28:59,53.47780167,-2.23872833,1.6,97.2,,1.197,124.0,31,58,,
T,2026-04-14 14:29:00,53.47779167,-2.238715,1.6,97.0,,1.215,128.0,34,58,,
T,2026-04-14 14:29:01,53.47778333,-2.23870167,1.6,96.8,,1.24,127.0,34,58,,
T,2026-04-14 14:29:02,53.47777333,-2.23869167,1.6,96.5,,1.248,125.0,32,58,,
T,2026-04-14 14:29:03,53.47776667,-2.23868,1.6,96.2,,1.278,122.0,32,58,,
T,2026-04-14 14:29:04,53.47775667,-2.23866833,1.6,96.0,,1.286,124.0,32,58,,
T,2026-04-14 14:29:05,53.47774833,-2.23865333,1.6,96.0,,1.296,127.0,34,58,,
T,2026-04-14 14:29:06,53.47773667,-2.23864333,1.5,95.9,,1.256,130.0,35,58,,
T,2026-04-14 14:29:07,53.47772667,-2.23863,1.6,95.9,,1.254,132.0,36,58,,
T,2026-04-14 14:29:08,53.47771833,-2.23861333,1.5,96.2,,1.27,131.0,36,58,,
T,2026-04-14 14:29:09,53.47771167,-2.23859667,1.5,96.3,,1.266,129.0,34,58,,
T,2026-04-14 14:29:10,53.47770333,-2.238585,1.5,96.6,,1.252,133.0,34,58,,
T,2026-04-14 14:29:11,53.47769667,-2.23857,1.5,96.5,,1.234,128.0,33,58,,
T,2026-04-14 14:29:12,53.47769,-2.23855833,1.5,96.6,,1.23,126.0,33,58,,
T,2026-04-14 14:29:13,53.477685,-2.23854667,1.5,96.5,,1.226,123.0,34,58,,
T,2026-04-14 14:29:14,53.47767833,-2.23853333,1.4,96.3,,1.205,122.0,34,58,,
T,2026-04-14 14:29:15,53.47767333,-2.23852,1.4,96.3,,1.215,133.0,35,58,,
T,2026-04-14 14:29:16,53.47767,-2.23850167,1.4,96.2,,1.222,120.0,35,58,,
T,2026-04-14 14:29:17,53.477665,-2.238485,1.5,96.1,,1.248,109.0,34,58,,
T,2026-04-14 14:29:18,53.47765667,-2.23846667,1.5,96.1,,1.252,109.0,31,58,,
T,2026-04-14 14:29:19,53.47765333,-2.23844333,1.5,95.8,,1.27,118.0,31,58,,
T,2026-04-14 14:29:20,53.47764667,-2.23842833,1.5,95.6,,1.301,121.0,32,58,,
T,2026-04-14 14:29:21,53.47764,-2.23841167,1.5,95.4,,1.319,117.0,31,58,,
T,2026-04-14 14:29:22,53.47763333,-2.23839833,1.5,95.2,,1.342,118.0,32,58,,
T,2026-04-14 14:29:23,53.47763,-2.23838167,1.5,95.1,,1.354,117.0,34,58,,
T,2026-04-14 14:29:24,53.47762667,-2.23836667,1.5,95.0,,1.347,110.0,34,58,,
T,2026-04-14 14:29:25,53.477625,-2.23835667,1.5,95.0,,1.296,113.0,35,58,,
T,2026-04-14 14:29:26,53.47762167,-2.23834833,1.5,95.1,,1.251,119.0,35,58,,
T,2026-04-14 14:29:27,53.47761833,-2.23833833,1.5,95.1,,1.193,124.0,36,58,,
T,2026-04-14 14:29:28,53.47761333,-2.238325,1.6,95.2,,1.141,129.0,35,58,,
T,2026-04-14 14:29:29,53.47760667,-2.23831,1.6,95.1,,1.11,130.0,35,58,,
T,2026-04-14 14:29:30,53.47760333,-2.238295,1.6,95.1,,1.071,132.0,35,58,,
T,2026-04-14 14:29:31,53.47759833,-2.23828167,1.6,95.2,,1.035,132.0,34,58,,
T,2026-04-14 14:29:32,53.47760167,-2.23826333,1.6,95.0,,0.986,136.0,33,58,,
T,2026-04-14 14:29:33,53.4776,-2.23825,1.7,95.0,,0.943,125.0,35,58,,
T,2026-04-14 14:29:34,53.477595,-2.23823833,1.7,95.1,,0.943,104.0,35,58,,
T,2026-04-14 14:29:35,53.47758833,-2.23822,1.7,95.0,,0.986,95.0,34,58,,
T,2026-04-14 14:29:36,53.47757833,-2.23820667,1.6,94.5,,1.004,98.0,33,58,,
T,2026-04-14 14:29:37,53.47757,-2.23819167,1.6,94.0,,1.001,101.0,33,58,,
T,2026-04-14 14:29:38,53.47756167,-2.23817667,1.6,93.8,,1.007,103.0,33,58,,
T,2026-04-14 14:29:39,53.47755667,-2.23816333,1.6,93.7,,0.979,113.0,34,58,,
T,2026-04-14 14:29:40,53.47755167,-2.23815,1.6,93.8,,0.993,124.0,35,58,,
T,2026-04-14 14:29:41,53.47754,-2.238145,1.6,93.8,,0.999,124.0,34,58,,
T,2026-04-14 14:29:42,53.47753167,-2.23814,1.6,93.9,,0.995,125.0,35,58,,
T,2026-04-14 14:29:43,53.47752667,-2.23812833,1.6,94.0,,0.987,136.0,37,58,,
T,2026-04-14 14:29:44,53.47752,-2.238115,1.6,94.1,,0.991,164.0,36,58,,
T,2026-04-14 14:29:45,53.47751333,-2.2381,1.6,94.4,,0.951,156.0,34,58,,
T,2026-04-14 14:29:46,53.47751,-2.238085,1.6,94.6,,0.95,154.0,33,58,,
T,2026-04-14 14:29:47,53.47750333,-2.23807333,1.6,94.9,,0.919,140.0,35,58,,
T,2026-04-14 14:29:48,53.47749833,-2.23805833,1.6,95.1,,0.898,133.0,35,58,,
T,2026-04-14 14:29:49,53.477495,-2.23804333,1.6,95.4,,0.894,133.0,35,58,,
T,2026-04-14 14:29:50,53.47749,-2.23802667,1.6,95.6,,0.855,145.0,34,58,,
T,2026-04-14 14:29:51,53.47748667,-2.23801167,1.6,95.8,,0.826,149.0,33,58,,
T,2026-04-14 14:29:52,53.477485,-2.23800167,1.6,95.8,,0.803,146.0,35,58,,
T,2026-04-14 14:29:53,53.47748,-2.23799333,1.6,96.0,,0.767,139.0,35,58,,
T,2026-04-14 14:29:54,53.477475,-2.23799167,1.6,96.2,,0.703,141.0,34,58,,
T,2026-04-14 14:29:55,53.47747,-2.23799167,1.5,96.1,,0.641,142.0,34,58,,
T,2026-04-14 14:29:56,53.47746667,-2.23799167,1.5,96.2,,0.567,143.0,34,58,,
T,2026-04-14 14:29:57,53.47746333,-2.23799333,1.5,96.2,,0.51,146.0,32,58,,
T,2026-04-14 14:29:58,53.47746,-2.23799,1.5,96.2,,0.44,146.0,32,58,,
T,2026-04-14 14:29:59,53.47745167,-2.23799167,1.5,96.0,,0.0,,33,58,,
T,2026-04-14 14:30:00,53.47744833,-2.23798,1.5,95.7,,0.0,,33,58,,
T,2026-04-14 14:30:01,53.477445,-2.23797333,1.5,95.6,,0.0,,35,58,,
T,2026-04-14 14:30:02,53.477445,-2.23797333,1.5,95.6,,0.0,,35,58,,
T,2026-04-14 14:30:03,53.477445,-2.23797333,1.5,95.6,,0.0,,35,58,,
T,2026-04-14 14:30:04,53.477445,-2.23797333,1.4,95.6,,0.0,,34,58,,
T,2026-04-14 14:30:05,53.477445,-2.23797333,1.4,95.6,,0.0,,33,58,,
T,2026-04-14 14:30:06,53.477445,-2.23797333,1.4,95.6,,0.0,,33,58,,
T,2026-04-14 14:30:07,53.477445,-2.23797333,1.4,95.6,,0.0,,33,58,,
T,2026-04-14 14:30:08,53.477445,-2.23797333,1.5,95.6,,0.0,,32,58,,
T,2026-04-14 14:30:09,53.477445,-2.23797333,1.5,95.6,,0.0,,33,58,,
T,2026-04-14 14:30:10,53.47741,-2.23794833,1.5,94.4,,0.251,152.0,32,58,,
T,2026-04-14 14:30:11,53.47740333,-2.23793833,1.5,94.2,,0.294,122.0,32,58,,
T,2026-04-14 14:30:12,53.47739833,-2.23793,1.5,94.2,,0.344,116.0,30,58,,
T,2026-04-14 14:30:13,53.47739667,-2.23792167,1.5,94.0,,0.389,114.0,32,58,,
T,2026-04-14 14:30:14,53.47739167,-2.237915,1.5,93.8,,0.446,107.0,32,58,,
T,2026-04-14 14:30:15,53.477385,-2.2379,1.5,93.5,,0.506,105.0,34,58,,
T,2026-04-14 14:30:16,53.47738333,-2.237885,1.5,93.5,,0.58,109.0,35,58,,
T,2026-04-14 14:30:17,53.47738,-2.23787167,1.5,93.4,,0.643,107.0,35,58,,
T,2026-04-14 14:30:18,53.47737833,-2.23786333,1.5,93.3,,0.691,107.0,34,58,,
T,2026-04-14 14:30:19,53.477375,-2.23785333,1.5,93.1,,0.712,110.0,34,58,,
T,2026-04-14 14:30:20,53.47737167,-2.23784333,1.5,93.0,,0.733,110.0,36,58,,
T,2026-04-14 14:30:21,53.477365,-2.23782833,1.5,92.9,,0.789,112.0,37,58,,
T,2026-04-14 14:30:22,53.47736167,-2.237815,1.5,92.9,,0.807,112.0,37,58,,
T,2026-04-14 14:30:23,53.47735667,-2.23780667,1.5,92.9,,0.812,109.0,38,58,,
T,2026-04-14 14:30:24,53.47735,-2.23780333,1.5,92.9,,0.8,106.0,38,58,,
T,2026-04-14 14:30:25,53.47734167,-2.2378,1.5,92.9,,0.79,120.0,38,58,,
T,2026-04-14 14:30:26,53.47733167,-2.23779167,1.5,93.1,,0.779,122.0,37,58,,
T,2026-04-14 14:30:27,53.47732,-2.23778333,1.5,93.2,,0.788,126.0,38,58,,
T,2026-04-14 14:30:28,53.47731167,-2.23777333,1.5,93.2,,0.809,125.0,38,58,,
T,2026-04-14 14:30:29,53.47730333,-2.23776167,1.5,93.3,,0.842,118.0,38,58,,
T,2026-04-14 14:30:30,53.47729167,-2.23775,1.4,93.5,,0.871,118.0,37,58,,
T,2026-04-14 14:30:31,53.47728167,-2.23773667,1.5,93.5,,0.873,119.0,37,58,,
T,2026-04-14 14:30:32,53.47727333,-2.23772167,1.6,93.6,,0.914,119.0,36,58,,
T,2026-04-14 14:30:33,53.47726667,-2.23771,1.5,93.8,,0.981,119.0,38,58,,
T,2026-04-14 14:30:34,53.47726167,-2.23769833,1.6,94.1,,1.048,123.0,36,58,,
T,2026-04-14 14:30:35,53.47725667,-2.23768333,1.5,94.5,,1.08,127.0,37,58,,
T,2026-04-14 14:30:36,53.47725167,-2.23767167,1.5,94.8,,1.087,127.0,37,58,,
T,2026-04-14 14:30:37,53.47725,-2.23766167,1.4,95.0,,1.09,122.0,37,58,,
T,2026-04-14 14:30:38,53.477245,-2.23765,1.6,95.1,,1.093,122.0,36,58,,
T,2026-04-14 14:30:39,53.47724167,-2.23763667,1.6,95.2,,1.109,126.0,35,58,,
T,2026-04-14 14:30:40,53.477245,-2.23761167,1.7,95.5,,1.112,126.0,33,58,,
T,2026-04-14 14:30:41,53.47723833,-2.23759833,1.7,95.6,,1.092,125.0,33,58,,
T,2026-04-14 14:30:42,53.47723667,-2.23758333,1.7,95.8,,1.081,130.0,34,58,,
T,2026-04-14 14:30:43,53.47723167,-2.23757,1.7,96.0,,1.05,130.0,33,58,,
T,2026-04-14 14:30:44,53.477225,-2.23755833,1.8,96.1,,1.029,130.0,32,58,,
T,2026-04-14 14:30:45,53.47721667,-2.23754333,1.7,96.1,,1.047,130.0,31,58,,
T,2026-04-14 14:30:46,53.47721,-2.23753,1.7,95.9,,1.075,131.0,32,58,,
T,2026-04-14 14:30:47,53.47720167,-2.23751333,1.7,95.9,,1.096,129.0,32,58,,
T,2026-04-14 14:30:48,53.47719667,-2.237495,1.6,95.7,,1.118,135.0,31,58,,
T,2026-04-14 14:30:49,53.47719333,-2.23747667,1.6,95.6,,1.117,133.0,32,58,,
T,2026-04-14 14:30:50,53.47719167,-2.23745,1.6,95.3,,1.127,131.0,31,58,,
T,2026-04-14 14:30:51,53.47718333,-2.23743,1.6,95.0,,1.141,131.0,31,58,,
T,2026-04-14 14:30:52,53.477175,-2.23741167,1.5,94.5,,1.136,129.0,30,58,,
T,2026-04-14 14:30:53,53.477165,-2.23739667,1.5,94.2,,1.177,131.0,33,58,,
T,2026-04-14 14:30:54,53.47715667,-2.23738333,1.5,94.1,,1.21,137.0,34,58,,
T,2026-04-14 14:30:55,53.477145,-2.23736833,1.5,93.8,,1.225,137.0,35,58,,
T,2026-04-14 14:30:56,53.477135,-2.23735,1.5,93.6,,1.235,136.0,35,58,,
T,2026-04-14 14:30:57,53.47711833,-2.23734333,1.5,93.3,,1.196,138.0,35,58,,
T,2026-04-14 14:30:58,53.47710667,-2.23734333,1.5,93.1,,1.143,135.0,35,58,,
T,2026-04-14 14:30:59,53.47709833,-2.23734667,1.4,93.1,,1.082,143.0,35,58,,
T,2026-04-14 14:31:00,53.47709167,-2.237355,1.4,93.0,,1.013,153.0,33,58,,
T,2026-04-14 14:31:01,53.47708833,-2.23735667,1.4,93.2,,0.924,175.0,34,58,,
T,2026-04-14 14:31:02,53.47708667,-2.23735667,1.4,93.4,,0.838,177.0,33,58,,
T,2026-04-14 14:31:03,53.47708167,-2.23735833,1.3,93.5,,0.731,180.0,34,58,,
T,2026-04-14 14:31:04,53.47707667,-2.237355,1.3,93.6,,0.637,183.0,33,58,,
T,2026-04-14 14:31:05,53.47707,-2.23735,1.3,93.9,,0.539,184.0,35,58,,
T,2026-04-14 14:31:06,53.47706833,-2.237355,1.4,94.1,,0.43,182.0,33,58,,
T,2026-04-14 14:31:07,53.47706667,-2.23735833,1.4,94.3,,0.36,181.0,35,57,,
T,2026-04-14 14:31:08,53.47706667,-2.23736167,1.4,94.4,,0.299,181.0,34,57,,
T,2026-04-14 14:31:09,53.477065,-2.237365,1.4,94.6,,0.0,,36,57,,
T,2026-04-14 14:31:10,53.477065,-2.237365,1.4,94.9,,0.0,,35,57,,
T,2026-04-14 14:31:11,53.477065,-2.23736833,1.3,95.1,,0.0,,34,57,,
T,2026-04-14 14:31:12,53.477065,-2.23736833,1.3,95.1,,0.0,,34,57,,
T,2026-04-14 14:31:13,53.477065,-2.23736833,1.3,95.1,,0.0,,34,57,,
T,2026-04-14 14:31:14,53.477065,-2.23736833,1.3,95.1,,0.0,,34,57,,
T,2026-04-14 14:31:15,53.477065,-2.23736833,1.3,95.1,,0.0,,34,57,,
T,2026-04-14 14:31:16,53.477065,-2.23736833,1.3,95.1,,0.0,,35,57,,
T,2026-04-14 14:31:17,53.477065,-2.23736833,1.3,95.1,,0.0,,33,57,,
T,2026-04-14 14:31:18,53.477065,-2.23736833,1.3,95.1,,0.0,,34,57,,
T,2026-04-14 14:31:19,53.477065,-2.23736833,1.3,95.1,,0.0,,34,57,,
T,2026-04-14 14:31:20,53.477065,-2.23736833,1.3,95.1,,0.0,,33,57,,
T,2026-04-14 14:31:21,53.477065,-2.23736833,1.3,98.4,,0.0,,34,57,,
T,2026-04-14 14:31:22,53.477065,-2.23736833,1.3,98.4,,0.0,,34,57,,
T,2026-04-14 14:31:23,53.477065,-2.23736833,1.3,98.4,,0.0,,35,57,,
T,2026-04-14 14:31:24,53.477065,-2.23736833,1.3,98.4,,0.0,,34,57,,
T,2026-04-14 14:31:25,53.477065,-2.23736833,1.3,98.4,,0.0,,33,57,,
T,2026-04-14 14:31:26,53.477065,-2.23736833,1.3,98.4,,0.0,,34,57,,
T,2026-04-14 14:31:27,53.477065,-2.23736833,1.3,98.4,,0.0,,35,57,,
T,2026-04-14 14:31:28,53.477065,-2.23736833,1.3,98.4,,0.0,,34,57,,
T,2026-04-14 14:31:29,53.477065,-2.23736833,1.2,98.4,,0.0,,35,57,,
T,2026-04-14 14:31:30,53.477065,-2.23736833,1.2,98.4,,0.0,,35,57,,
T,2026-04-14 14:31:31,53.477065,-2.23736833,1.2,98.4,,0.0,,33,57,,
T,2026-04-14 14:31:32,53.477065,-2.23736833,1.2,98.4,,0.0,,34,57,,
T,2026-04-14 14:31:33,53.47708,-2.23732167,1.3,99.1,,0.204,37.0,35,57,,
T,2026-04-14 14:31:34,53.47708667,-2.237315,1.3,99.1,,0.276,34.0,35,57,,
T,2026-04-14 14:31:35,53.477095,-2.23731333,1.3,99.1,,0.345,27.0,35,57,,
T,2026-04-14 14:31:36,53.4771,-2.23731167,1.3,99.0,,0.395,29.0,34,57,,
T,2026-04-14 14:31:37,53.47710167,-2.23731667,1.4,99.0,,0.0,,34,57,,
T,2026-04-14 14:31:38,53.477105,-2.23731833,1.4,99.0,,0.414,17.0,34,57,,
T,2026-04-14 14:31:39,53.477105,-2.237325,1.3,98.8,,0.427,240.0,34,57,,
T,2026-04-14 14:31:40,53.4771,-2.237325,1.3,98.7,,0.459,168.0,34,57,,
T,2026-04-14 14:31:41,53.4771,-2.23732167,1.3,98.8,,0.469,136.0,34,57,,
T,2026-04-14 14:31:42,53.477095,-2.23731333,1.3,98.9,,0.484,135.0,33,57,,
T,2026-04-14 14:31:43,53.47709,-2.23730167,1.3,98.9,,0.498,132.0,34,57,,
T,2026-04-14 14:31:44,53.47708333,-2.23729333,1.4,98.9,,0.516,145.0,34,57,,
T,2026-04-14 14:31:45,53.47707667,-2.237285,1.4,98.8,,0.529,141.0,34,57,,
T,2026-04-14 14:31:46,53.47707,-2.237275,1.4,98.6,,0.556,133.0,33,57,,
T,2026-04-14 14:31:47,53.47706333,-2.23727,1.5,98.3,,0.583,148.0,34,57,,
T,2026-04-14 14:31:48,53.47705833,-2.23726667,1.5,98.0,,0.617,150.0,35,57,,
T,2026-04-14 14:31:49,53.47705333,-2.23726333,1.4,97.6,,0.642,145.0,34,57,,
T,2026-04-14 14:31:50,53.47704833,-2.23726,1.4,97.4,,0.644,151.0,33,57,,
T,2026-04-14 14:31:51,53.477045,-2.23725667,1.5,97.1,,0.633,143.0,34,57,,
T,2026-04-14 14:31:52,53.47704333,-2.237255,1.5,96.7,,0.583,183.0,34,57,,
T,2026-04-14 14:31:53,53.47704333,-2.237255,1.4,96.5,,0.501,157.0,35,57,,
T,2026-04-14 14:31:54,53.47704167,-2.23725333,1.4,96.3,,0.414,109.0,35,57,,
T,2026-04-14 14:31:55,53.47703833,-2.237245,1.4,96.1,,0.374,129.0,35,57,,
T,2026-04-14 14:31:56,53.477035,-2.23723833,1.4,95.9,,0.34,124.0,34,57,,
T,2026-04-14 14:31:57,53.47703,-2.23722833,1.4,95.8,,0.375,122.0,35,57,,
T,2026-04-14 14:31:58,53.47702667,-2.23721833,1.4,95.6,,0.401,120.0,35,57,,
T,2026-04-14 14:31:59,53.47702167,-2.23720833,1.4,95.5,,0.447,124.0,36,57,,
T,2026-04-14 14:32:00,53.47702167,-2.23719667,1.5,95.4,,0.483,120.0,34,57,,
T,2026-04-14 14:32:01,53.47701833,-2.23717833,1.5,95.3,,0.539,114.0,36,57,,
T,2026-04-14 14:32:02,53.47701667,-2.23715833,1.5,95.2,,0.615,125.0,34,57,,
T,2026-04-14 14:32:03,53.47702,-2.23714,1.6,95.2,,0.689,125.0,32,57,,
T,2026-04-14 14:32:04,53.47701833,-2.23712167,1.6,95.2,,0.764,125.0,30,57,,
T,2026-04-14 14:32:05,53.47701833,-2.2371,1.6,95.2,,0.83,123.0,30,57,,
T,2026-04-14 14:32:06,53.477015,-2.23708167,1.6,95.0,,0.9,118.0,31,57,,
T,2026-04-14 14:32:07,53.477015,-2.23706167,1.5,95.0,,0.905,114.0,35,57,,
T,2026-04-14 14:32:08,53.47700833,-2.237055,1.5,94.9,,0.88,107.0,34,57,,
T,2026-04-14 14:32:09,53.477005,-2.23704667,1.5,95.0,,0.852,97.0,34,57,,
T,2026-04-14 14:32:10,53.477,-2.23703833,1.5,95.0,,0.838,92.0,35,57,,
T,2026-04-14 14:32:11,53.47699333,-2.23703167,1.5,94.8,,0.81,93.0,34,57,,
T,2026-04-14 14:32:12,53.47698667,-2.237025,1.5,94.7,,0.789,81.0,34,57,,
T,2026-04-14 14:32:13,53.47698333,-2.23701,1.5,94.7,,0.806,61.0,35,57,,
T,2026-04-14 14:32:14,53.476985,-2.23699333,1.5,95.0,,0.806,59.0,34,57,,
T,2026-04-14 14:32:15,53.476985,-2.23698167,1.6,95.4,,0.774,63.0,33,57,,
T,2026-04-14 14:32:16,53.47699,-2.23696833,1.6,96.2,,0.729,65.0,33,57,,
T,2026-04-14 14:32:17,53.47699167,-2.23695833,1.5,96.7,,0.735,58.0,34,57,,
T,2026-04-14 14:32:18,53.47699,-2.23695,1.4,97.0,,0.744,38.0,34,57,,
T,2026-04-14 14:32:19,53.47698833,-2.236945,1.4,97.1,,0.732,26.0,34,57,,
T,2026-04-14 14:32:20,53.47698667,-2.23694167,1.4,97.0,,0.727,33.0,34,57,,
T,2026-04-14 14:32:21,53.47698667,-2.23694,1.5,97.3,,0.734,44.0,33,57,,
T,2026-04-14 14:32:22,53.47698833,-2.23693667,1.5,97.7,,0.721,45.0,34,57,,
T,2026-04-14 14:32:23,53.47698833,-2.23692833,1.5,97.9,,0.692,46.0,33,57,,
T,2026-04-14 14:32:24,53.47699,-2.23691833,1.6,98.1,,0.668,53.0,34,57,,
T,2026-04-14 14:32:25,53.47699333,-2.23691333,1.6,98.2,,0.638,53.0,33,57,,
T,2026-04-14 14:32:26,53.47699167,-2.23691,1.6,98.2,,0.597,58.0,34,57,,
T,2026-04-14 14:32:27,53.47699167,-2.23690833,1.6,98.3,,0.528,68.0,34,57,,
T,2026-04-14 14:32:28,53.47699,-2.23691,1.5,98.1,,0.477,70.0,34,57,,
T,2026-04-14 14:32:29,53.47699167,-2.236915,1.5,97.9,,0.439,70.0,34,57,,
T,2026-04-14 14:32:30,53.47699333,-2.23692,1.5,97.6,,0.383,70.0,34,57,,
T,2026-04-14 14:32:31,53.476995,-2.23692333,1.5,97.4,,0.328,64.0,34,57,,
T,2026-04-14 14:32:32,53.47699667,-2.236925,1.5,97.3,,0.0,,34,57,,
T,2026-04-14 14:32:33,53.47699833,-2.23692833,1.5,97.2,,0.0,,33,57,,
T,2026-04-14 14:32:34,53.47699667,-2.23693,1.4,96.9,,0.0,,33,57,,
T,2026-04-14 14:32:35,53.47699667,-2.23693,1.4,96.9,,0.0,,33,57,,
T,2026-04-14 14:32:36,53.47699667,-2.23693,1.4,96.9,,0.0,,33,57,,
T,2026-04-14 14:32:37,53.47699667,-2.23693,1.4,96.9,,0.0,,34,57,,
T,2026-04-14 14:32:38,53.47699667,-2.23693,1.4,96.9,,0.0,,33,57,,
T,2026-04-14 14:32:39,53.47699667,-2.23693,1.4,96.9,,0.0,,32,57,,
T,2026-04-14 14:32:40,53.47699667,-2.23693,1.4,96.9,,0.0,,32,57,,
T,2026-04-14 14:32:41,53.47699667,-2.23693,1.4,96.9,,0.0,,34,57,,
T,2026-04-14 14:32:42,53.47699667,-2.23693,1.4,96.9,,0.0,,34,57,,
T,2026-04-14 14:32:43,53.47699667,-2.23693,1.4,96.9,,0.0,,33,57,,
T,2026-04-14 14:32:44,53.47699667,-2.23693,1.4,96.9,,0.0,,34,57,,
T,2026-04-14 14:32:45,53.47699667,-2.23693,1.4,96.9,,0.0,,34,57,,
T,2026-04-14 14:32:46,53.47699667,-2.23693,1.4,96.9,,0.0,,34,57,,
T,2026-04-14 14:32:47,53.47699667,-2.23693,1.4,96.9,,0.0,,34,57,,
T,2026-04-14 14:32:48,53.47699667,-2.23693,1.4,96.9,,0.0,,34,57,,
T,2026-04-14 14:32:49,53.47699667,-2.23693,1.4,96.9,,0.0,,34,57,,
T,2026-04-14 14:32:50,53.47699667,-2.23693,1.4,96.9,,0.0,,33,57,,
T,2026-04-14 14:32:51,53.47699667,-2.23693,1.4,96.9,,0.0,,33,57,,
T,2026-04-14 14:32:52,53.47699667,-2.23693,1.4,96.9,,0.0,,33,57,,
T,2026-04-14 14:32:53,53.47699667,-2.23693,1.5,96.9,,0.0,,33,57,,
T,2026-04-14 14:32:54,53.47699667,-2.23693,1.5,96.9,,0.0,,32,57,,
T,2026-04-14 14:32:55,53.47699667,-2.23693,1.5,96.9,,0.0,,31,57,,
T,2026-04-14 14:32:56,53.47699667,-2.23693,1.4,96.9,,0.0,,31,57,,
T,2026-04-14 14:32:57,53.47699667,-2.23693,1.4,96.9,,0.0,,31,57,,
T,2026-04-14 14:32:58,53.47699667,-2.23693,1.4,96.9,,0.0,,32,57,,
T,2026-04-14 14:32:59,53.47699667,-2.23693,1.4,96.9,,0.0,,33,57,,
T,2026-04-14 14:33:00,53.47699667,-2.23693,1.4,96.9,,0.0,,33,56,,
T,2026-04-14 14:33:01,53.47699667,-2.23693,1.4,96.9,,0.0,,34,56,,
T,2026-04-14 14:33:02,53.47699667,-2.23693,1.4,96.9,,0.0,,32,56,,
T,2026-04-14 14:33:03,53.47699667,-2.23693,1.4,96.9,,0.0,,33,56,,
T,2026-04-14 14:33:04,53.47699667,-2.23693,1.4,96.9,,0.0,,34,56,,
T,2026-04-14 14:33:05,53.47699667,-2.23693,1.4,96.9,,0.0,,34,56,,
T,2026-04-14 14:33:06,53.47699667,-2.23693,1.4,96.9,,0.0,,33,56,,
T,2026-04-14 14:33:07,53.47699667,-2.23693,1.4,96.9,,0.0,,33,56,,
T,2026-04-14 14:33:08,53.47699667,-2.23693,1.4,96.9,,0.0,,32,56,,
T,2026-04-14 14:33:09,53.47699667,-2.23693,1.4,96.9,,0.0,,33,56,,
T,2026-04-14 14:33:10,53.47699667,-2.23693,1.4,96.9,,0.0,,33,55,,
T,2026-04-14 14:33:11,53.47699667,-2.23693,1.4,96.9,,0.0,,34,56,,
T,2026-04-14 14:33:12,53.47699667,-2.23693,1.4,96.9,,0.0,,34,56,,
T,2026-04-14 14:33:13,53.47699667,-2.23693,1.4,96.9,,0.0,,34,56,,
T,2026-04-14 14:33:14,53.47699667,-2.23693,1.4,96.9,,0.0,,34,56,,
T,2026-04-14 14:33:15,53.47699667,-2.23693,1.4,96.9,,0.0,,34,56,,
T,2026-04-14 14:33:16,53.47699667,-2.23693,1.4,96.9,,0.0,,34,56,,
T,2026-04-14 14:33:17,53.47699667,-2.23693,1.4,96.9,,0.0,,33,56,,
T,2026-04-14 14:33:18,53.47699667,-2.23693,1.4,96.9,,0.0,,33,56,,
T,2026-04-14 14:33:19,53.47699667,-2.23693,1.4,96.9,,0.0,,34,56,,
T,2026-04-14 14:33:20,53.47699667,-2.23693,1.4,96.9,,0.0,,34,56,,
T,2026-04-14 14:33:21,53.47699667,-2.23693,1.4,96.9,,0.0,,34,56,,
T,2026-04-14 14:33:22,53.47699667,-2.23693,1.4,96.9,,0.0,,34,56,,
T,2026-04-14 14:33:23,53.47699667,-2.23693,1.4,96.9,,0.0,,35,56,,
T,2026-04-14 14:33:24,53.47699667,-2.23693,1.4,96.9,,0.0,,35,56,,
T,2026-04-14 14:33:25,53.47699667,-2.23693,1.5,96.9,,0.0,,34,56,,
T,2026-04-14 14:33:26,53.47699667,-2.23693,1.4,96.9,,0.0,,33,56,,
T,2026-04-14 14:33:27,53.47699667,-2.23693,1.5,96.9,,0.0,,33,56,,
T,2026-04-14 14:33:28,53.47699667,-2.23693,1.4,96.9,,0.0,,33,56,,
T,2026-04-14 14:33:29,53.47699667,-2.23693,1.5,96.9,,0.0,,32,56,,
T,2026-04-14 14:33:30,53.47699667,-2.23693,1.4,96.9,,0.0,,32,56,,
T,2026-04-14 14:33:31,53.47699667,-2.23693,1.4,96.9,,0.0,,32,56,,
T,2026-04-14 14:33:32,53.47699667,-2.23693,1.4,96.9,,0.0,,32,56,,
T,2026-04-14 14:33:33,53.47699667,-2.23693,1.4,96.9,,0.0,,32,56,,
T,2026-04-14 14:33:34,53.47699667,-2.23693,1.4,96.9,,0.0,,33,56,,
T,2026-04-14 14:33:35,53.47699667,-2.23693,1.4,96.9,,0.0,,33,56,,
T,2026-04-14 14:33:36,53.47699667,-2.23693,1.4,96.9,,0.0,,33,56,,
T,2026-04-14 14:33:37,53.47699667,-2.23693,1.4,96.9,,0.0,,32,56,,
T,2026-04-14 14:33:38,53.47699667,-2.23693,1.4,96.9,,0.0,,31,56,,
T,2026-04-14 14:33:39,53.47699667,-2.23693,1.4,96.9,,0.0,,31,56,,
T,2026-04-14 14:33:40,53.47699667,-2.23693,1.4,96.9,,0.0,,32,56,,
T,2026-04-14 14:33:41,53.47699667,-2.23693,1.4,96.9,,0.0,,32,56,,
T,2026-04-14 14:33:42,53.47699667,-2.23693,1.4,96.9,,0.0,,32,56,,
T,2026-04-14 14:33:43,53.47699667,-2.23693,1.4,96.9,,0.0,,32,56,,
T,2026-04-14 14:33:44,53.47699667,-2.23693,1.4,93.9,,0.0,,32,56,,
T,2026-04-14 14:33:45,53.47699667,-2.23693,1.3,93.9,,0.0,,34,56,,
T,2026-04-14 14:33:46,53.47699667,-2.23693,1.3,93.9,,0.0,,33,56,,
T,2026-04-14 14:33:47,53.47699667,-2.23693,1.3,93.9,,0.0,,34,56,,
T,2026-04-14 14:33:48,53.47699667,-2.23693,1.3,93.9,,0.0,,34,56,,
T,2026-04-14 14:33:49,53.47699667,-2.23693,1.3,93.9,,0.0,,34,56,,
T,2026-04-14 14:33:50,53.47699667,-2.23693,1.3,93.9,,0.0,,33,56,,
T,2026-04-14 14:33:51,53.47699667,-2.23693,1.3,93.9,,0.0,,33,56,,
T,2026-04-14 14:33:52,53.47699667,-2.23693,1.3,93.9,,0.0,,33,56,,
T,2026-04-14 14:33:53,53.47699667,-2.23693,1.3,93.9,,0.0,,33,56,,
T,2026-04-14 14:33:54,53.47699667,-2.23693,1.3,93.9,,0.0,,32,56,,
T,2026-04-14 14:33:55,53.47699667,-2.23693,1.3,93.9,,0.0,,33,56,,
T,2026-04-14 14:33:56,53.47699667,-2.23693,1.3,93.9,,0.0,,33,56,,
T,2026-04-14 14:33:57,53.47699667,-2.23693,1.3,93.9,,0.0,,31,56,,
T,2026-04-14 14:33:58,53.47699667,-2.23693,1.3,93.9,,0.0,,32,56,,
T,2026-04-14 14:33:59,53.47699667,-2.23693,1.3,93.9,,0.0,,31,56,,
T,2026-04-14 14:34:00,53.47699167,-2.23697,1.3,93.0,,0.209,211.0,33,56,,
T,2026-04-14 14:34:01,53.47698333,-2.23697,1.3,92.9,,0.27,186.0,33,56,,
T,2026-04-14 14:34:02,53.476975,-2.236965,1.3,92.9,,0.323,170.0,33,56,,
T,2026-04-14 14:34:03,53.47696667,-2.23695833,1.3,92.8,,0.378,159.0,33,56,,
T,2026-04-14 14:34:04,53.47695667,-2.23694667,1.4,92.8,,0.443,154.0,34,56,,
T,2026-04-14 14:34:05,53.47694833,-2.23693833,1.4,92.7,,0.52,148.0,33,56,,
T,2026-04-14 14:34:06,53.47693833,-2.23692667,1.4,92.8,,0.59,142.0,34,56,,
T,2026-04-14 14:34:07,53.476925,-2.236915,1.5,92.8,,0.67,143.0,34,56,,
T,2026-04-14 14:34:08,53.476915,-2.23690667,1.4,92.8,,0.734,131.0,34,56,,
T,2026-04-14 14:34:09,53.476905,-2.2369,1.4,92.8,,0.794,129.0,34,56,,
T,2026-04-14 14:34:10,53.47689333,-2.23688667,1.5,92.9,,0.857,137.0,32,56,,
T,2026-04-14 14:34:11,53.476885,-2.23687333,1.5,93.2,,0.884,145.0,34,56,,
T,2026-04-14 14:34:12,53.47687833,-2.23686,1.8,93.0,,0.887,145.0,34,56,,
T,2026-04-14 14:34:13,53.47687,-2.236845,1.6,93.2,,0.906,139.0,34,56,,
T,2026-04-14 14:34:14,53.47685667,-2.23683333,1.6,93.5,,0.945,139.0,33,56,,
T,2026-04-14 14:34:15,53.47685,-2.23681667,1.5,93.7,,0.982,137.0,35,56,,
T,2026-04-14 14:34:16,53.47684167,-2.23680833,1.6,93.9,,1.001,137.0,34,56,,
T,2026-04-14 14:34:17,53.476835,-2.23680167,1.6,94.2,,0.994,136.0,34,56,,
T,2026-04-14 14:34:18,53.47683333,-2.23679333,1.6,94.4,,0.982,129.0,34,56,,
T,2026-04-14 14:34:19,53.476835,-2.23678333,1.6,94.8,,0.936,108.0,34,56,,
T,2026-04-14 14:34:20,53.47684167,-2.236775,1.6,95.0,,0.909,84.0,34,56,,
T,2026-04-14 14:34:21,53.47685,-2.23676833,1.6,95.2,,0.897,74.0,35,56,,
T,2026-04-14 14:34:22,53.476855,-2.23676,1.6,95.4,,0.915,62.0,34,56,,
T,2026-04-14 14:34:23,53.47685833,-2.23675167,1.6,95.9,,0.907,63.0,33,56,,
T,2026-04-14 14:34:24,53.47686,-2.23673833,1.6,96.0,,0.879,69.0,32,56,,
T,2026-04-14 14:34:25,53.47686333,-2.23672667,1.6,96.3,,0.845,71.0,31,56,,
T,2026-04-14 14:34:26,53.47686667,-2.23671833,1.6,96.6,,0.812,89.0,31,56,,
T,2026-04-14 14:34:27,53.47686833,-2.236705,1.6,96.7,,0.791,87.0,31,56,,
T,2026-04-14 14:34:28,53.47686833,-2.23669,1.6,96.9,,0.774,98.0,33,56,,
T,2026-04-14 14:34:29,53.47686333,-2.23668333,1.6,96.9,,0.786,105.0,33,56,,
T,2026-04-14 14:34:30,53.47685667,-2.23667,1.7,97.0,,0.774,114.0,35,56,,
T,2026-04-14 14:34:31,53.47685167,-2.236655,1.6,96.9,,0.769,112.0,35,56,,
T,2026-04-14 14:34:32,53.47685167,-2.23664333,1.6,96.7,,0.768,111.0,33,56,,
T,2026-04-14 14:34:33,53.47684833,-2.23663,1.6,96.9,,0.763,111.0,32,56,,
T,2026-04-14 14:34:34,53.47684833,-2.23661667,1.7,96.8,,0.767,99.0,31,56,,
T,2026-04-14 14:34:35,53.47684833,-2.23659833,1.7,96.8,,0.8,95.0,31,56,,
T,2026-04-14 14:34:36,53.47685,-2.23658,1.6,97.0,,0.827,95.0,31,56,,
T,2026-04-14 14:34:37,53.47684833,-2.23656167,1.6,97.0,,0.846,92.0,31,56,,
T,2026-04-14 14:34:38,53.47685,-2.236545,1.6,97.0,,0.883,95.0,32,56,,
T,2026-04-14 14:34:39,53.47685167,-2.23652333,1.6,97.0,,0.959,93.0,31,56,,
T,2026-04-14 14:34:40,53.47685333,-2.23649167,1.8,97.2,,1.0,91.0,31,56,,
T,2026-04-14 14:34:41,53.47684833,-2.23647833,1.7,96.4,,1.037,89.0,32,56,,
T,2026-04-14 14:34:42,53.476845,-2.236465,1.7,95.9,,1.088,86.0,32,56,,
T,2026-04-14 14:34:43,53.47684167,-2.236455,1.7,95.4,,1.078,86.0,30,56,,
T,2026-04-14 14:34:44,53.47684333,-2.23644333,1.6,95.3,,1.069,83.0,31,56,,
T,2026-04-14 14:34:45,53.47685,-2.23642833,1.6,95.0,,1.028,87.0,31,56,,
T,2026-04-14 14:34:46,53.47685667,-2.236415,1.6,94.8,,1.011,96.0,31,56,,
T,2026-04-14 14:34:47,53.47686,-2.236405,1.6,94.5,,0.996,97.0,31,56,,
T,2026-04-14 14:34:48,53.476865,-2.23639833,1.6,94.4,,0.945,99.0,30,56,,
T,2026-04-14 14:34:49,53.47687167,-2.23638667,1.6,94.3,,0.87,86.0,31,56,,
T,2026-04-14 14:34:50,53.476875,-2.23637833,1.5,94.2,,0.819,76.0,29,56,,
T,2026-04-14 14:34:51,53.476875,-2.23637333,1.5,94.1,,0.736,76.0,29,56,,
T,2026-04-14 14:34:52,53.47687667,-2.23637,1.5,93.9,,0.629,74.0,30,56,,
T,2026-04-14 14:34:53,53.47687667,-2.23636833,1.5,93.8,,0.576,72.0,31,56,,
T,2026-04-14 14:34:54,53.47687667,-2.23636667,1.5,93.8,,0.509,67.0,31,56,,
T,2026-04-14 14:34:55,53.47687667,-2.236365,1.5,93.9,,0.435,63.0,32,56,,
T,2026-04-14 14:34:56,53.476875,-2.23636333,1.5,93.8,,0.0,,32,56,,
T,2026-04-14 14:34:57,53.476875,-2.23636333,1.5,93.7,,0.0,,31,56,,
T,2026-04-14 14:34:58,53.476875,-2.23636167,1.5,93.5,,0.0,,31,56,,
T,2026-04-14 14:34:59,53.476875,-2.23636167,1.5,93.5,,0.0,,29,56,,
T,2026-04-14 14:35:00,53.476875,-2.23636167,1.5,93.5,,0.0,,29,56,,
T,2026-04-14 14:35:01,53.476875,-2.23636167,1.5,93.5,,0.0,,29,56,,
T,2026-04-14 14:35:02,53.476875,-2.23636167,1.5,93.5,,0.0,,30,56,,
T,2026-04-14 14:35:03,53.476875,-2.23636167,1.5,93.5,,0.0,,29,56,,
T,2026-04-14 14:35:04,53.476875,-2.23636167,1.4,93.5,,0.0,,30,56,,
T,2026-04-14 14:35:05,53.476875,-2.23636167,1.5,93.5,,0.0,,31,56,,
T,2026-04-14 14:35:06,53.476875,-2.23636167,1.5,93.5,,0.0,,30,56,,
T,2026-04-14 14:35:07,53.476875,-2.23636167,1.5,93.5,,0.0,,29,56,,
T,2026-04-14 14:35:08,53.476875,-2.23636167,1.5,93.5,,0.0,,30,56,,
T,2026-04-14 14:35:09,53.476875,-2.23636167,1.5,93.5,,0.0,,30,56,,
T,2026-04-14 14:35:10,53.476875,-2.23636167,1.5,93.5,,0.0,,30,56,,
T,2026-04-14 14:35:11,53.476875,-2.23636167,1.5,93.5,,0.0,,32,56,,
T,2026-04-14 14:35:12,53.476875,-2.23636167,1.5,93.5,,0.0,,31,56,,
T,2026-04-14 14:35:13,53.476875,-2.23636167,1.5,93.5,,0.0,,31,56,,
T,2026-04-14 14:35:14,53.476875,-2.23636167,1.5,93.5,,0.0,,32,56,,
T,2026-04-14 14:35:15,53.476875,-2.23636167,1.5,93.5,,0.0,,32,56,,
T,2026-04-14 14:35:16,53.476875,-2.23636167,1.4,93.5,,0.0,,31,56,,
T,2026-04-14 14:35:17,53.476875,-2.23636167,1.4,93.5,,0.0,,32,56,,
T,2026-04-14 14:35:18,53.476875,-2.23636167,1.4,93.5,,0.0,,32,56,,
T,2026-04-14 14:35:19,53.476875,-2.23636167,1.4,93.5,,0.0,,31,56,,
T,2026-04-14 14:35:20,53.476875,-2.23636167,1.5,93.5,,0.0,,31,56,,
T,2026-04-14 14:35:21,53.476875,-2.23636167,1.5,93.5,,0.0,,31,56,,
T,2026-04-14 14:35:22,53.476875,-2.23636167,1.5,93.5,,0.0,,32,56,,
T,2026-04-14 14:35:23,53.476895,-2.23630167,1.5,92.8,,0.291,85.0,32,56,,
T,2026-04-14 14:35:24,53.4769,-2.23629333,1.6,92.8,,0.333,67.0,32,56,,
T,2026-04-14 14:35:25,53.47690333,-2.23628833,1.6,92.7,,0.363,65.0,32,56,,
T,2026-04-14 14:35:26,53.47690667,-2.236285,1.6,92.7,,0.403,59.0,32,56,,
T,2026-04-14 14:35:27,53.47691,-2.23628333,1.6,92.8,,0.44,27.0,32,56,,
T,2026-04-14 14:35:28,53.47691333,-2.236285,1.7,92.9,,0.463,7.0,32,56,,
T,2026-04-14 14:35:29,53.47691667,-2.236285,1.7,93.0,,0.467,357.0,32,56,,
T,2026-04-14 14:35:30,53.47692,-2.23628167,1.7,93.1,,0.463,23.0,31,56,,
T,2026-04-14 14:35:31,53.47692667,-2.23627667,1.7,93.2,,0.464,33.0,32,56,,
T,2026-04-14 14:35:32,53.47693167,-2.23627167,1.7,93.3,,0.425,30.0,32,56,,
T,2026-04-14 14:35:33,53.476935,-2.236265,1.7,93.5,,0.411,41.0,32,56,,
T,2026-04-14 14:35:34,53.47694,-2.23625833,1.7,93.7,,0.407,42.0,31,56,,
T,2026-04-14 14:35:35,53.476945,-2.23625333,1.7,93.7,,0.411,35.0,31,56,,
T,2026-04-14 14:35:36,53.47695,-2.236245,1.7,93.8,,0.422,34.0,30,56,,
T,2026-04-14 14:35:37,53.47695833,-2.23623667,1.7,93.8,,0.45,32.0,31,56,,
T,2026-04-14 14:35:38,53.47696333,-2.23622833,1.7,93.8,,0.476,29.0,31,56,,
T,2026-04-14 14:35:39,53.47696667,-2.23621833,1.7,94.0,,0.488,40.0,31,56,,
T,2026-04-14 14:35:40,53.47697167,-2.23621333,1.7,94.2,,0.502,24.0,31,56,,
T,2026-04-14 14:35:41,53.476975,-2.236205,1.7,94.4,,0.51,27.0,31,56,,
T,2026-04-14 14:35:42,53.47698333,-2.236195,1.8,94.5,,0.525,26.0,31,56,,
T,2026-04-14 14:35:43,53.47698833,-2.236185,1.8,94.7,,0.536,29.0,31,56,,
T,2026-04-14 14:35:44,53.47699333,-2.236175,1.8,94.9,,0.548,34.0,31,56,,
T,2026-04-14 14:35:45,53.47699833,-2.23617333,1.8,95.0,,0.553,32.0,31,56,,
T,2026-04-14 14:35:46,53.477005,-2.23617333,1.8,95.3,,0.55,20.0,30,56,,
T,2026-04-14 14:35:47,53.477005,-2.23618,1.8,95.6,,0.521,354.0,30,56,,
T,2026-04-14 14:35:48,53.47701167,-2.23618167,1.8,95.8,,0.5,355.0,30,56,,
T,2026-04-14 14:35:49,53.47701333,-2.23618667,1.8,96.0,,0.479,349.0,32,56,,
T,2026-04-14 14:35:50,53.47701333,-2.23618667,1.8,96.2,,0.454,345.0,32,56,,
T,2026-04-14 14:35:51,53.477015,-2.236185,1.7,96.2,,0.421,352.0,31,56,,
T,2026-04-14 14:35:52,53.47701333,-2.236185,1.7,96.1,,0.0,,31,56,,
T,2026-04-14 14:35:53,53.47701333,-2.23618833,1.7,96.1,,0.0,,31,56,,
T,2026-04-14 14:35:54,53.477015,-2.23618333,1.7,96.0,,0.0,,31,56,,
T,2026-04-14 14:35:55,53.477015,-2.23618333,1.7,96.0,,0.0,,31,56,,
T,2026-04-14 14:35:56,53.477015,-2.23618333,1.7,96.0,,0.0,,31,56,,
T,2026-04-14 14:35:57,53.477015,-2.23618333,1.7,96.0,,0.0,,31,56,,
T,2026-04-14 14:35:58,53.477015,-2.23618333,1.7,96.0,,0.0,,31,56,,
T,2026-04-14 14:35:59,53.477015,-2.23618333,1.7,96.0,,0.0,,31,56,,
T,2026-04-14 14:36:00,53.477015,-2.23618333,1.7,96.0,,0.0,,31,56,,
T,2026-04-14 14:36:01,53.477015,-2.23618333,1.7,96.0,,0.0,,31,56,,
T,2026-04-14 14:36:02,53.477015,-2.23618333,1.7,96.0,,0.0,,31,56,,
T,2026-04-14 14:36:03,53.477015,-2.23618333,1.7,96.0,,0.0,,31,56,,
T,2026-04-14 14:36:04,53.477015,-2.23618333,1.7,96.0,,0.0,,32,56,,
T,2026-04-14 14:36:05,53.477015,-2.23618333,1.7,96.0,,0.0,,31,56,,
T,2026-04-14 14:36:06,53.477015,-2.23618333,1.7,96.0,,0.0,,32,56,,
T,2026-04-14 14:36:07,53.477015,-2.23618333,1.8,96.0,,0.0,,32,56,,
T,2026-04-14 14:36:08,53.477015,-2.23618333,1.7,96.0,,0.0,,31,56,,
T,2026-04-14 14:36:09,53.477015,-2.23618333,1.7,96.0,,0.0,,31,56,,
T,2026-04-14 14:36:10,53.477015,-2.23618333,1.7,96.0,,0.0,,31,56,,
T,2026-04-14 14:36:11,53.477015,-2.23618333,1.7,96.0,,0.0,,33,56,,
T,2026-04-14 14:36:12,53.477015,-2.23618333,1.7,96.0,,0.0,,33,56,,
T,2026-04-14 14:36:13,53.477015,-2.23618333,1.7,96.0,,0.0,,32,56,,
T,2026-04-14 14:36:14,53.477015,-2.23618333,1.7,96.0,,0.0,,30,56,,
T,2026-04-14 14:36:15,53.477015,-2.23618333,1.7,96.0,,0.0,,30,56,,
T,2026-04-14 14:36:16,53.477015,-2.23618333,1.7,96.0,,0.0,,31,56,,
T,2026-04-14 14:36:17,53.477015,-2.23618333,1.7,96.0,,0.0,,31,56,,
T,2026-04-14 14:36:18,53.477015,-2.23618333,1.7,96.0,,0.0,,31,56,,
T,2026-04-14 14:36:19,53.477015,-2.23618333,1.7,96.0,,0.0,,32,56,,
T,2026-04-14 14:36:20,53.477015,-2.23618333,1.7,96.0,,0.0,,32,56,,
T,2026-04-14 14:36:21,53.477015,-2.23618333,1.7,96.0,,0.0,,31,56,,
T,2026-04-14 14:36:22,53.477015,-2.23618333,1.8,96.0,,0.0,,30,56,,
T,2026-04-14 14:36:23,53.477015,-2.23618333,1.8,96.0,,0.0,,31,56,,
T,2026-04-14 14:36:24,53.477015,-2.23618333,1.7,96.0,,0.0,,31,56,,
T,2026-04-14 14:36:25,53.477015,-2.23618333,1.7,96.0,,0.0,,31,56,,
T,2026-04-14 14:36:26,53.477015,-2.23618333,1.8,96.0,,0.0,,31,56,,
T,2026-04-14 14:36:27,53.477015,-2.23618333,1.8,96.0,,0.0,,31,56,,
T,2026-04-14 14:36:28,53.477015,-2.23618333,1.8,96.0,,0.0,,31,56,,
T,2026-04-14 14:36:29,53.477015,-2.23618333,1.8,96.0,,0.0,,31,56,,
T,2026-04-14 14:36:30,53.477015,-2.23618333,1.8,96.0,,0.0,,31,56,,
T,2026-04-14 14:36:31,53.477015,-2.23618333,1.8,96.0,,0.0,,31,56,,
T,2026-04-14 14:36:32,53.477015,-2.23618333,1.8,96.0,,0.0,,32,56,,
T,2026-04-14 14:36:33,53.477015,-2.23618333,1.8,96.0,,0.0,,32,56,,
T,2026-04-14 14:36:34,53.477015,-2.23618333,1.8,96.0,,0.0,,32,56,,
T,2026-04-14 14:36:35,53.477015,-2.23618333,1.8,96.0,,0.0,,32,56,,
T,2026-04-14 14:36:36,53.477015,-2.23618333,1.8,96.0,,0.0,,32,56,,
T,2026-04-14 14:36:37,53.477015,-2.23618333,1.8,96.0,,0.0,,33,56,,
T,2026-04-14 14:36:38,53.47698167,-2.23626,1.8,94.1,,0.24,239.0,33,56,,
T,2026-04-14 14:36:39,53.47698,-2.23627,1.8,94.1,,0.278,237.0,32,56,,
T,2026-04-14 14:36:40,53.47697833,-2.23627833,1.8,94.0,,0.323,249.0,31,56,,
T,2026-04-14 14:36:41,53.47697667,-2.23629333,1.8,94.1,,0.373,274.0,32,56,,
T,2026-04-14 14:36:42,53.47697,-2.236305,1.8,94.1,,0.422,236.0,32,56,,
T,2026-04-14 14:36:43,53.47696667,-2.23632,1.7,94.1,,0.469,240.0,32,56,,
T,2026-04-14 14:36:44,53.47696,-2.236335,1.7,94.1,,0.507,236.0,30,56,,
T,2026-04-14 14:36:45,53.47695333,-2.23635,1.7,93.9,,0.558,237.0,31,56,,
T,2026-04-14 14:36:46,53.47694833,-2.23636333,1.7,93.9,,0.603,237.0,31,56,,
T,2026-04-14 14:36:47,53.47694,-2.23637167,1.7,93.7,,0.628,227.0,31,56,,
T,2026-04-14 14:36:48,53.47693667,-2.23637833,1.7,93.4,,0.635,223.0,31,56,,
T,2026-04-14 14:36:49,53.47693,-2.23639,1.7,93.2,,0.656,231.0,31,56,,
T,2026-04-14 14:36:50,53.47692333,-2.2364,1.6,93.1,,0.671,234.0,31,56,,
T,2026-04-14 14:36:51,53.47691833,-2.23641,1.6,93.1,,0.683,240.0,31,56,,
T,2026-04-14 14:36:52,53.47691333,-2.23641833,1.6,92.9,,0.703,239.0,31,56,,
T,2026-04-14 14:36:53,53.47690833,-2.23642333,1.6,92.8,,0.71,240.0,31,56,,
T,2026-04-14 14:36:54,53.476905,-2.23643167,1.6,92.7,,0.719,241.0,32,56,,
T,2026-04-14 14:36:55,53.4769,-2.23644333,1.6,92.6,,0.733,240.0,32,56,,
T,2026-04-14 14:36:56,53.47689667,-2.23645667,1.5,92.5,,0.748,248.0,32,56,,
T,2026-04-14 14:36:57,53.47689833,-2.23647,1.5,92.1,,0.775,258.0,32,56,,
T,2026-04-14 14:36:58,53.47689833,-2.23648667,1.5,91.8,,0.821,263.0,32,56,,
T,2026-04-14 14:36:59,53.47689833,-2.23650333,1.5,91.6,,0.871,272.0,32,56,,
T,2026-04-14 14:37:00,53.47689667,-2.23652,1.6,91.2,,0.916,272.0,33,56,,
T,2026-04-14 14:37:01,53.476895,-2.23653667,1.6,90.9,,0.946,265.0,33,56,,
T,2026-04-14 14:37:02,53.47689333,-2.236555,1.6,90.4,,0.968,264.0,33,56,,
T,2026-04-14 14:37:03,53.47689167,-2.23657167,1.6,90.1,,0.975,266.0,33,56,,
T,2026-04-14 14:37:04,53.47689,-2.23658833,1.6,89.8,,0.982,264.0,33,56,,
T,2026-04-14 14:37:05,53.47689333,-2.23660167,1.7,89.5,,0.975,263.0,34,56,,
T,2026-04-14 14:37:06,53.47689333,-2.23661667,1.7,89.2,,0.957,269.0,34,56,,
T,2026-04-14 14:37:07,53.47688833,-2.23663167,1.7,89.0,,0.957,261.0,34,56,,
T,2026-04-14 14:37:08,53.47688,-2.23664667,1.7,88.9,,0.948,251.0,34,56,,
T,2026-04-14 14:37:09,53.47687667,-2.23666167,1.7,89.1,,0.918,245.0,34,56,,
T,2026-04-14 14:37:10,53.47687333,-2.23667833,1.6,89.3,,0.895,240.0,34,56,,
T,2026-04-14 14:37:11,53.47686667,-2.23669667,1.7,89.8,,0.864,257.0,34,56,,
T,2026-04-14 14:37:12,53.47686333,-2.23671167,1.6,90.1,,0.828,270.0,34,56,,
T,2026-04-14 14:37:13,53.47686167,-2.236725,1.6,90.1,,0.799,271.0,35,56,,
T,2026-04-14 14:37:14,53.47685833,-2.23674333,1.6,90.3,,0.773,274.0,35,56,,
T,2026-04-14 14:37:15,53.47686,-2.236765,1.6,90.1,,0.751,289.0,35,56,,
T,2026-04-14 14:37:16,53.47686833,-2.23678167,1.5,89.9,,0.763,311.0,35,56,,
T,2026-04-14 14:37:17,53.47687333,-2.23680833,1.6,89.8,,0.816,319.0,36,56,,
T,2026-04-14 14:37:18,53.47688,-2.23683167,1.6,89.6,,0.858,325.0,36,55,,
T,2026-04-14 14:37:19,53.47688667,-2.23686,1.7,89.3,,0.917,331.0,36,55,,
T,2026-04-14 14:37:20,53.47689167,-2.236875,1.7,89.5,,0.921,332.0,36,55,,
T,2026-04-14 14:37:21,53.4769,-2.23688833,1.6,89.3,,0.952,331.0,36,55,,
T,2026-04-14 14:37:22,53.476905,-2.23690667,1.6,89.2,,0.993,327.0,35,55,,
T,2026-04-14 14:37:23,53.47691,-2.23692333,1.6,89.4,,1.064,332.0,36,55,,
T,2026-04-14 14:37:24,53.47691833,-2.236935,1.6,89.6,,1.104,337.0,36,55,,
T,2026-04-14 14:37:25,53.47692833,-2.23695,1.6,90.0,,1.151,343.0,35,55,,
T,2026-04-14 14:37:26,53.47693833,-2.23696,1.6,90.3,,1.175,340.0,35,55,,
T,2026-04-14 14:37:27,53.47694667,-2.23697167,1.6,90.6,,1.129,333.0,35,55,,
T,2026-04-14 14:37:28,53.47695667,-2.23698,1.6,91.0,,1.113,333.0,34,55,,
T,2026-04-14 14:37:29,53.47698167,-2.23697333,1.5,90.9,,1.107,350.0,34,55,,
T,2026-04-14 14:37:30,53.47699167,-2.23697167,1.5,90.9,,1.156,359.0,34,55,,
T,2026-04-14 14:37:31,53.477,-2.23697167,1.5,90.7,,1.142,11.0,35,55,,
T,2026-04-14 14:37:32,53.47700667,-2.23697167,1.4,90.4,,1.123,19.0,35,55,,
T,2026-04-14 14:37:33,53.477015,-2.23697,1.5,90.3,,1.077,19.0,34,55,,
T,2026-04-14 14:37:34,53.47702167,-2.236965,1.6,89.9,,1.042,15.0,34,55,,
T,2026-04-14 14:37:35,53.47702833,-2.23695833,1.5,89.6,,1.0,18.0,35,55,,
T,2026-04-14 14:37:36,53.477035,-2.23694833,1.5,89.4,,0.97,23.0,35,55,,
T,2026-04-14 14:37:37,53.47704,-2.236935,1.5,89.3,,0.956,25.0,35,55,,
T,2026-04-14 14:37:38,53.47704833,-2.236925,1.5,89.2,,0.935,28.0,34,55,,
T,2026-04-14 14:37:39,53.47705167,-2.23691167,1.6,89.0,,0.9,26.0,34,55,,
T,2026-04-14 14:37:40,53.477055,-2.23689333,1.7,89.0,,0.856,37.0,32,55,,
T,2026-04-14 14:37:41,53.47705667,-2.236865,1.7,88.9,,0.875,53.0,32,55,,
T,2026-04-14 14:37:42,53.47706,-2.23684167,1.8,88.9,,0.882,56.0,32,55,,
T,2026-04-14 14:37:43,53.477065,-2.23682,1.8,89.1,,0.898,56.0,32,55,,
T,2026-04-14 14:37:44,53.47707333,-2.236805,1.8,89.5,,0.944,57.0,32,55,,
T,2026-04-14 14:37:45,53.47708167,-2.23678333,1.8,89.8,,0.963,52.0,32,55,,
T,2026-04-14 14:37:46,53.47708833,-2.23676167,1.8,90.0,,0.999,39.0,33,55,,
T,2026-04-14 14:37:47,53.47709667,-2.23673833,1.7,90.0,,1.012,21.0,34,55,,
T,2026-04-14 14:37:48,53.47710333,-2.23672667,1.7,90.0,,1.008,24.0,33,55,,
T,2026-04-14 14:37:49,53.47710833,-2.23671833,1.7,89.9,,0.998,45.0,33,55,,
T,2026-04-14 14:37:50,53.47711667,-2.23671167,1.7,89.7,,1.001,51.0,33,55,,
T,2026-04-14 14:37:51,53.47712167,-2.23670167,1.7,89.5,,0.973,50.0,32,55,,
T,2026-04-14 14:37:52,53.47712667,-2.23669167,1.7,89.3,,0.966,51.0,32,55,,
T,2026-04-14 14:37:53,53.47713667,-2.23667333,1.7,89.0,,0.968,54.0,32,55,,
T,2026-04-14 14:37:54,53.47714667,-2.23665167,1.7,89.0,,0.964,53.0,32,55,,
T,2026-04-14 14:37:55,53.477155,-2.23662833,1.7,89.3,,0.984,49.0,31,55,,
T,2026-04-14 14:37:56,53.47716333,-2.23661333,1.7,89.5,,0.957,41.0,31,55,,
T,2026-04-14 14:37:57,53.47717167,-2.23660333,1.7,89.7,,0.952,40.0,32,55,,
T,2026-04-14 14:37:58,53.477175,-2.23659333,1.7,89.7,,0.964,36.0,31,55,,
T,2026-04-14 14:37:59,53.47718,-2.23657833,1.7,89.8,,0.946,40.0,30,55,,
T,2026-04-14 14:38:00,53.477185,-2.23657333,1.7,89.8,,0.92,41.0,30,55,,
T,2026-04-14 14:38:01,53.477195,-2.23657333,1.7,89.8,,0.92,36.0,30,55,,
T,2026-04-14 14:38:02,53.47720333,-2.236575,1.7,89.7,,0.935,42.0,30,55,,
T,2026-04-14 14:38:03,53.47721333,-2.23657167,1.8,89.7,,0.942,47.0,30,55,,
T,2026-04-14 14:38:04,53.47722167,-2.23656667,1.8,89.7,,0.932,50.0,29,55,,
T,2026-04-14 14:38:05,53.47723333,-2.23656333,1.8,89.6,,0.915,48.0,30,55,,
T,2026-04-14 14:38:06,53.47724167,-2.23656,1.8,89.6,,0.921,42.0,30,55,,
T,2026-04-14 14:38:07,53.47725167,-2.236555,1.8,89.6,,0.916,36.0,30,55,,
T,2026-04-14 14:38:08,53.47726167,-2.23655,1.8,89.4,,0.955,30.0,30,55,,
T,2026-04-14 14:38:09,53.47727333,-2.23654167,1.8,89.2,,1.026,28.0,29,55,,
T,2026-04-14 14:38:10,53.47728667,-2.236535,1.9,89.1,,1.096,34.0,30,55,,
T,2026-04-14 14:38:11,53.47729667,-2.23652833,1.9,89.2,,1.097,34.0,30,55,,
T,2026-04-14 14:38:12,53.47730167,-2.23651333,1.9,89.3,,1.071,32.0,29,55,,
T,2026-04-14 14:38:13,53.47730667,-2.2365,1.9,89.5,,1.049,30.0,31,55,,
T,2026-04-14 14:38:14,53.477315,-2.23648833,1.9,89.5,,1.061,27.0,30,55,,
T,2026-04-14 14:38:15,53.47732333,-2.23648,1.9,89.3,,1.076,25.0,31,55,,
T,2026-04-14 14:38:16,53.47733167,-2.23647667,1.9,89.2,,1.085,22.0,31,55,,
T,2026-04-14 14:38:17,53.47734167,-2.23647333,1.9,89.0,,1.097,24.0,30,55,,
T,2026-04-14 14:38:18,53.47735167,-2.236465,1.9,88.8,,1.071,23.0,32,55,,
T,2026-04-14 14:38:19,53.47736333,-2.23646,1.9,88.6,,1.041,21.0,30,55,,
T,2026-04-14 14:38:20,53.477375,-2.23645667,1.9,88.4,,1.017,24.0,31,55,,
T,2026-04-14 14:38:21,53.47738667,-2.23645167,1.9,88.1,,1.056,27.0,32,55,,
T,2026-04-14 14:38:22,53.47739833,-2.23644833,1.9,87.9,,1.071,27.0,32,55,,
T,2026-04-14 14:38:23,53.47740667,-2.23643833,1.9,87.8,,1.127,30.0,32,55,,
T,2026-04-14 14:38:24,53.47741833,-2.23642833,1.9,87.7,,1.145,35.0,31,55,,
T,2026-04-14 14:38:25,53.47742667,-2.23641667,1.8,87.5,,1.167,47.0,31,55,,
T,2026-04-14 14:38:26,53.47743333,-2.2364,1.8,87.5,,1.167,29.0,32,55,,
T,2026-04-14 14:38:27,53.47743833,-2.23638333,1.8,87.4,,1.174,23.0,32,55,,
T,2026-04-14 14:38:28,53.47744333,-2.23636667,1.8,87.3,,1.178,23.0,34,55,,
T,2026-04-14 14:38:29,53.47745167,-2.23635333,1.9,87.2,,1.189,30.0,34,55,,
T,2026-04-14 14:38:30,53.47746167,-2.23634167,1.9,87.2,,1.196,36.0,33,55,,
T,2026-04-14 14:38:31,53.47747,-2.23633167,1.9,87.2,,1.186,40.0,33,55,,
T,2026-04-14 14:38:32,53.47747667,-2.23631667,1.9,87.2,,1.215,41.0,32,55,,
T,2026-04-14 14:38:33,53.47748167,-2.236305,1.9,87.2,,1.166,47.0,31,55,,
T,2026-04-14 14:38:34,53.47748833,-2.23629667,1.9,87.3,,1.126,48.0,31,55,,
T,2026-04-14 14:38:35,53.47749667,-2.23628833,1.9,87.4,,1.074,45.0,31,55,,
T,2026-04-14 14:38:36,53.47750333,-2.23628333,1.9,87.6,,1.046,49.0,31,55,,
T,2026-04-14 14:38:37,53.47750833,-2.23627333,1.8,87.8,,1.017,50.0,31,55,,
T,2026-04-14 14:38:38,53.47751333,-2.23626167,1.8,87.9,,0.989,44.0,32,55,,
T,2026-04-14 14:38:39,53.47751833,-2.23624667,1.8,88.0,,0.952,34.0,33,55,,
T,2026-04-14 14:38:40,53.47752167,-2.23623333,1.7,88.2,,0.906,34.0,30,55,,
T,2026-04-14 14:38:41,53.477525,-2.23622,1.7,88.2,,0.867,49.0,30,55,,
T,2026-04-14 14:38:42,53.47752667,-2.23620333,1.7,88.3,,0.819,63.0,30,55,,
T,2026-04-14 14:38:43,53.47752667,-2.23618667,1.6,88.4,,0.788,68.0,30,55,,
T,2026-04-14 14:38:44,53.47752333,-2.23617333,1.6,88.6,,0.743,84.0,31,55,,
T,2026-04-14 14:38:45,53.47752,-2.23616,1.6,88.9,,0.708,96.0,32,55,,
T,2026-04-14 14:38:46,53.47752,-2.23615,1.6,89.1,,0.674,108.0,31,55,,
T,2026-04-14 14:38:47,53.47751667,-2.23614,1.6,89.5,,0.625,108.0,31,55,,
T,2026-04-14 14:38:48,53.47751667,-2.23613,1.6,89.7,,0.562,108.0,31,55,,
T,2026-04-14 14:38:49,53.47751333,-2.23612667,1.6,89.7,,0.486,107.0,31,55,,
T,2026-04-14 14:38:50,53.47751167,-2.23612667,1.6,89.8,,0.405,105.0,32,55,,
T,2026-04-14 14:38:51,53.47751167,-2.23612333,1.5,89.9,,0.0,,32,55,,
T,2026-04-14 14:38:52,53.47750833,-2.23612167,1.5,90.0,,0.0,,32,55,,
T,2026-04-14 14:38:53,53.47750667,-2.23611833,1.5,89.9,,0.0,,31,55,,
T,2026-04-14 14:38:54,53.47750667,-2.23611833,1.5,89.9,,0.0,,31,55,,
T,2026-04-14 14:38:55,53.47750667,-2.23611833,1.5,89.9,,0.0,,31,55,,
T,2026-04-14 14:38:56,53.47750667,-2.23611833,1.5,89.9,,0.0,,31,55,,
T,2026-04-14 14:38:57,53.47750667,-2.23611833,1.5,89.9,,0.0,,31,55,,
T,2026-04-14 14:38:58,53.47750667,-2.23611833,1.5,89.9,,0.0,,32,55,,
T,2026-04-14 14:38:59,53.47750667,-2.23611833,1.5,89.9,,0.0,,32,55,,
T,2026-04-14 14:39:00,53.47750667,-2.23611833,1.5,89.9,,0.0,,32,55,,
T,2026-04-14 14:39:01,53.47750667,-2.23611833,1.4,89.9,,0.0,,31,55,,
T,2026-04-14 14:39:02,53.47750667,-2.23611833,1.4,89.9,,0.0,,31,55,,
T,2026-04-14 14:39:03,53.47750667,-2.23611833,1.4,89.9,,0.0,,32,55,,
T,2026-04-14 14:39:04,53.47750667,-2.23611833,1.4,89.9,,0.0,,31,55,,
T,2026-04-14 14:39:05,53.47750667,-2.23611833,1.4,89.9,,0.0,,31,55,,
T,2026-04-14 14:39:06,53.47750667,-2.23611833,1.4,89.9,,0.0,,31,55,,
T,2026-04-14 14:39:07,53.47750667,-2.23611833,1.4,89.9,,0.0,,31,55,,
T,2026-04-14 14:39:08,53.47750667,-2.23611833,1.4,89.9,,0.0,,31,55,,
T,2026-04-14 14:39:09,53.47750667,-2.23611833,1.4,89.9,,0.0,,31,55,,
T,2026-04-14 14:39:10,53.47750667,-2.23611833,1.5,89.9,,0.0,,32,55,,
T,2026-04-14 14:39:11,53.47750667,-2.23611833,1.7,89.9,,0.0,,32,55,,
T,2026-04-14 14:39:12,53.47750667,-2.23611833,1.6,89.9,,0.0,,32,55,,
T,2026-04-14 14:39:13,53.47750667,-2.23611833,1.6,89.9,,0.0,,32,55,,
T,2026-04-14 14:39:14,53.47750667,-2.23611833,1.5,89.9,,0.0,,29,55,,
T,2026-04-14 14:39:15,53.47750667,-2.23611833,1.5,89.9,,0.0,,29,55,,
T,2026-04-14 14:39:16,53.47750667,-2.23611833,1.5,89.9,,0.0,,31,55,,
T,2026-04-14 14:39:17,53.47750667,-2.23611833,1.5,89.9,,0.0,,32,55,,
T,2026-04-14 14:39:18,53.47750667,-2.23611833,1.4,89.9,,0.0,,32,55,,
T,2026-04-14 14:39:19,53.47750667,-2.23611833,1.5,89.9,,0.0,,32,55,,
T,2026-04-14 14:39:20,53.47750667,-2.23611833,1.5,89.9,,0.0,,32,55,,
T,2026-04-14 14:39:21,53.47750667,-2.23611833,1.5,89.9,,0.0,,33,55,,
T,2026-04-14 14:39:22,53.47750667,-2.23611833,1.5,89.9,,0.0,,33,55,,
T,2026-04-14 14:39:23,53.47750667,-2.23611833,1.5,89.9,,0.0,,33,55,,
T,2026-04-14 14:39:24,53.47750667,-2.23611833,1.5,89.9,,0.0,,33,55,,
T,2026-04-14 14:39:25,53.47750667,-2.23611833,1.5,89.9,,0.0,,33,55,,
T,2026-04-14 14:39:26,53.47750667,-2.23611833,1.4,89.9,,0.0,,33,55,,
T,2026-04-14 14:39:27,53.47750667,-2.23611833,1.4,89.9,,0.0,,33,55,,
T,2026-04-14 14:39:28,53.47750667,-2.23611833,1.4,89.9,,0.0,,33,55,,
T,2026-04-14 14:39:29,53.47750667,-2.23611833,1.4,89.9,,0.0,,33,55,,
T,2026-04-14 14:39:30,53.47750667,-2.23611833,1.5,89.9,,0.0,,34,55,,
T,2026-04-14 14:39:31,53.47750667,-2.23611833,1.5,89.9,,0.0,,33,55,,
T,2026-04-14 14:39:32,53.47750667,-2.23611833,1.5,89.9,,0.0,,33,55,,
T,2026-04-14 14:39:33,53.47753833,-2.23616333,1.5,89.5,,0.284,322.0,33,55,,
T,2026-04-14 14:39:34,53.47754167,-2.23616833,1.5,89.4,,0.301,327.0,33,55,,
T,2026-04-14 14:39:35,53.47754167,-2.23617,1.5,89.2,,0.321,332.0,33,55,,
T,2026-04-14 14:39:36,53.47754333,-2.236175,1.5,89.1,,0.341,328.0,32,55,,
T,2026-04-14 14:39:37,53.47754667,-2.236185,1.6,89.0,,0.362,328.0,32,55,,
T,2026-04-14 14:39:38,53.47755167,-2.2362,1.6,88.8,,0.409,315.0,32,55,,
T,2026-04-14 14:39:39,53.47755333,-2.23620833,1.6,88.7,,0.436,319.0,33,55,,
T,2026-04-14 14:39:40,53.47755667,-2.23621167,1.6,88.7,,0.463,329.0,33,55,,
T,2026-04-14 14:39:41,53.47756,-2.23622333,1.7,88.7,,0.497,321.0,32,55,,
T,2026-04-14 14:39:42,53.47756167,-2.23621833,1.8,88.9,,0.526,326.0,32,55,,
T,2026-04-14 14:39:43,53.47756333,-2.23621833,1.8,89.2,,0.593,318.0,32,55,,
T,2026-04-14 14:39:44,53.47757167,-2.23621167,1.8,89.6,,0.637,309.0,32,55,,
T,2026-04-14 14:39:45,53.47757167,-2.23620833,1.9,90.0,,0.65,286.0,32,55,,
T,2026-04-14 14:39:46,53.477575,-2.23621,1.9,90.6,,0.658,288.0,31,55,,
T,2026-04-14 14:39:47,53.477575,-2.23620667,1.9,91.1,,0.655,296.0,30,55,,
T,2026-04-14 14:39:48,53.47757833,-2.23621333,1.9,91.4,,0.628,302.0,29,55,,
T,2026-04-14 14:39:49,53.47758,-2.23621333,1.9,91.7,,0.603,303.0,29,55,,
T,2026-04-14 14:39:50,53.47758333,-2.23622667,1.9,91.9,,0.579,295.0,30,55,,
T,2026-04-14 14:39:51,53.477585,-2.23623,1.8,92.1,,0.533,299.0,30,55,,
T,2026-04-14 14:39:52,53.47758667,-2.236245,1.8,92.5,,0.478,291.0,30,55,,
T,2026-04-14 14:39:53,53.47758667,-2.236255,1.8,92.6,,0.0,,31,55,,
T,2026-04-14 14:39:54,53.47758333,-2.23626,1.8,92.6,,0.0,,28,55,,
T,2026-04-14 14:39:55,53.47758667,-2.236265,1.7,92.8,,0.0,,28,55,,
T,2026-04-14 14:39:56,53.47758667,-2.236265,1.7,92.8,,0.0,,30,55,,
T,2026-04-14 14:39:57,53.47758667,-2.236265,1.7,92.8,,0.0,,29,55,,
T,2026-04-14 14:39:58,53.47758667,-2.236265,1.7,92.8,,0.0,,29,55,,
T,2026-04-14 14:39:59,53.47758667,-2.236265,1.6,92.8,,0.0,,29,55,,
T,2026-04-14 14:40:00,53.47758667,-2.236265,1.6,92.8,,0.0,,29,55,,
T,2026-04-14 14:40:01,53.47758667,-2.236265,1.6,92.8,,0.0,,30,55,,
T,2026-04-14 14:40:02,53.47758667,-2.236265,1.6,92.8,,0.0,,30,55,,
T,2026-04-14 14:40:03,53.47758667,-2.236265,1.6,92.8,,0.0,,28,55,,
T,2026-04-14 14:40:04,53.47758667,-2.236265,1.6,92.8,,0.0,,28,55,,
T,2026-04-14 14:40:05,53.47758667,-2.236265,1.6,92.8,,0.0,,29,55,,
T,2026-04-14 14:40:06,53.47758667,-2.236265,1.6,92.8,,0.0,,28,55,,
T,2026-04-14 14:40:07,53.47758667,-2.236265,1.6,92.8,,0.0,,30,55,,
T,2026-04-14 14:40:08,53.47758667,-2.236265,1.6,92.8,,0.0,,31,55,,
T,2026-04-14 14:40:09,53.47758667,-2.236265,1.6,92.8,,0.0,,31,55,,
T,2026-04-14 14:40:10,53.47758667,-2.236265,1.6,92.8,,0.0,,30,55,,
T,2026-04-14 14:40:11,53.47758667,-2.236265,1.7,92.8,,0.0,,30,55,,
T,2026-04-14 14:40:12,53.47758667,-2.236265,1.7,92.8,,0.0,,29,55,,
T,2026-04-14 14:40:13,53.47758667,-2.236265,1.7,92.8,,0.0,,28,55,,
T,2026-04-14 14:40:14,53.47758667,-2.236265,1.7,92.8,,0.0,,29,55,,
T,2026-04-14 14:40:15,53.47758667,-2.236265,1.7,92.8,,0.0,,30,55,,
T,2026-04-14 14:40:16,53.47758667,-2.236265,1.7,92.8,,0.0,,29,55,,
T,2026-04-14 14:40:17,53.47758667,-2.236265,1.7,92.8,,0.0,,30,55,,
T,2026-04-14 14:40:18,53.47758667,-2.236265,1.7,92.8,,0.0,,30,55,,
T,2026-04-14 14:40:19,53.47758667,-2.236265,1.8,92.8,,0.0,,30,55,,
T,2026-04-14 14:40:20,53.47758667,-2.236265,1.8,92.8,,0.0,,30,55,,
T,2026-04-14 14:40:21,53.47758667,-2.236265,1.8,92.8,,0.0,,30,55,,
T,2026-04-14 14:40:22,53.47758667,-2.236265,1.8,92.8,,0.0,,31,55,,
T,2026-04-14 14:40:23,53.47758667,-2.236265,1.8,92.8,,0.0,,30,54,,
T,2026-04-14 14:40:24,53.47758667,-2.236265,1.7,92.8,,0.0,,30,54,,
T,2026-04-14 14:40:25,53.47758667,-2.236265,1.7,92.8,,0.0,,30,54,,
T,2026-04-14 14:40:26,53.47758667,-2.236265,1.7,92.8,,0.0,,29,54,,
T,2026-04-14 14:40:27,53.47758667,-2.236265,1.7,92.8,,0.0,,29,54,,
T,2026-04-14 14:40:28,53.47758667,-2.236265,1.7,92.8,,0.0,,29,54,,
T,2026-04-14 14:40:29,53.47758667,-2.236265,1.7,92.8,,0.0,,28,54,,
T,2026-04-14 14:40:30,53.47758667,-2.236265,1.7,92.8,,0.0,,28,54,,
T,2026-04-14 14:40:31,53.47758667,-2.236265,1.7,92.8,,0.0,,28,54,,
T,2026-04-14 14:40:32,53.47758667,-2.236265,1.7,92.8,,0.0,,28,54,,
T,2026-04-14 14:40:33,53.47758667,-2.236265,1.7,92.8,,0.0,,29,54,,
T,2026-04-14 14:40:34,53.47758667,-2.236265,1.7,92.8,,0.0,,30,54,,
T,2026-04-14 14:40:35,53.47758667,-2.236265,1.7,92.8,,0.0,,30,54,,
T,2026-04-14 14:40:36,53.47758667,-2.236265,1.8,92.8,,0.0,,30,54,,
T,2026-04-14 14:40:37,53.47758667,-2.236265,1.8,92.8,,0.0,,30,54,,
T,2026-04-14 14:40:38,53.47758667,-2.236265,1.8,92.8,,0.0,,31,54,,
T,2026-04-14 14:40:39,53.47758667,-2.236265,1.8,92.8,,0.0,,31,54,,
T,2026-04-14 14:40:40,53.47758667,-2.236265,1.7,92.8,,0.0,,30,54,,
T,2026-04-14 14:40:41,53.47758667,-2.236265,1.7,92.8,,0.0,,31,54,,
T,2026-04-14 14:40:42,53.47758667,-2.236265,1.7,92.8,,0.0,,30,54,,
T,2026-04-14 14:40:43,53.47758667,-2.236265,1.7,92.8,,0.0,,30,54,,
T,2026-04-14 14:40:44,53.47758667,-2.236265,1.7,92.8,,0.0,,29,54,,
T,2026-04-14 14:40:45,53.47758667,-2.236265,1.7,92.8,,0.0,,29,54,,
T,2026-04-14 14:40:46,53.47758667,-2.236265,1.7,92.8,,0.0,,31,54,,
T,2026-04-14 14:40:47,53.47758667,-2.236265,1.7,92.8,,0.0,,30,54,,
T,2026-04-14 14:40:48,53.47758667,-2.236265,1.7,92.8,,0.0,,31,54,,
T,2026-04-14 14:40:49,53.47758667,-2.236265,1.7,92.8,,0.0,,30,54,,
T,2026-04-14 14:40:50,53.47758667,-2.236265,1.7,92.8,,0.0,,31,54,,
T,2026-04-14 14:40:51,53.47758667,-2.236265,1.7,92.8,,0.0,,30,55,,
T,2026-04-14 14:40:52,53.47758667,-2.236265,1.6,92.8,,0.0,,29,55,,
T,2026-04-14 14:40:53,53.47758667,-2.236265,1.6,92.8,,0.0,,29,55,,
T,2026-04-14 14:40:54,53.47758667,-2.236265,1.6,92.8,,0.0,,31,55,,
T,2026-04-14 14:40:55,53.47758667,-2.236265,1.7,92.8,,0.0,,31,55,,
T,2026-04-14 14:40:56,53.47758667,-2.236265,1.7,92.8,,0.0,,31,55,,
T,2026-04-14 14:40:57,53.47758667,-2.236265,1.7,92.8,,0.0,,31,55,,
T,2026-04-14 14:40:58,53.47758667,-2.236265,1.7,92.8,,0.0,,31,55,,
T,2026-04-14 14:40:59,53.477665,-2.23634167,1.7,95.3,,0.089,14.0,31,55,,
T,2026-04-14 14:41:00,53.477665,-2.23634,1.7,95.3,,0.0,,31,55,,
T,2026-04-14 14:41:01,53.477665,-2.23634,1.7,95.3,,0.0,,31,55,,
T,2026-04-14 14:41:02,53.47766667,-2.23633833,1.7,95.4,,0.0,,31,55,,
T,2026-04-14 14:41:03,53.47766667,-2.23633833,1.7,95.4,,0.0,,30,55,,
T,2026-04-14 14:41:04,53.47766667,-2.23633833,1.7,95.4,,0.0,,30,55,,
T,2026-04-14 14:41:05,53.47766667,-2.23633833,1.7,95.4,,0.0,,30,55,,
T,2026-04-14 14:41:06,53.47766667,-2.23633833,1.6,95.4,,0.0,,30,55,,
T,2026-04-14 14:41:07,53.47766667,-2.23633833,1.6,95.4,,0.0,,30,55,,
T,2026-04-14 14:41:08,53.47766667,-2.23633833,1.6,95.4,,0.0,,31,55,,
T,2026-04-14 14:41:09,53.47766667,-2.23633833,1.6,95.4,,0.0,,31,55,,
T,2026-04-14 14:41:10,53.47766667,-2.23633833,1.7,95.4,,0.0,,31,55,,
T,2026-04-14 14:41:11,53.47766667,-2.23633833,1.6,95.4,,0.0,,31,55,,
T,2026-04-14 14:41:12,53.47769667,-2.23637833,1.6,96.0,,0.269,302.0,30,55,,
T,2026-04-14 14:41:13,53.47770333,-2.23638667,1.6,96.0,,0.313,315.0,30,55,,
T,2026-04-14 14:41:14,53.47771167,-2.23638667,1.6,96.1,,0.353,337.0,30,55,,
T,2026-04-14 14:41:15,53.47772167,-2.236385,1.6,95.9,,0.403,356.0,30,55,,
T,2026-04-14 14:41:16,53.47773333,-2.23638,1.6,95.8,,0.465,3.0,29,55,,
T,2026-04-14 14:41:17,53.47774333,-2.23637333,1.6,95.7,,0.529,11.0,29,55,,
T,2026-04-14 14:41:18,53.47775,-2.23636667,1.7,95.7,,0.585,9.0,29,55,,
T,2026-04-14 14:41:19,53.47776,-2.23636167,1.7,95.6,,0.633,8.0,29,55,,
T,2026-04-14 14:41:20,53.47777167,-2.23636167,1.7,95.5,,0.684,0.0,29,55,,
T,2026-04-14 14:41:21,53.47777833,-2.23636333,1.7,95.3,,0.722,329.0,30,55,,
T,2026-04-14 14:41:22,53.47778333,-2.23636167,1.7,95.2,,0.763,325.0,31,55,,
T,2026-04-14 14:41:23,53.47779167,-2.236365,1.7,94.8,,0.792,320.0,31,55,,
T,2026-04-14 14:41:24,53.4778,-2.23637667,1.7,94.5,,0.847,322.0,31,55,,
T,2026-04-14 14:41:25,53.47781,-2.23639167,1.7,94.2,,0.9,314.0,31,55,,
T,2026-04-14 14:41:26,53.477815,-2.23641167,1.6,94.0,,0.944,309.0,31,55,,
T,2026-04-14 14:41:27,53.47782,-2.23643,1.7,93.6,,0.965,305.0,31,55,,
T,2026-04-14 14:41:28,53.47782667,-2.23644667,1.7,93.2,,0.991,301.0,31,55,,
T,2026-04-14 14:41:29,53.47783333,-2.23646333,1.7,92.8,,1.038,303.0,31,55,,
T,2026-04-14 14:41:30,53.47784167,-2.23647333,1.7,92.4,,1.061,310.0,30,55,,
T,2026-04-14 14:41:31,53.47785,-2.23649,1.7,92.3,,1.095,312.0,31,55,,
T,2026-04-14 14:41:32,53.477855,-2.236505,1.7,92.0,,1.097,306.0,31,55,,
T,2026-04-14 14:41:33,53.47786167,-2.236515,1.6,91.9,,1.11,307.0,32,55,,
T,2026-04-14 14:41:34,53.47786667,-2.23652667,1.6,91.6,,1.109,317.0,32,55,,
T,2026-04-14 14:41:35,53.47787333,-2.23654333,1.6,91.4,,1.111,306.0,32,55,,
T,2026-04-14 14:41:36,53.47788,-2.23656333,1.6,91.3,,1.128,302.0,32,55,,
T,2026-04-14 14:41:37,53.47788667,-2.23658167,1.6,91.2,,1.15,306.0,32,55,,
T,2026-04-14 14:41:38,53.47789333,-2.23659833,1.6,91.2,,1.165,309.0,32,55,,
T,2026-04-14 14:41:39,53.477895,-2.23661167,1.6,91.1,,1.119,301.0,32,55,,
T,2026-04-14 14:41:40,53.47789833,-2.23662667,1.6,91.1,,1.099,303.0,32,55,,
T,2026-04-14 14:41:41,53.4779,-2.23664333,1.6,91.1,,1.053,290.0,32,55,,
T,2026-04-14 14:41:42,53.47790333,-2.23666167,1.6,91.2,,1.057,280.0,32,55,,
T,2026-04-14 14:41:43,53.47790833,-2.23668,1.6,91.4,,1.084,284.0,31,55,,
T,2026-04-14 14:41:44,53.47792333,-2.23669333,1.7,92.0,,1.088,286.0,31,55,,
T,2026-04-14 14:41:45,53.47793667,-2.23671,1.7,92.8,,1.078,286.0,33,55,,
T,2026-04-14 14:41:46,53.47794333,-2.236725,1.7,93.2,,1.048,295.0,33,55,,
T,2026-04-14 14:41:47,53.47794833,-2.23673833,1.7,93.2,,1.02,295.0,32,55,,
T,2026-04-14 14:41:48,53.477955,-2.23675,1.7,93.6,,1.01,296.0,32,55,,
T,2026-04-14 14:41:49,53.47796,-2.23676,1.7,93.7,,1.034,296.0,32,55,,
T,2026-04-14 14:41:50,53.477965,-2.23677167,1.7,93.8,,1.071,298.0,31,55,,
T,2026-04-14 14:41:51,53.47796833,-2.236785,1.8,93.6,,1.071,308.0,32,55,,
T,2026-04-14 14:41:52,53.47797,-2.2368,1.8,93.8,,1.04,314.0,33,55,,
T,2026-04-14 14:41:53,53.47796667,-2.23681667,1.7,93.6,,0.987,309.0,33,55,,
T,2026-04-14 14:41:54,53.47796833,-2.23683,1.7,93.7,,0.957,313.0,33,55,,
T,2026-04-14 14:41:55,53.47797333,-2.236845,1.7,93.8,,0.966,322.0,33,55,,
T,2026-04-14 14:41:56,53.47797833,-2.23686,1.7,93.8,,0.997,318.0,33,55,,
T,2026-04-14 14:41:57,53.477985,-2.23687833,1.7,93.8,,1.029,313.0,32,55,,
T,2026-04-14 14:41:58,53.47799,-2.236895,1.7,93.9,,1.021,306.0,32,55,,
T,2026-04-14 14:41:59,53.477995,-2.23690833,1.7,94.1,,1.014,306.0,32,55,,
T,2026-04-14 14:42:00,53.47800167,-2.23692667,1.7,94.1,,1.028,305.0,32,55,,
T,2026-04-14 14:42:01,53.47800667,-2.23694833,1.7,94.2,,1.068,304.0,31,55,,
T,2026-04-14 14:42:02,53.47801333,-2.23696667,1.7,94.2,,1.124,305.0,31,55,,
T,2026-04-14 14:42:03,53.47802,-2.23698333,1.8,94.3,,1.16,308.0,31,55,,
T,2026-04-14 14:42:04,53.47802667,-2.23699833,1.8,94.1,,1.172,305.0,31,55,,
T,2026-04-14 14:42:05,53.47803667,-2.23700667,1.9,94.0,,1.159,306.0,30,55,,
T,2026-04-14 14:42:06,53.47804667,-2.237015,1.9,94.0,,1.126,310.0,31,55,,
T,2026-04-14 14:42:07,53.47805667,-2.23702,1.9,93.7,,1.094,313.0,31,55,,
T,2026-04-14 14:42:08,53.47806333,-2.23702667,1.9,93.6,,1.054,312.0,31,55,,
T,2026-04-14 14:42:09,53.47807,-2.23703,1.9,93.6,,1.004,314.0,31,55,,
T,2026-04-14 14:42:10,53.47808333,-2.23702667,2.0,93.8,,0.908,324.0,32,55,,
T,2026-04-14 14:42:11,53.47810333,-2.23702,2.0,94.1,,0.846,322.0,32,55,,
T,2026-04-14 14:42:12,53.47812,-2.23701167,2.0,94.2,,0.789,312.0,32,55,,
T,2026-04-14 14:42:13,53.478135,-2.23700667,1.9,94.6,,0.78,309.0,32,55,,
T,2026-04-14 14:42:14,53.47815333,-2.23700667,1.9,94.9,,0.808,313.0,32,55,,
T,2026-04-14 14:42:15,53.47817,-2.23701167,1.9,95.0,,0.813,314.0,31,55,,
T,2026-04-14 14:42:16,53.47817833,-2.23702167,1.9,95.1,,0.811,313.0,31,55,,
T,2026-04-14 14:42:17,53.47819,-2.23703,1.9,95.2,,0.819,318.0,31,55,,
T,2026-04-14 14:42:18,53.47820833,-2.23702833,1.9,95.4,,0.894,324.0,33,55,,
T,2026-04-14 14:42:19,53.47823167,-2.23703167,1.9,95.9,,0.985,320.0,32,55,,
T,2026-04-14 14:42:20,53.478245,-2.23704,1.9,96.0,,1.053,320.0,31,55,,
T,2026-04-14 14:42:21,53.47825667,-2.23705333,1.8,96.2,,1.082,319.0,30,55,,
T,2026-04-14 14:42:22,53.47826667,-2.23706167,1.8,96.3,,1.104,317.0,30,55,,
T,2026-04-14 14:42:23,53.47827833,-2.23706667,1.9,96.5,,1.129,321.0,31,55,,
T,2026-04-14 14:42:24,53.47829333,-2.237075,1.9,96.5,,1.155,324.0,32,55,,
T,2026-04-14 14:42:25,53.47830833,-2.23708,1.9,96.5,,1.196,327.0,31,55,,
T,2026-04-14 14:42:26,53.47831667,-2.23708833,1.8,96.6,,1.193,330.0,31,55,,
T,2026-04-14 14:42:27,53.47832333,-2.23710167,1.9,96.6,,1.176,323.0,32,55,,
T,2026-04-14 14:42:28,53.47833333,-2.23711167,1.9,96.6,,1.146,305.0,33,55,,
T,2026-04-14 14:42:29,53.47834167,-2.237125,1.8,96.7,,1.129,294.0,33,55,,
T,2026-04-14 14:42:30,53.478355,-2.237145,1.8,97.3,,1.151,292.0,33,55,,
T,2026-04-14 14:42:31,53.47836167,-2.237165,1.8,97.9,,1.168,297.0,33,55,,
T,2026-04-14 14:42:32,53.478365,-2.23718833,1.8,98.5,,1.178,312.0,33,55,,
T,2026-04-14 14:42:33,53.478365,-2.23721833,1.7,99.3,,1.178,318.0,33,55,,
T,2026-04-14 14:42:34,53.47837,-2.23723833,1.6,100.3,,1.117,325.0,33,55,,
T,2026-04-14 14:42:35,53.47837167,-2.23725667,1.6,101.1,,1.036,327.0,33,55,,
T,2026-04-14 14:42:36,53.478375,-2.23726333,1.6,101.9,,0.988,326.0,34,55,,
T,2026-04-14 14:42:37,53.478375,-2.23728,1.5,102.8,,0.943,317.0,33,55,,
T,2026-04-14 14:42:38,53.47837333,-2.23728167,1.5,103.7,,0.865,310.0,32,55,,
T,2026-04-14 14:42:39,53.47837167,-2.23729167,1.5,103.8,,0.762,300.0,32,55,,
T,2026-04-14 14:42:40,53.47837167,-2.2373,1.6,104.2,,0.645,300.0,31,55,,
T,2026-04-14 14:42:41,53.47836833,-2.23731167,1.5,104.6,,0.555,298.0,31,55,,
T,2026-04-14 14:42:42,53.47836667,-2.237325,1.5,104.8,,0.476,293.0,32,55,,
T,2026-04-14 14:42:43,53.47836667,-2.23733333,1.5,105.0,,0.0,,32,55,,
T,2026-04-14 14:42:44,53.478365,-2.23734167,1.5,105.1,,0.0,,34,55,,
T,2026-04-14 14:42:45,53.47836333,-2.23735,1.5,105.3,,0.0,,33,55,,
T,2026-04-14 14:42:46,53.47836333,-2.23735,1.5,105.3,,0.0,,33,55,,
T,2026-04-14 14:42:47,53.47836333,-2.23735,1.5,105.3,,0.0,,32,55,,
T,2026-04-14 14:42:48,53.47836333,-2.23735,1.5,105.3,,0.0,,31,55,,
T,2026-04-14 14:42:49,53.47836333,-2.23735,1.5,105.3,,0.0,,31,55,,
T,2026-04-14 14:42:50,53.47836333,-2.23735,1.5,105.3,,0.0,,31,55,,
T,2026-04-14 14:42:51,53.47836333,-2.23735,1.5,105.3,,0.0,,32,55,,
T,2026-04-14 14:42:52,53.47836333,-2.23735,1.5,105.3,,0.0,,32,55,,
T,2026-04-14 14:42:53,53.47836333,-2.23735,1.5,105.3,,0.0,,30,55,,
T,2026-04-14 14:42:54,53.47836333,-2.23735,1.5,105.3,,0.0,,32,55,,
T,2026-04-14 14:42:55,53.47836333,-2.23735,1.4,105.3,,0.0,,33,55,,
T,2026-04-14 14:42:56,53.47836333,-2.23735,1.4,105.3,,0.0,,33,55,,
T,2026-04-14 14:42:57,53.47836333,-2.23735,1.5,105.3,,0.0,,32,55,,
T,2026-04-14 14:42:58,53.47836333,-2.23735,1.5,105.3,,0.0,,32,55,,
T,2026-04-14 14:42:59,53.47836333,-2.23735,1.5,105.3,,0.0,,32,55,,
T,2026-04-14 14:43:00,53.47836333,-2.23735,1.5,105.3,,0.0,,32,55,,
T,2026-04-14 14:43:01,53.47836333,-2.23735,1.5,105.3,,0.0,,32,55,,
T,2026-04-14 14:43:02,53.47836333,-2.23735,1.5,105.3,,0.0,,31,55,,
T,2026-04-14 14:43:03,53.47836333,-2.23735,1.5,105.3,,0.0,,31,55,,
T,2026-04-14 14:43:04,53.47836333,-2.23735,1.5,105.3,,0.0,,31,55,,
T,2026-04-14 14:43:05,53.47836333,-2.23735,1.5,105.3,,0.0,,31,55,,
T,2026-04-14 14:43:06,53.47836333,-2.23735,1.5,105.3,,0.0,,33,55,,
T,2026-04-14 14:43:07,53.47836333,-2.23735,1.5,105.3,,0.0,,33,55,,
T,2026-04-14 14:43:08,53.47836333,-2.23735,1.5,105.3,,0.0,,32,55,,
T,2026-04-14 14:43:09,53.47836333,-2.23735,1.5,105.3,,0.0,,33,55,,
T,2026-04-14 14:43:10,53.47836333,-2.23735,1.5,105.3,,0.0,,30,55,,
T,2026-04-14 14:43:11,53.47836333,-2.23735,1.5,105.3,,0.0,,32,55,,
T,2026-04-14 14:43:12,53.47836333,-2.23735,1.5,105.3,,0.0,,31,55,,
T,2026-04-14 14:43:13,53.47836333,-2.23735,1.4,105.3,,0.0,,31,55,,
T,2026-04-14 14:43:14,53.47836333,-2.23735,1.4,105.3,,0.0,,31,55,,
T,2026-04-14 14:43:15,53.47836333,-2.23735,1.4,105.3,,0.0,,30,55,,
T,2026-04-14 14:43:16,53.47836333,-2.23735,1.4,105.3,,0.0,,30,55,,
T,2026-04-14 14:43:17,53.47836333,-2.23735,1.4,105.3,,0.0,,30,55,,
T,2026-04-14 14:43:18,53.47836333,-2.23735,1.4,105.3,,0.0,,30,55,,
T,2026-04-14 14:43:19,53.47836333,-2.23735,1.4,105.3,,0.0,,31,55,,
T,2026-04-14 14:43:20,53.47836333,-2.23735,1.4,105.3,,0.0,,31,55,,
T,2026-04-14 14:43:21,53.47834,-2.237455,1.5,102.3,,0.143,310.0,31,55,,
T,2026-04-14 14:43:22,53.478345,-2.23746667,1.5,102.2,,0.223,314.0,31,55,,
T,2026-04-14 14:43:23,53.47834833,-2.23748,1.5,102.1,,0.319,316.0,31,55,,
T,2026-04-14 14:43:24,53.47835333,-2.23749167,1.6,102.0,,0.397,335.0,31,55,,
T,2026-04-14 14:43:25,53.47836333,-2.23749833,1.6,101.9,,0.495,331.0,31,55,,
T,2026-04-14 14:43:26,53.47837167,-2.23750833,1.6,101.8,,0.59,332.0,32,55,,
T,2026-04-14 14:43:27,53.47837667,-2.23752333,1.6,101.7,,0.676,331.0,31,55,,
T,2026-04-14 14:43:28,53.47838167,-2.23753167,1.6,101.8,,0.766,331.0,31,55,,
T,2026-04-14 14:43:29,53.478385,-2.23754167,1.6,101.8,,0.865,329.0,31,55,,
T,2026-04-14 14:43:30,53.47839,-2.237555,1.5,101.9,,0.979,318.0,32,55,,
T,2026-04-14 14:43:31,53.478395,-2.23757167,1.5,102.1,,1.029,324.0,32,55,,
T,2026-04-14 14:43:32,53.47839833,-2.237585,1.5,102.1,,1.024,325.0,32,55,,
T,2026-04-14 14:43:33,53.47839833,-2.23759667,1.5,102.0,,1.012,324.0,31,55,,
T,2026-04-14 14:43:34,53.4784,-2.23760333,1.5,101.8,,0.986,321.0,31,55,,
T,2026-04-14 14:43:35,53.47840333,-2.23761667,1.6,101.7,,0.974,312.0,28,55,,
T,2026-04-14 14:43:36,53.47840833,-2.23763,1.6,101.6,,0.976,306.0,29,55,,
T,2026-04-14 14:43:37,53.47841333,-2.237645,1.6,101.5,,0.996,310.0,29,55,,
T,2026-04-14 14:43:38,53.47842167,-2.23765667,1.6,101.3,,1.019,311.0,30,55,,
T,2026-04-14 14:43:39,53.47843333,-2.23767167,1.6,101.1,,1.032,319.0,30,55,,
T,2026-04-14 14:43:40,53.478435,-2.23768667,1.7,101.0,,0.959,321.0,30,55,,
T,2026-04-14 14:43:41,53.47844,-2.23769333,1.7,100.8,,0.951,309.0,30,55,,
T,2026-04-14 14:43:42,53.47843833,-2.2377,1.7,100.4,,0.962,310.0,31,55,,
T,2026-04-14 14:43:43,53.47844167,-2.23770667,1.7,100.1,,0.931,307.0,32,55,,
T,2026-04-14 14:43:44,53.47844167,-2.23771667,1.7,99.8,,0.93,310.0,33,55,,
T,2026-04-14 14:43:45,53.47843833,-2.23773333,1.6,99.6,,0.909,317.0,32,55,,
T,2026-04-14 14:43:46,53.47844,-2.23774667,1.6,99.2,,0.887,318.0,33,55,,
T,2026-04-14 14:43:47,53.47844333,-2.23776,1.6,98.7,,0.87,308.0,33,55,,
T,2026-04-14 14:43:48,53.47844667,-2.23778,1.7,98.4,,0.876,304.0,33,55,,
T,2026-04-14 14:43:49,53.478455,-2.23780167,1.7,98.0,,0.883,309.0,35,55,,
T,2026-04-14 14:43:50,53.478465,-2.23781833,1.7,97.5,,0.958,309.0,34,55,,
T,2026-04-14 14:43:51,53.478475,-2.23783167,1.7,97.0,,0.993,304.0,33,55,,
T,2026-04-14 14:43:52,53.47848333,-2.23784667,1.7,96.7,,1.01,303.0,33,55,,
T,2026-04-14 14:43:53,53.47848667,-2.23785667,1.6,96.3,,1.039,303.0,32,55,,
T,2026-04-14 14:43:54,53.47849333,-2.237865,1.6,96.1,,1.09,300.0,32,55,,
T,2026-04-14 14:43:55,53.47849833,-2.23788,1.6,95.8,,1.117,298.0,30,55,,
T,2026-04-14 14:43:56,53.478505,-2.23788667,1.7,95.6,,1.147,303.0,30,55,,
T,2026-04-14 14:43:57,53.47851667,-2.237895,1.7,95.3,,1.198,311.0,31,55,,
T,2026-04-14 14:43:58,53.478525,-2.23790833,1.8,94.9,,1.209,312.0,31,55,,
T,2026-04-14 14:43:59,53.47853333,-2.23792833,1.8,94.4,,1.203,312.0,30,55,,
T,2026-04-14 14:44:00,53.47854333,-2.23794333,1.8,94.3,,1.149,313.0,31,55,,
T,2026-04-14 14:44:01,53.478555,-2.23795333,1.8,94.2,,1.112,318.0,32,55,,
T,2026-04-14 14:44:02,53.478565,-2.23796333,1.9,94.2,,1.102,321.0,32,55,,
T,2026-04-14 14:44:03,53.478575,-2.23798,1.9,94.1,,1.127,321.0,32,55,,
T,2026-04-14 14:44:04,53.47859,-2.23800333,1.9,94.5,,1.124,321.0,32,55,,
T,2026-04-14 14:44:05,53.47860833,-2.238025,1.9,95.4,,1.142,319.0,33,55,,
T,2026-04-14 14:44:06,53.47862167,-2.238045,1.9,96.4,,1.144,319.0,32,55,,
T,2026-04-14 14:44:07,53.47864,-2.238055,1.9,97.0,,1.114,325.0,33,55,,
T,2026-04-14 14:44:08,53.47866167,-2.23805833,1.9,97.7,,1.092,329.0,33,55,,
T,2026-04-14 14:44:09,53.47867333,-2.238065,1.8,98.6,,1.053,333.0,32,55,,
T,2026-04-14 14:44:10,53.47868833,-2.23807167,1.8,99.3,,1.028,338.0,33,55,,
T,2026-04-14 14:44:11,53.47869167,-2.23807833,1.7,99.7,,0.981,341.0,33,55,,
T,2026-04-14 14:44:12,53.47869833,-2.23809333,1.9,99.9,,0.894,337.0,33,55,,
T,2026-04-14 14:44:13,53.47869833,-2.23809667,1.8,99.8,,0.795,337.0,33,55,,
T,2026-04-14 14:44:14,53.4787,-2.23809667,1.7,99.7,,0.698,339.0,33,55,,
T,2026-04-14 14:44:15,53.47869667,-2.23809833,1.7,100.1,,0.596,343.0,33,55,,
T,2026-04-14 14:44:16,53.47869,-2.23810667,1.6,100.4,,0.511,343.0,33,55,,
T,2026-04-14 14:44:17,53.47868667,-2.23810667,1.6,100.6,,0.412,343.0,31,55,,
T,2026-04-14 14:44:18,53.478685,-2.23810667,1.6,100.8,,0.0,,32,55,,
T,2026-04-14 14:44:19,53.47868333,-2.23811,1.6,101.0,,0.0,,33,55,,
T,2026-04-14 14:44:20,53.47868667,-2.23811333,1.6,101.0,,0.0,,32,55,,
T,2026-04-14 14:44:21,53.47868667,-2.23811333,1.5,101.0,,0.0,,33,55,,
T,2026-04-14 14:44:22,53.47868667,-2.23811333,1.5,101.0,,0.0,,33,55,,
T,2026-04-14 14:44:23,53.47868667,-2.23811333,1.5,101.0,,0.0,,33,55,,
T,2026-04-14 14:44:24,53.47868667,-2.23811333,1.5,101.0,,0.0,,34,55,,
T,2026-04-14 14:44:25,53.47868667,-2.23811333,1.5,101.0,,0.0,,35,55,,
T,2026-04-14 14:44:26,53.47868667,-2.23811333,1.5,101.0,,0.0,,34,55,,
T,2026-04-14 14:44:27,53.47868667,-2.23811333,1.5,101.0,,0.0,,35,55,,
T,2026-04-14 14:44:28,53.47868667,-2.23811333,1.5,101.0,,0.0,,34,55,,
T,2026-04-14 14:44:29,53.47868667,-2.23811333,1.5,101.0,,0.0,,34,55,,
T,2026-04-14 14:44:30,53.47868667,-2.23811333,1.5,101.0,,0.0,,34,55,,
T,2026-04-14 14:44:31,53.47868667,-2.23811333,1.5,101.0,,0.0,,33,55,,
T,2026-04-14 14:44:32,53.47868667,-2.23811333,1.5,101.0,,0.0,,34,55,,
T,2026-04-14 14:44:33,53.47868667,-2.23811333,1.5,101.0,,0.0,,34,55,,
T,2026-04-14 14:44:34,53.47868667,-2.23811333,1.5,101.0,,0.0,,34,55,,
T,2026-04-14 14:44:35,53.47868667,-2.23811333,1.5,101.0,,0.0,,34,55,,
T,2026-04-14 14:44:36,53.47868667,-2.23811333,1.5,101.0,,0.0,,34,55,,
T,2026-04-14 14:44:37,53.47868667,-2.23811333,1.5,101.0,,0.0,,33,55,,
T,2026-04-14 14:44:38,53.47868667,-2.23811333,1.5,101.0,,0.0,,34,55,,
T,2026-04-14 14:44:39,53.47868667,-2.23811333,1.5,101.0,,0.0,,35,55,,
T,2026-04-14 14:44:40,53.47868667,-2.23811333,1.6,101.0,,0.0,,35,55,,
T,2026-04-14 14:44:41,53.47868667,-2.23811333,1.7,101.0,,0.0,,34,55,,
T,2026-04-14 14:44:42,53.47868667,-2.23811333,1.9,101.0,,0.0,,34,55,,
T,2026-04-14 14:44:43,53.47868667,-2.23811333,1.8,101.0,,0.0,,33,55,,
T,2026-04-14 14:44:44,53.47868667,-2.23811333,1.7,101.0,,0.0,,33,55,,
T,2026-04-14 14:44:45,53.47868667,-2.23811333,1.7,101.0,,0.0,,33,55,,
T,2026-04-14 14:44:46,53.47872667,-2.23806167,1.7,101.7,,0.252,35.0,33,55,,
T,2026-04-14 14:44:47,53.478735,-2.23805833,1.6,101.5,,0.354,30.0,33,55,,
T,2026-04-14 14:44:48,53.478745,-2.23805167,1.6,101.5,,0.447,37.0,33,55,,
T,2026-04-14 14:44:49,53.47875167,-2.23805167,1.6,101.4,,0.55,8.0,33,55,,
T,2026-04-14 14:44:50,53.47875833,-2.23804833,1.6,101.3,,0.637,7.0,33,55,,
T,2026-04-14 14:44:51,53.47876667,-2.23805,1.6,101.2,,0.735,7.0,34,55,,
T,2026-04-14 14:44:52,53.47877667,-2.23805333,1.6,101.0,,0.836,4.0,33,55,,
T,2026-04-14 14:44:53,53.47878333,-2.238055,1.6,100.8,,0.903,358.0,33,54,,
T,2026-04-14 14:44:54,53.47879,-2.23804833,1.6,100.5,,0.995,357.0,32,54,,
T,2026-04-14 14:44:55,53.478795,-2.23804167,1.6,100.1,,1.039,359.0,31,54,,
T,2026-04-14 14:44:56,53.4788,-2.23803667,1.6,99.7,,1.018,353.0,31,54,,
T,2026-04-14 14:44:57,53.47880667,-2.23803,1.5,99.2,,1.015,351.0,31,54,,
T,2026-04-14 14:44:58,53.47881333,-2.23802,1.5,98.8,,1.037,3.0,32,54,,
T,2026-04-14 14:44:59,53.47882167,-2.23800667,1.6,98.3,,1.048,26.0,32,54,,
T,2026-04-14 14:45:00,53.47883,-2.23798833,1.6,97.9,,1.093,34.0,33,54,,
T,2026-04-14 14:45:01,53.47884,-2.23797167,1.6,97.6,,1.101,34.0,31,54,,
T,2026-04-14 14:45:02,53.47884667,-2.23796167,1.6,97.3,,1.073,27.0,31,54,,
T,2026-04-14 14:45:03,53.47885167,-2.23795333,1.7,97.2,,1.062,24.0,32,54,,
T,2026-04-14 14:45:04,53.47885667,-2.23793667,1.7,97.1,,1.046,11.0,32,54,,
T,2026-04-14 14:45:05,53.47886333,-2.23792333,1.7,96.9,,1.069,21.0,31,54,,
T,2026-04-14 14:45:06,53.47887167,-2.237905,1.8,96.8,,1.134,29.0,31,54,,
T,2026-04-14 14:45:07,53.47888333,-2.237895,1.8,96.6,,1.14,30.0,31,54,,
T,2026-04-14 14:45:08,53.47889167,-2.23788333,1.8,95.9,,1.128,30.0,31,54,,
T,2026-04-14 14:45:09,53.47889667,-2.23786,1.8,95.6,,1.127,35.0,31,54,,
T,2026-04-14 14:45:10,53.47890833,-2.23785,1.8,95.4,,1.11,34.0,30,54,,
T,2026-04-14 14:45:11,53.478925,-2.23782833,2.1,95.2,,1.133,31.0,30,54,,
T,2026-04-14 14:45:12,53.47893833,-2.237805,2.0,95.2,,1.151,29.0,30,54,,
T,2026-04-14 14:45:13,53.47894833,-2.23779167,2.0,95.1,,1.21,30.0,30,54,,
T,2026-04-14 14:45:14,53.47896333,-2.23778833,2.1,95.1,,1.272,35.0,29,54,,
T,2026-04-14 14:45:15,53.47897667,-2.23777667,2.1,95.4,,1.288,35.0,30,54,,
T,2026-04-14 14:45:16,53.478985,-2.23775833,2.1,95.3,,1.278,33.0,30,54,,
T,2026-04-14 14:45:17,53.47899333,-2.23774667,2.1,95.4,,1.26,36.0,30,54,,
T,2026-04-14 14:45:18,53.47900167,-2.23774167,2.1,95.1,,1.248,36.0,30,54,,
T,2026-04-14 14:45:19,53.47901667,-2.23773667,2.1,95.3,,1.239,31.0,31,54,,
T,2026-04-14 14:45:20,53.47903,-2.237735,2.2,95.3,,1.211,30.0,29,54,,
T,2026-04-14 14:45:21,53.47904,-2.23773,2.2,95.3,,1.191,26.0,29,54,,
T,2026-04-14 14:45:22,53.47904667,-2.23772,2.2,95.2,,1.178,24.0,28,54,,
T,2026-04-14 14:45:23,53.479055,-2.23770833,2.2,95.0,,1.142,25.0,27,54,,
T,2026-04-14 14:45:24,53.47906333,-2.2377,2.2,94.9,,1.069,31.0,29,54,,
T,2026-04-14 14:45:25,53.47906833,-2.23768833,2.2,94.8,,1.041,37.0,29,54,,
T,2026-04-14 14:45:26,53.47907667,-2.23768,2.2,94.7,,1.023,33.0,30,54,,
T,2026-04-14 14:45:27,53.479085,-2.23767,2.2,94.7,,1.013,33.0,30,54,,
T,2026-04-14 14:45:28,53.47909,-2.23766333,2.2,94.8,,1.021,31.0,30,54,,
T,2026-04-14 14:45:29,53.47910167,-2.23764833,2.2,95.6,,1.031,31.0,29,54,,
T,2026-04-14 14:45:30,53.47910833,-2.23763,2.2,96.0,,1.079,37.0,30,54,,
T,2026-04-14 14:45:31,53.47912167,-2.23761833,2.2,96.2,,1.121,38.0,30,54,,
T,2026-04-14 14:45:32,53.47913333,-2.23760833,2.2,96.2,,1.168,42.0,29,54,,
T,2026-04-14 14:45:33,53.47914333,-2.23759333,2.2,96.2,,1.215,42.0,29,54,,
T,2026-04-14 14:45:34,53.47915667,-2.23758167,2.2,96.1,,1.299,44.0,29,54,,
T,2026-04-14 14:45:35,53.47916833,-2.23757333,2.2,96.0,,1.309,41.0,30,54,,
T,2026-04-14 14:45:36,53.47917833,-2.23756667,2.2,95.9,,1.344,38.0,30,54,,
T,2026-04-14 14:45:37,53.47918833,-2.23756167,2.2,95.9,,1.37,32.0,29,54,,
T,2026-04-14 14:45:38,53.47919667,-2.23755667,2.2,95.8,,1.367,31.0,29,54,,
T,2026-04-14 14:45:39,53.47920667,-2.23754833,2.2,95.7,,1.362,32.0,30,54,,
T,2026-04-14 14:45:40,53.479215,-2.23754333,2.2,95.5,,1.332,31.0,30,54,,
T,2026-04-14 14:45:41,53.479225,-2.23752333,2.4,95.5,,1.336,31.0,31,54,,
T,2026-04-14 14:45:42,53.47923667,-2.237515,2.3,95.9,,1.306,28.0,32,54,,
T,2026-04-14 14:45:43,53.47924667,-2.2375,2.2,95.9,,1.24,28.0,32,54,,
T,2026-04-14 14:45:44,53.47924833,-2.23747167,2.1,95.9,,1.231,28.0,31,54,,
T,2026-04-14 14:45:45,53.47926167,-2.237465,2.1,96.0,,1.221,26.0,31,54,,
T,2026-04-14 14:45:46,53.479265,-2.23745333,2.1,96.4,,1.169,25.0,32,54,,
T,2026-04-14 14:45:47,53.47926667,-2.23745333,2.0,96.1,,1.118,354.0,33,54,,
T,2026-04-14 14:45:48,53.47927,-2.23746667,2.0,95.8,,1.068,327.0,35,54,,
T,2026-04-14 14:45:49,53.479275,-2.237485,1.9,95.4,,1.019,315.0,35,54,,
T,2026-04-14 14:45:50,53.47928,-2.237495,1.8,95.1,,1.0,303.0,35,54,,
T,2026-04-14 14:45:51,53.47928333,-2.23749833,1.8,94.9,,0.934,304.0,35,54,,
T,2026-04-14 14:45:52,53.47929,-2.23751,1.8,94.6,,0.911,313.0,35,54,,
T,2026-04-14 14:45:53,53.479295,-2.23751667,1.7,94.5,,0.918,312.0,35,54,,
T,2026-04-14 14:45:54,53.47930333,-2.23752833,1.7,94.4,,0.867,313.0,35,54,,
T,2026-04-14 14:45:55,53.47930833,-2.23753667,1.7,94.3,,0.875,318.0,35,54,,
T,2026-04-14 14:45:56,53.47931167,-2.23754333,1.7,94.0,,0.896,316.0,35,54,,
T,2026-04-14 14:45:57,53.479315,-2.23754833,1.7,93.9,,0.942,316.0,34,54,,
T,2026-04-14 14:45:58,53.47932,-2.237555,1.7,93.8,,0.999,317.0,35,54,,
T,2026-04-14 14:45:59,53.47932333,-2.23756167,1.7,93.7,,1.012,323.0,34,54,,
T,2026-04-14 14:46:00,53.47932833,-2.23756667,1.7,93.6,,1.026,333.0,33,54,,
T,2026-04-14 14:46:01,53.47934,-2.237565,1.7,93.7,,1.057,341.0,33,54,,
T,2026-04-14 14:46:02,53.47935667,-2.23757,1.7,93.9,,1.108,355.0,35,54,,
T,2026-04-14 14:46:03,53.479375,-2.23758,1.7,94.4,,1.157,6.0,35,54,,
T,2026-04-14 14:46:04,53.47939167,-2.237585,1.7,94.5,,1.173,2.0,35,54,,
T,2026-04-14 14:46:05,53.479405,-2.23759,1.7,94.8,,1.173,2.0,34,54,,
T,2026-04-14 14:46:06,53.479415,-2.23759333,1.7,95.1,,1.143,1.0,34,54,,
T,2026-04-14 14:46:07,53.47942,-2.23759167,1.7,95.2,,1.105,354.0,34,54,,
T,2026-04-14 14:46:08,53.479425,-2.23758167,1.7,95.4,,1.081,356.0,34,54,,
T,2026-04-14 14:46:09,53.47942667,-2.23757,1.7,95.7,,1.085,0.0,34,54,,
T,2026-04-14 14:46:10,53.47943167,-2.23755333,1.8,95.7,,1.073,25.0,33,54,,
T,2026-04-14 14:46:11,53.47943667,-2.23752833,2.0,95.8,,1.023,34.0,32,54,,
T,2026-04-14 14:46:12,53.47944,-2.23750167,2.0,95.8,,0.945,40.0,31,54,,
T,2026-04-14 14:46:13,53.47944333,-2.23746833,2.0,95.8,,0.9,39.0,31,54,,
T,2026-04-14 14:46:14,53.479445,-2.23744,1.9,95.7,,0.87,41.0,31,54,,
T,2026-04-14 14:46:15,53.47945,-2.23741667,2.0,95.6,,0.858,51.0,30,54,,
T,2026-04-14 14:46:16,53.47945,-2.23737833,2.0,95.7,,0.902,52.0,30,54,,
T,2026-04-14 14:46:17,53.47945833,-2.23735,2.0,96.0,,0.935,53.0,30,54,,
T,2026-04-14 14:46:18,53.47946333,-2.23732333,2.0,96.5,,0.966,57.0,32,54,,
T,2026-04-14 14:46:19,53.47946833,-2.23730667,2.0,96.4,,0.995,58.0,31,54,,
T,2026-04-14 14:46:20,53.47947167,-2.23728667,2.0,96.6,,1.018,55.0,30,54,,
T,2026-04-14 14:46:21,53.47947333,-2.23725833,2.0,97.0,,1.036,60.0,32,54,,
T,2026-04-14 14:46:22,53.47947167,-2.237225,2.0,97.4,,1.067,75.0,32,54,,
T,2026-04-14 14:46:23,53.47947167,-2.23719667,2.0,97.5,,1.054,74.0,30,54,,
T,2026-04-14 14:46:24,53.47947,-2.23715167,2.0,97.9,,1.058,64.0,30,54,,
T,2026-04-14 14:46:25,53.47947333,-2.23711833,1.9,98.3,,1.035,64.0,31,54,,
T,2026-04-14 14:46:26,53.479475,-2.23708333,1.9,98.5,,1.021,67.0,30,54,,
T,2026-04-14 14:46:27,53.47948333,-2.23706167,1.9,98.3,,1.005,62.0,30,54,,
T,2026-04-14 14:46:28,53.47949167,-2.237045,1.8,98.2,,0.986,54.0,30,54,,
T,2026-04-14 14:46:29,53.47950333,-2.237035,1.8,97.9,,0.972,51.0,31,54,,
T,2026-04-14 14:46:30,53.47951333,-2.23702333,1.8,97.6,,0.964,48.0,32,54,,
T,2026-04-14 14:46:31,53.479525,-2.23701333,1.8,97.0,,0.98,44.0,32,54,,
T,2026-04-14 14:46:32,53.479535,-2.23700667,1.8,96.5,,0.987,41.0,33,54,,
T,2026-04-14 14:46:33,53.479545,-2.236995,1.8,95.8,,1.006,40.0,33,54,,
T,2026-04-14 14:46:34,53.47955167,-2.23697667,1.8,95.3,,1.016,44.0,33,54,,
T,2026-04-14 14:46:35,53.47955667,-2.23696167,1.8,95.0,,1.047,49.0,31,54,,
T,2026-04-14 14:46:36,53.47956167,-2.23694833,1.8,94.7,,1.072,49.0,31,54,,
T,2026-04-14 14:46:37,53.47957,-2.236935,1.8,94.5,,1.098,50.0,31,54,,
T,2026-04-14 14:46:38,53.479575,-2.23691833,1.8,94.3,,1.109,48.0,31,54,,
T,2026-04-14 14:46:39,53.47958,-2.23690167,1.8,93.9,,1.149,46.0,32,54,,
T,2026-04-14 14:46:40,53.479585,-2.23688167,1.8,93.3,,1.191,44.0,32,54,,
T,2026-04-14 14:46:41,53.47959,-2.236855,1.9,92.8,,1.166,46.0,32,54,,
T,2026-04-14 14:46:42,53.47959333,-2.236845,2.1,92.9,,1.139,48.0,31,54,,
T,2026-04-14 14:46:43,53.4796,-2.236835,2.1,93.0,,1.124,51.0,30,54,,
T,2026-04-14 14:46:44,53.4796,-2.23680833,2.0,93.1,,1.138,52.0,29,54,,
T,2026-04-14 14:46:45,53.47960167,-2.23677667,2.0,93.3,,1.143,53.0,29,54,,
T,2026-04-14 14:46:46,53.479605,-2.23675,2.0,92.9,,1.124,53.0,29,54,,
T,2026-04-14 14:46:47,53.479605,-2.23672167,1.9,93.0,,1.103,52.0,29,54,,
T,2026-04-14 14:46:48,53.47960667,-2.23669833,1.9,92.7,,1.077,47.0,29,54,,
T,2026-04-14 14:46:49,53.47961,-2.23666833,1.9,92.2,,1.036,46.0,30,54,,
T,2026-04-14 14:46:50,53.479615,-2.23665,1.9,91.7,,0.992,43.0,30,54,,
T,2026-04-14 14:46:51,53.479615,-2.23662333,1.9,91.7,,0.999,45.0,31,54,,
T,2026-04-14 14:46:52,53.47961833,-2.23661333,1.9,91.8,,1.023,44.0,29,54,,
T,2026-04-14 14:46:53,53.47962,-2.236605,1.9,91.7,,1.027,43.0,31,54,,
T,2026-04-14 14:46:54,53.47962167,-2.23659667,1.8,91.9,,0.985,46.0,31,54,,
T,2026-04-14 14:46:55,53.47962333,-2.23659167,1.8,92.0,,0.926,46.0,31,54,,
T,2026-04-14 14:46:56,53.47962833,-2.23659167,1.8,92.3,,0.878,38.0,32,54,,
T,2026-04-14 14:46:57,53.47964,-2.23659667,1.8,92.4,,0.851,25.0,32,54,,
T,2026-04-14 14:46:58,53.47965833,-2.23660167,1.8,92.3,,0.84,21.0,31,54,,
T,2026-04-14 14:46:59,53.47969,-2.23664,1.8,92.5,,0.83,16.0,32,54,,
T,2026-04-14 14:47:00,53.47970167,-2.23664333,1.8,92.7,,0.815,6.0,31,54,,
T,2026-04-14 14:47:01,53.47972833,-2.23667833,1.8,92.9,,0.829,5.0,31,54,,
T,2026-04-14 14:47:02,53.47974167,-2.23669,1.9,92.9,,0.839,4.0,31,54,,
T,2026-04-14 14:47:03,53.47975167,-2.23670333,1.9,93.0,,0.842,358.0,31,54,,
T,2026-04-14 14:47:04,53.47976667,-2.23672333,1.9,93.0,,0.868,351.0,29,54,,
T,2026-04-14 14:47:05,53.47977833,-2.23673333,1.9,93.2,,0.912,347.0,30,54,,
T,2026-04-14 14:47:06,53.47979333,-2.236745,1.9,93.4,,0.97,344.0,31,54,,
T,2026-04-14 14:47:07,53.47981,-2.23676167,1.9,93.5,,1.033,340.0,29,54,,
T,2026-04-14 14:47:08,53.47982333,-2.23678333,2.0,93.4,,1.083,333.0,29,54,,
T,2026-04-14 14:47:09,53.47983667,-2.2368,2.0,93.4,,1.134,325.0,28,54,,
T,2026-04-14 14:47:10,53.47984833,-2.23682333,2.1,93.5,,1.166,327.0,28,54,,
T,2026-04-14 14:47:11,53.47986667,-2.23685,2.3,93.7,,1.175,332.0,28,54,,
T,2026-04-14 14:47:12,53.47988167,-2.236885,2.6,93.4,,1.146,327.0,28,54,,
T,2026-04-14 14:47:13,53.4799,-2.23691167,2.5,92.6,,1.174,327.0,28,54,,
T,2026-04-14 14:47:14,53.47992,-2.23692833,2.5,91.9,,1.255,327.0,26,54,,
T,2026-04-14 14:47:15,53.47991833,-2.23695167,2.4,91.7,,1.246,327.0,27,54,,
T,2026-04-14 14:47:16,53.47992167,-2.236965,2.4,91.0,,1.195,332.0,26,54,,
T,2026-04-14 14:47:17,53.47992,-2.23699,2.4,90.5,,1.091,337.0,25,54,,
T,2026-04-14 14:47:18,53.479925,-2.23701833,2.4,89.7,,0.991,337.0,25,54,,
T,2026-04-14 14:47:19,53.47992167,-2.23702667,2.4,89.9,,0.886,337.0,24,54,,
T,2026-04-14 14:47:20,53.47991333,-2.23703333,2.4,89.7,,0.779,337.0,25,54,,
T,2026-04-14 14:47:21,53.47991167,-2.23704167,2.4,89.8,,0.667,337.0,24,54,,
T,2026-04-14 14:47:22,53.47990833,-2.23705667,2.4,89.8,,0.593,346.0,23,54,,
T,2026-04-14 14:47:23,53.47991,-2.23706667,2.4,89.9,,0.477,1.0,24,54,,
T,2026-04-14 14:47:24,53.47991,-2.23707167,2.4,90.1,,0.0,,24,54,,
T,2026-04-14 14:47:25,53.47990667,-2.23707833,2.4,90.1,,0.0,,22,54,,
T,2026-04-14 14:47:26,53.479905,-2.23708167,2.4,90.2,,0.0,,25,54,,
T,2026-04-14 14:47:27,53.479905,-2.23708167,2.4,90.2,,0.0,,25,54,,
T,2026-04-14 14:47:28,53.479905,-2.23708167,2.4,90.2,,0.0,,25,54,,
T,2026-04-14 14:47:29,53.479905,-2.23708167,2.3,90.2,,0.0,,25,54,,
T,2026-04-14 14:47:30,53.479905,-2.23708167,2.3,90.2,,0.0,,26,54,,
T,2026-04-14 14:47:31,53.479905,-2.23708167,2.3,90.2,,0.0,,27,54,,
T,2026-04-14 14:47:32,53.479905,-2.23708167,2.3,90.2,,0.0,,28,53,,
T,2026-04-14 14:47:33,53.479905,-2.23708167,2.3,90.2,,0.0,,28,53,,
T,2026-04-14 14:47:34,53.479905,-2.23708167,2.3,90.2,,0.0,,28,53,,
T,2026-04-14 14:47:35,53.479905,-2.23708167,2.3,90.2,,0.0,,29,54,,
T,2026-04-14 14:47:36,53.479905,-2.23708167,2.2,90.2,,0.0,,29,54,,
T,2026-04-14 14:47:37,53.479905,-2.23708167,2.3,90.2,,0.0,,28,54,,
T,2026-04-14 14:47:38,53.479905,-2.23708167,2.3,90.2,,0.0,,29,54,,
T,2026-04-14 14:47:39,53.479905,-2.23708167,2.3,90.2,,0.0,,28,54,,
T,2026-04-14 14:47:40,53.479905,-2.23708167,2.3,90.2,,0.0,,31,54,,
T,2026-04-14 14:47:41,53.479905,-2.23708167,2.3,90.2,,0.0,,31,54,,
T,2026-04-14 14:47:42,53.479905,-2.23708167,2.5,90.2,,0.0,,30,54,,
T,2026-04-14 14:47:43,53.479905,-2.23708167,2.4,90.2,,0.0,,29,54,,
T,2026-04-14 14:47:44,53.479905,-2.23708167,2.3,90.2,,0.0,,28,54,,
T,2026-04-14 14:47:45,53.479905,-2.23708167,2.3,90.2,,0.0,,26,54,,
T,2026-04-14 14:47:46,53.479905,-2.23708167,2.3,90.2,,0.0,,25,54,,
T,2026-04-14 14:47:47,53.479905,-2.23708167,2.3,90.2,,0.0,,28,54,,
T,2026-04-14 14:47:48,53.479905,-2.23708167,2.3,90.2,,0.0,,29,54,,
T,2026-04-14 14:47:49,53.479905,-2.23708167,2.3,90.2,,0.0,,28,54,,
T,2026-04-14 14:47:50,53.479905,-2.23708167,2.3,90.2,,0.0,,30,54,,
T,2026-04-14 14:47:51,53.479905,-2.23708167,2.3,90.2,,0.0,,29,54,,
T,2026-04-14 14:47:52,53.47983667,-2.23718667,2.3,92.2,,0.189,198.0,30,54,,
T,2026-04-14 14:47:53,53.47983167,-2.23719167,2.3,92.3,,0.0,,30,54,,
T,2026-04-14 14:47:54,53.47982833,-2.23719833,2.3,92.4,,0.0,,30,54,,
T,2026-04-14 14:47:55,53.47981833,-2.23721,2.3,92.4,,0.0,,31,54,,
T,2026-04-14 14:47:56,53.47981833,-2.23721,2.3,92.4,,0.0,,32,54,,
T,2026-04-14 14:47:57,53.47981833,-2.23721,2.3,92.4,,0.0,,31,54,,
T,2026-04-14 14:47:58,53.47981833,-2.23721,2.3,92.4,,0.0,,31,54,,
T,2026-04-14 14:47:59,53.47981833,-2.23721,2.3,92.4,,0.0,,32,54,,
T,2026-04-14 14:48:00,53.47981833,-2.23721,2.3,92.4,,0.0,,32,54,,
T,2026-04-14 14:48:01,53.47981833,-2.23721,2.3,92.4,,0.0,,33,54,,
T,2026-04-14 14:48:02,53.47981833,-2.23721,2.3,92.4,,0.0,,31,54,,
T,2026-04-14 14:48:03,53.47981833,-2.23721,2.3,92.4,,0.0,,30,54,,
T,2026-04-14 14:48:04,53.47981833,-2.23721,2.3,92.4,,0.0,,28,54,,
T,2026-04-14 14:48:05,53.47981833,-2.23721,2.3,92.4,,0.0,,29,54,,
T,2026-04-14 14:48:06,53.47981833,-2.23721,2.3,92.4,,0.0,,29,54,,
T,2026-04-14 14:48:07,53.47981833,-2.23721,2.2,92.4,,0.0,,29,54,,
T,2026-04-14 14:48:08,53.47981833,-2.23721,2.2,92.4,,0.0,,30,54,,
T,2026-04-14 14:48:09,53.47981833,-2.23721,2.2,92.4,,0.0,,31,54,,
T,2026-04-14 14:48:10,53.47981833,-2.23721,2.2,92.4,,0.0,,30,54,,
T,2026-04-14 14:48:11,53.47981833,-2.23721,2.2,92.4,,0.0,,32,54,,
T,2026-04-14 14:48:12,53.47981833,-2.23721,2.2,92.4,,0.0,,31,54,,
T,2026-04-14 14:48:13,53.47981833,-2.23721,2.2,92.4,,0.0,,30,54,,
T,2026-04-14 14:48:14,53.47981833,-2.23721,2.2,92.4,,0.0,,29,54,,
T,2026-04-14 14:48:15,53.47981833,-2.23721,2.2,92.4,,0.0,,31,54,,
T,2026-04-14 14:48:16,53.47981833,-2.23721,2.2,92.4,,0.0,,32,54,,
T,2026-04-14 14:48:17,53.47981833,-2.23721,2.2,92.4,,0.0,,30,54,,
T,2026-04-14 14:48:18,53.47981833,-2.23721,2.2,92.4,,0.0,,31,54,,
T,2026-04-14 14:48:19,53.47981833,-2.23721,2.2,92.4,,0.0,,31,54,,
T,2026-04-14 14:48:20,53.47981833,-2.23721,2.2,92.4,,0.0,,31,54,,
T,2026-04-14 14:48:21,53.47981833,-2.23721,2.2,92.4,,0.0,,32,54,,
T,2026-04-14 14:48:22,53.47981833,-2.23721,2.2,92.4,,0.0,,33,54,,
T,2026-04-14 14:48:23,53.47981833,-2.23721,2.2,92.4,,0.0,,33,54,,
T,2026-04-14 14:48:24,53.47981833,-2.23721,2.2,92.4,,0.0,,32,54,,
T,2026-04-14 14:48:25,53.47981833,-2.23721,2.2,92.4,,0.0,,34,54,,
T,2026-04-14 14:48:26,53.47981833,-2.23721,2.2,92.4,,0.0,,34,54,,
T,2026-04-14 14:48:27,53.47981833,-2.23721,2.2,92.4,,0.0,,33,54,,
T,2026-04-14 14:48:28,53.47981833,-2.23721,2.2,92.4,,0.0,,33,54,,
T,2026-04-14 14:48:29,53.47981833,-2.23721,2.3,92.4,,0.0,,33,54,,
T,2026-04-14 14:48:30,53.47981833,-2.23721,2.3,92.4,,0.0,,33,54,,
T,2026-04-14 14:48:31,53.47981833,-2.23721,2.3,92.4,,0.0,,33,54,,
T,2026-04-14 14:48:32,53.47981833,-2.23721,2.3,92.4,,0.0,,34,54,,
T,2026-04-14 14:48:33,53.47981833,-2.23721,2.3,92.4,,0.0,,33,54,,
T,2026-04-14 14:48:34,53.47981833,-2.23721,2.3,92.4,,0.0,,31,54,,
T,2026-04-14 14:48:35,53.47981833,-2.23721,2.3,92.4,,0.0,,32,54,,
T,2026-04-14 14:48:36,53.47981833,-2.23721,2.3,92.4,,0.0,,32,54,,
T,2026-04-14 14:48:37,53.47981833,-2.23721,2.3,92.4,,0.0,,32,54,,
T,2026-04-14 14:48:38,53.47981833,-2.23721,2.3,92.4,,0.0,,33,54,,
T,2026-04-14 14:48:39,53.47981833,-2.23721,2.3,92.4,,0.0,,33,54,,
T,2026-04-14 14:48:40,53.47981833,-2.23721,2.3,92.4,,0.0,,34,54,,
T,2026-04-14 14:48:41,53.47981833,-2.23721,2.3,92.4,,0.0,,35,54,,
T,2026-04-14 14:48:42,53.47981833,-2.23721,2.3,92.4,,0.0,,34,54,,
T,2026-04-14 14:48:43,53.47981833,-2.23721,2.3,92.4,,0.0,,35,54,,
T,2026-04-14 14:48:44,53.47976333,-2.23727667,2.3,90.9,,0.161,7.0,34,53,,
T,2026-04-14 14:48:45,53.47977167,-2.23727833,2.4,90.6,,0.211,7.0,32,53,,
T,2026-04-14 14:48:46,53.47977833,-2.23729667,2.4,90.5,,0.279,336.0,31,54,,
T,2026-04-14 14:48:47,53.47978167,-2.23730833,2.3,90.3,,0.347,325.0,32,54,,
T,2026-04-14 14:48:48,53.47979,-2.23732,2.3,90.1,,0.419,319.0,32,54,,
T,2026-04-14 14:48:49,53.479795,-2.23733,2.3,89.8,,0.49,318.0,33,54,,
T,2026-04-14 14:48:50,53.47979667,-2.23734833,2.3,89.7,,0.556,306.0,35,54,,
T,2026-04-14 14:48:51,53.47980167,-2.237365,2.3,89.5,,0.634,305.0,36,54,,
T,2026-04-14 14:48:52,53.47981167,-2.23737833,2.3,89.5,,0.704,310.0,35,54,,
T,2026-04-14 14:48:53,53.479825,-2.23739,2.3,89.7,,0.75,309.0,35,54,,
T,2026-04-14 14:48:54,53.479835,-2.23740167,2.2,89.7,,0.795,317.0,35,54,,
T,2026-04-14 14:48:55,53.47985833,-2.23740167,2.1,90.2,,0.81,325.0,35,54,,
T,2026-04-14 14:48:56,53.47988167,-2.23740167,2.0,90.5,,0.798,333.0,34,54,,
T,2026-04-14 14:48:57,53.47989333,-2.23740167,2.0,90.4,,0.788,332.0,34,54,,
T,2026-04-14 14:48:58,53.479905,-2.23740667,1.9,90.6,,0.777,329.0,35,54,,
T,2026-04-14 14:48:59,53.479915,-2.23741667,1.8,90.6,,0.789,327.0,35,54,,
T,2026-04-14 14:49:00,53.479925,-2.23742333,1.8,90.6,,0.808,328.0,36,54,,
T,2026-04-14 14:49:01,53.479935,-2.23743333,1.8,90.6,,0.82,320.0,36,54,,
T,2026-04-14 14:49:02,53.479945,-2.23744333,1.8,90.5,,0.826,316.0,34,54,,
T,2026-04-14 14:49:03,53.47995333,-2.237455,1.8,90.4,,0.843,317.0,36,54,,
T,2026-04-14 14:49:04,53.47996167,-2.23746833,1.8,90.3,,0.861,317.0,36,54,,
T,2026-04-14 14:49:05,53.47997,-2.23747833,1.7,90.3,,0.901,319.0,37,54,,
T,2026-04-14 14:49:06,53.47997667,-2.23749,1.7,90.2,,0.953,317.0,36,54,,
T,2026-04-14 14:49:07,53.47998333,-2.23750333,1.7,90.0,,0.994,314.0,34,54,,
T,2026-04-14 14:49:08,53.47999,-2.23751167,1.7,89.9,,1.023,301.0,35,54,,
T,2026-04-14 14:49:09,53.479995,-2.23752,1.7,89.8,,1.032,303.0,35,54,,
T,2026-04-14 14:49:10,53.48000167,-2.237525,1.7,89.5,,1.023,306.0,33,54,,
T,2026-04-14 14:49:11,53.48001,-2.237535,1.7,89.5,,1.002,309.0,33,54,,
T,2026-04-14 14:49:12,53.48002167,-2.23755167,1.8,89.0,,1.019,314.0,33,54,,
T,2026-04-14 14:49:13,53.48003,-2.237565,1.8,88.8,,1.022,323.0,33,54,,
T,2026-04-14 14:49:14,53.48004,-2.23757667,1.7,88.6,,1.055,323.0,32,54,,
T,2026-04-14 14:49:15,53.48004833,-2.23758333,1.7,88.5,,1.044,319.0,34,54,,
T,2026-04-14 14:49:16,53.48005333,-2.23759167,1.7,88.4,,1.024,317.0,34,54,,
T,2026-04-14 14:49:17,53.48005833,-2.23760167,1.7,88.1,,1.016,316.0,33,54,,
T,2026-04-14 14:49:18,53.48006333,-2.23761167,1.7,88.1,,1.031,317.0,35,54,,
T,2026-04-14 14:49:19,53.48006667,-2.23763167,1.7,87.9,,1.037,318.0,34,54,,
T,2026-04-14 14:49:20,53.48007,-2.237645,1.7,87.9,,1.045,319.0,35,54,,
T,2026-04-14 14:49:21,53.48007333,-2.23765833,1.7,87.8,,1.069,318.0,35,54,,
T,2026-04-14 14:49:22,53.48007833,-2.23767167,1.7,87.9,,1.016,322.0,35,54,,
T,2026-04-14 14:49:23,53.48008333,-2.23768333,1.7,88.1,,0.984,323.0,34,54,,
T,2026-04-14 14:49:24,53.48008833,-2.23769,1.8,88.1,,0.929,323.0,32,54,,
T,2026-04-14 14:49:25,53.48009167,-2.23770667,1.8,88.4,,0.924,328.0,32,54,,
T,2026-04-14 14:49:26,53.48009333,-2.23771833,1.8,88.3,,0.914,326.0,31,54,,
T,2026-04-14 14:49:27,53.48009333,-2.23772833,1.8,88.1,,0.894,320.0,30,54,,
T,2026-04-14 14:49:28,53.480095,-2.23774167,1.8,88.1,,0.862,320.0,29,53,,
T,2026-04-14 14:49:29,53.48009833,-2.23775,1.8,88.0,,0.842,319.0,30,54,,
T,2026-04-14 14:49:30,53.4801,-2.23776333,1.8,87.9,,0.83,321.0,28,54,,
T,2026-04-14 14:49:31,53.48010167,-2.23777833,1.8,88.0,,0.803,324.0,30,54,,
T,2026-04-14 14:49:32,53.48011,-2.23779,1.8,88.0,,0.829,324.0,29,54,,
T,2026-04-14 14:49:33,53.48011667,-2.23780333,1.8,88.2,,0.854,323.0,31,54,,
T,2026-04-14 14:49:34,53.480125,-2.237815,1.8,88.2,,0.865,322.0,32,54,,
T,2026-04-14 14:49:35,53.48012833,-2.23782833,1.8,88.2,,0.859,320.0,32,54,,
T,2026-04-14 14:49:36,53.480135,-2.23783667,1.8,88.2,,0.87,321.0,32,54,,
T,2026-04-14 14:49:37,53.48014167,-2.237845,1.8,88.2,,0.88,322.0,32,54,,
T,2026-04-14 14:49:38,53.48014833,-2.237855,1.7,88.2,,0.888,320.0,32,54,,
T,2026-04-14 14:49:39,53.480155,-2.23786333,1.7,88.2,,0.89,322.0,31,54,,
T,2026-04-14 14:49:40,53.48016333,-2.23787333,1.7,88.2,,0.903,322.0,31,54,,
T,2026-04-14 14:49:41,53.48017,-2.237885,1.7,88.1,,0.93,320.0,32,54,,
T,2026-04-14 14:49:42,53.48017833,-2.23789,1.9,88.0,,0.936,322.0,32,54,,
T,2026-04-14 14:49:43,53.48018667,-2.23789167,1.8,88.0,,0.924,322.0,32,54,,
T,2026-04-14 14:49:44,53.48019833,-2.23789167,1.7,88.2,,0.907,325.0,31,54,,
T,2026-04-14 14:49:45,53.48021667,-2.23788667,1.8,88.3,,0.905,338.0,32,54,,
T,2026-04-14 14:49:46,53.48023667,-2.23788333,1.7,88.3,,0.903,341.0,32,54,,
T,2026-04-14 14:49:47,53.48025833,-2.23787667,1.7,88.6,,0.923,350.0,33,54,,
T,2026-04-14 14:49:48,53.480275,-2.23787833,1.6,88.8,,0.933,352.0,34,54,,
T,2026-04-14 14:49:49,53.48029,-2.23787333,1.6,88.9,,0.929,347.0,35,54,,
T,2026-04-14 14:49:50,53.48030833,-2.23786167,1.6,89.1,,0.912,345.0,34,54,,
T,2026-04-14 14:49:51,53.48031833,-2.23785667,1.6,88.7,,0.883,5.0,33,54,,
T,2026-04-14 14:49:52,53.48032667,-2.23785167,1.6,89.0,,0.826,29.0,34,54,,
T,2026-04-14 14:49:53,53.48033,-2.23784833,1.6,89.4,,0.762,62.0,34,54,,
T,2026-04-14 14:49:54,53.48033667,-2.23784667,1.6,89.7,,0.711,58.0,34,54,,
T,2026-04-14 14:49:55,53.48034333,-2.237845,1.6,90.1,,0.645,47.0,33,54,,
T,2026-04-14 14:49:56,53.48035167,-2.23784333,1.5,90.5,,0.585,43.0,33,54,,
T,2026-04-14 14:49:57,53.480355,-2.23784,1.5,90.6,,0.513,24.0,32,54,,
T,2026-04-14 14:49:58,53.48036,-2.23784,1.6,90.7,,0.443,6.0,32,54,,
T,2026-04-14 14:49:59,53.48036833,-2.237835,1.6,91.1,,0.41,353.0,32,54,,
T,2026-04-14 14:50:00,53.48038,-2.23782833,1.5,91.6,,0.381,351.0,32,54,,
T,2026-04-14 14:50:01,53.48038833,-2.23782333,1.6,92.0,,0.367,358.0,33,54,,
T,2026-04-14 14:50:02,53.48039667,-2.23781833,1.5,92.4,,0.382,0.0,35,54,,
T,2026-04-14 14:50:03,53.4804,-2.23781833,1.5,92.6,,0.417,0.0,33,54,,
T,2026-04-14 14:50:04,53.48040833,-2.23781667,1.5,93.0,,0.455,356.0,33,54,,
T,2026-04-14 14:50:05,53.48042167,-2.237815,1.5,93.4,,0.502,346.0,33,54,,
T,2026-04-14 14:50:06,53.48042667,-2.23781667,1.5,93.9,,0.539,343.0,34,54,,
T,2026-04-14 14:50:07,53.480435,-2.23781833,1.5,94.3,,0.58,335.0,33,54,,
T,2026-04-14 14:50:08,53.48044167,-2.23782333,1.5,94.5,,0.623,325.0,34,54,,
T,2026-04-14 14:50:09,53.48044833,-2.237835,1.5,94.5,,0.659,321.0,34,54,,
T,2026-04-14 14:50:10,53.48045167,-2.237845,1.5,94.5,,0.692,315.0,33,54,,
T,2026-04-14 14:50:11,53.48045333,-2.23785833,1.4,94.5,,0.712,312.0,33,54,,
T,2026-04-14 14:50:12,53.48045667,-2.23786667,1.5,94.6,,0.729,304.0,33,54,,
T,2026-04-14 14:50:13,53.480465,-2.23787167,1.5,94.4,,0.74,303.0,32,54,,
T,2026-04-14 14:50:14,53.48047,-2.23788,1.5,94.4,,0.746,309.0,31,54,,
T,2026-04-14 14:50:15,53.48047167,-2.23789,1.5,94.6,,0.745,312.0,33,54,,
T,2026-04-14 14:50:16,53.48048167,-2.2379,1.5,94.6,,0.755,314.0,34,54,,
T,2026-04-14 14:50:17,53.480485,-2.23791,1.5,94.8,,0.756,315.0,35,54,,
T,2026-04-14 14:50:18,53.48049167,-2.23792,1.5,94.9,,0.762,320.0,35,54,,
T,2026-04-14 14:50:19,53.48049833,-2.23792833,1.5,94.9,,0.759,320.0,34,54,,
T,2026-04-14 14:50:20,53.48050333,-2.237945,1.4,94.9,,0.772,316.0,34,54,,
T,2026-04-14 14:50:21,53.48050833,-2.23795833,1.5,94.6,,0.778,318.0,35,54,,
T,2026-04-14 14:50:22,53.48051333,-2.23797333,1.5,94.5,,0.806,318.0,35,54,,
T,2026-04-14 14:50:23,53.48052,-2.23798667,1.4,94.4,,0.832,317.0,33,54,,
T,2026-04-14 14:50:24,53.48052333,-2.23800167,1.4,94.4,,0.863,314.0,34,54,,
T,2026-04-14 14:50:25,53.48052833,-2.23801667,1.4,94.4,,0.915,309.0,34,54,,
T,2026-04-14 14:50:26,53.48053667,-2.23803,1.4,94.4,,0.956,311.0,34,54,,
T,2026-04-14 14:50:27,53.48054167,-2.23804333,1.4,94.3,,0.983,319.0,35,54,,
T,2026-04-14 14:50:28,53.48054833,-2.23805833,1.4,94.3,,1.01,321.0,35,54,,
T,2026-04-14 14:50:29,53.48055333,-2.23807333,1.5,94.1,,1.044,322.0,33,54,,
T,2026-04-14 14:50:30,53.48055833,-2.23809,1.5,94.0,,1.085,319.0,33,54,,
T,2026-04-14 14:50:31,53.48056167,-2.238105,1.6,94.0,,1.112,317.0,33,54,,
T,2026-04-14 14:50:32,53.48057,-2.23811,1.5,93.9,,1.107,320.0,33,55,,
T,2026-04-14 14:50:33,53.48058,-2.238115,1.5,93.8,,1.13,327.0,33,55,,
T,2026-04-14 14:50:34,53.48058833,-2.23812,1.5,93.8,,1.129,326.0,33,55,,
T,2026-04-14 14:50:35,53.480595,-2.23813,1.5,93.8,,1.111,322.0,34,55,,
T,2026-04-14 14:50:36,53.480595,-2.23814333,1.6,94.2,,1.101,320.0,34,55,,
T,2026-04-14 14:50:37,53.48059833,-2.23815,1.6,94.4,,1.06,321.0,34,55,,
T,2026-04-14 14:50:38,53.48060333,-2.23815833,1.5,94.5,,1.044,311.0,35,55,,
T,2026-04-14 14:50:39,53.48060833,-2.23816667,1.5,94.5,,1.021,307.0,35,55,,
T,2026-04-14 14:50:40,53.480615,-2.238175,1.5,94.2,,0.981,305.0,35,55,,
T,2026-04-14 14:50:41,53.48062167,-2.23818667,1.5,94.0,,0.965,315.0,35,55,,
T,2026-04-14 14:50:42,53.48062833,-2.23819667,1.5,93.8,,0.968,313.0,36,55,,
T,2026-04-14 14:50:43,53.480635,-2.23820167,1.5,93.7,,0.941,312.0,35,55,,
T,2026-04-14 14:50:44,53.48063833,-2.23821333,1.5,93.5,,0.908,311.0,35,55,,
T,2026-04-14 14:50:45,53.48064,-2.23822833,1.5,93.5,,0.866,306.0,35,55,,
T,2026-04-14 14:50:46,53.48064667,-2.23824333,1.5,93.3,,0.848,309.0,36,55,,
T,2026-04-14 14:50:47,53.48065167,-2.238255,1.5,93.2,,0.863,309.0,35,55,,
T,2026-04-14 14:50:48,53.48065667,-2.23826667,1.5,92.9,,0.852,304.0,34,55,,
T,2026-04-14 14:50:49,53.48066167,-2.238275,1.5,92.8,,0.837,299.0,34,55,,
T,2026-04-14 14:50:50,53.48066667,-2.238285,1.5,92.8,,0.817,300.0,34,55,,
T,2026-04-14 14:50:51,53.48067333,-2.23829667,1.5,92.8,,0.802,301.0,35,55,,
T,2026-04-14 14:50:52,53.48067833,-2.23830667,1.5,92.8,,0.794,312.0,34,55,,
T,2026-04-14 14:50:53,53.480685,-2.23831833,1.5,92.7,,0.797,317.0,35,55,,
T,2026-04-14 14:50:54,53.48069,-2.23832833,1.5,92.6,,0.819,312.0,35,55,,
T,2026-04-14 14:50:55,53.48069167,-2.23834,1.5,92.6,,0.84,303.0,35,55,,
T,2026-04-14 14:50:56,53.480695,-2.23835833,1.5,92.6,,0.846,302.0,34,55,,
T,2026-04-14 14:50:57,53.4807,-2.23837333,1.5,92.5,,0.866,303.0,34,55,,
T,2026-04-14 14:50:58,53.48070833,-2.23838833,1.5,92.3,,0.884,307.0,34,55,,
T,2026-04-14 14:50:59,53.48071667,-2.23840333,1.4,92.2,,0.906,305.0,34,55,,
T,2026-04-14 14:51:00,53.48072333,-2.238415,1.4,92.0,,0.891,305.0,34,55,,
T,2026-04-14 14:51:01,53.48072667,-2.238425,1.4,91.9,,0.873,308.0,35,55,,
T,2026-04-14 14:51:02,53.48073167,-2.23843167,1.4,91.9,,0.85,310.0,34,55,,
T,2026-04-14 14:51:03,53.48073667,-2.238445,1.4,91.8,,0.827,310.0,35,55,,
T,2026-04-14 14:51:04,53.48074,-2.238455,1.4,91.7,,0.814,307.0,34,55,,
T,2026-04-14 14:51:05,53.48074667,-2.23846167,1.4,91.7,,0.789,309.0,33,55,,
T,2026-04-14 14:51:06,53.48075,-2.238465,1.4,91.7,,0.742,320.0,35,55,,
T,2026-04-14 14:51:07,53.48075333,-2.23846667,1.4,91.6,,0.681,329.0,36,55,,
T,2026-04-14 14:51:08,53.48075167,-2.23847,1.4,91.7,,0.599,329.0,36,55,,
T,2026-04-14 14:51:09,53.48075,-2.23847,1.4,91.7,,0.506,328.0,36,55,,
T,2026-04-14 14:51:10,53.48074833,-2.23847333,1.4,91.9,,0.446,328.0,34,55,,
T,2026-04-14 14:51:11,53.48074667,-2.23847333,1.4,92.0,,0.0,,32,55,,
T,2026-04-14 14:51:12,53.48074333,-2.238475,1.5,92.0,,0.0,,33,55,,
T,2026-04-14 14:51:13,53.48073333,-2.23848333,1.7,92.4,,0.0,,32,55,,
T,2026-04-14 14:51:14,53.48073333,-2.23848333,1.6,92.4,,0.0,,35,55,,
T,2026-04-14 14:51:15,53.48073333,-2.23848333,1.5,92.4,,0.0,,35,55,,
T,2026-04-14 14:51:16,53.48073333,-2.23848333,1.5,92.4,,0.0,,34,55,,
T,2026-04-14 14:51:17,53.48073333,-2.23848333,1.4,92.4,,0.0,,34,55,,
T,2026-04-14 14:51:18,53.48073333,-2.23848333,1.4,92.4,,0.0,,34,55,,
T,2026-04-14 14:51:19,53.48073333,-2.23848333,1.4,92.4,,0.0,,35,55,,
T,2026-04-14 14:51:20,53.48073333,-2.23848333,1.4,92.4,,0.0,,36,55,,
T,2026-04-14 14:51:21,53.48073333,-2.23848333,1.4,92.4,,0.0,,36,55,,
T,2026-04-14 14:51:22,53.48073333,-2.23848333,1.4,92.4,,0.0,,34,55,,
T,2026-04-14 14:51:23,53.48073333,-2.23848333,1.4,92.4,,0.0,,35,55,,
T,2026-04-14 14:51:24,53.48073333,-2.23848333,1.4,92.4,,0.0,,35,55,,
T,2026-04-14 14:51:25,53.48073333,-2.23848333,1.3,92.4,,0.0,,35,55,,
T,2026-04-14 14:51:26,53.48073333,-2.23848333,1.3,92.4,,0.0,,35,55,,
T,2026-04-14 14:51:27,53.48073333,-2.23848333,1.3,92.4,,0.0,,35,55,,
T,2026-04-14 14:51:28,53.48073333,-2.23848333,1.3,92.4,,0.0,,35,55,,
T,2026-04-14 14:51:29,53.48073333,-2.23848333,1.3,92.4,,0.0,,35,55,,
T,2026-04-14 14:51:30,53.48073333,-2.23848333,1.3,92.4,,0.0,,37,55,,
T,2026-04-14 14:51:31,53.48073333,-2.23848333,1.3,92.4,,0.0,,37,55,,
T,2026-04-14 14:51:32,53.48077667,-2.238485,1.3,91.2,,0.257,299.0,36,55,,
T,2026-04-14 14:51:33,53.48078,-2.238495,1.3,91.1,,0.304,300.0,37,55,,
T,2026-04-14 14:51:34,53.48078333,-2.23850667,1.4,91.0,,0.349,310.0,36,55,,
T,2026-04-14 14:51:35,53.480785,-2.23851667,1.4,91.0,,0.375,310.0,35,55,,
T,2026-04-14 14:51:36,53.480785,-2.23852667,1.3,90.9,,0.39,303.0,36,55,,
T,2026-04-14 14:51:37,53.480785,-2.23853,1.3,90.9,,0.387,299.0,36,55,,
T,2026-04-14 14:51:38,53.48078167,-2.23853167,1.3,91.0,,0.0,,35,55,,
T,2026-04-14 14:51:39,53.48077833,-2.238535,1.3,91.1,,0.0,,36,55,,
T,2026-04-14 14:51:40,53.480775,-2.23853333,1.3,91.2,,0.0,,36,55,,
T,2026-04-14 14:51:41,53.480775,-2.23853333,1.4,91.2,,0.0,,36,55,,
T,2026-04-14 14:51:42,53.480775,-2.23853333,1.4,91.2,,0.0,,37,55,,
T,2026-04-14 14:51:43,53.480775,-2.23853333,1.6,91.2,,0.0,,36,55,,
T,2026-04-14 14:51:44,53.480775,-2.23853333,1.5,91.2,,0.0,,37,55,,
T,2026-04-14 14:51:45,53.480775,-2.23853333,1.4,91.2,,0.0,,36,55,,
T,2026-04-14 14:51:46,53.480775,-2.23853333,1.4,91.2,,0.0,,35,55,,
T,2026-04-14 14:51:47,53.480775,-2.23853333,1.4,91.2,,0.0,,33,55,,
T,2026-04-14 14:51:48,53.480775,-2.23853333,1.4,91.2,,0.0,,35,55,,
T,2026-04-14 14:51:49,53.480775,-2.23853333,1.4,91.2,,0.0,,35,55,,
T,2026-04-14 14:51:50,53.480775,-2.23853333,1.4,91.2,,0.0,,35,55,,
T,2026-04-14 14:51:51,53.480775,-2.23853333,1.4,91.2,,0.0,,36,55,,
T,2026-04-14 14:51:52,53.48076833,-2.23857,1.4,91.8,,0.215,299.0,35,55,,
T,2026-04-14 14:51:53,53.48077,-2.23857667,1.4,91.9,,0.237,295.0,36,55,,
T,2026-04-14 14:51:54,53.480775,-2.23858167,1.4,92.1,,0.255,308.0,36,55,,
T,2026-04-14 14:51:55,53.48077167,-2.23858667,1.4,92.3,,0.0,,36,55,,
T,2026-04-14 14:51:56,53.48076667,-2.23859167,1.5,92.3,,0.278,198.0,35,55,,
T,2026-04-14 14:51:57,53.480765,-2.23859667,1.5,92.3,,0.288,198.0,36,55,,
T,2026-04-14 14:51:58,53.480765,-2.23859833,1.5,92.2,,0.272,229.0,37,55,,
T,2026-04-14 14:51:59,53.48076167,-2.23860333,1.5,92.2,,0.237,240.0,37,55,,
T,2026-04-14 14:52:00,53.48075833,-2.23860833,1.4,92.4,,0.248,234.0,37,55,,
T,2026-04-14 14:52:01,53.48075833,-2.23860833,1.4,92.5,,0.22,222.0,36,55,,
T,2026-04-14 14:52:02,53.48075833,-2.238605,1.4,92.8,,0.0,,36,55,,
T,2026-04-14 14:52:03,53.48075667,-2.23860167,1.4,93.1,,0.0,,35,55,,
T,2026-04-14 14:52:04,53.48075667,-2.2386,1.4,93.3,,0.0,,35,55,,
T,2026-04-14 14:52:05,53.48075667,-2.2386,1.4,93.3,,0.0,,35,55,,
T,2026-04-14 14:52:06,53.48075667,-2.2386,1.3,93.3,,0.0,,35,55,,
T,2026-04-14 14:52:07,53.48075667,-2.2386,1.3,93.3,,0.0,,35,55,,
T,2026-04-14 14:52:08,53.48075667,-2.2386,1.2,93.3,,0.0,,36,55,,
T,2026-04-14 14:52:09,53.48075667,-2.2386,1.2,93.3,,0.0,,35,55,,
T,2026-04-14 14:52:10,53.48075667,-2.2386,1.3,93.3,,0.0,,35,55,,
T,2026-04-14 14:52:11,53.48075667,-2.2386,1.3,93.3,,0.0,,33,55,,
T,2026-04-14 14:52:12,53.48075667,-2.2386,1.3,93.3,,0.0,,34,55,,
T,2026-04-14 14:52:13,53.48075667,-2.2386,1.3,93.3,,0.0,,35,55,,
T,2026-04-14 14:52:14,53.48075667,-2.2386,1.3,93.3,,0.0,,36,55,,
T,2026-04-14 14:52:15,53.48075667,-2.2386,1.3,93.3,,0.0,,37,55,,
T,2026-04-14 14:52:16,53.48075667,-2.2386,1.3,93.3,,0.0,,37,55,,
T,2026-04-14 14:52:17,53.48075667,-2.2386,1.3,93.3,,0.0,,36,55,,
T,2026-04-14 14:52:18,53.48075667,-2.2386,1.3,93.3,,0.0,,35,55,,
T,2026-04-14 14:52:19,53.48075667,-2.2386,1.3,93.3,,0.0,,35,55,,
T,2026-04-14 14:52:20,53.48075667,-2.2386,1.3,93.3,,0.0,,36,55,,
T,2026-04-14 14:52:21,53.48075667,-2.2386,1.3,93.3,,0.0,,36,55,,
T,2026-04-14 14:52:22,53.48075667,-2.2386,1.3,93.3,,0.0,,36,55,,
T,2026-04-14 14:52:23,53.48075667,-2.2386,1.3,93.3,,0.0,,36,55,,
T,2026-04-14 14:52:24,53.48075667,-2.2386,1.3,93.3,,0.0,,37,55,,
T,2026-04-14 14:52:25,53.48075667,-2.2386,1.3,93.3,,0.0,,37,55,,
T,2026-04-14 14:52:26,53.48075667,-2.2386,1.3,93.3,,0.0,,37,55,,
T,2026-04-14 14:52:27,53.48075667,-2.2386,1.3,93.3,,0.0,,37,55,,
T,2026-04-14 14:52:28,53.48075667,-2.2386,1.3,93.3,,0.0,,37,55,,
T,2026-04-14 14:52:29,53.48075667,-2.2386,1.3,93.3,,0.0,,37,55,,
T,2026-04-14 14:52:30,53.48075667,-2.2386,1.3,93.3,,0.0,,37,55,,
T,2026-04-14 14:52:31,53.48075667,-2.2386,1.3,93.3,,0.0,,37,55,,
T,2026-04-14 14:52:32,53.48075667,-2.2386,1.3,93.3,,0.0,,37,55,,
T,2026-04-14 14:52:33,53.48075667,-2.2386,1.3,93.3,,0.0,,37,55,,
T,2026-04-14 14:52:34,53.48075667,-2.2386,1.3,93.3,,0.0,,37,55,,
T,2026-04-14 14:52:35,53.48075667,-2.2386,1.3,96.4,,0.0,,37,55,,
T,2026-04-14 14:52:36,53.48075667,-2.2386,1.3,96.4,,0.0,,37,55,,
T,2026-04-14 14:52:37,53.48075667,-2.2386,1.3,96.4,,0.0,,37,55,,
T,2026-04-14 14:52:38,53.48075667,-2.2386,1.2,96.4,,0.0,,37,55,,
T,2026-04-14 14:52:39,53.48075667,-2.2386,1.2,96.4,,0.0,,37,55,,
T,2026-04-14 14:52:40,53.48075667,-2.2386,1.2,96.4,,0.0,,36,55,,
T,2026-04-14 14:52:41,53.48075667,-2.2386,1.2,96.4,,0.0,,36,55,,
T,2026-04-14 14:52:42,53.48075667,-2.2386,1.2,96.4,,0.0,,36,55,,
T,2026-04-14 14:52:43,53.48075667,-2.2386,1.2,96.4,,0.0,,36,55,,
T,2026-04-14 14:52:44,53.48075667,-2.2386,1.2,96.4,,0.0,,36,55,,
T,2026-04-14 14:52:45,53.48075667,-2.2386,1.2,96.4,,0.0,,36,54,,
T,2026-04-14 14:52:46,53.48075667,-2.2386,1.3,96.4,,0.0,,36,54,,
T,2026-04-14 14:52:47,53.48075667,-2.2386,1.2,96.4,,0.0,,36,54,,
T,2026-04-14 14:52:48,53.48075667,-2.2386,1.2,96.4,,0.0,,37,54,,
T,2026-04-14 14:52:49,53.48075667,-2.2386,1.2,96.4,,0.0,,37,54,,
T,2026-04-14 14:52:50,53.48075667,-2.2386,1.2,96.4,,0.0,,37,54,,
T,2026-04-14 14:52:51,53.48075667,-2.2386,1.2,96.4,,0.0,,37,54,,
T,2026-04-14 14:52:52,53.48075667,-2.2386,1.2,96.4,,0.0,,37,54,,
T,2026-04-14 14:52:53,53.48075667,-2.2386,1.2,96.4,,0.0,,36,54,,
T,2026-04-14 14:52:54,53.48075667,-2.2386,1.2,96.4,,0.0,,36,54,,
T,2026-04-14 14:52:55,53.48075667,-2.2386,1.2,96.4,,0.0,,36,54,,
T,2026-04-14 14:52:56,53.48075667,-2.2386,1.2,96.4,,0.0,,36,54,,
T,2026-04-14 14:52:57,53.48075667,-2.2386,1.2,96.4,,0.0,,36,54,,
T,2026-04-14 14:52:58,53.48075667,-2.2386,1.2,96.4,,0.0,,36,53,,
T,2026-04-14 14:52:59,53.48075667,-2.2386,1.2,96.4,,0.0,,36,53,,
T,2026-04-14 14:53:00,53.48075667,-2.2386,1.2,96.4,,0.0,,36,53,,
T,2026-04-14 14:53:01,53.48075667,-2.2386,1.2,96.4,,0.0,,36,53,,
T,2026-04-14 14:53:02,53.48075667,-2.2386,1.3,96.4,,0.0,,36,53,,
T,2026-04-14 14:53:03,53.48075667,-2.2386,1.3,96.4,,0.0,,36,53,,
T,2026-04-14 14:53:04,53.48075667,-2.2386,1.3,96.4,,0.0,,37,53,,
T,2026-04-14 14:53:05,53.48075667,-2.2386,1.3,96.4,,0.0,,37,53,,
T,2026-04-14 14:53:06,53.48075667,-2.2386,1.3,96.4,,0.0,,37,53,,
T,2026-04-14 14:53:07,53.48075667,-2.2386,1.3,96.4,,0.0,,36,53,,
T,2026-04-14 14:53:08,53.48075667,-2.2386,1.4,96.4,,0.0,,36,53,,
T,2026-04-14 14:53:09,53.48075667,-2.2386,1.4,96.4,,0.0,,36,53,,
T,2026-04-14 14:53:10,53.48075667,-2.2386,1.4,96.4,,0.0,,36,53,,
T,2026-04-14 14:53:11,53.48075667,-2.2386,1.3,96.4,,0.0,,36,53,,
T,2026-04-14 14:53:12,53.48075667,-2.2386,1.3,96.4,,0.0,,36,53,,
T,2026-04-14 14:53:13,53.48075667,-2.2386,1.3,96.4,,0.0,,35,53,,
T,2026-04-14 14:53:14,53.48075667,-2.2386,1.3,96.4,,0.0,,36,53,,
T,2026-04-14 14:53:15,53.48075667,-2.2386,1.3,96.4,,0.0,,36,53,,
T,2026-04-14 14:53:16,53.48075667,-2.2386,1.3,96.4,,0.0,,36,53,,
T,2026-04-14 14:53:17,53.48075667,-2.2386,1.3,96.4,,0.0,,36,53,,
T,2026-04-14 14:53:18,53.48075667,-2.2386,1.4,96.4,,0.0,,36,53,,
T,2026-04-14 14:53:19,53.48075667,-2.2386,1.4,96.4,,0.0,,36,53,,
T,2026-04-14 14:53:20,53.48075667,-2.2386,1.4,96.4,,0.0,,37,53,,
T,2026-04-14 14:53:21,53.48075667,-2.2386,1.4,96.4,,0.0,,37,53,,
T,2026-04-14 14:53:22,53.48075667,-2.2386,1.4,96.4,,0.0,,37,53,,
T,2026-04-14 14:53:23,53.48075667,-2.2386,1.5,96.4,,0.0,,37,53,,
T,2026-04-14 14:53:24,53.48075667,-2.2386,1.5,96.4,,0.0,,37,53,,
T,2026-04-14 14:53:25,53.48075667,-2.2386,1.5,96.4,,0.0,,37,53,,
T,2026-04-14 14:53:26,53.48075667,-2.2386,1.5,96.4,,0.0,,37,53,,
T,2026-04-14 14:53:27,53.48075667,-2.2386,1.5,96.4,,0.0,,37,53,,
T,2026-04-14 14:53:28,53.48075667,-2.2386,1.5,96.4,,0.0,,37,53,,
T,2026-04-14 14:53:29,53.48069333,-2.23856,1.5,101.1,,0.269,137.0,37,53,,
T,2026-04-14 14:53:30,53.48069167,-2.23852833,1.5,101.7,,0.329,135.0,37,53,,
T,2026-04-14 14:53:31,53.48069167,-2.238505,1.5,101.6,,0.394,138.0,37,53,,
T,2026-04-14 14:53:32,53.48069167,-2.23848333,1.5,101.6,,0.464,125.0,36,53,,
T,2026-04-14 14:53:33,53.48069333,-2.23846667,1.4,101.6,,0.531,127.0,36,53,,
T,2026-04-14 14:53:34,53.480695,-2.23843667,1.5,101.5,,0.604,124.0,36,53,,
T,2026-04-14 14:53:35,53.48069,-2.23842167,1.6,101.3,,0.678,125.0,36,53,,
T,2026-04-14 14:53:36,53.48069333,-2.23840833,1.5,101.3,,0.734,123.0,36,53,,
T,2026-04-14 14:53:37,53.480695,-2.23839,1.5,101.3,,0.796,121.0,36,53,,
T,2026-04-14 14:53:38,53.48069833,-2.23838167,1.5,101.0,,0.835,127.0,37,53,,
T,2026-04-14 14:53:39,53.48069667,-2.23836833,1.4,100.9,,0.856,132.0,35,53,,
T,2026-04-14 14:53:40,53.48069333,-2.23835333,1.4,100.9,,0.87,134.0,37,53,,
T,2026-04-14 14:53:41,53.48069,-2.23834,1.4,100.7,,0.872,134.0,37,53,,
T,2026-04-14 14:53:42,53.480685,-2.238325,1.4,100.5,,0.878,134.0,36,53,,
T,2026-04-14 14:53:43,53.48067833,-2.23830833,1.5,100.5,,0.898,137.0,37,53,,
T,2026-04-14 14:53:44,53.480675,-2.238295,1.5,100.5,,0.905,135.0,36,53,,
T,2026-04-14 14:53:45,53.48067,-2.23827,1.5,100.8,,0.921,127.0,36,53,,
T,2026-04-14 14:53:46,53.48066833,-2.23825333,1.5,100.8,,0.953,125.0,36,53,,
T,2026-04-14 14:53:47,53.48067,-2.23824,1.5,100.6,,0.955,127.0,37,53,,
T,2026-04-14 14:53:48,53.48067167,-2.23823,1.5,100.1,,0.922,129.0,36,53,,
T,2026-04-14 14:53:49,53.48067333,-2.23821833,1.5,99.6,,0.927,133.0,36,53,,
T,2026-04-14 14:53:50,53.48067167,-2.23821,1.5,99.2,,0.925,137.0,36,53,,
T,2026-04-14 14:53:51,53.48067,-2.238195,1.5,98.7,,0.919,137.0,36,53,,
T,2026-04-14 14:53:52,53.48066667,-2.23819,1.5,98.4,,0.91,138.0,36,53,,
T,2026-04-14 14:53:53,53.48066333,-2.23818333,1.4,98.1,,0.886,140.0,37,53,,
T,2026-04-14 14:53:54,53.48066,-2.23817833,1.5,97.6,,0.861,125.0,38,53,,
T,2026-04-14 14:53:55,53.480655,-2.23817,1.5,97.2,,0.844,117.0,38,53,,
T,2026-04-14 14:53:56,53.48065,-2.23816,1.5,96.6,,0.823,106.0,38,53,,
T,2026-04-14 14:53:57,53.48064,-2.238155,1.6,96.0,,0.818,107.0,38,53,,
T,2026-04-14 14:53:58,53.48062667,-2.23815167,1.6,95.7,,0.884,121.0,38,53,,
T,2026-04-14 14:53:59,53.48062,-2.23814167,1.5,95.6,,0.903,133.0,38,53,,
T,2026-04-14 14:54:00,53.48061333,-2.23813333,1.5,95.1,,0.917,129.0,38,53,,
T,2026-04-14 14:54:01,53.48060667,-2.23812667,1.5,94.8,,0.905,126.0,38,53,,
T,2026-04-14 14:54:02,53.480605,-2.23812667,1.4,94.7,,0.858,131.0,38,53,,
T,2026-04-14 14:54:03,53.48060667,-2.23812333,1.4,94.8,,0.809,135.0,36,53,,
T,2026-04-14 14:54:04,53.48061,-2.238125,1.4,94.8,,0.747,150.0,37,53,,
T,2026-04-14 14:54:05,53.48060833,-2.23811667,1.4,94.6,,0.667,163.0,37,53,,
T,2026-04-14 14:54:06,53.48060667,-2.23810667,1.4,94.8,,0.606,161.0,37,53,,
T,2026-04-14 14:54:07,53.48060167,-2.238095,1.4,95.0,,0.58,159.0,37,53,,
T,2026-04-14 14:54:08,53.48059333,-2.23808667,1.4,95.1,,0.533,158.0,37,53,,
T,2026-04-14 14:54:09,53.480585,-2.23808,1.5,94.9,,0.508,152.0,37,53,,
T,2026-04-14 14:54:10,53.480575,-2.238075,1.5,94.8,,0.494,145.0,37,53,,
T,2026-04-14 14:54:11,53.48056,-2.23806833,1.5,95.0,,0.514,148.0,37,52,,
T,2026-04-14 14:54:12,53.480545,-2.23806167,1.5,95.5,,0.578,147.0,37,52,,
T,2026-04-14 14:54:13,53.48053667,-2.23805,1.5,96.2,,0.605,148.0,37,52,,
T,2026-04-14 14:54:14,53.48052833,-2.23803333,1.8,96.5,,0.722,152.0,37,52,,
T,2026-04-14 14:54:15,53.48052167,-2.23801833,1.7,97.0,,0.846,147.0,36,52,,
T,2026-04-14 14:54:16,53.480515,-2.238,1.6,97.1,,0.899,139.0,36,52,,
T,2026-04-14 14:54:17,53.480515,-2.23798167,1.5,96.9,,0.934,125.0,36,52,,
T,2026-04-14 14:54:18,53.48051,-2.23795833,1.5,96.8,,0.992,122.0,36,52,,
T,2026-04-14 14:54:19,53.48050667,-2.237945,1.5,96.3,,1.003,130.0,36,52,,
T,2026-04-14 14:54:20,53.48050333,-2.23793667,1.4,96.3,,1.0,132.0,36,52,,
T,2026-04-14 14:54:21,53.4805,-2.23792833,1.4,96.5,,0.98,127.0,36,52,,
T,2026-04-14 14:54:22,53.480495,-2.23792167,1.4,96.6,,0.962,123.0,36,52,,
T,2026-04-14 14:54:23,53.48048833,-2.23791667,1.4,96.8,,0.98,120.0,36,52,,
T,2026-04-14 14:54:24,53.48048333,-2.23791,1.4,96.9,,0.919,121.0,37,52,,
T,2026-04-14 14:54:25,53.48047667,-2.23790167,1.4,97.2,,0.861,134.0,37,52,,
T,2026-04-14 14:54:26,53.48047167,-2.23789,1.5,97.5,,0.862,146.0,37,52,,
T,2026-04-14 14:54:27,53.48047,-2.23787333,1.4,97.6,,0.854,146.0,37,52,,
T,2026-04-14 14:54:28,53.48046167,-2.23786,1.5,97.5,,0.838,131.0,37,52,,
T,2026-04-14 14:54:29,53.48045833,-2.23784333,1.5,97.6,,0.858,124.0,36,52,,
T,2026-04-14 14:54:30,53.48045333,-2.23783,1.4,97.8,,0.891,110.0,37,52,,
T,2026-04-14 14:54:31,53.48045,-2.23781667,1.4,97.9,,0.914,104.0,37,52,,
T,2026-04-14 14:54:32,53.48044833,-2.23780333,1.4,98.0,,0.936,106.0,37,52,,
T,2026-04-14 14:54:33,53.48044833,-2.23778833,1.4,98.2,,0.949,104.0,37,52,,
T,2026-04-14 14:54:34,53.48045,-2.237775,1.4,98.4,,0.989,96.0,36,52,,
T,2026-04-14 14:54:35,53.48044833,-2.237765,1.4,98.6,,1.011,94.0,34,52,,
T,2026-04-14 14:54:36,53.48045333,-2.237755,1.4,98.6,,1.008,89.0,34,52,,
T,2026-04-14 14:54:37,53.480455,-2.23774667,1.4,98.9,,0.98,73.0,36,52,,
T,2026-04-14 14:54:38,53.48046,-2.23773667,1.4,98.8,,0.953,56.0,36,52,,
T,2026-04-14 14:54:39,53.48046833,-2.23772667,1.4,98.7,,0.94,47.0,36,52,,
T,2026-04-14 14:54:40,53.48047667,-2.237715,1.4,98.6,,0.939,37.0,37,52,,
T,2026-04-14 14:54:41,53.48048667,-2.237705,1.4,98.6,,0.952,34.0,37,52,,
T,2026-04-14 14:54:42,53.48049667,-2.23769667,1.4,98.7,,0.98,30.0,37,52,,
T,2026-04-14 14:54:43,53.48050833,-2.23769167,1.6,98.6,,0.989,30.0,35,52,,
T,2026-04-14 14:54:44,53.48051833,-2.237685,1.5,98.4,,0.971,30.0,36,52,,
T,2026-04-14 14:54:45,53.480525,-2.237675,1.5,98.2,,0.977,32.0,35,52,,
T,2026-04-14 14:54:46,53.48053333,-2.23766833,1.5,98.2,,0.977,32.0,35,52,,
T,2026-04-14 14:54:47,53.480545,-2.23766167,1.5,98.0,,1.04,29.0,36,52,,
T,2026-04-14 14:54:48,53.48055833,-2.237655,1.5,97.9,,1.073,23.0,36,52,,
T,2026-04-14 14:54:49,53.480565,-2.237645,1.5,97.5,,1.088,23.0,36,52,,
T,2026-04-14 14:54:50,53.48057333,-2.237635,1.4,97.1,,1.088,26.0,37,52,,
T,2026-04-14 14:54:51,53.48058,-2.237625,1.4,96.8,,1.098,27.0,36,52,,
T,2026-04-14 14:54:52,53.48058333,-2.23761667,1.4,96.7,,1.043,27.0,37,52,,
T,2026-04-14 14:54:53,53.48058667,-2.23760667,1.4,96.4,,1.023,29.0,37,52,,
T,2026-04-14 14:54:54,53.480595,-2.237595,1.4,96.2,,1.002,49.0,36,52,,
T,2026-04-14 14:54:55,53.48060167,-2.237585,1.4,96.0,,0.99,49.0,37,52,,
T,2026-04-14 14:54:56,53.48061,-2.23757333,1.4,95.7,,1.019,32.0,37,52,,
T,2026-04-14 14:54:57,53.48062,-2.23756167,1.4,95.4,,1.017,32.0,36,52,,
T,2026-04-14 14:54:58,53.48062833,-2.23754833,1.4,95.2,,1.039,33.0,37,52,,
T,2026-04-14 14:54:59,53.480635,-2.23753333,1.4,94.9,,1.036,30.0,37,52,,
T,2026-04-14 14:55:00,53.48064,-2.23751167,1.4,94.3,,1.018,36.0,37,52,,
T,2026-04-14 14:55:01,53.48064333,-2.23749333,1.5,93.5,,1.002,42.0,37,52,,
T,2026-04-14 14:55:02,53.48065,-2.23747833,1.5,93.0,,1.037,51.0,36,52,,
T,2026-04-14 14:55:03,53.48065667,-2.237465,1.5,92.8,,1.042,60.0,38,52,,
T,2026-04-14 14:55:04,53.48066333,-2.23745,1.5,92.5,,1.077,61.0,37,52,,
T,2026-04-14 14:55:05,53.48066833,-2.23743167,1.5,92.2,,1.11,60.0,37,52,,
T,2026-04-14 14:55:06,53.48067333,-2.23741,1.5,92.0,,1.087,53.0,37,52,,
T,2026-04-14 14:55:07,53.48067667,-2.23739333,1.5,91.9,,1.054,50.0,38,52,,
T,2026-04-14 14:55:08,53.48068333,-2.23738,1.4,91.9,,1.034,53.0,38,52,,
T,2026-04-14 14:55:09,53.48069167,-2.23736667,1.4,92.0,,1.03,55.0,38,52,,
T,2026-04-14 14:55:10,53.48070167,-2.237355,1.5,91.8,,1.018,51.0,38,52,,
T,2026-04-14 14:55:11,53.48070833,-2.23734333,1.5,91.8,,0.982,52.0,38,52,,
T,2026-04-14 14:55:12,53.48071667,-2.23733667,1.4,91.8,,0.927,50.0,38,52,,
T,2026-04-14 14:55:13,53.48072,-2.23733667,1.6,91.9,,0.931,48.0,38,52,,
T,2026-04-14 14:55:14,53.480725,-2.23732,1.5,91.9,,0.903,47.0,38,52,,
T,2026-04-14 14:55:15,53.48073333,-2.23730333,1.5,92.2,,0.883,46.0,37,52,,
T,2026-04-14 14:55:16,53.480745,-2.23729167,1.6,92.4,,0.92,41.0,36,52,,
T,2026-04-14 14:55:17,53.48075167,-2.23728333,1.5,92.2,,0.923,33.0,37,52,,
T,2026-04-14 14:55:18,53.48075667,-2.23727,1.5,92.0,,0.891,31.0,37,52,,
T,2026-04-14 14:55:19,53.480765,-2.23726,1.5,91.9,,0.897,33.0,37,52,,
T,2026-04-14 14:55:20,53.480775,-2.237255,1.5,92.2,,0.954,30.0,37,52,,
T,2026-04-14 14:55:21,53.48078167,-2.23724333,1.5,92.2,,1.019,31.0,37,52,,
T,2026-04-14 14:55:22,53.48078667,-2.237235,1.5,92.3,,1.075,29.0,37,52,,
T,2026-04-14 14:55:23,53.480795,-2.23723,1.5,92.3,,1.102,27.0,37,52,,
T,2026-04-14 14:55:24,53.4808,-2.23722333,1.5,92.5,,1.057,41.0,38,52,,
T,2026-04-14 14:55:25,53.48079833,-2.23722333,1.5,92.7,,0.96,41.0,37,52,,
T,2026-04-14 14:55:26,53.480795,-2.23722,1.4,92.8,,0.843,55.0,37,52,,
T,2026-04-14 14:55:27,53.48079,-2.23721833,1.4,92.7,,0.768,55.0,37,52,,
T,2026-04-14 14:55:28,53.48078667,-2.237215,1.4,92.8,,0.697,55.0,37,52,,
T,2026-04-14 14:55:29,53.48078667,-2.23721667,1.3,93.1,,0.593,104.0,36,52,,
T,2026-04-14 14:55:30,53.48078667,-2.23721833,1.3,93.1,,0.476,104.0,35,52,,
T,2026-04-14 14:55:31,53.48078833,-2.23722,1.3,93.2,,0.0,,36,52,,
T,2026-04-14 14:55:32,53.48078833,-2.23722,1.4,93.0,,0.0,,35,52,,
T,2026-04-14 14:55:33,53.48078833,-2.23722,1.3,92.9,,0.0,,35,52,,
T,2026-04-14 14:55:34,53.48078833,-2.23722,1.3,92.9,,0.0,,34,52,,
T,2026-04-14 14:55:35,53.48078833,-2.23722,1.3,92.9,,0.0,,34,52,,
T,2026-04-14 14:55:36,53.48078833,-2.23722,1.3,92.9,,0.0,,33,52,,
T,2026-04-14 14:55:37,53.48078833,-2.23722,1.3,92.9,,0.0,,35,52,,
T,2026-04-14 14:55:38,53.48078833,-2.23722,1.3,92.9,,0.0,,34,52,,
T,2026-04-14 14:55:39,53.48078833,-2.23722,1.3,92.9,,0.0,,33,52,,
T,2026-04-14 14:55:40,53.48077,-2.23722833,1.3,92.6,,0.201,341.0,35,52,,
T,2026-04-14 14:55:41,53.48076,-2.23722667,1.4,92.6,,0.244,264.0,35,52,,
T,2026-04-14 14:55:42,53.48075333,-2.23721833,1.4,92.7,,0.305,188.0,35,52,,
T,2026-04-14 14:55:43,53.48074667,-2.23721167,1.4,92.8,,0.358,168.0,36,52,,
T,2026-04-14 14:55:44,53.48073667,-2.23720667,1.4,93.3,,0.405,148.0,36,52,,
T,2026-04-14 14:55:45,53.48073,-2.237195,1.4,93.7,,0.471,144.0,36,52,,
T,2026-04-14 14:55:46,53.48072167,-2.237185,1.4,94.1,,0.538,140.0,36,52,,
T,2026-04-14 14:55:47,53.48071833,-2.237175,1.4,94.1,,0.602,138.0,36,52,,
T,2026-04-14 14:55:48,53.48071,-2.23716167,1.4,94.2,,0.66,139.0,36,52,,
T,2026-04-14 14:55:49,53.480705,-2.237155,1.5,94.1,,0.691,142.0,37,53,,
T,2026-04-14 14:55:50,53.48069667,-2.23714667,1.5,94.0,,0.736,143.0,37,53,,
T,2026-04-14 14:55:51,53.48068833,-2.23713833,1.4,94.1,,0.776,138.0,37,53,,
T,2026-04-14 14:55:52,53.48068,-2.23712833,1.4,94.2,,0.809,135.0,37,53,,
T,2026-04-14 14:55:53,53.48067167,-2.23711833,1.4,94.2,,0.853,141.0,36,53,,
T,2026-04-14 14:55:54,53.48066167,-2.23711,1.5,93.8,,0.859,142.0,35,53,,
T,2026-04-14 14:55:55,53.48065333,-2.23710333,1.4,93.8,,0.846,146.0,35,53,,
T,2026-04-14 14:55:56,53.480645,-2.23709333,1.4,93.7,,0.852,153.0,34,53,,
T,2026-04-14 14:55:57,53.480635,-2.23708333,1.4,93.6,,0.886,151.0,33,53,,
T,2026-04-14 14:55:58,53.48062667,-2.23707167,1.4,93.5,,0.923,147.0,33,53,,
T,2026-04-14 14:55:59,53.48061833,-2.23706167,1.4,93.4,,0.951,138.0,33,53,,
T,2026-04-14 14:56:00,53.48061,-2.237055,1.4,93.5,,0.956,131.0,32,53,,
T,2026-04-14 14:56:01,53.48060333,-2.23704667,1.4,93.4,,0.943,130.0,33,53,,
T,2026-04-14 14:56:02,53.48059667,-2.23703,1.4,93.4,,0.971,128.0,34,53,,
T,2026-04-14 14:56:03,53.48058667,-2.237015,1.4,93.5,,0.985,125.0,34,53,,
T,2026-04-14 14:56:04,53.48058,-2.237005,1.4,93.7,,1.012,115.0,34,53,,
T,2026-04-14 14:56:05,53.48057167,-2.23698833,1.5,93.9,,1.06,124.0,34,53,,
T,2026-04-14 14:56:06,53.480565,-2.23697333,1.5,94.1,,1.061,137.0,34,53,,
T,2026-04-14 14:56:07,53.48055833,-2.23695833,1.5,94.4,,1.061,135.0,34,53,,
T,2026-04-14 14:56:08,53.48055167,-2.236945,1.5,94.7,,1.063,130.0,33,53,,
T,2026-04-14 14:56:09,53.48054333,-2.236935,1.5,94.9,,1.059,129.0,35,53,,
T,2026-04-14 14:56:10,53.48053833,-2.236925,1.6,95.0,,1.071,128.0,36,53,,
T,2026-04-14 14:56:11,53.48053167,-2.23691333,1.6,95.3,,1.087,130.0,35,53,,
T,2026-04-14 14:56:12,53.48052667,-2.23689833,1.6,95.6,,1.059,133.0,34,53,,
T,2026-04-14 14:56:13,53.48052333,-2.23688,1.9,95.9,,0.984,141.0,34,53,,
T,2026-04-14 14:56:14,53.480515,-2.236875,1.8,95.8,,0.959,140.0,33,53,,
T,2026-04-14 14:56:15,53.48051,-2.236875,1.8,95.7,,0.895,140.0,33,53,,
T,2026-04-14 14:56:16,53.480505,-2.23686833,1.8,95.5,,0.865,141.0,30,53,,
T,2026-04-14 14:56:17,53.48050333,-2.236865,1.8,95.4,,0.797,144.0,30,53,,
T,2026-04-14 14:56:18,53.48050333,-2.23686167,1.8,95.2,,0.697,146.0,29,53,,
T,2026-04-14 14:56:19,53.4805,-2.23685333,1.8,95.5,,0.623,155.0,29,53,,
T,2026-04-14 14:56:20,53.48050333,-2.23685,1.7,95.6,,0.519,155.0,30,53,,
T,2026-04-14 14:56:21,53.480505,-2.23684833,1.7,95.7,,0.431,155.0,30,53,,
T,2026-04-14 14:56:22,53.48050333,-2.23684833,1.7,95.8,,0.0,,29,53,,
T,2026-04-14 14:56:23,53.48050333,-2.236845,1.7,95.8,,0.0,,29,53,,
T,2026-04-14 14:56:24,53.480505,-2.23684333,1.7,95.9,,0.0,,30,53,,
T,2026-04-14 14:56:25,53.480505,-2.23684333,1.7,95.9,,0.0,,31,53,,
T,2026-04-14 14:56:26,53.480505,-2.23684333,1.7,95.9,,0.0,,32,53,,
T,2026-04-14 14:56:27,53.480505,-2.23684333,1.7,95.9,,0.0,,32,53,,
T,2026-04-14 14:56:28,53.480505,-2.23684333,1.7,95.9,,0.0,,33,53,,
T,2026-04-14 14:56:29,53.480505,-2.23684333,1.7,95.9,,0.0,,33,53,,
T,2026-04-14 14:56:30,53.480505,-2.23684333,1.7,95.9,,0.0,,33,53,,
T,2026-04-14 14:56:31,53.480505,-2.23684333,1.7,95.9,,0.0,,32,53,,
T,2026-04-14 14:56:32,53.480505,-2.23684333,1.7,95.9,,0.0,,32,53,,
T,2026-04-14 14:56:33,53.480505,-2.23684333,1.7,95.9,,0.0,,32,53,,
T,2026-04-14 14:56:34,53.480505,-2.23684333,1.7,95.9,,0.0,,32,53,,
T,2026-04-14 14:56:35,53.480505,-2.23684333,1.7,95.9,,0.0,,32,53,,
T,2026-04-14 14:56:36,53.480505,-2.23684333,1.7,95.9,,0.0,,32,53,,
T,2026-04-14 14:56:37,53.480505,-2.23684333,1.7,95.9,,0.0,,33,53,,
T,2026-04-14 14:56:38,53.480505,-2.23684333,1.7,95.9,,0.0,,31,53,,
T,2026-04-14 14:56:39,53.480505,-2.23684333,1.7,95.9,,0.0,,33,53,,
T,2026-04-14 14:56:40,53.480505,-2.23684333,1.7,95.9,,0.0,,32,53,,
T,2026-04-14 14:56:41,53.480505,-2.23684333,1.7,95.9,,0.0,,31,53,,
T,2026-04-14 14:56:42,53.480505,-2.23684333,1.7,95.9,,0.0,,32,53,,
T,2026-04-14 14:56:43,53.480505,-2.23684333,1.9,95.9,,0.0,,31,53,,
T,2026-04-14 14:56:44,53.480505,-2.23684333,1.8,95.9,,0.0,,33,53,,
T,2026-04-14 14:56:45,53.480505,-2.23684333,1.8,95.9,,0.0,,34,53,,
T,2026-04-14 14:56:46,53.480505,-2.23684333,1.7,95.9,,0.0,,33,53,,
T,2026-04-14 14:56:47,53.480505,-2.23684333,1.7,95.9,,0.0,,34,53,,
T,2026-04-14 14:56:48,53.480505,-2.23684333,1.7,95.9,,0.0,,33,53,,
T,2026-04-14 14:56:49,53.480505,-2.23684333,1.7,95.9,,0.0,,34,53,,
T,2026-04-14 14:56:50,53.480505,-2.23684333,1.7,95.9,,0.0,,34,53,,
T,2026-04-14 14:56:51,53.480505,-2.23684333,1.7,95.9,,0.0,,34,52,,
T,2026-04-14 14:56:52,53.480505,-2.23684333,1.7,99.2,,0.0,,34,52,,
T,2026-04-14 14:56:53,53.480505,-2.23684333,1.7,99.2,,0.0,,33,52,,
T,2026-04-14 14:56:54,53.480505,-2.23684333,1.7,99.2,,0.0,,32,52,,
T,2026-04-14 14:56:55,53.480505,-2.23684333,1.7,99.2,,0.0,,32,52,,
T,2026-04-14 14:56:56,53.480505,-2.23684333,1.6,99.2,,0.0,,32,52,,
T,2026-04-14 14:56:57,53.480505,-2.23684333,1.6,99.2,,0.0,,35,52,,
T,2026-04-14 14:56:58,53.480505,-2.23684333,1.6,99.2,,0.0,,35,52,,
T,2026-04-14 14:56:59,53.480505,-2.23684333,1.6,99.2,,0.0,,33,52,,
T,2026-04-14 14:57:00,53.480505,-2.23684333,1.6,99.2,,0.0,,34,52,,
T,2026-04-14 14:57:01,53.480505,-2.23684333,1.6,99.2,,0.0,,34,52,,
T,2026-04-14 14:57:02,53.480505,-2.23684333,1.6,99.2,,0.0,,33,52,,
T,2026-04-14 14:57:03,53.480505,-2.23684333,1.6,99.2,,0.0,,33,52,,
T,2026-04-14 14:57:04,53.480505,-2.23684333,1.6,99.2,,0.0,,33,52,,
T,2026-04-14 14:57:05,53.480505,-2.23684333,1.6,99.2,,0.0,,33,52,,
T,2026-04-14 14:57:06,53.480505,-2.23684333,1.6,99.2,,0.0,,32,52,,
T,2026-04-14 14:57:07,53.480505,-2.23684333,1.6,99.2,,0.0,,32,52,,
T,2026-04-14 14:57:08,53.480505,-2.23684333,1.7,99.2,,0.0,,32,52,,
T,2026-04-14 14:57:09,53.480505,-2.23684333,1.7,99.2,,0.0,,32,52,,
T,2026-04-14 14:57:10,53.480505,-2.23684333,1.7,99.2,,0.0,,32,52,,
T,2026-04-14 14:57:11,53.480505,-2.23684333,1.7,99.2,,0.0,,32,52,,
T,2026-04-14 14:57:12,53.480505,-2.23684333,1.7,99.2,,0.0,,32,52,,
T,2026-04-14 14:57:13,53.480505,-2.23684333,1.9,99.2,,0.0,,33,52,,
T,2026-04-14 14:57:14,53.480505,-2.23684333,1.8,99.2,,0.0,,34,52,,
T,2026-04-14 14:57:15,53.480505,-2.23684333,1.8,99.2,,0.0,,33,52,,
T,2026-04-14 14:57:16,53.480505,-2.23684333,1.8,99.2,,0.0,,33,52,,
T,2026-04-14 14:57:17,53.480505,-2.23684333,1.7,99.2,,0.0,,34,52,,
T,2026-04-14 14:57:18,53.480505,-2.23684333,1.7,99.2,,0.0,,34,52,,
T,2026-04-14 14:57:19,53.480505,-2.23684333,1.7,99.2,,0.0,,34,52,,
T,2026-04-14 14:57:20,53.480505,-2.23684333,1.7,99.2,,0.0,,34,52,,
T,2026-04-14 14:57:21,53.480505,-2.23684333,1.7,99.2,,0.0,,34,52,,
T,2026-04-14 14:57:22,53.480505,-2.23684333,1.7,99.2,,0.0,,34,52,,
T,2026-04-14 14:57:23,53.480505,-2.23684333,1.7,99.2,,0.0,,35,52,,
T,2026-04-14 14:57:24,53.480505,-2.23684333,1.7,99.2,,0.0,,36,52,,
T,2026-04-14 14:57:25,53.480505,-2.23684333,1.7,99.2,,0.0,,36,52,,
T,2026-04-14 14:57:26,53.480505,-2.23684333,1.7,99.2,,0.0,,36,52,,
T,2026-04-14 14:57:27,53.480505,-2.23684333,1.7,99.2,,0.0,,36,52,,
T,2026-04-14 14:57:28,53.480505,-2.23684333,1.7,99.2,,0.0,,36,52,,
T,2026-04-14 14:57:29,53.480505,-2.23684333,1.7,99.2,,0.0,,36,52,,
T,2026-04-14 14:57:30,53.480505,-2.23684333,1.7,99.2,,0.0,,35,52,,
T,2026-04-14 14:57:31,53.480505,-2.23684333,1.7,99.2,,0.0,,34,52,,
T,2026-04-14 14:57:32,53.480505,-2.23684333,1.7,99.2,,0.0,,35,52,,
T,2026-04-14 14:57:33,53.480505,-2.23684333,1.7,99.2,,0.0,,34,52,,
T,2026-04-14 14:57:34,53.480505,-2.23684333,1.7,99.2,,0.0,,33,52,,
T,2026-04-14 14:57:35,53.480505,-2.23684333,1.7,99.2,,0.0,,35,52,,
T,2026-04-14 14:57:36,53.480505,-2.23684333,1.7,99.2,,0.0,,34,52,,
T,2026-04-14 14:57:37,53.480505,-2.23684333,1.7,99.2,,0.0,,35,52,,
T,2026-04-14 14:57:38,53.480505,-2.23684333,1.7,99.2,,0.0,,35,52,,
T,2026-04-14 14:57:39,53.480505,-2.23684333,1.7,99.2,,0.0,,36,52,,
T,2026-04-14 14:57:40,53.480505,-2.23684333,1.7,99.2,,0.0,,36,52,,
T,2026-04-14 14:57:41,53.480505,-2.23684333,1.7,99.2,,0.0,,35,52,,
T,2026-04-14 14:57:42,53.480505,-2.23684333,1.7,99.2,,0.0,,34,52,,
T,2026-04-14 14:57:43,53.480505,-2.23684333,1.8,99.2,,0.0,,34,52,,
T,2026-04-14 14:57:44,53.480505,-2.23684333,1.8,99.2,,0.0,,35,52,,
T,2026-04-14 14:57:45,53.480505,-2.23684333,1.8,99.2,,0.0,,34,52,,
T,2026-04-14 14:57:46,53.480505,-2.23684333,1.8,103.8,,0.0,,33,52,,
T,2026-04-14 14:57:47,53.480505,-2.23684333,1.7,103.8,,0.0,,35,52,,
T,2026-04-14 14:57:48,53.480505,-2.23684333,1.7,103.8,,0.0,,34,52,,
T,2026-04-14 14:57:49,53.480505,-2.23684333,1.7,103.8,,0.0,,34,52,,
T,2026-04-14 14:57:50,53.480505,-2.23684333,1.7,103.8,,0.0,,34,52,,
T,2026-04-14 14:57:51,53.480505,-2.23684333,1.7,103.8,,0.0,,34,52,,
T,2026-04-14 14:57:52,53.480505,-2.23684333,1.6,103.8,,0.0,,34,52,,
T,2026-04-14 14:57:53,53.480505,-2.23684333,1.6,103.8,,0.0,,35,52,,
T,2026-04-14 14:57:54,53.480505,-2.23684333,1.6,103.8,,0.0,,36,52,,
T,2026-04-14 14:57:55,53.480505,-2.23684333,1.6,103.8,,0.0,,35,52,,
T,2026-04-14 14:57:56,53.480505,-2.23684333,1.6,103.8,,0.0,,34,52,,
T,2026-04-14 14:57:57,53.480505,-2.23684333,1.6,103.8,,0.0,,34,52,,
T,2026-04-14 14:57:58,53.480505,-2.23684333,1.6,103.8,,0.0,,34,52,,
T,2026-04-14 14:57:59,53.480505,-2.23684333,1.6,103.8,,0.0,,33,52,,
T,2026-04-14 14:58:00,53.480505,-2.23684333,1.6,103.8,,0.0,,33,52,,
T,2026-04-14 14:58:01,53.480505,-2.23684333,1.6,103.8,,0.0,,33,52,,
T,2026-04-14 14:58:02,53.480505,-2.23684333,1.6,103.8,,0.0,,34,52,,
T,2026-04-14 14:58:03,53.480505,-2.23684333,1.6,103.8,,0.0,,34,52,,
T,2026-04-14 14:58:04,53.480505,-2.23684333,1.6,103.8,,0.0,,34,52,,
T,2026-04-14 14:58:05,53.480505,-2.23684333,1.6,103.8,,0.0,,35,52,,
T,2026-04-14 14:58:06,53.480505,-2.23684333,1.6,103.8,,0.0,,36,52,,
T,2026-04-14 14:58:07,53.480505,-2.23684333,1.6,103.8,,0.0,,35,52,,
T,2026-04-14 14:58:08,53.480505,-2.23684333,1.6,103.8,,0.0,,35,52,,
T,2026-04-14 14:58:09,53.480505,-2.23684333,1.6,103.8,,0.0,,33,52,,
T,2026-04-14 14:58:10,53.480505,-2.23684333,1.6,103.8,,0.0,,33,52,,
T,2026-04-14 14:58:11,53.480505,-2.23684333,1.6,103.8,,0.0,,32,52,,
T,2026-04-14 14:58:12,53.480505,-2.23684333,1.6,103.8,,0.0,,32,52,,
T,2026-04-14 14:58:13,53.480505,-2.23684333,1.6,103.8,,0.0,,32,52,,
T,2026-04-14 14:58:14,53.480505,-2.23684333,1.6,103.8,,0.0,,33,52,,
T,2026-04-14 14:58:15,53.480505,-2.23684333,1.6,103.8,,0.0,,33,52,,
T,2026-04-14 14:58:16,53.480505,-2.23684333,1.6,103.8,,0.0,,35,52,,
T,2026-04-14 14:58:17,53.480505,-2.23684333,1.6,103.8,,0.0,,35,52,,
T,2026-04-14 14:58:18,53.480505,-2.23684333,1.6,103.8,,0.0,,34,52,,
T,2026-04-14 14:58:19,53.480505,-2.23684333,1.6,103.8,,0.0,,32,52,,
T,2026-04-14 14:58:20,53.480505,-2.23684333,1.6,103.8,,0.0,,32,52,,
T,2026-04-14 14:58:21,53.480505,-2.23684333,1.6,103.8,,0.0,,33,52,,
T,2026-04-14 14:58:22,53.480505,-2.23684333,1.6,103.8,,0.0,,34,52,,
T,2026-04-14 14:58:23,53.480505,-2.23684333,1.6,103.8,,0.0,,34,52,,
T,2026-04-14 14:58:24,53.480505,-2.23684333,1.6,103.8,,0.0,,34,52,,
T,2026-04-14 14:58:25,53.480505,-2.23684333,1.6,103.8,,0.0,,35,52,,
T,2026-04-14 14:58:26,53.480505,-2.23684333,1.6,103.8,,0.0,,35,52,,
T,2026-04-14 14:58:27,53.480505,-2.23684333,1.7,103.8,,0.0,,36,52,,
T,2026-04-14 14:58:28,53.480505,-2.23684333,1.7,103.8,,0.0,,34,52,,
T,2026-04-14 14:58:29,53.480505,-2.23684333,1.7,103.8,,0.0,,34,52,,
T,2026-04-14 14:58:30,53.480505,-2.23684333,1.7,103.8,,0.0,,35,52,,
T,2026-04-14 14:58:31,53.480505,-2.23684333,1.7,103.8,,0.0,,34,52,,
T,2026-04-14 14:58:32,53.480505,-2.23684333,1.7,103.8,,0.0,,32,52,,
T,2026-04-14 14:58:33,53.480505,-2.23684333,1.6,103.8,,0.0,,33,52,,
T,2026-04-14 14:58:34,53.480505,-2.23684333,1.7,103.8,,0.0,,33,52,,
T,2026-04-14 14:58:35,53.480505,-2.23684333,1.6,103.8,,0.0,,34,52,,
T,2026-04-14 14:58:36,53.480505,-2.23684333,1.7,103.8,,0.0,,35,52,,
T,2026-04-14 14:58:37,53.480505,-2.23684333,1.7,103.8,,0.0,,35,52,,
T,2026-04-14 14:58:38,53.480505,-2.23684333,1.7,103.8,,0.0,,34,52,,
T,2026-04-14 14:58:39,53.48056,-2.23683833,1.7,104.9,,0.23,102.0,34,52,,
T,2026-04-14 14:58:40,53.48055667,-2.23682667,1.7,104.9,,0.284,97.0,35,52,,
T,2026-04-14 14:58:41,53.480555,-2.23681167,1.7,105.0,,0.36,100.0,35,52,,
T,2026-04-14 14:58:42,53.48055333,-2.23679833,1.8,105.0,,0.49,85.0,35,52,,
T,2026-04-14 14:58:43,53.48055167,-2.23677167,1.9,105.1,,0.634,102.0,36,52,,
T,2026-04-14 14:58:44,53.48053833,-2.23675,1.9,105.0,,0.785,107.0,33,52,,
T,2026-04-14 14:58:45,53.48053333,-2.236735,2.0,104.8,,0.934,105.0,36,52,,
T,2026-04-14 14:58:46,53.48052833,-2.23671667,2.0,104.5,,0.985,102.0,37,52,,
T,2026-04-14 14:58:47,53.48052333,-2.23670833,1.9,104.0,,1.001,91.0,35,52,,
T,2026-04-14 14:58:48,53.48052667,-2.23670167,1.8,103.7,,1.031,74.0,34,52,,
T,2026-04-14 14:58:49,53.48053167,-2.23669167,1.8,103.3,,1.068,64.0,36,52,,
T,2026-04-14 14:58:50,53.480535,-2.23668167,1.8,103.0,,1.071,49.0,35,52,,
T,2026-04-14 14:58:51,53.48054333,-2.23667167,1.8,102.8,,1.083,34.0,35,52,,
T,2026-04-14 14:58:52,53.48054833,-2.23666167,1.8,102.4,,1.008,31.0,35,52,,
T,2026-04-14 14:58:53,53.48055333,-2.23664833,1.8,102.1,,0.95,32.0,33,52,,
T,2026-04-14 14:58:54,53.48056,-2.23663667,1.8,101.8,,0.886,34.0,32,52,,
T,2026-04-14 14:58:55,53.480565,-2.23662833,1.8,101.5,,0.807,36.0,34,52,,
T,2026-04-14 14:58:56,53.48057,-2.23661833,1.8,101.2,,0.815,37.0,35,52,,
T,2026-04-14 14:58:57,53.48057667,-2.23660667,1.8,100.9,,0.881,39.0,34,52,,
T,2026-04-14 14:58:58,53.480585,-2.23659833,1.8,100.7,,0.9,40.0,35,52,,
T,2026-04-14 14:58:59,53.480595,-2.23659,1.8,100.3,,0.944,41.0,35,52,,
T,2026-04-14 14:59:00,53.48060167,-2.23657833,1.8,100.1,,0.954,34.0,35,52,,
T,2026-04-14 14:59:01,53.48060667,-2.23656333,1.8,99.9,,0.983,38.0,35,52,,
T,2026-04-14 14:59:02,53.48061,-2.23654667,1.8,99.7,,0.99,42.0,34,52,,
T,2026-04-14 14:59:03,53.48061667,-2.236535,1.8,99.5,,1.001,45.0,36,52,,
T,2026-04-14 14:59:04,53.48062,-2.23652,1.8,99.3,,1.01,36.0,35,52,,
T,2026-04-14 14:59:05,53.48062667,-2.236505,1.8,99.1,,1.063,39.0,35,52,,
T,2026-04-14 14:59:06,53.480635,-2.23649,1.8,99.0,,1.102,42.0,35,52,,
T,2026-04-14 14:59:07,53.48064333,-2.23648,1.8,98.8,,1.105,41.0,36,52,,
T,2026-04-14 14:59:08,53.48065,-2.23647,1.9,98.7,,1.083,33.0,37,52,,
T,2026-04-14 14:59:09,53.480655,-2.23646,1.9,98.5,,1.049,25.0,37,52,,
T,2026-04-14 14:59:10,53.480655,-2.23644667,1.8,98.1,,1.087,24.0,36,52,,
T,2026-04-14 14:59:11,53.48066333,-2.23644167,1.8,97.8,,1.051,25.0,36,52,,
T,2026-04-14 14:59:12,53.48066833,-2.23644,1.8,97.5,,1.056,25.0,36,52,,
T,2026-04-14 14:59:13,53.480675,-2.23643167,1.8,97.3,,1.038,24.0,37,52,,
T,2026-04-14 14:59:14,53.48067833,-2.23641333,1.7,96.7,,1.052,28.0,36,52,,
T,2026-04-14 14:59:15,53.48069,-2.23640167,1.7,96.1,,1.08,28.0,36,52,,
T,2026-04-14 14:59:16,53.480695,-2.236395,1.7,95.7,,1.029,28.0,35,52,,
T,2026-04-14 14:59:17,53.48069833,-2.23638333,1.6,95.3,,0.98,27.0,35,52,,
T,2026-04-14 14:59:18,53.48070167,-2.236375,1.6,94.8,,0.971,27.0,36,52,,
T,2026-04-14 14:59:19,53.48070333,-2.23636333,1.6,94.5,,0.93,22.0,36,52,,
T,2026-04-14 14:59:20,53.480705,-2.23636167,1.6,94.3,,0.837,5.0,37,52,,
T,2026-04-14 14:59:21,53.480705,-2.23636,1.6,94.0,,0.76,342.0,36,52,,
T,2026-04-14 14:59:22,53.480705,-2.23636167,1.6,94.1,,0.675,327.0,36,52,,
T,2026-04-14 14:59:23,53.48070833,-2.23636667,1.6,94.1,,0.595,327.0,37,52,,
T,2026-04-14 14:59:24,53.48071167,-2.23637,1.6,94.2,,0.484,327.0,38,52,,
T,2026-04-14 14:59:25,53.48071167,-2.23637,1.6,94.2,,0.0,,38,52,,
T,2026-04-14 14:59:26,53.48071,-2.23637,1.6,94.3,,0.0,,37,52,,
T,2026-04-14 14:59:27,53.48070833,-2.23637,1.6,94.4,,0.0,,36,52,,
T,2026-04-14 14:59:28,53.48070833,-2.23637,1.6,94.4,,0.0,,36,52,,
T,2026-04-14 14:59:29,53.48070833,-2.23637,1.6,94.4,,0.0,,35,52,,
T,2026-04-14 14:59:30,53.48070833,-2.23637,1.6,94.4,,0.0,,36,52,,
T,2026-04-14 14:59:31,53.48070833,-2.23637,1.6,94.4,,0.0,,36,52,,
T,2026-04-14 14:59:32,53.48070833,-2.23637,1.6,94.4,,0.0,,35,52,,
T,2026-04-14 14:59:33,53.48070833,-2.23637,1.6,94.4,,0.0,,35,52,,
T,2026-04-14 14:59:34,53.48070833,-2.23637,1.6,94.4,,0.0,,36,52,,
T,2026-04-14 14:59:35,53.48070833,-2.23637,1.6,94.4,,0.0,,38,52,,
T,2026-04-14 14:59:36,53.48070833,-2.23637,1.6,94.4,,0.0,,37,52,,
T,2026-04-14 14:59:37,53.48070833,-2.23637,1.6,94.4,,0.0,,36,52,,
T,2026-04-14 14:59:38,53.48070833,-2.23637,1.6,94.4,,0.0,,38,52,,
T,2026-04-14 14:59:39,53.48070833,-2.23637,1.6,94.4,,0.0,,38,52,,
T,2026-04-14 14:59:40,53.48070833,-2.23637,1.5,94.4,,0.0,,38,52,,
T,2026-04-14 14:59:41,53.48070833,-2.23637,1.6,94.4,,0.0,,39,52,,
T,2026-04-14 14:59:42,53.48070833,-2.23637,1.6,94.4,,0.0,,39,52,,
T,2026-04-14 14:59:43,53.48070833,-2.23637,1.8,94.4,,0.0,,37,52,,
T,2026-04-14 14:59:44,53.48070833,-2.23637,1.7,94.4,,0.0,,37,52,,
T,2026-04-14 14:59:45,53.48070833,-2.23637,1.7,94.4,,0.0,,37,52,,
T,2026-04-14 14:59:46,53.48070833,-2.23637,1.6,94.4,,0.0,,38,52,,
T,2026-04-14 14:59:47,53.48070833,-2.23637,1.6,94.4,,0.0,,36,52,,
T,2026-04-14 14:59:48,53.48070833,-2.23637,1.6,94.4,,0.0,,37,52,,
T,2026-04-14 14:59:49,53.48070833,-2.23637,1.5,94.4,,0.0,,36,52,,
T,2026-04-14 14:59:50,53.48070833,-2.23637,1.5,94.4,,0.0,,36,52,,
T,2026-04-14 14:59:51,53.48070833,-2.23637,1.5,94.4,,0.0,,37,52,,
T,2026-04-14 14:59:52,53.48070833,-2.23637,1.5,94.4,,0.0,,37,52,,
T,2026-04-14 14:59:53,53.48070833,-2.23637,1.5,94.4,,0.0,,37,52,,
T,2026-04-14 14:59:54,53.48070833,-2.23637,1.5,94.4,,0.0,,38,52,,
T,2026-04-14 14:59:55,53.48070833,-2.23637,1.5,94.4,,0.0,,37,52,,
T,2026-04-14 14:59:56,53.48070833,-2.23637,1.5,94.4,,0.0,,38,52,,
T,2026-04-14 14:59:57,53.48070833,-2.23637,1.5,94.4,,0.0,,38,52,,
T,2026-04-14 14:59:58,53.48070833,-2.23637,1.5,94.4,,0.0,,37,52,,
T,2026-04-14 14:59:59,53.48070833,-2.23637,1.5,94.4,,0.0,,37,52,,
T,2026-04-14 15:00:00,53.48070833,-2.23637,1.5,94.4,,0.0,,37,52,,
T,2026-04-14 15:00:01,53.48070833,-2.23637,1.5,94.4,,0.0,,36,52,,
T,2026-04-14 15:00:02,53.48070833,-2.23637,1.5,94.4,,0.0,,38,52,,
T,2026-04-14 15:00:03,53.48070833,-2.23637,1.5,94.4,,0.0,,37,52,,
T,2026-04-14 15:00:04,53.48070833,-2.23637,1.5,94.4,,0.0,,36,52,,
T,2026-04-14 15:00:05,53.48070833,-2.23637,1.5,94.4,,0.0,,36,52,,
T,2026-04-14 15:00:06,53.48070833,-2.23637,1.5,94.4,,0.0,,38,52,,
T,2026-04-14 15:00:07,53.48070833,-2.23637,1.5,94.4,,0.0,,37,52,,
T,2026-04-14 15:00:08,53.48070833,-2.23637,1.5,94.4,,0.0,,37,52,,
T,2026-04-14 15:00:09,53.48070833,-2.23637,1.5,94.4,,0.0,,37,52,,
T,2026-04-14 15:00:10,53.48070833,-2.23637,1.5,94.4,,0.0,,37,52,,
T,2026-04-14 15:00:11,53.48070833,-2.23637,1.5,94.4,,0.0,,37,52,,
T,2026-04-14 15:00:12,53.48070833,-2.23637,1.5,94.4,,0.0,,37,52,,
T,2026-04-14 15:00:13,53.48070833,-2.23637,1.6,94.4,,0.0,,37,52,,
T,2026-04-14 15:00:14,53.48070833,-2.23637,1.5,94.4,,0.0,,37,52,,
T,2026-04-14 15:00:15,53.48070833,-2.23637,1.5,94.4,,0.0,,37,52,,
T,2026-04-14 15:00:16,53.48070833,-2.23637,1.4,94.4,,0.0,,37,52,,
T,2026-04-14 15:00:17,53.48070833,-2.23637,1.5,94.4,,0.0,,37,52,,
T,2026-04-14 15:00:18,53.48070833,-2.23637,1.5,94.4,,0.0,,37,52,,
T,2026-04-14 15:00:19,53.48070833,-2.23637,1.5,94.4,,0.0,,37,52,,
T,2026-04-14 15:00:20,53.48070833,-2.23637,1.5,94.4,,0.0,,37,52,,
T,2026-04-14 15:00:21,53.48070833,-2.23637,1.5,94.4,,0.0,,38,52,,
T,2026-04-14 15:00:22,53.48070833,-2.23637,1.4,94.4,,0.0,,35,52,,
T,2026-04-14 15:00:23,53.48070833,-2.23637,1.4,94.4,,0.0,,36,52,,
T,2026-04-14 15:00:24,53.48070833,-2.23637,1.4,94.4,,0.0,,36,52,,
T,2026-04-14 15:00:25,53.48070833,-2.23637,1.4,94.4,,0.0,,36,52,,
T,2026-04-14 15:00:26,53.48070833,-2.23637,1.4,94.4,,0.0,,37,52,,
T,2026-04-14 15:00:27,53.48070833,-2.23637,1.4,94.4,,0.0,,37,52,,
T,2026-04-14 15:00:28,53.48070833,-2.23637,1.4,94.4,,0.0,,36,52,,
T,2026-04-14 15:00:29,53.48070833,-2.23637,1.4,94.4,,0.0,,36,52,,
T,2026-04-14 15:00:30,53.48070833,-2.23637,1.4,94.4,,0.0,,35,52,,
T,2026-04-14 15:00:31,53.48070833,-2.23637,1.4,94.4,,0.0,,35,52,,
T,2026-04-14 15:00:32,53.48070833,-2.23637,1.4,94.4,,0.0,,35,52,,
T,2026-04-14 15:00:33,53.48070833,-2.23637,1.4,94.4,,0.0,,36,52,,
T,2026-04-14 15:00:34,53.48070833,-2.23637,1.4,94.4,,0.0,,36,52,,
T,2026-04-14 15:00:35,53.48070833,-2.23637,1.4,94.4,,0.0,,36,52,,
T,2026-04-14 15:00:36,53.48070833,-2.23637,1.4,94.4,,0.0,,36,52,,
T,2026-04-14 15:00:37,53.48070833,-2.23637,1.4,94.4,,0.0,,36,52,,
T,2026-04-14 15:00:38,53.48070833,-2.23637,1.4,94.4,,0.0,,36,52,,
T,2026-04-14 15:00:39,53.48070833,-2.23637,1.4,94.4,,0.0,,37,52,,
T,2026-04-14 15:00:40,53.48070833,-2.23637,1.4,94.4,,0.0,,36,52,,
T,2026-04-14 15:00:41,53.48070833,-2.23637,1.4,94.4,,0.0,,37,52,,
T,2026-04-14 15:00:42,53.48070833,-2.23637,1.4,94.4,,0.0,,38,52,,
T,2026-04-14 15:00:43,53.48070833,-2.23637,1.4,94.4,,0.0,,37,52,,
T,2026-04-14 15:00:44,53.48070833,-2.23637,1.5,94.4,,0.0,,36,52,,
T,2026-04-14 15:00:45,53.48072833,-2.23641167,1.5,95.8,,0.118,88.0,35,52,,
T,2026-04-14 15:00:46,53.48072667,-2.236405,1.5,96.0,,0.0,,35,52,,
T,2026-04-14 15:00:47,53.48073,-2.236405,1.4,96.2,,0.0,,36,52,,
T,2026-04-14 15:00:48,53.48073,-2.23640333,1.4,96.3,,0.0,,36,52,,
T,2026-04-14 15:00:49,53.48073,-2.23640333,1.4,96.3,,0.0,,35,52,,
T,2026-04-14 15:00:50,53.48073,-2.23640333,1.4,96.3,,0.0,,36,52,,
T,2026-04-14 15:00:51,53.48073,-2.23640333,1.4,96.3,,0.0,,36,52,,
T,2026-04-14 15:00:52,53.48073,-2.23640333,1.4,96.3,,0.0,,36,52,,
T,2026-04-14 15:00:53,53.48073,-2.23640333,1.4,96.3,,0.0,,36,52,,
T,2026-04-14 15:00:54,53.48073,-2.23640333,1.4,96.3,,0.0,,35,52,,
T,2026-04-14 15:00:55,53.48073,-2.23640333,1.4,96.3,,0.0,,35,52,,
T,2026-04-14 15:00:56,53.48073,-2.23640333,1.4,96.3,,0.0,,35,52,,
T,2026-04-14 15:00:57,53.48073,-2.23640333,1.5,96.3,,0.0,,35,52,,
T,2026-04-14 15:00:58,53.48073,-2.23640333,1.5,96.3,,0.0,,35,52,,
T,2026-04-14 15:00:59,53.48073,-2.23640333,1.5,96.3,,0.0,,35,52,,
T,2026-04-14 15:01:00,53.48072167,-2.23639167,1.5,96.1,,0.177,131.0,36,52,,
T,2026-04-14 15:01:01,53.48072167,-2.23637667,1.6,96.0,,0.22,109.0,35,52,,
T,2026-04-14 15:01:02,53.48072333,-2.23636167,1.6,96.1,,0.275,95.0,37,52,,
T,2026-04-14 15:01:03,53.48072167,-2.23634167,1.6,96.1,,0.355,98.0,36,52,,
T,2026-04-14 15:01:04,53.48071833,-2.236325,1.6,96.1,,0.433,103.0,36,52,,
T,2026-04-14 15:01:05,53.48071667,-2.23631,1.7,96.1,,0.511,107.0,35,52,,
T,2026-04-14 15:01:06,53.48071167,-2.23630167,1.7,96.1,,0.569,118.0,36,52,,
T,2026-04-14 15:01:07,53.48070667,-2.23629333,1.8,96.1,,0.608,127.0,36,52,,
T,2026-04-14 15:01:08,53.4807,-2.236285,1.8,96.2,,0.645,129.0,37,52,,
T,2026-04-14 15:01:09,53.480695,-2.23627333,1.8,96.3,,0.677,127.0,36,52,,
T,2026-04-14 15:01:10,53.48069167,-2.236265,1.8,96.3,,0.705,127.0,36,52,,
T,2026-04-14 15:01:11,53.48069,-2.23625667,1.9,96.4,,0.721,120.0,35,52,,
T,2026-04-14 15:01:12,53.48069,-2.23625667,1.9,96.5,,0.714,124.0,35,52,,
T,2026-04-14 15:01:13,53.48069167,-2.23625833,1.9,96.6,,0.656,83.0,33,52,,
T,2026-04-14 15:01:14,53.48069333,-2.236255,2.3,96.5,,0.61,88.0,34,52,,
T,2026-04-14 15:01:15,53.48069667,-2.23624,2.2,96.3,,0.641,95.0,30,52,,
T,2026-04-14 15:01:16,53.48069833,-2.23622,2.2,96.2,,0.678,92.0,29,51,,
T,2026-04-14 15:01:17,53.48069833,-2.23620833,2.3,96.2,,0.71,94.0,29,51,,
T,2026-04-14 15:01:18,53.4807,-2.23619833,2.3,96.0,,0.73,93.0,28,51,,
T,2026-04-14 15:01:19,53.48070167,-2.23618667,2.4,95.9,,0.745,93.0,27,51,,
T,2026-04-14 15:01:20,53.48069667,-2.23618,2.4,95.7,,0.761,100.0,27,51,,
T,2026-04-14 15:01:21,53.48069333,-2.23617333,2.4,95.7,,0.776,103.0,27,51,,
T,2026-04-14 15:01:22,53.48069167,-2.23617167,2.5,95.7,,0.799,108.0,24,51,,
T,2026-04-14 15:01:23,53.48068667,-2.236145,2.4,95.8,,0.869,108.0,23,51,,
T,2026-04-14 15:01:24,53.480685,-2.23611667,2.3,95.6,,0.937,106.0,26,51,,
T,2026-04-14 15:01:25,53.48068167,-2.236095,2.2,95.6,,0.937,111.0,27,51,,
T,2026-04-14 15:01:26,53.48067333,-2.23607833,2.2,95.6,,0.943,110.0,28,51,,
T,2026-04-14 15:01:27,53.48067,-2.23606,2.2,95.4,,0.961,108.0,28,51,,
T,2026-04-14 15:01:28,53.480665,-2.23603667,2.1,95.1,,0.972,112.0,29,51,,
T,2026-04-14 15:01:29,53.48066,-2.23601833,2.1,94.8,,0.992,103.0,26,51,,
T,2026-04-14 15:01:30,53.480655,-2.23599,2.1,94.2,,1.02,119.0,26,51,,
T,2026-04-14 15:01:31,53.48065,-2.23597,2.1,94.0,,1.024,109.0,27,51,,
T,2026-04-14 15:01:32,53.48064667,-2.23595167,2.1,93.6,,1.018,89.0,31,51,,
T,2026-04-14 15:01:33,53.480645,-2.23593167,2.0,93.2,,1.002,105.0,31,51,,
T,2026-04-14 15:01:34,53.48064333,-2.23591167,2.0,93.0,,0.979,107.0,32,51,,
T,2026-04-14 15:01:35,53.48064333,-2.235905,2.0,92.7,,0.924,109.0,32,51,,
T,2026-04-14 15:01:36,53.48064,-2.23589167,2.0,92.1,,0.863,112.0,32,51,,
T,2026-04-14 15:01:37,53.48063833,-2.23588,1.9,91.8,,0.799,113.0,32,51,,
T,2026-04-14 15:01:38,53.480635,-2.235875,1.9,91.8,,0.741,111.0,32,51,,
T,2026-04-14 15:01:39,53.48061833,-2.23587167,1.9,91.7,,0.68,116.0,33,51,,
T,2026-04-14 15:01:40,53.48061,-2.23587167,1.8,91.4,,0.629,132.0,34,51,,
T,2026-04-14 15:01:41,53.48060167,-2.235865,1.8,91.2,,0.615,144.0,35,51,,
T,2026-04-14 15:01:42,53.48059167,-2.23586333,1.8,91.2,,0.628,164.0,35,51,,
T,2026-04-14 15:01:43,53.480585,-2.235865,1.8,91.4,,0.608,172.0,34,51,,
T,2026-04-14 15:01:44,53.48058167,-2.23587333,1.8,91.4,,0.592,178.0,34,51,,
T,2026-04-14 15:01:45,53.48057667,-2.235885,1.8,91.4,,0.616,188.0,35,52,,
T,2026-04-14 15:01:46,53.48056833,-2.23589,1.7,91.5,,0.662,200.0,35,52,,
T,2026-04-14 15:01:47,53.48056,-2.23589333,1.7,91.6,,0.716,206.0,35,52,,
T,2026-04-14 15:01:48,53.48055,-2.23590167,1.7,91.8,,0.764,215.0,35,52,,
T,2026-04-14 15:01:49,53.48054333,-2.23591333,1.7,91.9,,0.839,220.0,36,52,,
T,2026-04-14 15:01:50,53.480535,-2.23592333,1.7,91.8,,0.916,218.0,35,52,,
T,2026-04-14 15:01:51,53.480525,-2.235935,1.7,91.8,,0.966,220.0,34,52,,
T,2026-04-14 15:01:52,53.480515,-2.23594667,1.7,91.8,,0.999,222.0,33,53,,
T,2026-04-14 15:01:53,53.48050667,-2.23595833,1.7,91.9,,1.027,224.0,34,53,,
T,2026-04-14 15:01:54,53.48049833,-2.23596833,1.7,92.0,,1.067,226.0,34,53,,
T,2026-04-14 15:01:55,53.48049167,-2.23598,1.7,91.9,,1.102,220.0,34,53,,
T,2026-04-14 15:01:56,53.480485,-2.23599333,1.7,92.0,,1.121,221.0,35,53,,
T,2026-04-14 15:01:57,53.48047833,-2.23600667,1.7,91.9,,1.114,226.0,34,53,,
T,2026-04-14 15:01:58,53.48047333,-2.236015,1.7,91.7,,1.112,224.0,36,53,,
T,2026-04-14 15:01:59,53.48046333,-2.23602667,1.7,91.6,,1.119,222.0,35,53,,
T,2026-04-14 15:02:00,53.480455,-2.23603833,1.7,91.5,,1.113,216.0,35,53,,
T,2026-04-14 15:02:01,53.48045,-2.23605333,1.7,91.3,,1.113,223.0,37,53,,
T,2026-04-14 15:02:02,53.48044333,-2.23607,1.7,91.3,,1.097,222.0,37,53,,
T,2026-04-14 15:02:03,53.48043833,-2.23608833,1.7,91.3,,1.099,223.0,38,53,,
T,2026-04-14 15:02:04,53.48043167,-2.2361,1.7,91.3,,1.115,226.0,38,53,,
T,2026-04-14 15:02:05,53.48042333,-2.23611,1.7,91.1,,1.115,227.0,37,53,,
T,2026-04-14 15:02:06,53.480415,-2.23612,1.7,90.8,,1.096,225.0,36,53,,
T,2026-04-14 15:02:07,53.48040833,-2.23612833,1.7,90.6,,1.092,223.0,36,53,,
T,2026-04-14 15:02:08,53.4804,-2.23614,1.6,90.6,,1.096,222.0,36,53,,
T,2026-04-14 15:02:09,53.48039167,-2.23614833,1.6,90.6,,1.073,223.0,36,53,,
T,2026-04-14 15:02:10,53.480385,-2.23616,1.6,90.5,,1.044,228.0,35,53,,
T,2026-04-14 15:02:11,53.480375,-2.23617,1.7,90.4,,1.043,229.0,37,53,,
T,2026-04-14 15:02:12,53.480365,-2.23617833,1.7,90.4,,1.028,229.0,37,53,,
T,2026-04-14 15:02:13,53.48035833,-2.23618167,1.7,90.6,,0.983,228.0,37,53,,
T,2026-04-14 15:02:14,53.48035,-2.23618667,1.7,90.6,,0.931,227.0,37,53,,
T,2026-04-14 15:02:15,53.48034667,-2.23619333,1.6,90.6,,0.877,227.0,37,53,,
T,2026-04-14 15:02:16,53.48034167,-2.23620667,1.7,90.7,,0.86,232.0,37,53,,
T,2026-04-14 15:02:17,53.48033833,-2.23621667,1.7,90.7,,0.83,232.0,37,53,,
T,2026-04-14 15:02:18,53.48033,-2.23623,1.7,90.5,,0.821,228.0,37,53,,
T,2026-04-14 15:02:19,53.48031833,-2.23623667,1.7,90.5,,0.81,224.0,36,53,,
T,2026-04-14 15:02:20,53.48030833,-2.23624333,1.7,90.5,,0.808,215.0,36,53,,
T,2026-04-14 15:02:21,53.480295,-2.23625667,1.7,90.3,,0.821,215.0,36,53,,
T,2026-04-14 15:02:22,53.48028167,-2.23627167,1.7,90.1,,0.882,219.0,36,53,,
T,2026-04-14 15:02:23,53.48026833,-2.23628333,1.7,89.8,,0.974,221.0,37,53,,
T,2026-04-14 15:02:24,53.48025833,-2.23629,1.7,89.9,,1.04,221.0,35,53,,
T,2026-04-14 15:02:25,53.48024667,-2.23630167,1.7,89.8,,1.098,224.0,35,53,,
T,2026-04-14 15:02:26,53.48024,-2.23631667,1.7,89.7,,1.124,222.0,34,53,,
T,2026-04-14 15:02:27,53.48022833,-2.23632,1.7,89.9,,1.173,230.0,35,53,,
T,2026-04-14 15:02:28,53.48021833,-2.23633,1.7,90.0,,1.176,238.0,36,53,,
T,2026-04-14 15:02:29,53.480205,-2.23633167,1.7,90.1,,1.219,212.0,38,53,,
T,2026-04-14 15:02:30,53.48019,-2.23632833,1.7,90.1,,1.25,200.0,39,53,,
T,2026-04-14 15:02:31,53.48017833,-2.23633,1.7,90.3,,1.26,205.0,39,53,,
T,2026-04-14 15:02:32,53.48017,-2.23633833,1.6,90.6,,1.238,211.0,39,53,,
T,2026-04-14 15:02:33,53.480165,-2.23634833,1.6,91.0,,1.226,216.0,39,53,,
T,2026-04-14 15:02:34,53.48016,-2.23636,1.6,91.2,,1.194,219.0,38,53,,
T,2026-04-14 15:02:35,53.48015333,-2.23637,1.6,91.5,,1.195,221.0,39,53,,
T,2026-04-14 15:02:36,53.48014833,-2.236375,1.6,92.0,,1.179,225.0,38,53,,
T,2026-04-14 15:02:37,53.48014,-2.23637833,1.6,92.3,,1.15,222.0,39,53,,
T,2026-04-14 15:02:38,53.48012667,-2.23637833,1.6,92.7,,1.179,210.0,39,53,,
T,2026-04-14 15:02:39,53.48011667,-2.236385,1.6,92.9,,1.149,202.0,39,53,,
T,2026-04-14 15:02:40,53.48010667,-2.23639167,1.6,93.1,,1.092,203.0,38,53,,
T,2026-04-14 15:02:41,53.48009667,-2.23639333,1.6,93.5,,1.018,214.0,38,53,,
T,2026-04-14 15:02:42,53.48008833,-2.2364,1.5,93.7,,0.98,211.0,36,53,,
T,2026-04-14 15:02:43,53.48008,-2.23640167,1.5,94.0,,0.942,214.0,36,53,,
T,2026-04-14 15:02:44,53.48007167,-2.23639333,1.7,94.4,,0.897,218.0,38,53,,
T,2026-04-14 15:02:45,53.480065,-2.23639833,1.6,94.9,,0.876,229.0,36,53,,
T,2026-04-14 15:02:46,53.48005333,-2.23639667,1.6,95.4,,0.882,226.0,36,53,,
T,2026-04-14 15:02:47,53.48004,-2.236395,1.6,96.1,,0.879,222.0,36,53,,
T,2026-04-14 15:02:48,53.48003,-2.236395,1.6,96.6,,0.865,220.0,37,53,,
T,2026-04-14 15:02:49,53.48001833,-2.23640167,1.5,97.0,,0.88,217.0,37,53,,
T,2026-04-14 15:02:50,53.48000833,-2.23641167,1.5,97.2,,0.9,214.0,38,53,,
T,2026-04-14 15:02:51,53.47999833,-2.236415,1.5,97.3,,0.908,220.0,39,53,,
T,2026-04-14 15:02:52,53.479985,-2.23641333,1.5,97.6,,0.919,228.0,39,53,,
T,2026-04-14 15:02:53,53.47997667,-2.236415,1.5,97.9,,0.884,222.0,39,53,,
T,2026-04-14 15:02:54,53.47996667,-2.23641833,1.4,98.2,,0.895,209.0,39,53,,
T,2026-04-14 15:02:55,53.47996167,-2.23642167,1.4,98.4,,0.847,205.0,40,53,,
T,2026-04-14 15:02:56,53.47996,-2.23643,1.5,98.4,,0.782,215.0,39,54,,
T,2026-04-14 15:02:57,53.47995833,-2.23643,1.5,98.6,,0.726,226.0,38,54,,
T,2026-04-14 15:02:58,53.47995667,-2.23643333,1.4,98.3,,0.643,224.0,37,54,,
T,2026-04-14 15:02:59,53.47995667,-2.23643667,1.5,98.1,,0.539,220.0,39,54,,
T,2026-04-14 15:03:00,53.47995667,-2.23644,1.5,97.9,,0.453,217.0,39,54,,
T,2026-04-14 15:03:01,53.47995667,-2.23644333,1.4,97.8,,0.0,,39,54,,
T,2026-04-14 15:03:02,53.479955,-2.23644833,1.4,97.7,,0.0,,38,54,,
T,2026-04-14 15:03:03,53.479955,-2.23645167,1.5,97.6,,0.0,,37,54,,
T,2026-04-14 15:03:04,53.479955,-2.23645167,1.4,97.6,,0.0,,37,54,,
T,2026-04-14 15:03:05,53.479955,-2.23645167,1.4,97.6,,0.0,,38,54,,
T,2026-04-14 15:03:06,53.479955,-2.23645167,1.4,97.6,,0.0,,38,54,,
T,2026-04-14 15:03:07,53.479955,-2.23645167,1.4,97.6,,0.0,,38,54,,
T,2026-04-14 15:03:08,53.479955,-2.23645167,1.4,97.6,,0.0,,38,54,,
T,2026-04-14 15:03:09,53.479955,-2.23645167,1.4,97.6,,0.0,,38,54,,
T,2026-04-14 15:03:10,53.479955,-2.23645167,1.4,97.6,,0.0,,38,54,,
T,2026-04-14 15:03:11,53.479955,-2.23645167,1.4,97.6,,0.0,,38,54,,
T,2026-04-14 15:03:12,53.479955,-2.23645167,1.4,97.6,,0.0,,38,54,,
T,2026-04-14 15:03:13,53.479955,-2.23645167,1.5,97.6,,0.0,,39,54,,
T,2026-04-14 15:03:14,53.479955,-2.23645167,1.7,97.6,,0.0,,39,54,,
T,2026-04-14 15:03:15,53.479955,-2.23645167,1.6,97.6,,0.0,,39,54,,
T,2026-04-14 15:03:16,53.479955,-2.23645167,1.6,97.6,,0.0,,38,54,,
T,2026-04-14 15:03:17,53.479955,-2.23645167,1.5,97.6,,0.0,,37,54,,
T,2026-04-14 15:03:18,53.479955,-2.23645167,1.5,97.6,,0.0,,38,54,,
T,2026-04-14 15:03:19,53.479955,-2.23645167,1.5,97.6,,0.0,,38,53,,
T,2026-04-14 15:03:20,53.479955,-2.23645167,1.5,97.6,,0.0,,38,54,,
T,2026-04-14 15:03:21,53.479955,-2.23645167,1.5,97.6,,0.0,,38,54,,
T,2026-04-14 15:03:22,53.479955,-2.23645167,1.4,97.6,,0.0,,37,54,,
T,2026-04-14 15:03:23,53.479955,-2.23645167,1.4,97.6,,0.0,,37,54,,
T,2026-04-14 15:03:24,53.479955,-2.23645167,1.4,97.6,,0.0,,38,54,,
T,2026-04-14 15:03:25,53.479955,-2.23645167,1.4,97.6,,0.0,,37,54,,
T,2026-04-14 15:03:26,53.479955,-2.23645167,1.5,97.6,,0.0,,38,54,,
T,2026-04-14 15:03:27,53.479955,-2.23645167,1.5,97.6,,0.0,,37,54,,
T,2026-04-14 15:03:28,53.479955,-2.23645167,1.5,97.6,,0.0,,37,54,,
T,2026-04-14 15:03:29,53.479955,-2.23645167,1.5,97.6,,0.0,,39,54,,
T,2026-04-14 15:03:30,53.479955,-2.23645167,1.5,97.6,,0.0,,39,54,,
T,2026-04-14 15:03:31,53.479955,-2.23645167,1.5,97.6,,0.0,,39,54,,
T,2026-04-14 15:03:32,53.479955,-2.23645167,1.5,97.6,,0.0,,39,54,,
T,2026-04-14 15:03:33,53.479955,-2.23645167,1.5,97.6,,0.0,,38,54,,
T,2026-04-14 15:03:34,53.47998167,-2.23652833,1.5,97.9,,0.197,249.0,39,54,,
T,2026-04-14 15:03:35,53.47997333,-2.23653833,1.5,97.9,,0.327,212.0,38,54,,
T,2026-04-14 15:03:36,53.47996,-2.23654833,1.6,97.9,,0.463,207.0,38,54,,
T,2026-04-14 15:03:37,53.47994833,-2.236555,1.6,98.0,,0.566,229.0,38,54,,
T,2026-04-14 15:03:38,53.47994,-2.23657,1.6,98.3,,0.703,229.0,38,54,,
T,2026-04-14 15:03:39,53.47993,-2.236585,1.6,98.7,,0.829,229.0,38,54,,
T,2026-04-14 15:03:40,53.47992167,-2.23659667,1.6,99.0,,0.969,228.0,38,54,,
T,2026-04-14 15:03:41,53.47992167,-2.23660833,1.5,99.4,,1.091,228.0,38,54,,
T,2026-04-14 15:03:42,53.47991667,-2.23662667,1.5,99.4,,1.183,227.0,37,54,,
T,2026-04-14 15:03:43,53.47991167,-2.23664167,1.5,99.5,,1.248,221.0,39,54,,
T,2026-04-14 15:03:44,53.47990167,-2.23665833,1.7,99.5,,1.309,214.0,39,54,,
T,2026-04-14 15:03:45,53.47989167,-2.23666667,1.7,99.4,,1.295,206.0,39,54,,
T,2026-04-14 15:03:46,53.47988,-2.23668167,1.7,99.0,,1.282,206.0,39,54,,
T,2026-04-14 15:03:47,53.47986833,-2.236695,1.6,98.8,,1.307,208.0,38,54,,
T,2026-04-14 15:03:48,53.47985833,-2.23671,1.6,98.7,,1.252,204.0,37,54,,
T,2026-04-14 15:03:49,53.47985333,-2.23672667,1.6,98.4,,1.24,204.0,37,54,,
T,2026-04-14 15:03:50,53.479845,-2.236745,1.5,98.1,,1.213,209.0,36,54,,
T,2026-04-14 15:03:51,53.47983833,-2.23676167,1.5,97.8,,1.185,218.0,38,54,,
T,2026-04-14 15:03:52,53.47982833,-2.23677667,1.5,97.6,,1.19,221.0,38,54,,
T,2026-04-14 15:03:53,53.47982167,-2.23679333,1.6,97.3,,1.168,219.0,37,54,,
T,2026-04-14 15:03:54,53.47981333,-2.23680667,1.6,97.1,,1.125,217.0,38,54,,
T,2026-04-14 15:03:55,53.479805,-2.23681833,1.6,96.7,,1.076,220.0,37,54,,
T,2026-04-14 15:03:56,53.479795,-2.23683167,1.6,96.5,,1.047,220.0,38,54,,
T,2026-04-14 15:03:57,53.47978833,-2.23684333,1.6,96.3,,1.01,220.0,38,54,,
T,2026-04-14 15:03:58,53.47978,-2.236855,1.6,96.2,,1.018,220.0,38,54,,
T,2026-04-14 15:03:59,53.47977,-2.23686333,1.6,96.2,,0.993,220.0,36,54,,
T,2026-04-14 15:04:00,53.47976,-2.23687167,1.6,96.1,,0.976,219.0,38,54,,
T,2026-04-14 15:04:01,53.47975,-2.23688167,1.6,96.0,,0.984,218.0,35,54,,
T,2026-04-14 15:04:02,53.47973833,-2.23689167,1.6,95.8,,0.983,211.0,37,54,,
T,2026-04-14 15:04:03,53.47972833,-2.236905,1.6,95.6,,1.016,214.0,33,54,,
T,2026-04-14 15:04:04,53.47971667,-2.23691667,1.6,95.8,,1.044,212.0,35,54,,
T,2026-04-14 15:04:05,53.47970667,-2.23693,1.6,95.8,,1.098,213.0,35,54,,
T,2026-04-14 15:04:06,53.47969667,-2.23694667,1.8,95.3,,1.122,214.0,36,54,,
T,2026-04-14 15:04:07,53.479685,-2.23695667,1.8,95.0,,1.122,218.0,36,54,,
T,2026-04-14 15:04:08,53.479675,-2.236965,1.8,94.9,,1.127,220.0,34,54,,
T,2026-04-14 15:04:09,53.47966167,-2.23696833,1.8,94.9,,1.132,224.0,33,54,,
T,2026-04-14 15:04:10,53.47965,-2.23696833,1.8,94.8,,1.118,222.0,32,54,,
T,2026-04-14 15:04:11,53.47963667,-2.23696833,1.9,94.7,,1.186,218.0,34,54,,
T,2026-04-14 15:04:12,53.47961833,-2.23695833,1.9,94.5,,1.185,213.0,33,54,,
T,2026-04-14 15:04:13,53.47960833,-2.23696,2.1,94.4,,1.225,212.0,34,54,,
T,2026-04-14 15:04:14,53.479605,-2.236965,2.1,94.3,,1.178,210.0,32,54,,
T,2026-04-14 15:04:15,53.47960333,-2.236955,2.2,94.1,,1.096,204.0,31,54,,
T,2026-04-14 15:04:16,53.47959167,-2.23694333,2.2,94.0,,1.061,204.0,31,54,,
T,2026-04-14 15:04:17,53.47957167,-2.23693333,2.1,94.1,,1.089,202.0,32,54,,
T,2026-04-14 15:04:18,53.479555,-2.23694,2.0,94.3,,1.128,203.0,30,54,,
T,2026-04-14 15:04:19,53.47954333,-2.23694167,2.0,94.4,,1.161,200.0,31,54,,
T,2026-04-14 15:04:20,53.479535,-2.23695833,2.0,94.2,,1.209,202.0,30,54,,
T,2026-04-14 15:04:21,53.47952667,-2.23696667,1.9,94.3,,1.124,204.0,32,54,,
T,2026-04-14 15:04:22,53.47951833,-2.23697,1.9,94.5,,1.103,209.0,31,54,,
T,2026-04-14 15:04:23,53.47951,-2.23698333,1.9,94.4,,1.059,211.0,31,54,,
T,2026-04-14 15:04:24,53.47950333,-2.23699167,1.9,94.2,,1.112,211.0,33,54,,
T,2026-04-14 15:04:25,53.47949333,-2.236995,1.8,94.0,,1.184,212.0,34,54,,
T,2026-04-14 15:04:26,53.47948667,-2.237005,1.8,93.9,,1.232,212.0,33,54,,
T,2026-04-14 15:04:27,53.47947833,-2.23701667,1.8,93.9,,1.216,227.0,33,54,,
T,2026-04-14 15:04:28,53.479475,-2.23702667,1.8,94.1,,1.18,229.0,34,54,,
T,2026-04-14 15:04:29,53.47946667,-2.23703333,1.8,94.1,,1.154,227.0,33,54,,
T,2026-04-14 15:04:30,53.47945667,-2.23704667,1.8,93.8,,1.14,224.0,34,53,,
T,2026-04-14 15:04:31,53.47944667,-2.23706333,1.8,94.1,,1.18,223.0,34,53,,
T,2026-04-14 15:04:32,53.47943667,-2.237075,1.8,93.8,,1.207,223.0,32,53,,
T,2026-04-14 15:04:33,53.47942833,-2.23708667,1.8,93.6,,1.209,221.0,32,53,,
T,2026-04-14 15:04:34,53.47941833,-2.23710167,1.7,93.6,,1.213,217.0,33,53,,
T,2026-04-14 15:04:35,53.47940833,-2.23711333,1.7,93.6,,1.225,217.0,35,53,,
T,2026-04-14 15:04:36,53.4794,-2.23712333,1.7,93.2,,1.206,214.0,34,53,,
T,2026-04-14 15:04:37,53.47938667,-2.23713333,1.8,93.5,,1.236,213.0,34,53,,
T,2026-04-14 15:04:38,53.47937333,-2.23714667,1.8,93.4,,1.254,215.0,33,53,,
T,2026-04-14 15:04:39,53.47936167,-2.23716333,1.9,93.4,,1.295,218.0,33,53,,
T,2026-04-14 15:04:40,53.47935167,-2.23718167,1.9,93.5,,1.29,218.0,33,53,,
T,2026-04-14 15:04:41,53.47934,-2.23719333,1.9,94.2,,1.251,223.0,35,53,,
T,2026-04-14 15:04:42,53.47933,-2.23720333,1.9,94.8,,1.213,231.0,35,53,,
T,2026-04-14 15:04:43,53.479325,-2.23721,2.0,95.0,,1.184,234.0,36,53,,
T,2026-04-14 15:04:44,53.47932167,-2.23726,1.9,95.4,,1.19,231.0,37,53,,
T,2026-04-14 15:04:45,53.47932,-2.23729167,1.9,95.4,,1.202,231.0,37,53,,
T,2026-04-14 15:04:46,53.47932,-2.23732,1.8,96.1,,1.192,224.0,35,53,,
T,2026-04-14 15:04:47,53.47932167,-2.23735333,1.8,96.4,,1.135,220.0,35,53,,
T,2026-04-14 15:04:48,53.479325,-2.23738167,1.8,96.5,,1.105,225.0,35,53,,
T,2026-04-14 15:04:49,53.47932667,-2.23741,1.7,96.5,,1.068,226.0,35,53,,
T,2026-04-14 15:04:50,53.479325,-2.23743,1.7,96.8,,1.068,222.0,36,53,,
T,2026-04-14 15:04:51,53.47932167,-2.23744667,1.7,97.1,,1.099,218.0,35,53,,
T,2026-04-14 15:04:52,53.479325,-2.23747667,1.7,97.3,,1.104,215.0,35,53,,
T,2026-04-14 15:04:53,53.47932667,-2.23749333,1.7,97.3,,1.075,220.0,36,53,,
T,2026-04-14 15:04:54,53.47932,-2.237505,1.7,97.3,,1.01,225.0,36,53,,
T,2026-04-14 15:04:55,53.47931667,-2.237525,1.6,97.3,,0.949,227.0,35,53,,
T,2026-04-14 15:04:56,53.47931333,-2.237545,1.6,97.6,,0.925,233.0,34,53,,
T,2026-04-14 15:04:57,53.47930167,-2.237565,1.6,98.1,,0.945,232.0,34,53,,
T,2026-04-14 15:04:58,53.479295,-2.23757833,1.6,98.2,,0.955,231.0,34,53,,
T,2026-04-14 15:04:59,53.479285,-2.23759333,1.6,98.3,,0.99,226.0,37,53,,
T,2026-04-14 15:05:00,53.47927333,-2.23760833,1.6,98.6,,0.981,228.0,36,53,,
T,2026-04-14 15:05:01,53.479265,-2.237615,1.6,98.9,,0.966,239.0,37,53,,
T,2026-04-14 15:05:02,53.47925667,-2.23762667,1.6,99.1,,0.983,235.0,36,53,,
T,2026-04-14 15:05:03,53.47924667,-2.23763167,1.6,99.4,,0.998,216.0,36,53,,
T,2026-04-14 15:05:04,53.479245,-2.23763833,1.7,99.9,,1.02,217.0,37,53,,
T,2026-04-14 15:05:05,53.47924333,-2.23764667,1.7,100.6,,1.019,225.0,38,53,,
T,2026-04-14 15:05:06,53.47923333,-2.23764667,1.8,101.1,,1.0,221.0,38,53,,
T,2026-04-14 15:05:07,53.479225,-2.23764667,1.8,101.6,,0.963,216.0,38,53,,
T,2026-04-14 15:05:08,53.47922167,-2.23765667,1.7,102.1,,0.931,211.0,37,53,,
T,2026-04-14 15:05:09,53.47922,-2.23767,1.8,102.7,,0.863,207.0,37,53,,
T,2026-04-14 15:05:10,53.47921833,-2.23768167,1.8,103.4,,0.835,208.0,36,53,,
T,2026-04-14 15:05:11,53.47921667,-2.23769167,1.8,104.3,,0.799,211.0,37,53,,
T,2026-04-14 15:05:12,53.479215,-2.23769667,1.9,105.5,,0.8,209.0,37,53,,
T,2026-04-14 15:05:13,53.47921333,-2.23770833,1.9,106.3,,0.868,205.0,38,53,,
T,2026-04-14 15:05:14,53.47921833,-2.23773,2.0,106.4,,0.833,204.0,38,53,,
T,2026-04-14 15:05:15,53.47921333,-2.23773833,2.0,106.3,,0.797,199.0,36,53,,
T,2026-04-14 15:05:16,53.47921167,-2.23774333,2.0,106.0,,0.782,197.0,35,53,,
T,2026-04-14 15:05:17,53.47920667,-2.23775667,2.0,106.3,,0.769,203.0,35,53,,
T,2026-04-14 15:05:18,53.47919833,-2.23776167,2.0,106.5,,0.767,205.0,34,53,,
T,2026-04-14 15:05:19,53.47918667,-2.23776833,2.0,106.4,,0.747,205.0,34,53,,
T,2026-04-14 15:05:20,53.47918,-2.23777333,2.0,106.4,,0.723,204.0,34,53,,
T,2026-04-14 15:05:21,53.47917167,-2.23777667,1.9,106.6,,0.713,201.0,36,53,,
T,2026-04-14 15:05:22,53.479165,-2.23778167,1.9,106.6,,0.666,202.0,35,53,,
T,2026-04-14 15:05:23,53.47915833,-2.23778667,1.9,106.7,,0.582,201.0,35,53,,
T,2026-04-14 15:05:24,53.47915333,-2.23779667,1.9,106.8,,0.597,199.0,36,53,,
T,2026-04-14 15:05:25,53.47914333,-2.23780333,1.9,107.1,,0.632,195.0,37,53,,
T,2026-04-14 15:05:26,53.479135,-2.237815,1.9,107.1,,0.659,195.0,36,53,,
T,2026-04-14 15:05:27,53.47911833,-2.23782667,1.9,107.1,,0.701,202.0,38,53,,
T,2026-04-14 15:05:28,53.47911167,-2.237835,1.9,106.9,,0.707,205.0,37,53,,
T,2026-04-14 15:05:29,53.47910167,-2.23784333,1.9,106.7,,0.738,208.0,37,53,,
T,2026-04-14 15:05:30,53.47909167,-2.23785833,1.9,106.6,,0.784,220.0,38,53,,
T,2026-04-14 15:05:31,53.47908333,-2.237875,1.9,106.5,,0.828,229.0,37,53,,
T,2026-04-14 15:05:32,53.479075,-2.23789167,1.9,106.2,,0.863,230.0,38,53,,
T,2026-04-14 15:05:33,53.47906667,-2.23790667,1.9,106.2,,0.89,226.0,37,53,,
T,2026-04-14 15:05:34,53.47906167,-2.23791833,1.9,106.1,,0.907,224.0,38,53,,
T,2026-04-14 15:05:35,53.47905333,-2.23793333,1.9,106.1,,0.928,229.0,38,53,,
T,2026-04-14 15:05:36,53.479045,-2.23794167,1.9,106.0,,0.949,221.0,38,53,,
T,2026-04-14 15:05:37,53.47904,-2.23795,1.9,106.0,,0.963,217.0,38,53,,
T,2026-04-14 15:05:38,53.479035,-2.237965,1.8,106.2,,0.999,223.0,39,53,,
T,2026-04-14 15:05:39,53.47902667,-2.23797833,1.8,106.2,,1.042,231.0,39,53,,
T,2026-04-14 15:05:40,53.47901667,-2.23799167,1.8,106.0,,1.06,228.0,38,53,,
T,2026-04-14 15:05:41,53.47900167,-2.238,1.8,105.5,,1.069,224.0,39,53,,
T,2026-04-14 15:05:42,53.478985,-2.238005,1.9,105.0,,1.083,215.0,39,53,,
T,2026-04-14 15:05:43,53.47897333,-2.23801333,2.1,104.9,,1.112,218.0,38,53,,
T,2026-04-14 15:05:44,53.478965,-2.238005,2.1,104.2,,1.132,223.0,37,53,,
T,2026-04-14 15:05:45,53.47895667,-2.23799667,2.0,103.2,,1.094,223.0,37,53,,
T,2026-04-14 15:05:46,53.47894667,-2.238,2.0,103.1,,1.081,221.0,37,53,,
T,2026-04-14 15:05:47,53.478935,-2.238,1.9,102.9,,1.027,213.0,36,53,,
T,2026-04-14 15:05:48,53.478925,-2.238,1.8,102.6,,1.016,205.0,36,53,,
T,2026-04-14 15:05:49,53.47891667,-2.23801,1.8,102.7,,0.961,193.0,37,53,,
T,2026-04-14 15:05:50,53.47891,-2.23802,1.7,102.5,,0.914,187.0,37,53,,
T,2026-04-14 15:05:51,53.47890333,-2.23802333,1.7,102.5,,0.864,184.0,33,53,,
T,2026-04-14 15:05:52,53.47889667,-2.23802333,1.6,102.2,,0.8,186.0,34,53,,
T,2026-04-14 15:05:53,53.47888667,-2.238025,1.6,101.8,,0.742,186.0,35,53,,
T,2026-04-14 15:05:54,53.47887333,-2.23802333,1.6,101.8,,0.706,186.0,35,53,,
T,2026-04-14 15:05:55,53.47886333,-2.23801333,1.6,101.9,,0.706,182.0,33,53,,
T,2026-04-14 15:05:56,53.47885833,-2.238025,1.6,101.7,,0.706,188.0,35,53,,
T,2026-04-14 15:05:57,53.47885167,-2.23802333,1.5,101.5,,0.727,195.0,35,53,,
T,2026-04-14 15:05:58,53.47884667,-2.23803,1.5,101.1,,0.703,182.0,37,53,,
T,2026-04-14 15:05:59,53.47883833,-2.23803667,1.5,100.9,,0.716,178.0,38,53,,
T,2026-04-14 15:06:00,53.47882833,-2.23804667,1.5,100.9,,0.753,187.0,38,53,,
T,2026-04-14 15:06:01,53.47881667,-2.238055,1.5,100.7,,0.823,195.0,37,53,,
T,2026-04-14 15:06:02,53.47880167,-2.238055,1.5,100.5,,0.92,199.0,38,53,,
T,2026-04-14 15:06:03,53.47878833,-2.23806333,1.5,100.1,,0.971,202.0,38,53,,
T,2026-04-14 15:06:04,53.478775,-2.23806833,1.5,99.6,,1.012,203.0,38,53,,
T,2026-04-14 15:06:05,53.478765,-2.23806833,1.5,99.3,,1.05,197.0,39,53,,
T,2026-04-14 15:06:06,53.478755,-2.238065,1.5,99.2,,1.056,197.0,37,53,,
T,2026-04-14 15:06:07,53.47874833,-2.23807667,1.5,98.9,,1.072,202.0,37,53,,
T,2026-04-14 15:06:08,53.47873833,-2.23809,1.5,98.4,,1.115,204.0,37,53,,
T,2026-04-14 15:06:09,53.47872667,-2.23810333,1.5,98.2,,1.132,203.0,37,53,,
T,2026-04-14 15:06:10,53.478715,-2.23812167,1.6,98.1,,1.153,201.0,38,53,,
T,2026-04-14 15:06:11,53.47870167,-2.238135,1.6,98.2,,1.134,202.0,38,53,,
T,2026-04-14 15:06:12,53.47869,-2.23814333,1.5,98.3,,1.089,203.0,37,53,,
T,2026-04-14 15:06:13,53.478685,-2.23817833,1.7,98.6,,1.02,204.0,37,53,,
T,2026-04-14 15:06:14,53.47868,-2.23820333,1.7,99.1,,0.954,208.0,37,53,,
T,2026-04-14 15:06:15,53.478675,-2.23822333,1.6,99.2,,0.914,206.0,36,53,,
T,2026-04-14 15:06:16,53.47866833,-2.23823833,1.6,99.6,,0.903,206.0,36,53,,
T,2026-04-14 15:06:17,53.47866167,-2.23826167,1.6,100.0,,0.91,207.0,37,53,,
T,2026-04-14 15:06:18,53.47865833,-2.23828333,1.7,100.4,,0.878,212.0,37,53,,
T,2026-04-14 15:06:19,53.478655,-2.23831,1.7,100.8,,0.909,215.0,37,53,,
T,2026-04-14 15:06:20,53.47864833,-2.23833833,1.6,101.1,,0.897,219.0,37,53,,
T,2026-04-14 15:06:21,53.47864,-2.23836167,1.6,101.1,,0.927,224.0,38,53,,
T,2026-04-14 15:06:22,53.47863667,-2.23838333,1.6,101.7,,0.956,226.0,38,53,,
T,2026-04-14 15:06:23,53.47863333,-2.2384,1.6,102.1,,1.012,220.0,38,53,,
T,2026-04-14 15:06:24,53.47863167,-2.23841833,1.6,102.6,,1.079,213.0,38,53,,
T,2026-04-14 15:06:25,53.47862667,-2.23842833,1.6,102.7,,1.106,209.0,37,53,,
T,2026-04-14 15:06:26,53.47862333,-2.23844,1.6,102.9,,1.12,208.0,37,53,,
T,2026-04-14 15:06:27,53.47861667,-2.238445,1.6,103.0,,1.102,206.0,35,53,,
T,2026-04-14 15:06:28,53.47861167,-2.23844667,1.7,103.2,,1.108,208.0,35,53,,
T,2026-04-14 15:06:29,53.478605,-2.238455,1.7,103.2,,1.061,215.0,35,53,,
T,2026-04-14 15:06:30,53.47859833,-2.23845833,1.7,103.2,,1.02,220.0,38,53,,
T,2026-04-14 15:06:31,53.47859,-2.238465,1.7,103.2,,0.962,229.0,38,53,,
T,2026-04-14 15:06:32,53.478585,-2.23846833,1.7,103.1,,0.916,232.0,38,53,,
T,2026-04-14 15:06:33,53.47857667,-2.238475,1.7,103.5,,0.9,224.0,35,53,,
T,2026-04-14 15:06:34,53.47857,-2.23848667,1.7,103.6,,0.879,225.0,34,53,,
T,2026-04-14 15:06:35,53.47856333,-2.23849333,1.7,103.8,,0.891,221.0,35,53,,
T,2026-04-14 15:06:36,53.478555,-2.238505,1.7,103.8,,0.89,220.0,35,53,,
T,2026-04-14 15:06:37,53.47854833,-2.23851833,1.7,103.6,,0.914,221.0,35,53,,
T,2026-04-14 15:06:38,53.47854,-2.23853,1.7,103.6,,0.924,217.0,35,53,,
T,2026-04-14 15:06:39,53.47853167,-2.23854333,1.7,103.5,,0.951,226.0,35,53,,
T,2026-04-14 15:06:40,53.47852667,-2.238555,1.7,103.4,,0.989,237.0,35,53,,
T,2026-04-14 15:06:41,53.47851667,-2.23857,1.7,103.3,,1.009,237.0,36,53,,
T,2026-04-14 15:06:42,53.47850833,-2.23858333,1.7,103.2,,1.048,231.0,36,53,,
T,2026-04-14 15:06:43,53.47849833,-2.23861167,1.9,102.9,,1.058,231.0,35,53,,
T,2026-04-14 15:06:44,53.47849667,-2.23862,2.1,103.0,,1.088,234.0,35,53,,
T,2026-04-14 15:06:45,53.47849167,-2.23865833,2.1,103.3,,1.136,246.0,36,53,,
T,2026-04-14 15:06:46,53.478485,-2.23868,2.0,103.4,,1.15,243.0,34,53,,
T,2026-04-14 15:06:47,53.47847,-2.23868833,2.0,103.2,,1.141,234.0,33,53,,
T,2026-04-14 15:06:48,53.47845667,-2.23871,1.9,103.3,,1.168,224.0,34,53,,
T,2026-04-14 15:06:49,53.47844667,-2.23872833,1.9,103.6,,1.183,221.0,34,53,,
T,2026-04-14 15:06:50,53.47843833,-2.23873667,1.8,103.9,,1.153,225.0,34,53,,
T,2026-04-14 15:06:51,53.47843167,-2.23874833,1.8,104.3,,1.136,231.0,36,53,,
T,2026-04-14 15:06:52,53.47842333,-2.23876167,1.8,104.4,,1.103,232.0,35,53,,
T,2026-04-14 15:06:53,53.47841333,-2.23877167,1.7,104.4,,1.105,228.0,35,53,,
T,2026-04-14 15:06:54,53.47840333,-2.23878667,1.7,104.4,,1.077,223.0,35,52,,
T,2026-04-14 15:06:55,53.478395,-2.23879833,1.7,104.4,,1.039,222.0,35,52,,
T,2026-04-14 15:06:56,53.47838333,-2.23881,1.7,104.7,,1.013,224.0,33,52,,
T,2026-04-14 15:06:57,53.47837667,-2.238825,1.7,105.0,,0.986,231.0,34,52,,
T,2026-04-14 15:06:58,53.47837,-2.238835,1.7,105.1,,0.922,223.0,34,52,,
T,2026-04-14 15:06:59,53.47836333,-2.23884,1.7,105.2,,0.855,217.0,34,52,,
T,2026-04-14 15:07:00,53.47835667,-2.23885,1.7,105.3,,0.843,217.0,35,52,,
T,2026-04-14 15:07:01,53.47835333,-2.23886167,1.7,105.6,,0.831,200.0,34,52,,
T,2026-04-14 15:07:02,53.47834667,-2.23887,1.7,105.7,,0.821,201.0,36,52,,
T,2026-04-14 15:07:03,53.47834,-2.23888667,1.7,105.7,,0.809,216.0,35,52,,
T,2026-04-14 15:07:04,53.47833,-2.23889667,1.7,105.5,,0.804,221.0,35,52,,
T,2026-04-14 15:07:05,53.47832167,-2.23890833,1.7,105.2,,0.789,220.0,34,52,,
T,2026-04-14 15:07:06,53.478315,-2.23892333,1.7,105.1,,0.802,222.0,34,52,,
T,2026-04-14 15:07:07,53.47830667,-2.23893833,1.7,105.1,,0.836,224.0,34,52,,
T,2026-04-14 15:07:08,53.47829833,-2.23895333,1.7,105.1,,0.88,225.0,34,52,,
T,2026-04-14 15:07:09,53.47828667,-2.23897167,1.7,105.1,,0.937,220.0,33,52,,
T,2026-04-14 15:07:10,53.47827667,-2.23899,1.7,104.9,,0.989,215.0,31,52,,
T,2026-04-14 15:07:11,53.47826833,-2.23900667,1.7,105.0,,1.038,220.0,32,52,,
T,2026-04-14 15:07:12,53.47825833,-2.23902167,1.7,104.9,,1.09,220.0,32,52,,
T,2026-04-14 15:07:13,53.47824667,-2.23903333,1.8,104.9,,1.113,218.0,32,52,,
T,2026-04-14 15:07:14,53.47823667,-2.23903667,1.9,104.9,,1.127,220.0,33,52,,
T,2026-04-14 15:07:15,53.47823,-2.23906333,1.9,105.0,,1.137,219.0,35,52,,
T,2026-04-14 15:07:16,53.478225,-2.23909333,1.8,104.6,,1.156,221.0,34,52,,
T,2026-04-14 15:07:17,53.47822333,-2.23911167,1.8,104.6,,1.127,222.0,33,52,,
T,2026-04-14 15:07:18,53.478225,-2.23912667,1.8,104.5,,1.053,230.0,33,52,,
T,2026-04-14 15:07:19,53.47822333,-2.239135,1.8,104.4,,0.992,232.0,33,52,,
T,2026-04-14 15:07:20,53.478215,-2.23914167,1.7,104.4,,0.948,233.0,32,52,,
T,2026-04-14 15:07:21,53.47820667,-2.23914833,1.7,104.4,,0.928,231.0,32,52,,
T,2026-04-14 15:07:22,53.47819333,-2.23916333,1.7,104.1,,0.944,234.0,32,52,,
T,2026-04-14 15:07:23,53.47817833,-2.23917667,1.7,103.9,,0.957,234.0,32,52,,
T,2026-04-14 15:07:24,53.478165,-2.23919,1.7,103.7,,0.981,237.0,35,52,,
T,2026-04-14 15:07:25,53.47815833,-2.2392,1.7,103.4,,0.947,237.0,35,52,,
T,2026-04-14 15:07:26,53.47814833,-2.23920833,1.7,103.0,,0.914,228.0,35,52,,
T,2026-04-14 15:07:27,53.47814167,-2.23921167,1.7,102.7,,0.89,226.0,35,52,,
T,2026-04-14 15:07:28,53.47813833,-2.23921333,1.7,102.7,,0.901,225.0,35,52,,
T,2026-04-14 15:07:29,53.47813333,-2.23921667,1.7,102.5,,0.885,225.0,35,52,,
T,2026-04-14 15:07:30,53.47813167,-2.23922167,1.7,102.4,,0.84,225.0,34,52,,
T,2026-04-14 15:07:31,53.47812833,-2.23922833,1.6,102.6,,0.755,225.0,34,52,,
T,2026-04-14 15:07:32,53.47812833,-2.23923167,1.6,103.0,,0.618,225.0,34,52,,
T,2026-04-14 15:07:33,53.47812667,-2.239235,1.6,103.3,,0.502,225.0,33,52,,
T,2026-04-14 15:07:34,53.478125,-2.23924,1.6,103.7,,0.0,,32,52,,
T,2026-04-14 15:07:35,53.47812167,-2.239245,1.5,104.0,,0.0,,34,52,,
T,2026-04-14 15:07:36,53.47812167,-2.239245,1.5,104.1,,0.0,,34,52,,
T,2026-04-14 15:07:37,53.47812167,-2.239245,1.5,104.1,,0.0,,36,52,,
T,2026-04-14 15:07:38,53.47812167,-2.239245,1.5,104.1,,0.0,,36,52,,
T,2026-04-14 15:07:39,53.47812167,-2.239245,1.5,104.1,,0.0,,36,52,,
T,2026-04-14 15:07:40,53.47812167,-2.239245,1.5,104.1,,0.0,,36,52,,
T,2026-04-14 15:07:41,53.47812167,-2.239245,1.5,104.1,,0.0,,36,52,,
T,2026-04-14 15:07:42,53.47812167,-2.239245,1.5,104.1,,0.0,,36,52,,
T,2026-04-14 15:07:43,53.47812167,-2.239245,1.6,104.1,,0.0,,35,52,,
T,2026-04-14 15:07:44,53.47812167,-2.239245,1.6,104.1,,0.0,,34,52,,
T,2026-04-14 15:07:45,53.47812167,-2.239245,1.6,104.1,,0.0,,34,52,,
T,2026-04-14 15:07:46,53.47812167,-2.239245,1.6,104.1,,0.0,,33,52,,
T,2026-04-14 15:07:47,53.47812167,-2.239245,1.6,104.1,,0.0,,30,52,,
T,2026-04-14 15:07:48,53.47812167,-2.239245,1.6,104.1,,0.0,,31,52,,
T,2026-04-14 15:07:49,53.47812167,-2.239245,1.6,104.1,,0.0,,33,52,,
T,2026-04-14 15:07:50,53.47812167,-2.239245,1.6,104.1,,0.0,,33,52,,
T,2026-04-14 15:07:51,53.478105,-2.23926333,1.6,102.4,,0.252,263.0,34,52,,
T,2026-04-14 15:07:52,53.4781,-2.23928167,1.6,102.1,,0.352,236.0,34,52,,
T,2026-04-14 15:07:53,53.47809,-2.239305,1.6,101.8,,0.432,238.0,34,52,,
T,2026-04-14 15:07:54,53.47808333,-2.239315,1.6,101.7,,0.506,221.0,33,52,,
T,2026-04-14 15:07:55,53.47807,-2.239325,1.6,101.4,,0.619,220.0,34,52,,
T,2026-04-14 15:07:56,53.478055,-2.23933833,1.6,101.3,,0.716,210.0,31,52,,
T,2026-04-14 15:07:57,53.47804667,-2.23935333,1.6,101.1,,0.818,209.0,31,52,,
T,2026-04-14 15:07:58,53.478035,-2.23936667,1.6,101.0,,0.918,216.0,32,52,,
T,2026-04-14 15:07:59,53.478025,-2.23937667,1.6,100.9,,0.988,218.0,33,52,,
T,2026-04-14 15:08:00,53.478015,-2.239385,1.7,100.9,,1.034,215.0,31,52,,
T,2026-04-14 15:08:01,53.478005,-2.239395,1.7,101.1,,1.048,214.0,30,52,,
T,2026-04-14 15:08:02,53.47799333,-2.239405,1.7,101.1,,1.053,216.0,32,52,,
T,2026-04-14 15:08:03,53.47798,-2.239425,1.7,100.9,,1.092,214.0,33,52,,
T,2026-04-14 15:08:04,53.47797,-2.23943,1.7,100.6,,1.095,224.0,31,52,,
T,2026-04-14 15:08:05,53.47796333,-2.23944,1.7,100.4,,1.026,220.0,34,52,,
T,2026-04-14 15:08:06,53.47795667,-2.23944333,1.7,100.2,,0.957,212.0,33,52,,
T,2026-04-14 15:08:07,53.47794833,-2.23944333,1.7,100.0,,0.901,212.0,33,52,,
T,2026-04-14 15:08:08,53.477945,-2.239445,1.7,99.8,,0.837,212.0,34,52,,
T,2026-04-14 15:08:09,53.47794333,-2.23944333,1.7,99.6,,0.781,211.0,34,52,,
T,2026-04-14 15:08:10,53.477945,-2.23944833,1.7,99.3,,0.71,210.0,34,52,,
T,2026-04-14 15:08:11,53.477945,-2.23945,1.7,99.2,,0.639,209.0,35,52,,
T,2026-04-14 15:08:12,53.47794667,-2.239445,1.7,99.1,,0.608,209.0,35,52,,
T,2026-04-14 15:08:13,53.47794333,-2.23944333,1.8,99.4,,0.517,207.0,33,52,,
T,2026-04-14 15:08:14,53.47795,-2.23945167,1.8,99.5,,0.443,207.0,33,52,,
T,2026-04-14 15:08:15,53.47795833,-2.239455,1.7,99.6,,0.416,207.0,32,52,,
T,2026-04-14 15:08:16,53.47796333,-2.23946333,1.7,99.5,,0.0,,31,52,,
T,2026-04-14 15:08:17,53.47796833,-2.239475,1.6,99.4,,0.0,,32,52,,
T,2026-04-14 15:08:18,53.47797333,-2.23947,1.6,99.3,,0.0,,34,52,,
T,2026-04-14 15:08:19,53.47797333,-2.23947,1.6,99.3,,0.0,,33,52,,
T,2026-04-14 15:08:20,53.47797333,-2.23947,1.6,99.3,,0.0,,32,52,,
T,2026-04-14 15:08:21,53.47797333,-2.23947,1.5,99.3,,0.0,,30,52,,
T,2026-04-14 15:08:22,53.47797333,-2.23947,1.5,99.3,,0.0,,29,53,,
T,2026-04-14 15:08:23,53.47797333,-2.23947,1.5,99.3,,0.0,,31,53,,
T,2026-04-14 15:08:24,53.47797333,-2.23947,1.5,99.3,,0.0,,34,53,,
T,2026-04-14 15:08:25,53.47797333,-2.23947,1.5,99.3,,0.0,,35,53,,
T,2026-04-14 15:08:26,53.47797333,-2.23947,1.5,99.3,,0.0,,34,53,,
T,2026-04-14 15:08:27,53.47797333,-2.23947,1.5,99.3,,0.0,,34,53,,
T,2026-04-14 15:08:28,53.47797333,-2.23947,1.5,99.3,,0.0,,33,53,,
T,2026-04-14 15:08:29,53.47797333,-2.23947,1.5,99.3,,0.0,,33,54,,
T,2026-04-14 15:08:30,53.47797333,-2.23947,1.5,99.3,,0.0,,34,54,,
T,2026-04-14 15:08:31,53.47797333,-2.23947,1.5,99.3,,0.0,,34,54,,
T,2026-04-14 15:08:32,53.47797333,-2.23947,1.5,99.3,,0.0,,34,54,,
T,2026-04-14 15:08:33,53.47797333,-2.23947,1.5,99.3,,0.0,,36,54,,
T,2026-04-14 15:08:34,53.47797333,-2.23947,1.5,99.3,,0.0,,36,54,,
T,2026-04-14 15:08:35,53.47797333,-2.23947,1.5,99.3,,0.0,,36,54,,
T,2026-04-14 15:08:36,53.47797333,-2.23947,1.5,99.3,,0.0,,36,54,,
T,2026-04-14 15:08:37,53.47797333,-2.23947,1.5,99.3,,0.0,,35,54,,
T,2026-04-14 15:08:38,53.47797333,-2.23947,1.5,99.3,,0.0,,35,54,,
T,2026-04-14 15:08:39,53.47797333,-2.23947,1.6,99.3,,0.0,,35,54,,
T,2026-04-14 15:08:40,53.47797333,-2.23947,1.5,99.3,,0.0,,33,54,,
T,2026-04-14 15:08:41,53.47797333,-2.23947,1.6,99.3,,0.0,,32,54,,
T,2026-04-14 15:08:42,53.47797333,-2.23947,1.6,99.3,,0.0,,33,54,,
T,2026-04-14 15:08:43,53.47797333,-2.23947,1.7,99.3,,0.0,,33,54,,
T,2026-04-14 15:08:44,53.47797333,-2.23947,1.6,99.3,,0.0,,32,54,,
T,2026-04-14 15:08:45,53.47797333,-2.23947,1.6,99.3,,0.0,,32,54,,
T,2026-04-14 15:08:46,53.47797333,-2.23947,1.6,99.3,,0.0,,33,54,,
T,2026-04-14 15:08:47,53.47797333,-2.23947,1.6,99.3,,0.0,,32,54,,
T,2026-04-14 15:08:48,53.478005,-2.23945167,1.6,98.7,,0.276,236.0,32,54,,
T,2026-04-14 15:08:49,53.47799833,-2.23946,1.6,98.8,,0.331,225.0,33,54,,
T,2026-04-14 15:08:50,53.47799167,-2.23947833,1.6,98.9,,0.416,236.0,33,54,,
T,2026-04-14 15:08:51,53.477985,-2.239495,1.6,99.0,,0.508,234.0,33,54,,
T,2026-04-14 15:08:52,53.47797167,-2.23951167,1.6,98.9,,0.588,227.0,34,54,,
T,2026-04-14 15:08:53,53.47795667,-2.23953167,1.6,98.8,,0.712,232.0,34,54,,
T,2026-04-14 15:08:54,53.47794333,-2.23954833,1.6,99.0,,0.819,232.0,35,54,,
T,2026-04-14 15:08:55,53.47793167,-2.23956667,1.6,99.0,,0.931,231.0,34,54,,
T,2026-04-14 15:08:56,53.47792333,-2.23958833,1.6,99.1,,1.02,230.0,36,54,,
T,2026-04-14 15:08:57,53.477915,-2.23960667,1.6,99.2,,1.092,232.0,36,54,,
T,2026-04-14 15:08:58,53.477905,-2.239625,1.7,99.3,,1.173,231.0,36,54,,
T,2026-04-14 15:08:59,53.47789667,-2.23964,1.6,99.4,,1.234,229.0,35,54,,
T,2026-04-14 15:09:00,53.477885,-2.23965333,1.6,99.3,,1.256,232.0,34,54,,
T,2026-04-14 15:09:01,53.47787667,-2.23967,1.6,99.2,,1.257,229.0,34,54,,
T,2026-04-14 15:09:02,53.47786667,-2.23968333,1.6,99.1,,1.255,230.0,33,54,,
T,2026-04-14 15:09:03,53.47785833,-2.239705,1.7,98.8,,1.23,229.0,33,54,,
T,2026-04-14 15:09:04,53.47784667,-2.23972333,1.7,98.7,,1.207,229.0,33,54,,
T,2026-04-14 15:09:05,53.47783833,-2.23974,1.7,98.6,,1.219,229.0,33,54,,
T,2026-04-14 15:09:06,53.47783,-2.23975333,1.8,98.6,,1.226,228.0,33,54,,
T,2026-04-14 15:09:07,53.477825,-2.23976667,1.7,98.5,,1.235,227.0,33,54,,
T,2026-04-14 15:09:08,53.47781667,-2.23978167,1.7,98.4,,1.228,227.0,34,54,,
T,2026-04-14 15:09:09,53.47781,-2.23979667,1.6,98.5,,1.232,226.0,34,54,,
T,2026-04-14 15:09:10,53.47780167,-2.23981167,1.6,98.4,,1.232,226.0,36,54,,
T,2026-04-14 15:09:11,53.47779333,-2.23982833,1.6,98.3,,1.256,230.0,35,54,,
T,2026-04-14 15:09:12,53.47778333,-2.239845,1.8,98.5,,1.235,231.0,36,54,,
T,2026-04-14 15:09:13,53.47777333,-2.23985,1.8,98.9,,1.237,235.0,36,54,,
T,2026-04-14 15:09:14,53.47776333,-2.23986333,1.8,99.1,,1.238,233.0,35,54,,
T,2026-04-14 15:09:15,53.477755,-2.23988167,1.8,98.7,,1.232,235.0,35,54,,
T,2026-04-14 15:09:16,53.47774833,-2.23989833,1.8,98.3,,1.209,236.0,35,54,,
T,2026-04-14 15:09:17,53.47774167,-2.23991667,1.7,97.9,,1.197,241.0,35,54,,
T,2026-04-14 15:09:18,53.477735,-2.23993167,1.7,97.7,,1.197,240.0,35,54,,
T,2026-04-14 15:09:19,53.47773333,-2.23994667,1.6,97.5,,1.178,238.0,34,54,,
T,2026-04-14 15:09:20,53.47772833,-2.23996,1.6,97.1,,1.143,238.0,34,54,,
T,2026-04-14 15:09:21,53.477725,-2.23997,1.6,96.8,,1.106,238.0,35,54,,
T,2026-04-14 15:09:22,53.477725,-2.23997667,1.6,96.7,,1.014,239.0,36,54,,
T,2026-04-14 15:09:23,53.477725,-2.23997667,1.6,96.7,,0.904,239.0,36,54,,
T,2026-04-14 15:09:24,53.47772333,-2.23998,1.6,96.7,,0.807,239.0,35,54,,
T,2026-04-14 15:09:25,53.47772167,-2.23998,1.6,96.5,,0.71,239.0,34,54,,
T,2026-04-14 15:09:26,53.47772333,-2.23998,1.6,96.5,,0.625,239.0,36,54,,
T,2026-04-14 15:09:27,53.47772333,-2.23998333,1.6,96.2,,0.514,239.0,36,54,,
T,2026-04-14 15:09:28,53.47772667,-2.23998167,1.6,96.3,,0.403,239.0,35,54,,
T,2026-04-14 15:09:29,53.47773,-2.239985,1.6,96.6,,0.0,,34,54,,
T,2026-04-14 15:09:30,53.47773,-2.23998167,1.6,96.7,,0.0,,35,54,,
T,2026-04-14 15:09:31,53.47773167,-2.23997833,1.6,96.8,,0.0,,36,54,,
T,2026-04-14 15:09:32,53.47773167,-2.23997833,1.6,96.8,,0.0,,37,54,,
T,2026-04-14 15:09:33,53.47773167,-2.23997833,1.6,96.8,,0.0,,36,54,,
T,2026-04-14 15:09:34,53.47773167,-2.23997833,1.6,96.8,,0.0,,37,54,,
T,2026-04-14 15:09:35,53.47773167,-2.23997833,1.6,96.8,,0.0,,37,54,,
T,2026-04-14 15:09:36,53.47773167,-2.23997833,1.6,96.8,,0.0,,35,54,,
T,2026-04-14 15:09:37,53.47773167,-2.23997833,1.6,96.8,,0.0,,36,54,,
T,2026-04-14 15:09:38,53.47773167,-2.23997833,1.6,96.8,,0.0,,35,54,,
T,2026-04-14 15:09:39,53.47773167,-2.23997833,1.7,96.8,,0.0,,34,54,,
T,2026-04-14 15:09:40,53.47773167,-2.23997833,1.7,96.8,,0.0,,34,54,,
T,2026-04-14 15:09:41,53.47773167,-2.23997833,1.7,96.8,,0.0,,35,54,,
T,2026-04-14 15:09:42,53.47773167,-2.23997833,1.8,96.8,,0.0,,35,54,,
T,2026-04-14 15:09:43,53.47773,-2.23992667,1.9,99.6,,0.209,163.0,34,54,,
T,2026-04-14 15:09:44,53.477725,-2.23992167,2.0,99.9,,0.0,,34,54,,
T,2026-04-14 15:09:45,53.47771333,-2.23991833,1.8,99.9,,0.0,,34,54,,
T,2026-04-14 15:09:46,53.47770333,-2.23992167,1.8,99.7,,0.0,,34,54,,
T,2026-04-14 15:09:47,53.47770333,-2.23992167,1.8,99.7,,0.0,,34,54,,
T,2026-04-14 15:09:48,53.47770333,-2.23992167,1.7,99.7,,0.0,,34,54,,
T,2026-04-14 15:09:49,53.47770333,-2.23992167,1.7,99.7,,0.0,,34,54,,
T,2026-04-14 15:09:50,53.47770333,-2.23992167,1.7,99.7,,0.0,,34,54,,
T,2026-04-14 15:09:51,53.47770333,-2.23992167,1.7,99.7,,0.0,,34,54,,
T,2026-04-14 15:09:52,53.47768,-2.23995833,1.7,99.4,,0.287,237.0,34,54,,
T,2026-04-14 15:09:53,53.47767667,-2.23997,1.7,99.5,,0.287,237.0,33,54,,
T,2026-04-14 15:09:54,53.477675,-2.23998167,1.7,99.4,,0.318,237.0,34,54,,
T,2026-04-14 15:09:55,53.47767833,-2.23999667,1.7,99.2,,0.347,244.0,35,54,,
T,2026-04-14 15:09:56,53.47767667,-2.24000833,1.7,99.1,,0.384,231.0,35,54,,
T,2026-04-14 15:09:57,53.477675,-2.24002,1.7,99.2,,0.422,231.0,36,54,,
T,2026-04-14 15:09:58,53.47767,-2.24003167,1.7,99.3,,0.462,232.0,37,54,,
T,2026-04-14 15:09:59,53.477665,-2.24003833,1.7,99.2,,0.503,231.0,37,54,,
T,2026-04-14 15:10:00,53.47765833,-2.240055,1.7,99.0,,0.539,236.0,37,54,,
T,2026-04-14 15:10:01,53.47765333,-2.24006667,1.7,98.7,,0.555,234.0,37,54,,
T,2026-04-14 15:10:02,53.47765333,-2.24007667,1.6,98.4,,0.54,232.0,37,54,,
T,2026-04-14 15:10:03,53.47765333,-2.24009,1.6,97.9,,0.513,243.0,36,55,,
T,2026-04-14 15:10:04,53.47765667,-2.24009667,1.5,97.5,,0.477,268.0,36,55,,
T,2026-04-14 15:10:05,53.47766,-2.24010167,1.5,97.1,,0.436,291.0,35,55,,
T,2026-04-14 15:10:06,53.47766167,-2.24010333,1.5,97.0,,0.0,,36,55,,
T,2026-04-14 15:10:07,53.47766667,-2.240105,1.5,96.9,,0.0,,35,55,,
T,2026-04-14 15:10:08,53.47767167,-2.24010833,1.5,96.8,,0.0,,35,55,,
T,2026-04-14 15:10:09,53.47767167,-2.24010833,1.5,96.8,,0.0,,35,55,,
T,2026-04-14 15:10:10,53.47767167,-2.24010833,1.4,96.8,,0.0,,35,55,,
T,2026-04-14 15:10:11,53.47767167,-2.24010833,1.4,96.8,,0.0,,35,55,,
T,2026-04-14 15:10:12,53.47767167,-2.24010833,1.5,96.8,,0.0,,36,55,,
T,2026-04-14 15:10:13,53.47767167,-2.24010833,1.6,96.8,,0.0,,34,55,,
T,2026-04-14 15:10:14,53.47767167,-2.24010833,1.6,96.8,,0.0,,34,55,,
T,2026-04-14 15:10:15,53.47767167,-2.24010833,1.6,96.8,,0.0,,34,55,,
T,2026-04-14 15:10:16,53.47767167,-2.24010833,1.5,96.8,,0.0,,34,55,,
T,2026-04-14 15:10:17,53.47767167,-2.24010833,1.5,96.8,,0.0,,35,55,,
T,2026-04-14 15:10:18,53.47767167,-2.24010833,1.5,96.8,,0.0,,34,55,,
T,2026-04-14 15:10:19,53.47767167,-2.24010833,1.5,96.8,,0.0,,34,55,,
T,2026-04-14 15:10:20,53.47767167,-2.24010833,1.4,96.8,,0.0,,34,55,,
T,2026-04-14 15:10:21,53.47767167,-2.24010833,1.4,96.8,,0.0,,34,55,,
T,2026-04-14 15:10:22,53.47767167,-2.24010833,1.4,96.8,,0.0,,35,55,,
T,2026-04-14 15:10:23,53.47767167,-2.24010833,1.4,96.8,,0.0,,36,55,,
T,2026-04-14 15:10:24,53.47767167,-2.24010833,1.4,96.8,,0.0,,37,55,,
T,2026-04-14 15:10:25,53.47767167,-2.24010833,1.4,96.8,,0.0,,38,55,,
T,2026-04-14 15:10:26,53.47767167,-2.24010833,1.4,96.8,,0.0,,38,55,,
T,2026-04-14 15:10:27,53.47767167,-2.24010833,1.3,96.8,,0.0,,38,54,,
T,2026-04-14 15:10:28,53.47767167,-2.24010833,1.3,96.8,,0.0,,38,54,,
T,2026-04-14 15:10:29,53.47767167,-2.24010833,1.3,96.8,,0.0,,37,54,,
T,2026-04-14 15:10:30,53.47767167,-2.24010833,1.4,96.8,,0.0,,36,54,,
T,2026-04-14 15:10:31,53.47767167,-2.24010833,1.4,96.8,,0.0,,37,54,,
T,2026-04-14 15:10:32,53.47767167,-2.24010833,1.4,96.8,,0.0,,36,54,,
T,2026-04-14 15:10:33,53.47767167,-2.24010833,1.4,96.8,,0.0,,37,54,,
T,2026-04-14 15:10:34,53.47767167,-2.24010833,1.4,96.8,,0.0,,37,54,,
T,2026-04-14 15:10:35,53.47767167,-2.24010833,1.4,96.8,,0.0,,37,54,,
T,2026-04-14 15:10:36,53.47767167,-2.24010833,1.4,96.8,,0.0,,37,54,,
T,2026-04-14 15:10:37,53.47767167,-2.24010833,1.4,96.8,,0.0,,35,54,,
T,2026-04-14 15:10:38,53.47767167,-2.24010833,1.4,96.8,,0.0,,37,54,,
T,2026-04-14 15:10:39,53.47767167,-2.24010833,1.4,96.8,,0.0,,37,54,,
T,2026-04-14 15:10:40,53.47767167,-2.24010833,1.4,96.8,,0.0,,36,54,,
T,2026-04-14 15:10:41,53.47767167,-2.24010833,1.4,96.8,,0.0,,36,54,,
T,2026-04-14 15:10:42,53.47767167,-2.24010833,1.4,96.8,,0.0,,37,54,,
T,2026-04-14 15:10:43,53.47767167,-2.24010833,1.5,96.8,,0.0,,37,54,,
T,2026-04-14 15:10:44,53.47767333,-2.24014,1.5,93.7,,0.322,219.0,37,54,,
T,2026-04-14 15:10:45,53.47766333,-2.240155,1.6,93.6,,0.443,221.0,37,54,,
T,2026-04-14 15:10:46,53.47765167,-2.24017333,1.6,93.4,,0.57,249.0,37,54,,
T,2026-04-14 15:10:47,53.47764833,-2.240195,1.5,93.3,,0.7,252.0,37,54,,
T,2026-04-14 15:10:48,53.47764333,-2.24021167,1.5,93.2,,0.798,238.0,37,54,,
T,2026-04-14 15:10:49,53.47763667,-2.24022833,1.4,93.2,,0.893,240.0,37,54,,
T,2026-04-14 15:10:50,53.47763,-2.24024167,1.4,93.1,,0.992,231.0,36,54,,
T,2026-04-14 15:10:51,53.477625,-2.24025833,1.4,93.2,,1.112,232.0,36,54,,
T,2026-04-14 15:10:52,53.47761667,-2.24027667,1.4,93.2,,1.219,235.0,37,54,,
T,2026-04-14 15:10:53,53.47760667,-2.24029167,1.4,93.3,,1.228,241.0,37,54,,
T,2026-04-14 15:10:54,53.4776,-2.24029667,1.4,93.3,,1.222,246.0,36,54,,
T,2026-04-14 15:10:55,53.47759333,-2.24030333,1.4,93.5,,1.173,244.0,37,54,,
T,2026-04-14 15:10:56,53.47758,-2.24031167,1.4,93.7,,1.137,244.0,37,54,,
T,2026-04-14 15:10:57,53.47756667,-2.240315,1.4,94.0,,1.128,244.0,36,54,,
T,2026-04-14 15:10:58,53.47754833,-2.24032333,1.5,94.1,,1.198,240.0,37,54,,
T,2026-04-14 15:10:59,53.47753167,-2.24033167,1.5,94.3,,1.221,236.0,37,54,,
T,2026-04-14 15:11:00,53.47751833,-2.24033833,1.5,94.2,,1.255,234.0,37,54,,
T,2026-04-14 15:11:01,53.47750667,-2.24034667,1.6,94.0,,1.227,232.0,37,54,,
T,2026-04-14 15:11:02,53.47749333,-2.24035167,1.6,93.9,,1.213,223.0,37,54,,
T,2026-04-14 15:11:03,53.47748333,-2.24035167,1.6,93.9,,1.221,205.0,36,54,,
T,2026-04-14 15:11:04,53.47746667,-2.24035,1.7,93.8,,1.248,196.0,37,54,,
T,2026-04-14 15:11:05,53.477455,-2.24035333,1.7,93.6,,1.272,193.0,37,54,,
T,2026-04-14 15:11:06,53.47744667,-2.24036333,1.7,93.4,,1.308,194.0,36,54,,
T,2026-04-14 15:11:07,53.47743833,-2.24037833,1.8,93.5,,1.307,196.0,35,54,,
T,2026-04-14 15:11:08,53.47742167,-2.24039,1.8,93.1,,1.309,198.0,35,54,,
T,2026-04-14 15:11:09,53.47741,-2.24040833,1.7,92.9,,1.289,201.0,36,54,,
T,2026-04-14 15:11:10,53.47740667,-2.24043,1.7,93.5,,1.285,207.0,37,54,,
T,2026-04-14 15:11:11,53.4774,-2.24045,1.6,94.3,,1.316,209.0,35,54,,
T,2026-04-14 15:11:12,53.47738833,-2.240455,1.6,95.0,,1.338,207.0,36,54,,
T,2026-04-14 15:11:13,53.47737833,-2.24046667,1.8,95.1,,1.356,205.0,36,54,,
T,2026-04-14 15:11:14,53.477365,-2.24047167,1.9,95.2,,1.323,207.0,37,54,,
T,2026-04-14 15:11:15,53.47735333,-2.240475,1.8,95.6,,1.295,215.0,37,54,,
T,2026-04-14 15:11:16,53.477345,-2.24049,1.8,95.6,,1.28,218.0,34,54,,
T,2026-04-14 15:11:17,53.47733,-2.2405,1.7,95.3,,1.31,213.0,36,54,,
T,2026-04-14 15:11:18,53.47731833,-2.24051167,1.7,95.7,,1.273,209.0,38,54,,
T,2026-04-14 15:11:19,53.47731167,-2.24052,1.7,96.0,,1.274,205.0,38,54,,
T,2026-04-14 15:11:20,53.47730167,-2.24052333,1.7,96.0,,1.257,204.0,37,54,,
T,2026-04-14 15:11:21,53.47729167,-2.24054167,1.7,96.3,,1.243,203.0,36,54,,
T,2026-04-14 15:11:22,53.47728333,-2.240555,1.7,96.2,,1.251,207.0,36,54,,
T,2026-04-14 15:11:23,53.477275,-2.24056833,1.7,96.2,,1.235,211.0,37,54,,
T,2026-04-14 15:11:24,53.477265,-2.24058167,1.7,96.2,,1.283,213.0,37,54,,
T,2026-04-14 15:11:25,53.47725833,-2.24059333,1.7,96.5,,1.315,215.0,35,54,,
T,2026-04-14 15:11:26,53.47725167,-2.240605,1.7,96.8,,1.314,215.0,37,54,,
T,2026-04-14 15:11:27,53.477245,-2.24061667,1.7,97.0,,1.289,212.0,35,54,,
T,2026-04-14 15:11:28,53.477235,-2.240635,1.7,97.2,,1.28,210.0,36,54,,
T,2026-04-14 15:11:29,53.47722667,-2.24065333,1.7,97.7,,1.279,215.0,36,54,,
T,2026-04-14 15:11:30,53.47722,-2.24067167,1.7,98.3,,1.244,217.0,36,54,,
T,2026-04-14 15:11:31,53.477215,-2.24069,1.7,98.9,,1.233,216.0,36,54,,
T,2026-04-14 15:11:32,53.47720333,-2.24070167,1.7,99.3,,1.217,217.0,36,54,,
T,2026-04-14 15:11:33,53.477195,-2.24071333,1.8,99.5,,1.214,220.0,37,54,,
T,2026-04-14 15:11:34,53.47718667,-2.24072833,1.7,99.7,,1.21,219.0,37,54,,
T,2026-04-14 15:11:35,53.47718,-2.24074833,1.7,99.8,,1.213,215.0,36,54,,
T,2026-04-14 15:11:36,53.47717167,-2.24076833,1.7,100.0,,1.227,218.0,37,54,,
T,2026-04-14 15:11:37,53.47716,-2.24078333,1.8,100.1,,1.236,220.0,37,54,,
T,2026-04-14 15:11:38,53.47714833,-2.24079333,1.7,100.6,,1.248,218.0,36,54,,
T,2026-04-14 15:11:39,53.47713833,-2.24080667,1.7,100.9,,1.287,219.0,33,54,,
T,2026-04-14 15:11:40,53.47713333,-2.240825,1.7,101.1,,1.327,220.0,35,54,,
T,2026-04-14 15:11:41,53.477125,-2.24084167,1.7,101.3,,1.349,220.0,34,54,,
T,2026-04-14 15:11:42,53.477115,-2.240855,1.7,101.1,,1.318,221.0,35,54,,
T,2026-04-14 15:11:43,53.47710833,-2.24087167,1.8,100.8,,1.303,225.0,34,54,,
T,2026-04-14 15:11:44,53.47709667,-2.24089167,1.9,99.5,,1.341,223.0,36,54,,
T,2026-04-14 15:11:45,53.47708833,-2.24091833,1.8,98.7,,1.358,221.0,33,54,,
T,2026-04-14 15:11:46,53.47708,-2.24094167,1.8,98.1,,1.344,216.0,32,54,,
T,2026-04-14 15:11:47,53.47707333,-2.24095833,1.9,97.8,,1.365,216.0,34,54,,
T,2026-04-14 15:11:48,53.477065,-2.24097333,1.8,97.3,,1.377,225.0,35,54,,
T,2026-04-14 15:11:49,53.47705667,-2.24098167,1.8,97.2,,1.332,225.0,33,54,,
T,2026-04-14 15:11:50,53.47705,-2.24099167,1.8,97.1,,1.313,220.0,34,54,,
T,2026-04-14 15:11:51,53.477045,-2.24100167,1.8,97.3,,1.282,215.0,35,54,,
T,2026-04-14 15:11:52,53.477035,-2.24102167,1.8,97.1,,1.328,214.0,36,54,,
T,2026-04-14 15:11:53,53.477025,-2.24104333,1.8,97.0,,1.337,218.0,37,54,,
T,2026-04-14 15:11:54,53.47702,-2.24106667,1.7,97.3,,1.329,224.0,36,54,,
T,2026-04-14 15:11:55,53.47701167,-2.241085,1.7,97.2,,1.306,222.0,37,54,,
T,2026-04-14 15:11:56,53.47700333,-2.24110333,1.7,97.5,,1.336,218.0,38,54,,
T,2026-04-14 15:11:57,53.477,-2.24111667,1.8,97.9,,1.288,217.0,37,54,,
T,2026-04-14 15:11:58,53.476995,-2.24112833,1.7,97.8,,1.225,219.0,35,53,,
T,2026-04-14 15:11:59,53.476995,-2.24114167,1.7,98.0,,1.212,222.0,35,53,,
T,2026-04-14 15:12:00,53.47699333,-2.24114667,1.8,98.3,,1.179,226.0,34,53,,
T,2026-04-14 15:12:01,53.47698667,-2.24116167,1.7,98.3,,1.175,231.0,34,53,,
T,2026-04-14 15:12:02,53.47698,-2.241175,1.7,98.3,,1.126,231.0,35,53,,
T,2026-04-14 15:12:03,53.47697167,-2.24118667,1.7,98.5,,1.125,229.0,37,53,,
T,2026-04-14 15:12:04,53.47696167,-2.24119833,1.6,98.6,,1.097,228.0,37,53,,
T,2026-04-14 15:12:05,53.47695333,-2.24121667,1.6,98.3,,1.105,227.0,35,53,,
T,2026-04-14 15:12:06,53.47694333,-2.24123167,1.6,98.0,,1.067,226.0,35,53,,
T,2026-04-14 15:12:07,53.47693333,-2.24124833,1.6,97.6,,1.111,225.0,35,53,,
T,2026-04-14 15:12:08,53.47691833,-2.24125833,1.6,97.4,,1.145,224.0,33,53,,
T,2026-04-14 15:12:09,53.47691167,-2.24127,1.6,97.3,,1.158,225.0,36,53,,
T,2026-04-14 15:12:10,53.476905,-2.24128167,1.6,97.2,,1.166,225.0,36,53,,
T,2026-04-14 15:12:11,53.47689667,-2.24129667,1.6,96.8,,1.142,228.0,36,53,,
T,2026-04-14 15:12:12,53.47688833,-2.241305,1.5,96.6,,1.124,226.0,34,54,,
T,2026-04-14 15:12:13,53.47688,-2.241315,1.6,96.3,,1.05,212.0,37,53,,
T,2026-04-14 15:12:14,53.47687,-2.241325,1.8,96.6,,0.997,211.0,38,54,,
T,2026-04-14 15:12:15,53.47686167,-2.24135833,1.8,96.4,,0.986,216.0,36,54,,
T,2026-04-14 15:12:16,53.476855,-2.24137167,1.7,96.9,,0.98,218.0,37,54,,
T,2026-04-14 15:12:17,53.47684833,-2.241385,1.6,97.3,,0.912,216.0,32,53,,
T,2026-04-14 15:12:18,53.47683833,-2.24139167,1.6,97.8,,0.889,216.0,35,53,,
T,2026-04-14 15:12:19,53.47682833,-2.241395,1.6,98.2,,0.879,215.0,35,53,,
T,2026-04-14 15:12:20,53.47681667,-2.24140167,1.5,98.4,,0.881,214.0,35,53,,
T,2026-04-14 15:12:21,53.47680667,-2.24140833,1.5,98.7,,0.931,217.0,34,53,,
T,2026-04-14 15:12:22,53.47679833,-2.24142333,1.5,98.8,,0.968,218.0,35,53,,
T,2026-04-14 15:12:23,53.47679,-2.24143167,1.5,98.8,,1.019,218.0,34,53,,
T,2026-04-14 15:12:24,53.47678167,-2.24144167,1.5,98.8,,1.056,218.0,33,53,,
T,2026-04-14 15:12:25,53.476775,-2.24145667,1.5,98.7,,1.036,221.0,32,53,,
T,2026-04-14 15:12:26,53.47676833,-2.24146667,1.5,98.6,,1.042,226.0,32,53,,
T,2026-04-14 15:12:27,53.47676167,-2.24148333,1.5,98.5,,1.056,232.0,32,53,,
T,2026-04-14 15:12:28,53.47675667,-2.241495,1.6,98.4,,1.053,231.0,35,53,,
T,2026-04-14 15:12:29,53.47675,-2.24150667,1.6,98.1,,1.08,222.0,34,53,,
T,2026-04-14 15:12:30,53.47674,-2.24151667,1.6,97.7,,1.105,214.0,34,53,,
T,2026-04-14 15:12:31,53.47673167,-2.24152667,1.7,97.3,,1.082,217.0,33,53,,
T,2026-04-14 15:12:32,53.47672333,-2.24153167,1.7,96.9,,1.076,221.0,33,53,,
T,2026-04-14 15:12:33,53.47671667,-2.24155167,1.7,96.6,,1.07,218.0,30,53,,
T,2026-04-14 15:12:34,53.47670833,-2.24156167,1.7,96.4,,1.068,219.0,31,53,,
T,2026-04-14 15:12:35,53.47669667,-2.24157167,1.7,96.1,,1.093,214.0,30,53,,
T,2026-04-14 15:12:36,53.47668667,-2.24158167,1.7,96.1,,1.106,217.0,31,53,,
T,2026-04-14 15:12:37,53.476675,-2.241595,1.6,96.2,,1.135,219.0,32,53,,
T,2026-04-14 15:12:38,53.476665,-2.24160833,1.6,96.2,,1.166,220.0,32,53,,
T,2026-04-14 15:12:39,53.47665833,-2.241625,1.6,96.1,,1.179,224.0,34,53,,
T,2026-04-14 15:12:40,53.476645,-2.24163333,1.6,95.8,,1.188,221.0,34,53,,
T,2026-04-14 15:12:41,53.47663833,-2.24164667,1.6,95.5,,1.192,223.0,33,53,,
T,2026-04-14 15:12:42,53.47663,-2.24165667,1.6,95.5,,1.181,222.0,31,53,,
T,2026-04-14 15:12:43,53.47662,-2.24167167,1.8,95.6,,1.181,222.0,32,53,,
T,2026-04-14 15:12:44,53.476615,-2.24168,2.0,95.8,,1.199,223.0,34,53,,
T,2026-04-14 15:12:45,53.47660333,-2.24169833,2.2,95.6,,1.213,235.0,32,53,,
T,2026-04-14 15:12:46,53.47659333,-2.24172333,2.1,94.9,,1.23,236.0,32,53,,
T,2026-04-14 15:12:47,53.47658,-2.24175,2.1,94.0,,1.245,239.0,34,53,,
T,2026-04-14 15:12:48,53.47657333,-2.24178,2.0,93.4,,1.269,238.0,32,53,,
T,2026-04-14 15:12:49,53.47656667,-2.24180167,1.9,93.0,,1.279,241.0,33,53,,
T,2026-04-14 15:12:50,53.476555,-2.241805,1.9,93.0,,1.303,240.0,32,53,,
T,2026-04-14 15:12:51,53.47654667,-2.24181667,1.9,93.0,,1.336,230.0,32,53,,
T,2026-04-14 15:12:52,53.47654,-2.24183667,1.8,92.8,,1.376,225.0,32,53,,
T,2026-04-14 15:12:53,53.47653,-2.24184333,1.8,92.7,,1.42,225.0,30,53,,
T,2026-04-14 15:12:54,53.47652333,-2.24186167,1.7,92.6,,1.451,226.0,30,53,,
T,2026-04-14 15:12:55,53.47651667,-2.24188,1.7,92.8,,1.451,225.0,32,53,,
T,2026-04-14 15:12:56,53.47650833,-2.24189667,1.7,93.0,,1.47,225.0,33,53,,
T,2026-04-14 15:12:57,53.47649833,-2.24191167,1.7,93.4,,1.464,227.0,33,53,,
T,2026-04-14 15:12:58,53.47649167,-2.24192333,1.7,93.6,,1.443,225.0,32,53,,
T,2026-04-14 15:12:59,53.476485,-2.24193333,1.7,93.9,,1.423,222.0,32,53,,
T,2026-04-14 15:13:00,53.476475,-2.24194667,1.7,94.2,,1.4,222.0,31,53,,
T,2026-04-14 15:13:01,53.47646833,-2.24195667,1.7,94.5,,1.365,225.0,32,53,,
T,2026-04-14 15:13:02,53.47646,-2.24196833,1.7,94.6,,1.332,226.0,32,53,,
T,2026-04-14 15:13:03,53.476455,-2.24197833,1.7,94.7,,1.281,226.0,32,53,,
T,2026-04-14 15:13:04,53.47644833,-2.24198833,1.7,94.4,,1.217,220.0,33,53,,
T,2026-04-14 15:13:05,53.47643833,-2.242,1.7,94.1,,1.183,220.0,33,53,,
T,2026-04-14 15:13:06,53.47643333,-2.24201667,1.6,93.7,,1.132,227.0,32,53,,
T,2026-04-14 15:13:07,53.476425,-2.24203667,1.6,93.6,,1.106,229.0,33,53,,
T,2026-04-14 15:13:08,53.47641833,-2.24205333,1.6,93.6,,1.1,231.0,33,53,,
T,2026-04-14 15:13:09,53.47641,-2.24207167,1.7,93.4,,1.093,233.0,34,53,,
T,2026-04-14 15:13:10,53.47640167,-2.24208833,1.7,93.3,,1.106,234.0,35,53,,
T,2026-04-14 15:13:11,53.47639833,-2.24211833,1.6,93.5,,1.129,238.0,35,53,,
T,2026-04-14 15:13:12,53.47639667,-2.242145,1.7,93.5,,1.165,244.0,34,53,,
T,2026-04-14 15:13:13,53.47639667,-2.24217,1.9,93.4,,1.172,242.0,34,53,,
T,2026-04-14 15:13:14,53.47639833,-2.24219667,2.0,93.1,,1.204,238.0,33,53,,
T,2026-04-14 15:13:15,53.476395,-2.24222333,1.9,92.6,,1.236,238.0,33,53,,
T,2026-04-14 15:13:16,53.47639333,-2.24224333,1.8,92.1,,1.274,240.0,32,53,,
T,2026-04-14 15:13:17,53.47639333,-2.242275,1.8,91.0,,1.295,241.0,33,53,,
T,2026-04-14 15:13:18,53.47638833,-2.24229,1.7,91.2,,1.301,244.0,34,53,,
T,2026-04-14 15:13:19,53.47638167,-2.24231,1.7,91.2,,1.319,247.0,35,53,,
T,2026-04-14 15:13:20,53.47637333,-2.24233,1.7,91.3,,1.326,248.0,35,53,,
T,2026-04-14 15:13:21,53.47637,-2.24235333,1.6,91.2,,1.349,251.0,35,53,,
T,2026-04-14 15:13:22,53.47636667,-2.24237667,1.6,91.3,,1.339,253.0,36,53,,
T,2026-04-14 15:13:23,53.47636,-2.24239333,1.6,91.8,,1.354,250.0,37,53,,
T,2026-04-14 15:13:24,53.47635333,-2.24240667,1.6,92.2,,1.298,246.0,36,53,,
T,2026-04-14 15:13:25,53.47635,-2.24241833,1.5,92.7,,1.264,245.0,36,53,,
T,2026-04-14 15:13:26,53.47635167,-2.24243833,1.6,93.2,,1.243,249.0,36,53,,
T,2026-04-14 15:13:27,53.47635333,-2.24245667,1.5,93.4,,1.222,264.0,36,53,,
T,2026-04-14 15:13:28,53.47635333,-2.24246833,1.5,93.2,,1.142,270.0,37,53,,
T,2026-04-14 15:13:29,53.47635667,-2.24247167,1.5,92.9,,1.033,262.0,38,53,,
T,2026-04-14 15:13:30,53.47635833,-2.24246,1.5,91.9,,0.894,248.0,36,53,,
T,2026-04-14 15:13:31,53.47636,-2.242455,1.5,91.1,,0.746,228.0,37,53,,
T,2026-04-14 15:13:32,53.47636167,-2.24245,1.5,90.3,,0.62,228.0,38,53,,
T,2026-04-14 15:13:33,53.47636167,-2.24244167,1.5,89.7,,0.516,228.0,36,53,,
T,2026-04-14 15:13:34,53.47636167,-2.24243833,1.4,89.0,,0.445,228.0,36,53,,
T,2026-04-14 15:13:35,53.47636167,-2.24243833,1.4,88.8,,0.346,228.0,36,53,,
T,2026-04-14 15:13:36,53.47636167,-2.24243833,1.4,88.6,,0.224,228.0,37,53,,
T,2026-04-14 15:13:37,53.47636167,-2.24244,1.4,88.5,,0.116,228.0,37,53,,
T,2026-04-14 15:13:38,53.47636167,-2.24243833,1.4,88.5,,0.077,228.0,36,53,,
T,2026-04-14 15:13:39,53.47636,-2.242435,1.4,88.6,,0.061,228.0,36,53,,
T,2026-04-14 15:13:40,53.47635667,-2.24243167,1.4,88.6,,0.069,196.0,35,53,,
T,2026-04-14 15:13:41,53.476355,-2.24243,1.4,88.6,,0.076,194.0,35,53,,
T,2026-04-14 15:13:42,53.476355,-2.24242833,1.4,88.7,,0.0,,34,53,,
T,2026-04-14 15:13:43,53.476355,-2.24242333,1.5,88.9,,0.0,,35,53,,
T,2026-04-14 15:13:44,53.47636,-2.24242167,1.5,88.7,,0.0,,35,53,,
T,2026-04-14 15:13:45,53.47636,-2.24242167,1.4,88.7,,0.0,,36,53,,
T,2026-04-14 15:13:46,53.47636,-2.24242167,1.4,88.7,,0.0,,35,53,,
T,2026-04-14 15:13:47,53.47636,-2.24242167,1.4,88.7,,0.0,,35,53,,
T,2026-04-14 15:13:48,53.47636,-2.24242167,1.4,88.7,,0.0,,31,53,,
T,2026-04-14 15:13:49,53.47636,-2.24242167,1.3,88.7,,0.0,,32,53,,
T,2026-04-14 15:13:50,53.47636,-2.24242167,1.3,88.7,,0.0,,34,53,,
T,2026-04-14 15:13:51,53.47636,-2.24242167,1.3,88.7,,0.0,,35,53,,
T,2026-04-14 15:13:52,53.47636,-2.24242167,1.3,88.7,,0.0,,34,53,,
T,2026-04-14 15:13:53,53.47636,-2.24242167,1.3,88.7,,0.0,,34,53,,
T,2026-04-14 15:13:54,53.47636,-2.24242167,1.3,88.7,,0.0,,34,53,,
T,2026-04-14 15:13:55,53.47636,-2.24242167,1.3,88.7,,0.0,,34,53,,
T,2026-04-14 15:13:56,53.47636,-2.24242167,1.3,88.7,,0.0,,33,53,,
T,2026-04-14 15:13:57,53.47636,-2.24242167,1.3,88.7,,0.0,,34,53,,
T,2026-04-14 15:13:58,53.47636,-2.24242167,1.3,88.7,,0.0,,35,53,,
T,2026-04-14 15:13:59,53.47636,-2.24242167,1.3,88.7,,0.0,,35,53,,
T,2026-04-14 15:14:00,53.47636,-2.24242167,1.3,88.7,,0.0,,35,53,,
T,2026-04-14 15:14:01,53.47636,-2.24242167,1.3,88.7,,0.0,,35,53,,
T,2026-04-14 15:14:02,53.47636,-2.24242167,1.3,88.7,,0.0,,34,53,,
T,2026-04-14 15:14:03,53.47636,-2.24242167,1.3,88.7,,0.0,,34,53,,
T,2026-04-14 15:14:04,53.47636,-2.24242167,1.3,88.7,,0.0,,34,53,,
T,2026-04-14 15:14:05,53.47634667,-2.24243667,1.3,88.7,,0.177,175.0,33,53,,
T,2026-04-14 15:14:06,53.47634167,-2.24243167,1.3,88.6,,0.263,168.0,34,53,,
T,2026-04-14 15:14:07,53.476335,-2.24242833,1.4,88.5,,0.339,164.0,36,53,,
T,2026-04-14 15:14:08,53.47632833,-2.24242333,1.4,88.4,,0.417,163.0,36,53,,
T,2026-04-14 15:14:09,53.47632167,-2.24241667,1.4,88.5,,0.506,164.0,36,53,,
T,2026-04-14 15:14:10,53.476315,-2.24240833,1.5,88.7,,0.609,162.0,37,53,,
T,2026-04-14 15:14:11,53.476305,-2.24240167,1.6,88.7,,0.708,156.0,37,53,,
T,2026-04-14 15:14:12,53.47629333,-2.242395,1.6,88.9,,0.833,157.0,36,53,,
T,2026-04-14 15:14:13,53.476285,-2.24238833,1.7,89.3,,0.929,160.0,35,53,,
T,2026-04-14 15:14:14,53.47627667,-2.24238167,1.9,89.8,,0.976,158.0,36,53,,
T,2026-04-14 15:14:15,53.47626667,-2.242375,1.8,90.8,,1.026,158.0,36,53,,
T,2026-04-14 15:14:16,53.47625,-2.242365,1.8,90.8,,1.089,158.0,34,53,,
T,2026-04-14 15:14:17,53.47623,-2.24235333,1.7,91.2,,1.172,155.0,34,53,,
T,2026-04-14 15:14:18,53.47622,-2.24235,1.7,91.8,,1.225,154.0,34,53,,
T,2026-04-14 15:14:19,53.476215,-2.24234167,1.7,92.5,,1.214,156.0,35,53,,
T,2026-04-14 15:14:20,53.47621333,-2.242335,1.7,93.2,,1.183,156.0,35,53,,
T,2026-04-14 15:14:21,53.47621167,-2.24232667,1.7,94.0,,1.138,155.0,35,53,,
T,2026-04-14 15:14:22,53.47620667,-2.242325,1.7,94.9,,1.068,165.0,34,53,,
T,2026-04-14 15:14:23,53.4762,-2.24232333,1.6,95.6,,1.021,180.0,34,53,,
T,2026-04-14 15:14:24,53.47619167,-2.24231833,1.6,95.9,,1.006,180.0,35,53,,
T,2026-04-14 15:14:25,53.476185,-2.24231333,1.6,96.3,,0.949,179.0,34,53,,
T,2026-04-14 15:14:26,53.47617167,-2.24230833,1.6,96.5,,0.879,181.0,34,53,,
T,2026-04-14 15:14:27,53.47616,-2.24231,1.6,96.6,,0.8,176.0,35,53,,
T,2026-04-14 15:14:28,53.47615,-2.24230833,1.6,96.7,,0.75,168.0,35,53,,
T,2026-04-14 15:14:29,53.47613667,-2.24230667,1.6,96.8,,0.756,153.0,34,53,,
T,2026-04-14 15:14:30,53.47612333,-2.24230333,1.6,96.7,,0.779,145.0,34,53,,
T,2026-04-14 15:14:31,53.47611,-2.24230667,1.6,96.7,,0.817,144.0,34,53,,
T,2026-04-14 15:14:32,53.476095,-2.242305,1.6,96.8,,0.863,147.0,35,53,,
T,2026-04-14 15:14:33,53.476085,-2.24230167,1.7,97.0,,0.897,146.0,34,53,,
T,2026-04-14 15:14:34,53.47607667,-2.24229167,1.7,97.3,,0.929,143.0,32,53,,
T,2026-04-14 15:14:35,53.47607,-2.24228333,1.7,97.7,,0.959,147.0,32,53,,
T,2026-04-14 15:14:36,53.47606,-2.24227333,1.7,98.1,,0.984,146.0,33,53,,
T,2026-04-14 15:14:37,53.47604833,-2.24226833,1.8,98.1,,1.006,139.0,34,53,,
T,2026-04-14 15:14:38,53.47604,-2.24225,1.8,98.1,,1.023,143.0,33,53,,
T,2026-04-14 15:14:39,53.47602833,-2.24223833,1.7,98.1,,1.043,149.0,34,53,,
T,2026-04-14 15:14:40,53.47601167,-2.242235,1.8,97.7,,1.061,153.0,35,53,,
T,2026-04-14 15:14:41,53.47599833,-2.24222333,1.8,97.0,,1.085,153.0,35,53,,
T,2026-04-14 15:14:42,53.47598167,-2.24222333,1.9,96.9,,1.096,154.0,35,53,,
T,2026-04-14 15:14:43,53.47596333,-2.24222667,1.9,96.8,,1.103,157.0,35,53,,
T,2026-04-14 15:14:44,53.47595333,-2.24222667,1.9,96.3,,1.128,155.0,35,53,,
T,2026-04-14 15:14:45,53.47593167,-2.24224333,1.9,95.4,,1.177,147.0,35,53,,
T,2026-04-14 15:14:46,53.475905,-2.24224667,1.9,94.9,,1.193,138.0,36,53,,
T,2026-04-14 15:14:47,53.47589,-2.24224833,1.9,94.8,,1.202,141.0,34,53,,
T,2026-04-14 15:14:48,53.47588,-2.24225,1.9,94.8,,1.192,147.0,36,53,,
T,2026-04-14 15:14:49,53.47587167,-2.242255,1.9,95.2,,1.177,153.0,34,53,,
T,2026-04-14 15:14:50,53.47586,-2.24226833,1.9,95.8,,1.145,161.0,35,53,,
T,2026-04-14 15:14:51,53.47585,-2.24228,1.9,96.3,,1.116,162.0,34,53,,
T,2026-04-14 15:14:52,53.47584667,-2.24228333,1.9,97.0,,1.089,163.0,32,53,,
T,2026-04-14 15:14:53,53.47584167,-2.24228333,1.9,97.5,,1.06,157.0,33,53,,
T,2026-04-14 15:14:54,53.475835,-2.24228333,1.8,98.1,,1.011,148.0,33,53,,
T,2026-04-14 15:14:55,53.47582,-2.24229333,1.8,98.8,,0.953,144.0,33,53,,
T,2026-04-14 15:14:56,53.47580833,-2.24230167,1.8,99.2,,0.913,149.0,33,53,,
T,2026-04-14 15:14:57,53.47579167,-2.24231333,1.9,100.3,,0.894,156.0,34,53,,
T,2026-04-14 15:14:58,53.47577667,-2.24232,1.8,101.0,,0.924,161.0,33,53,,
T,2026-04-14 15:14:59,53.47576333,-2.24231833,1.9,101.4,,0.928,162.0,33,53,,
T,2026-04-14 15:15:00,53.47575167,-2.24231667,1.9,102.1,,0.941,159.0,34,53,,
T,2026-04-14 15:15:01,53.475745,-2.24231,1.9,103.3,,0.966,161.0,33,53,,
T,2026-04-14 15:15:02,53.47573333,-2.24230167,1.8,104.3,,1.02,162.0,32,53,,
T,2026-04-14 15:15:03,53.47572,-2.24229167,1.8,104.9,,1.087,160.0,33,53,,
T,2026-04-14 15:15:04,53.475705,-2.24228,1.8,105.1,,1.142,157.0,33,53,,
T,2026-04-14 15:15:05,53.47569167,-2.24226667,1.8,105.5,,1.174,154.0,32,53,,
T,2026-04-14 15:15:06,53.47567833,-2.24225,1.8,105.3,,1.208,159.0,33,53,,
T,2026-04-14 15:15:07,53.47566833,-2.24223667,1.9,105.4,,1.215,157.0,32,53,,
T,2026-04-14 15:15:08,53.475665,-2.24222333,1.9,106.1,,1.188,157.0,32,53,,
T,2026-04-14 15:15:09,53.47565833,-2.24220833,1.9,106.2,,1.218,156.0,32,53,,
T,2026-04-14 15:15:10,53.47564833,-2.24219167,1.9,106.1,,1.238,154.0,31,53,,
T,2026-04-14 15:15:11,53.475635,-2.242175,1.9,105.7,,1.237,152.0,31,53,,
T,2026-04-14 15:15:12,53.47563,-2.24216333,1.9,105.7,,1.189,152.0,31,53,,
T,2026-04-14 15:15:13,53.47563,-2.24215333,2.1,105.8,,1.113,159.0,31,53,,
T,2026-04-14 15:15:14,53.47563167,-2.24214667,2.1,105.0,,1.08,175.0,31,53,,
T,2026-04-14 15:15:15,53.47562,-2.24214333,2.1,104.3,,1.08,161.0,31,54,,
T,2026-04-14 15:15:16,53.47560833,-2.24213167,2.1,103.8,,1.045,157.0,30,54,,
T,2026-04-14 15:15:17,53.47559833,-2.24213333,2.1,103.5,,1.005,154.0,30,54,,
T,2026-04-14 15:15:18,53.47559,-2.24212833,2.0,103.1,,0.995,153.0,31,54,,
T,2026-04-14 15:15:19,53.475585,-2.24212167,2.0,103.3,,0.947,156.0,32,54,,
T,2026-04-14 15:15:20,53.47558167,-2.24211833,2.0,103.3,,0.897,161.0,32,54,,
T,2026-04-14 15:15:21,53.475575,-2.24211333,2.0,103.5,,0.85,174.0,29,54,,
T,2026-04-14 15:15:22,53.47556,-2.24210833,2.0,103.1,,0.832,175.0,30,54,,
T,2026-04-14 15:15:23,53.47555667,-2.24209667,2.0,103.0,,0.836,170.0,29,54,,
T,2026-04-14 15:15:24,53.47554667,-2.24208,2.0,103.1,,0.836,165.0,29,54,,
T,2026-04-14 15:15:25,53.475545,-2.24206833,2.0,103.7,,0.817,162.0,28,54,,
T,2026-04-14 15:15:26,53.47553667,-2.24207333,2.0,104.0,,0.845,159.0,28,54,,
T,2026-04-14 15:15:27,53.47553,-2.24207833,2.0,104.4,,0.882,144.0,28,54,,
T,2026-04-14 15:15:28,53.47552,-2.24207833,2.0,104.3,,0.882,149.0,29,54,,
T,2026-04-14 15:15:29,53.47551167,-2.24208333,2.0,104.2,,0.898,172.0,29,54,,
T,2026-04-14 15:15:30,53.47548667,-2.24208667,2.1,103.8,,0.958,182.0,28,54,,
T,2026-04-14 15:15:31,53.47546667,-2.242085,2.1,103.3,,1.002,178.0,28,54,,
T,2026-04-14 15:15:32,53.47545167,-2.24208667,2.1,103.1,,1.004,170.0,28,54,,
T,2026-04-14 15:15:33,53.47543667,-2.24208667,2.1,102.7,,1.01,164.0,29,54,,
T,2026-04-14 15:15:34,53.47542167,-2.24208,2.1,102.6,,1.015,166.0,28,54,,
T,2026-04-14 15:15:35,53.475415,-2.24207,2.1,102.2,,1.02,172.0,29,54,,
T,2026-04-14 15:15:36,53.47540667,-2.24206833,2.1,101.9,,1.0,169.0,29,54,,
T,2026-04-14 15:15:37,53.47539667,-2.242065,2.2,101.7,,1.011,155.0,30,54,,
T,2026-04-14 15:15:38,53.47538333,-2.24206333,2.2,101.2,,1.044,156.0,29,54,,
T,2026-04-14 15:15:39,53.47537167,-2.24206167,2.1,100.6,,1.058,160.0,29,54,,
T,2026-04-14 15:15:40,53.47535833,-2.24205,2.1,100.3,,1.042,155.0,28,54,,
T,2026-04-14 15:15:41,53.47533833,-2.24204,2.1,99.7,,1.067,158.0,28,54,,
T,2026-04-14 15:15:42,53.475325,-2.24203333,2.1,99.4,,1.127,162.0,28,54,,
T,2026-04-14 15:15:43,53.47531333,-2.24202667,2.2,98.9,,1.162,162.0,28,54,,
T,2026-04-14 15:15:44,53.47529833,-2.242015,2.2,98.8,,1.163,161.0,28,54,,
T,2026-04-14 15:15:45,53.47527333,-2.24201167,2.3,98.2,,1.195,165.0,28,54,,
T,2026-04-14 15:15:46,53.475255,-2.24200833,2.3,97.9,,1.266,165.0,30,54,,
T,2026-04-14 15:15:47,53.47524167,-2.24199833,2.2,97.7,,1.271,168.0,29,54,,
T,2026-04-14 15:15:48,53.47522667,-2.24199667,2.1,97.3,,1.279,162.0,29,54,,
T,2026-04-14 15:15:49,53.47521167,-2.24198833,2.1,97.3,,1.292,151.0,28,54,,
T,2026-04-14 15:15:50,53.47519833,-2.24198167,2.0,97.2,,1.328,149.0,29,54,,
T,2026-04-14 15:15:51,53.47518333,-2.24198,2.0,97.1,,1.3,156.0,31,54,,
T,2026-04-14 15:15:52,53.47517167,-2.24197667,2.0,97.1,,1.264,162.0,30,54,,
T,2026-04-14 15:15:53,53.47516167,-2.24197167,2.0,96.8,,1.251,160.0,30,54,,
T,2026-04-14 15:15:54,53.47515333,-2.24196667,1.9,96.9,,1.23,158.0,30,54,,
T,2026-04-14 15:15:55,53.47514667,-2.24196,1.9,96.7,,1.211,160.0,29,54,,
T,2026-04-14 15:15:56,53.47513667,-2.24195,1.9,96.4,,1.163,159.0,31,54,,
T,2026-04-14 15:15:57,53.47512667,-2.24194333,1.8,95.8,,1.142,155.0,31,54,,
T,2026-04-14 15:15:58,53.47512,-2.241935,1.8,95.3,,1.123,150.0,30,54,,
T,2026-04-14 15:15:59,53.47511,-2.24192667,1.8,95.0,,1.109,150.0,31,54,,
T,2026-04-14 15:16:00,53.4751,-2.24190667,1.8,94.9,,1.067,143.0,31,54,,
T,2026-04-14 15:16:01,53.47509333,-2.24190167,1.9,94.6,,1.055,147.0,32,54,,
T,2026-04-14 15:16:02,53.475085,-2.24189,1.9,94.5,,1.053,153.0,32,54,,
T,2026-04-14 15:16:03,53.47507667,-2.24187667,1.9,94.2,,1.065,157.0,31,54,,
T,2026-04-14 15:16:04,53.47507,-2.24187,1.9,94.1,,1.104,157.0,31,54,,
T,2026-04-14 15:16:05,53.475065,-2.24186333,1.9,93.8,,1.081,156.0,31,54,,
T,2026-04-14 15:16:06,53.47506167,-2.24185333,1.9,93.4,,1.074,150.0,30,54,,
T,2026-04-14 15:16:07,53.47505667,-2.24184333,1.8,93.3,,1.097,149.0,31,54,,
T,2026-04-14 15:16:08,53.47505,-2.24183333,1.8,93.0,,1.119,146.0,31,54,,
T,2026-04-14 15:16:09,53.47504333,-2.241825,1.8,92.8,,1.12,144.0,31,54,,
T,2026-04-14 15:16:10,53.47503833,-2.24181,1.8,92.8,,1.14,145.0,31,54,,
T,2026-04-14 15:16:11,53.47502833,-2.24179667,1.8,92.6,,1.177,151.0,31,54,,
T,2026-04-14 15:16:12,53.47501833,-2.24178833,1.8,92.4,,1.222,153.0,31,54,,
T,2026-04-14 15:16:13,53.47500833,-2.24177833,1.8,92.3,,1.244,152.0,31,54,,
T,2026-04-14 15:16:14,53.475,-2.24176833,2.0,92.6,,1.245,152.0,31,54,,
T,2026-04-14 15:16:15,53.474995,-2.24175,2.0,92.9,,1.279,153.0,31,54,,
T,2026-04-14 15:16:16,53.47498833,-2.241735,1.9,93.5,,1.299,150.0,32,54,,
T,2026-04-14 15:16:17,53.47498167,-2.24172333,2.0,93.4,,1.31,150.0,31,54,,
T,2026-04-14 15:16:18,53.474975,-2.24171,1.9,93.2,,1.278,152.0,32,54,,
T,2026-04-14 15:16:19,53.47496667,-2.24169667,1.9,93.3,,1.254,151.0,33,54,,
T,2026-04-14 15:16:20,53.47495333,-2.24169333,1.8,93.1,,1.241,153.0,31,54,,
T,2026-04-14 15:16:21,53.47494,-2.241685,1.8,92.7,,1.209,152.0,33,54,,
T,2026-04-14 15:16:22,53.47493,-2.241675,1.8,92.6,,1.149,158.0,34,54,,
T,2026-04-14 15:16:23,53.47492167,-2.24166333,1.8,93.0,,1.103,158.0,33,54,,
T,2026-04-14 15:16:24,53.47491,-2.24165167,1.7,93.2,,1.081,157.0,33,54,,
T,2026-04-14 15:16:25,53.4749,-2.24164333,1.7,93.2,,1.05,157.0,34,54,,
T,2026-04-14 15:16:26,53.474885,-2.24163167,1.7,93.3,,1.036,157.0,33,54,,
T,2026-04-14 15:16:27,53.47487,-2.24162167,1.7,93.5,,1.018,156.0,33,54,,
T,2026-04-14 15:16:28,53.47486333,-2.24161833,1.7,93.6,,1.015,153.0,34,54,,
T,2026-04-14 15:16:29,53.47485667,-2.24161167,1.8,93.5,,0.989,157.0,32,54,,
T,2026-04-14 15:16:30,53.47485167,-2.24161333,1.7,93.8,,0.934,197.0,34,54,,
T,2026-04-14 15:16:31,53.47485,-2.24161333,1.7,94.1,,0.883,191.0,35,54,,
T,2026-04-14 15:16:32,53.47484667,-2.24161667,1.7,94.4,,0.85,193.0,35,54,,
T,2026-04-14 15:16:33,53.47483667,-2.241615,1.7,94.7,,0.828,187.0,35,54,,
T,2026-04-14 15:16:34,53.474825,-2.24161167,1.7,95.0,,0.805,179.0,35,54,,
T,2026-04-14 15:16:35,53.47481167,-2.24160833,1.7,95.0,,0.796,175.0,34,54,,
T,2026-04-14 15:16:36,53.47481167,-2.24161667,1.7,94.8,,0.759,182.0,35,54,,
T,2026-04-14 15:16:37,53.4748,-2.24160833,1.7,95.0,,0.744,170.0,36,54,,
T,2026-04-14 15:16:38,53.47478,-2.24159667,1.7,95.7,,0.772,167.0,37,54,,
T,2026-04-14 15:16:39,53.47476333,-2.241585,1.6,96.1,,0.849,164.0,37,54,,
T,2026-04-14 15:16:40,53.47474833,-2.24157833,1.7,96.5,,0.957,162.0,36,54,,
T,2026-04-14 15:16:41,53.47472667,-2.241565,1.7,97.2,,1.067,161.0,37,54,,
T,2026-04-14 15:16:42,53.47471167,-2.241555,1.7,97.3,,1.116,162.0,37,54,,
T,2026-04-14 15:16:43,53.474705,-2.24153333,1.8,97.7,,1.167,161.0,37,54,,
T,2026-04-14 15:16:44,53.47469833,-2.241525,1.8,97.6,,1.16,157.0,37,54,,
T,2026-04-14 15:16:45,53.47469333,-2.24151167,1.8,97.6,,1.13,150.0,36,54,,
T,2026-04-14 15:16:46,53.47469333,-2.24149167,1.7,97.5,,1.104,149.0,36,54,,
T,2026-04-14 15:16:47,53.474695,-2.24146833,1.7,97.6,,1.068,145.0,35,54,,
T,2026-04-14 15:16:48,53.47469833,-2.24144833,1.7,97.7,,0.99,147.0,36,54,,
T,2026-04-14 15:16:49,53.474695,-2.24144,1.7,97.9,,0.902,146.0,35,54,,
T,2026-04-14 15:16:50,53.47468833,-2.24140833,1.7,98.7,,0.801,145.0,37,54,,
T,2026-04-14 15:16:51,53.47468667,-2.24139833,1.6,99.2,,0.659,143.0,36,53,,
T,2026-04-14 15:16:52,53.47468333,-2.24138167,1.6,99.4,,0.566,141.0,36,53,,
T,2026-04-14 15:16:53,53.47467833,-2.24137333,1.6,99.6,,0.458,139.0,37,53,,
T,2026-04-14 15:16:54,53.47467333,-2.24136833,1.5,99.8,,0.0,,36,53,,
T,2026-04-14 15:16:55,53.47467,-2.24136333,1.5,100.0,,0.0,,36,53,,
T,2026-04-14 15:16:56,53.47466833,-2.24136167,1.5,100.0,,0.0,,36,53,,
T,2026-04-14 15:16:57,53.47466833,-2.24136167,1.5,100.0,,0.0,,37,53,,
T,2026-04-14 15:16:58,53.47466833,-2.24136167,1.5,100.0,,0.0,,36,53,,
T,2026-04-14 15:16:59,53.47466833,-2.24136167,1.5,100.0,,0.0,,37,53,,
T,2026-04-14 15:17:00,53.47466833,-2.24136167,1.5,100.0,,0.0,,38,53,,
T,2026-04-14 15:17:01,53.47466833,-2.24136167,1.5,100.0,,0.0,,38,53,,
T,2026-04-14 15:17:02,53.47466833,-2.24136167,1.5,100.0,,0.0,,37,53,,
T,2026-04-14 15:17:03,53.47466833,-2.24136167,1.5,100.0,,0.0,,36,53,,
T,2026-04-14 15:17:04,53.47466833,-2.24136167,1.5,100.0,,0.0,,35,53,,
T,2026-04-14 15:17:05,53.47466833,-2.24136167,1.5,100.0,,0.0,,36,53,,
T,2026-04-14 15:17:06,53.47466833,-2.24136167,1.5,100.0,,0.0,,37,53,,
T,2026-04-14 15:17:07,53.47466833,-2.24136167,1.5,100.0,,0.0,,37,53,,
T,2026-04-14 15:17:08,53.47466833,-2.24136167,1.5,100.0,,0.0,,37,53,,
T,2026-04-14 15:17:09,53.47466833,-2.24136167,1.5,100.0,,0.0,,34,53,,
T,2026-04-14 15:17:10,53.47466833,-2.24136167,1.5,100.0,,0.0,,34,53,,
T,2026-04-14 15:17:11,53.47466833,-2.24136167,1.5,100.0,,0.0,,35,53,,
T,2026-04-14 15:17:12,53.47466833,-2.24136167,1.5,100.0,,0.0,,35,53,,
T,2026-04-14 15:17:13,53.47466833,-2.24136167,1.6,100.0,,0.0,,34,53,,
T,2026-04-14 15:17:14,53.47466833,-2.24136167,1.7,100.0,,0.0,,35,53,,
T,2026-04-14 15:17:15,53.47466833,-2.24136167,1.9,100.0,,0.0,,35,53,,
T,2026-04-14 15:17:16,53.47466833,-2.24136167,1.9,100.0,,0.0,,34,53,,
T,2026-04-14 15:17:17,53.47466833,-2.24136167,1.8,100.0,,0.0,,35,53,,
T,2026-04-14 15:17:18,53.47466833,-2.24136167,1.7,100.0,,0.0,,34,53,,
T,2026-04-14 15:17:19,53.47466833,-2.24136167,1.7,100.0,,0.0,,36,53,,
T,2026-04-14 15:17:20,53.47466833,-2.24136167,1.6,100.0,,0.0,,36,53,,
T,2026-04-14 15:17:21,53.47466833,-2.24136167,1.6,100.0,,0.0,,37,53,,
T,2026-04-14 15:17:22,53.47466833,-2.24136167,1.5,100.0,,0.0,,37,53,,
T,2026-04-14 15:17:23,53.47466833,-2.24136167,1.5,100.0,,0.0,,37,53,,
T,2026-04-14 15:17:24,53.47466833,-2.24136167,1.5,100.0,,0.0,,36,53,,
T,2026-04-14 15:17:25,53.47466833,-2.24136167,1.5,100.0,,0.0,,37,53,,
T,2026-04-14 15:17:26,53.47466833,-2.24136167,1.5,100.0,,0.0,,37,53,,
T,2026-04-14 15:17:27,53.47466833,-2.24136167,1.5,100.0,,0.0,,36,53,,
T,2026-04-14 15:17:28,53.47466833,-2.24136167,1.5,100.0,,0.0,,37,53,,
T,2026-04-14 15:17:29,53.47466833,-2.24136167,1.5,100.0,,0.0,,37,53,,
T,2026-04-14 15:17:30,53.47466833,-2.24136167,1.5,100.0,,0.0,,36,53,,
T,2026-04-14 15:17:31,53.47466833,-2.24136167,1.5,100.0,,0.0,,36,53,,
T,2026-04-14 15:17:32,53.47466833,-2.24136167,1.5,100.0,,0.0,,35,53,,
T,2026-04-14 15:17:33,53.47466833,-2.24136167,1.5,100.0,,0.0,,34,53,,
T,2026-04-14 15:17:34,53.47466833,-2.24136167,1.6,100.0,,0.0,,33,53,,
T,2026-04-14 15:17:35,53.47466833,-2.24136167,1.6,100.0,,0.0,,34,53,,
T,2026-04-14 15:17:36,53.47469833,-2.24127333,1.7,104.0,,0.17,110.0,34,53,,
T,2026-04-14 15:17:37,53.47470333,-2.24126167,1.7,104.0,,0.189,96.0,36,53,,
T,2026-04-14 15:17:38,53.47470333,-2.24125167,1.7,104.0,,0.207,97.0,37,53,,
T,2026-04-14 15:17:39,53.4747,-2.24123333,1.7,103.9,,0.238,133.0,36,53,,
T,2026-04-14 15:17:40,53.474695,-2.24122,1.7,103.9,,0.271,151.0,34,53,,
T,2026-04-14 15:17:41,53.47469,-2.24119833,1.7,103.8,,0.312,152.0,34,53,,
T,2026-04-14 15:17:42,53.47468167,-2.24118,1.7,103.8,,0.353,146.0,35,53,,
T,2026-04-14 15:17:43,53.47467167,-2.24115833,1.7,103.6,,0.394,140.0,35,53,,
T,2026-04-14 15:17:44,53.47466667,-2.24114333,1.8,103.4,,0.421,63.0,34,53,,
T,2026-04-14 15:17:45,53.47467167,-2.241105,2.0,103.3,,0.45,218.0,34,53,,
T,2026-04-14 15:17:46,53.47466167,-2.241105,1.9,102.7,,0.484,190.0,34,53,,
T,2026-04-14 15:17:47,53.47465,-2.241105,1.9,102.3,,0.543,187.0,32,53,,
T,2026-04-14 15:17:48,53.47463667,-2.24110167,1.9,101.9,,0.624,175.0,32,53,,
T,2026-04-14 15:17:49,53.47462333,-2.24109333,1.9,101.5,,0.673,181.0,34,53,,
T,2026-04-14 15:17:50,53.47463,-2.24109667,1.9,100.6,,0.68,189.0,34,53,,
T,2026-04-14 15:17:51,53.47462667,-2.241095,1.9,100.3,,0.662,189.0,34,53,,
T,2026-04-14 15:17:52,53.474625,-2.24109167,1.9,100.0,,0.625,185.0,32,53,,
T,2026-04-14 15:17:53,53.47462,-2.24108833,1.9,99.8,,0.569,188.0,32,53,,
T,2026-04-14 15:17:54,53.47461333,-2.24108667,1.9,99.5,,0.554,183.0,32,53,,
T,2026-04-14 15:17:55,53.474605,-2.24108333,1.9,99.2,,0.546,180.0,32,53,,
T,2026-04-14 15:17:56,53.47458667,-2.241075,1.9,98.8,,0.564,174.0,32,53,,
T,2026-04-14 15:17:57,53.47456333,-2.24106667,1.9,98.1,,0.577,173.0,33,53,,
T,2026-04-14 15:17:58,53.47455,-2.24106,1.9,97.7,,0.566,170.0,31,53,,
T,2026-04-14 15:17:59,53.47453,-2.24104667,1.9,97.1,,0.585,166.0,31,53,,
T,2026-04-14 15:18:00,53.47450833,-2.241035,1.9,96.9,,0.651,164.0,31,53,,
T,2026-04-14 15:18:01,53.47448833,-2.24102667,1.9,96.3,,0.731,160.0,31,53,,
T,2026-04-14 15:18:02,53.47446333,-2.241015,1.9,96.0,,0.844,164.0,31,53,,
T,2026-04-14 15:18:03,53.47444,-2.241005,1.9,95.9,,0.967,164.0,32,53,,
T,2026-04-14 15:18:04,53.474415,-2.24099667,1.9,95.7,,1.095,167.0,32,53,,
T,2026-04-14 15:18:05,53.47439667,-2.24098833,1.9,95.6,,1.191,174.0,33,53,,
T,2026-04-14 15:18:06,53.47437667,-2.24097833,1.9,95.5,,1.239,172.0,33,53,,
T,2026-04-14 15:18:07,53.47436,-2.24096833,1.9,95.4,,1.248,172.0,32,53,,
T,2026-04-14 15:18:08,53.47434667,-2.24096333,1.9,95.3,,1.253,171.0,31,53,,
T,2026-04-14 15:18:09,53.474335,-2.240965,1.9,95.2,,1.249,171.0,31,53,,
T,2026-04-14 15:18:10,53.47432167,-2.24096667,1.9,95.1,,1.225,168.0,31,53,,
T,2026-04-14 15:18:11,53.474315,-2.240975,1.9,94.6,,1.179,169.0,31,53,,
T,2026-04-14 15:18:12,53.474305,-2.24098333,1.9,94.2,,1.116,165.0,31,53,,
T,2026-04-14 15:18:13,53.47429333,-2.24098667,2.0,93.8,,1.036,167.0,32,53,,
T,2026-04-14 15:18:14,53.47428333,-2.24098667,2.0,93.5,,0.909,167.0,32,53,,
T,2026-04-14 15:18:15,53.47428167,-2.24098167,2.0,92.8,,0.786,167.0,31,53,,
T,2026-04-14 15:18:16,53.47427333,-2.240975,2.0,92.3,,0.722,173.0,32,53,,
T,2026-04-14 15:18:17,53.47426333,-2.24096,2.1,91.9,,0.684,173.0,29,53,,
T,2026-04-14 15:18:18,53.47425333,-2.24095333,2.1,91.6,,0.636,174.0,30,53,,
T,2026-04-14 15:18:19,53.474245,-2.24094167,2.1,91.4,,0.59,167.0,29,53,,
T,2026-04-14 15:18:20,53.47423833,-2.24093167,2.1,91.3,,0.554,160.0,30,53,,
T,2026-04-14 15:18:21,53.47423333,-2.24090667,2.0,91.2,,0.547,155.0,30,53,,
T,2026-04-14 15:18:22,53.474225,-2.24088667,2.0,91.0,,0.555,153.0,31,53,,
T,2026-04-14 15:18:23,53.47421667,-2.24086333,2.0,90.8,,0.58,155.0,31,53,,
T,2026-04-14 15:18:24,53.47420667,-2.24084167,2.0,90.6,,0.649,156.0,32,53,,
T,2026-04-14 15:18:25,53.47419667,-2.24083,2.0,90.3,,0.731,162.0,32,53,,
T,2026-04-14 15:18:26,53.474195,-2.24081167,2.0,90.4,,0.762,160.0,32,53,,
T,2026-04-14 15:18:27,53.474185,-2.24080167,2.0,90.2,,0.786,156.0,32,53,,
T,2026-04-14 15:18:28,53.47417667,-2.240795,2.1,90.1,,0.826,157.0,32,53,,
T,2026-04-14 15:18:29,53.47417167,-2.240785,2.1,90.0,,0.862,159.0,31,53,,
T,2026-04-14 15:18:30,53.47416833,-2.24077167,2.0,90.0,,0.894,148.0,32,53,,
T,2026-04-14 15:18:31,53.474165,-2.24075167,2.0,89.9,,0.906,138.0,32,53,,
T,2026-04-14 15:18:32,53.47416333,-2.24073,2.0,89.8,,0.9,134.0,31,53,,
T,2026-04-14 15:18:33,53.47416167,-2.24071,2.0,89.7,,0.885,136.0,32,53,,
T,2026-04-14 15:18:34,53.47416333,-2.24068833,2.0,89.5,,0.859,141.0,31,53,,
T,2026-04-14 15:18:35,53.47416167,-2.24067833,2.0,89.5,,0.832,150.0,31,53,,
T,2026-04-14 15:18:36,53.47415833,-2.240665,2.0,89.5,,0.815,153.0,32,53,,
T,2026-04-14 15:18:37,53.474155,-2.24065,2.0,89.5,,0.805,159.0,33,53,,
T,2026-04-14 15:18:38,53.47415,-2.24063833,2.0,89.5,,0.793,143.0,33,53,,
T,2026-04-14 15:18:39,53.47414333,-2.24062833,1.9,89.6,,0.766,137.0,34,53,,
T,2026-04-14 15:18:40,53.47413167,-2.24062667,1.9,89.3,,0.742,137.0,34,53,,
T,2026-04-14 15:18:41,53.47412333,-2.24061667,1.9,89.2,,0.728,137.0,33,53,,
T,2026-04-14 15:18:42,53.47411333,-2.24060667,1.9,89.2,,0.724,141.0,33,53,,
T,2026-04-14 15:18:43,53.474105,-2.24059667,1.9,89.0,,0.73,146.0,32,53,,
T,2026-04-14 15:18:44,53.47409333,-2.240585,2.0,88.9,,0.741,139.0,32,53,,
T,2026-04-14 15:18:45,53.47408833,-2.24055833,2.0,88.7,,0.789,131.0,32,53,,
T,2026-04-14 15:18:46,53.47408,-2.24052333,2.1,88.7,,0.834,137.0,32,53,,
T,2026-04-14 15:18:47,53.47406833,-2.24050167,2.1,88.7,,0.862,135.0,32,53,,
T,2026-04-14 15:18:48,53.47406,-2.240495,2.1,88.7,,0.876,133.0,32,53,,
T,2026-04-14 15:18:49,53.47405167,-2.24048667,2.0,88.8,,0.915,127.0,30,53,,
T,2026-04-14 15:18:50,53.474045,-2.24047333,2.0,88.8,,0.958,127.0,30,53,,
T,2026-04-14 15:18:51,53.47403667,-2.24045833,2.0,88.8,,1.002,127.0,31,53,,
T,2026-04-14 15:18:52,53.47401333,-2.24045333,2.0,88.9,,1.044,124.0,31,53,,
T,2026-04-14 15:18:53,53.47400333,-2.24044,2.0,89.0,,1.071,123.0,31,53,,
T,2026-04-14 15:18:54,53.47399667,-2.240425,2.0,89.0,,1.097,122.0,31,53,,
T,2026-04-14 15:18:55,53.47398333,-2.24041167,2.1,89.1,,1.093,121.0,31,53,,
T,2026-04-14 15:18:56,53.473975,-2.240395,2.1,89.1,,1.09,121.0,30,53,,
T,2026-04-14 15:18:57,53.47396833,-2.240375,2.1,89.2,,1.095,121.0,31,53,,
T,2026-04-14 15:18:58,53.47396167,-2.240365,2.1,89.3,,1.095,122.0,32,53,,
T,2026-04-14 15:18:59,53.47395333,-2.24035333,2.1,89.4,,1.086,125.0,31,53,,
T,2026-04-14 15:19:00,53.473945,-2.240345,2.1,89.5,,1.073,123.0,30,53,,
T,2026-04-14 15:19:01,53.47393833,-2.24033333,2.1,89.6,,1.062,124.0,29,53,,
T,2026-04-14 15:19:02,53.47393333,-2.24032667,2.1,89.7,,1.037,125.0,29,53,,
T,2026-04-14 15:19:03,53.47393167,-2.24031667,2.1,89.8,,1.032,133.0,30,53,,
T,2026-04-14 15:19:04,53.47392,-2.24029833,2.1,89.8,,1.055,141.0,30,53,,
T,2026-04-14 15:19:05,53.47390167,-2.24029833,2.1,89.7,,1.086,141.0,33,53,,
T,2026-04-14 15:19:06,53.473885,-2.24029167,2.1,89.6,,1.1,142.0,34,53,,
T,2026-04-14 15:19:07,53.47387,-2.24027833,2.0,89.4,,1.104,150.0,36,53,,
T,2026-04-14 15:19:08,53.47385167,-2.24026667,2.0,89.3,,1.122,157.0,35,53,,
T,2026-04-14 15:19:09,53.47384333,-2.24023333,1.9,89.2,,1.149,157.0,35,53,,
T,2026-04-14 15:19:10,53.47382333,-2.24022833,1.9,89.2,,1.152,156.0,34,53,,
T,2026-04-14 15:19:11,53.47380667,-2.24023,1.9,89.4,,1.135,146.0,34,53,,
T,2026-04-14 15:19:12,53.473795,-2.24022667,1.9,89.6,,1.144,141.0,34,53,,
T,2026-04-14 15:19:13,53.47377833,-2.24021667,1.9,90.0,,1.16,148.0,31,53,,
T,2026-04-14 15:19:14,53.47376167,-2.24020833,2.0,90.2,,1.148,152.0,34,53,,
T,2026-04-14 15:19:15,53.47375,-2.24020167,2.0,90.6,,1.076,150.0,35,53,,
T,2026-04-14 15:19:16,53.47374167,-2.24018667,2.0,90.5,,1.02,145.0,35,53,,
T,2026-04-14 15:19:17,53.47373333,-2.24017667,2.0,90.7,,0.954,137.0,35,53,,
T,2026-04-14 15:19:18,53.47372333,-2.24017667,2.0,90.6,,0.896,139.0,35,53,,
T,2026-04-14 15:19:19,53.47371167,-2.24017,1.9,90.7,,0.844,142.0,36,53,,
T,2026-04-14 15:19:20,53.47369667,-2.240175,1.9,90.7,,0.824,139.0,35,53,,
T,2026-04-14 15:19:21,53.47368,-2.24018333,1.9,90.5,,0.84,141.0,35,53,,
T,2026-04-14 15:19:22,53.47366833,-2.24019167,1.9,90.4,,0.835,143.0,32,53,,
T,2026-04-14 15:19:23,53.47366,-2.24018833,1.9,89.9,,0.802,143.0,34,53,,
T,2026-04-14 15:19:24,53.47364167,-2.24019,1.9,89.7,,0.779,146.0,33,53,,
T,2026-04-14 15:19:25,53.47363,-2.24017833,1.9,89.3,,0.804,143.0,34,53,,
T,2026-04-14 15:19:26,53.47360833,-2.240185,1.9,89.1,,0.86,146.0,33,53,,
T,2026-04-14 15:19:27,53.473595,-2.240175,2.0,88.6,,0.988,154.0,32,53,,
T,2026-04-14 15:19:28,53.47358333,-2.24017167,2.0,88.5,,1.064,159.0,31,53,,
T,2026-04-14 15:19:29,53.47356667,-2.24016667,2.0,87.8,,1.11,157.0,30,53,,
T,2026-04-14 15:19:30,53.473545,-2.24017167,2.0,87.6,,1.159,157.0,31,53,,
T,2026-04-14 15:19:31,53.473525,-2.24017,1.9,87.5,,1.201,158.0,32,53,,
T,2026-04-14 15:19:32,53.47351,-2.24017833,1.9,87.4,,1.214,159.0,32,53,,
T,2026-04-14 15:19:33,53.47349333,-2.240185,1.9,87.6,,1.26,158.0,32,53,,
T,2026-04-14 15:19:34,53.473475,-2.24018833,1.8,88.0,,1.3,160.0,31,53,,
T,2026-04-14 15:19:35,53.47346,-2.24018833,1.9,87.6,,1.319,160.0,33,53,,
T,2026-04-14 15:19:36,53.47344667,-2.24018333,1.9,87.8,,1.332,158.0,33,53,,
T,2026-04-14 15:19:37,53.47343167,-2.24017833,1.9,88.0,,1.284,157.0,33,53,,
T,2026-04-14 15:19:38,53.47341833,-2.240165,1.9,88.2,,1.265,158.0,33,53,,
T,2026-04-14 15:19:39,53.473405,-2.24016667,1.9,88.7,,1.245,160.0,33,53,,
T,2026-04-14 15:19:40,53.47339333,-2.240165,1.8,89.4,,1.245,158.0,33,53,,
T,2026-04-14 15:19:41,53.47338167,-2.24016667,1.8,89.8,,1.197,155.0,34,53,,
T,2026-04-14 15:19:42,53.47338333,-2.24013167,1.8,89.9,,1.185,152.0,35,53,,
T,2026-04-14 15:19:43,53.47338333,-2.24010833,1.8,90.1,,1.144,154.0,35,53,,
T,2026-04-14 15:19:44,53.473385,-2.24009833,1.8,90.4,,1.042,159.0,36,53,,
T,2026-04-14 15:19:45,53.47339167,-2.24009333,1.7,90.7,,0.94,156.0,36,53,,
T,2026-04-14 15:19:46,53.473395,-2.24008667,1.7,91.0,,0.809,150.0,36,53,,
T,2026-04-14 15:19:47,53.47340333,-2.240075,1.6,91.3,,0.687,150.0,34,53,,
T,2026-04-14 15:19:48,53.47341,-2.240065,1.6,91.4,,0.582,150.0,35,53,,
T,2026-04-14 15:19:49,53.473415,-2.24005667,1.5,91.6,,0.493,150.0,36,53,,
T,2026-04-14 15:19:50,53.47341667,-2.24006,1.5,91.7,,0.0,,37,53,,
T,2026-04-14 15:19:51,53.47341833,-2.24006,1.5,91.7,,0.0,,37,53,,
T,2026-04-14 15:19:52,53.47342,-2.24006333,1.5,91.7,,0.0,,38,53,,
T,2026-04-14 15:19:53,53.47342,-2.24006333,1.4,91.7,,0.0,,38,53,,
T,2026-04-14 15:19:54,53.47342,-2.24006333,1.4,91.7,,0.0,,38,53,,
T,2026-04-14 15:19:55,53.47342,-2.24006333,1.4,91.7,,0.0,,37,53,,
T,2026-04-14 15:19:56,53.47342,-2.24006333,1.4,91.7,,0.0,,38,53,,
T,2026-04-14 15:19:57,53.47342,-2.24006333,1.4,91.7,,0.0,,36,53,,
T,2026-04-14 15:19:58,53.47342,-2.24006333,1.4,91.7,,0.0,,37,53,,
T,2026-04-14 15:19:59,53.47342,-2.24006333,1.4,91.7,,0.0,,37,53,,
T,2026-04-14 15:20:00,53.47342,-2.24006333,1.4,91.7,,0.0,,37,53,,
T,2026-04-14 15:20:01,53.47342,-2.24006333,1.4,91.7,,0.0,,38,53,,
T,2026-04-14 15:20:02,53.47342,-2.24006333,1.4,91.7,,0.0,,37,53,,
T,2026-04-14 15:20:03,53.47342,-2.24006333,1.4,91.7,,0.0,,36,53,,
T,2026-04-14 15:20:04,53.47342,-2.24006333,1.4,91.7,,0.0,,37,53,,
T,2026-04-14 15:20:05,53.47342,-2.24006333,1.4,91.7,,0.0,,36,53,,
T,2026-04-14 15:20:06,53.47342,-2.24006333,1.4,91.7,,0.0,,35,53,,
T,2026-04-14 15:20:07,53.47342,-2.24006333,1.4,91.7,,0.0,,36,53,,
T,2026-04-14 15:20:08,53.47342,-2.24006333,1.4,91.7,,0.0,,37,53,,
T,2026-04-14 15:20:09,53.47342,-2.24006333,1.4,91.7,,0.0,,36,53,,
T,2026-04-14 15:20:10,53.47342,-2.24006333,1.4,91.7,,0.0,,34,53,,
T,2026-04-14 15:20:11,53.47342,-2.24006333,1.4,91.7,,0.0,,34,53,,
T,2026-04-14 15:20:12,53.47342,-2.24006333,1.4,91.7,,0.0,,35,52,,
T,2026-04-14 15:20:13,53.47342,-2.24006333,1.4,91.7,,0.0,,35,52,,
T,2026-04-14 15:20:14,53.47342,-2.24006333,1.5,91.7,,0.0,,35,52,,
T,2026-04-14 15:20:15,53.47342,-2.24006333,1.4,91.7,,0.0,,34,52,,
T,2026-04-14 15:20:16,53.47342,-2.24006333,1.5,91.7,,0.0,,35,52,,
T,2026-04-14 15:20:17,53.47342,-2.24006333,1.5,91.7,,0.0,,35,52,,
T,2026-04-14 15:20:18,53.47342,-2.24006333,1.5,91.7,,0.0,,34,52,,
T,2026-04-14 15:20:19,53.47342,-2.24006333,1.5,91.7,,0.0,,33,52,,
T,2026-04-14 15:20:20,53.47342,-2.24006333,1.6,91.7,,0.0,,33,52,,
T,2026-04-14 15:20:21,53.473415,-2.239985,1.6,92.9,,0.169,123.0,34,52,,
T,2026-04-14 15:20:22,53.473405,-2.23997,1.6,92.9,,0.227,130.0,36,52,,
T,2026-04-14 15:20:23,53.47339167,-2.239955,1.6,93.0,,0.301,136.0,35,52,,
T,2026-04-14 15:20:24,53.47338167,-2.23993667,1.6,93.0,,0.383,141.0,36,52,,
T,2026-04-14 15:20:25,53.47337,-2.23991833,1.6,92.9,,0.477,140.0,36,52,,
T,2026-04-14 15:20:26,53.47336167,-2.23989667,1.6,92.8,,0.574,135.0,36,52,,
T,2026-04-14 15:20:27,53.47335333,-2.23987833,1.6,92.6,,0.663,135.0,36,52,,
T,2026-04-14 15:20:28,53.47334667,-2.239865,1.6,92.4,,0.746,136.0,37,52,,
T,2026-04-14 15:20:29,53.47333833,-2.23985333,1.6,92.1,,0.799,136.0,37,52,,
T,2026-04-14 15:20:30,53.47333167,-2.23984333,1.6,91.8,,0.823,137.0,36,52,,
T,2026-04-14 15:20:31,53.47332333,-2.23983333,1.6,91.6,,0.836,139.0,37,52,,
T,2026-04-14 15:20:32,53.47331,-2.23982333,1.6,91.6,,0.873,147.0,36,52,,
T,2026-04-14 15:20:33,53.4733,-2.239815,1.6,91.5,,0.902,146.0,38,52,,
T,2026-04-14 15:20:34,53.47328833,-2.239805,1.7,91.3,,0.916,142.0,38,52,,
T,2026-04-14 15:20:35,53.47327667,-2.23980333,1.7,91.3,,0.915,152.0,38,52,,
T,2026-04-14 15:20:36,53.473265,-2.23980167,1.7,91.1,,0.904,156.0,38,52,,
T,2026-04-14 15:20:37,53.47325667,-2.2398,1.7,91.0,,0.891,157.0,37,52,,
T,2026-04-14 15:20:38,53.47324833,-2.23978333,1.7,90.6,,0.879,139.0,39,52,,
T,2026-04-14 15:20:39,53.47324,-2.239765,1.8,90.0,,0.891,139.0,38,52,,
T,2026-04-14 15:20:40,53.47323167,-2.23975167,1.8,89.6,,0.922,141.0,37,52,,
T,2026-04-14 15:20:41,53.473225,-2.23973333,1.8,89.3,,0.958,153.0,38,52,,
T,2026-04-14 15:20:42,53.47321833,-2.23972,1.8,89.0,,0.949,158.0,38,52,,
T,2026-04-14 15:20:43,53.47321333,-2.23970333,1.8,88.8,,0.931,152.0,37,52,,
T,2026-04-14 15:20:44,53.47320833,-2.2397,1.8,88.7,,0.9,151.0,37,52,,
T,2026-04-14 15:20:45,53.47320167,-2.239695,1.9,88.6,,0.827,151.0,36,52,,
T,2026-04-14 15:20:46,53.47319667,-2.23968167,1.9,88.4,,0.781,145.0,36,52,,
T,2026-04-14 15:20:47,53.47319167,-2.239665,2.0,88.1,,0.755,143.0,36,52,,
T,2026-04-14 15:20:48,53.47319167,-2.23963333,2.0,87.6,,0.746,140.0,37,52,,
T,2026-04-14 15:20:49,53.47319,-2.23961667,2.0,87.2,,0.764,144.0,36,52,,
T,2026-04-14 15:20:50,53.47318167,-2.2396,2.0,86.7,,0.76,148.0,37,52,,
T,2026-04-14 15:20:51,53.47317333,-2.23959167,1.9,86.1,,0.753,140.0,36,52,,
T,2026-04-14 15:20:52,53.47317,-2.23956167,1.9,85.5,,0.742,146.0,35,52,,
T,2026-04-14 15:20:53,53.47316333,-2.239555,1.9,85.2,,0.729,155.0,37,52,,
T,2026-04-14 15:20:54,53.473155,-2.23954667,1.9,85.1,,0.732,142.0,37,52,,
T,2026-04-14 15:20:55,53.47314333,-2.23952667,1.8,85.0,,0.846,139.0,36,52,,
T,2026-04-14 15:20:56,53.47312833,-2.239515,1.8,84.9,,0.917,156.0,36,52,,
T,2026-04-14 15:20:57,53.47311167,-2.23952,1.8,84.9,,0.967,160.0,35,52,,
T,2026-04-14 15:20:58,53.47309667,-2.23952333,1.8,84.9,,0.991,154.0,35,52,,
T,2026-04-14 15:20:59,53.47308167,-2.23952333,1.8,85.0,,0.997,156.0,35,52,,
T,2026-04-14 15:21:00,53.47306167,-2.23953,1.8,85.1,,1.037,157.0,34,52,,
T,2026-04-14 15:21:01,53.47304333,-2.23952833,1.8,85.0,,1.1,156.0,35,52,,
T,2026-04-14 15:21:02,53.47302333,-2.23953333,1.8,84.9,,1.17,156.0,34,52,,
T,2026-04-14 15:21:03,53.47300667,-2.23953167,1.9,84.8,,1.255,160.0,33,52,,
T,2026-04-14 15:21:04,53.47299167,-2.23952667,1.9,84.9,,1.291,161.0,31,52,,
T,2026-04-14 15:21:05,53.47297667,-2.239535,2.0,84.7,,1.252,160.0,31,52,,
T,2026-04-14 15:21:06,53.472965,-2.239525,2.0,84.5,,1.24,166.0,31,52,,
T,2026-04-14 15:21:07,53.47295,-2.239525,2.0,84.3,,1.252,169.0,31,52,,
T,2026-04-14 15:21:08,53.472935,-2.23950833,2.0,84.5,,1.297,166.0,30,52,,
T,2026-04-14 15:21:09,53.472925,-2.23950333,2.0,84.5,,1.309,165.0,31,52,,
T,2026-04-14 15:21:10,53.472915,-2.239495,2.0,84.4,,1.294,164.0,32,52,,
T,2026-04-14 15:21:11,53.47290167,-2.23949,2.1,84.5,,1.244,163.0,33,52,,
T,2026-04-14 15:21:12,53.47289167,-2.23949333,2.1,84.3,,1.2,162.0,32,52,,
T,2026-04-14 15:21:13,53.47288,-2.23949,2.1,84.3,,1.182,162.0,32,52,,
T,2026-04-14 15:21:14,53.47286833,-2.23948667,2.1,84.3,,1.206,161.0,32,52,,
T,2026-04-14 15:21:15,53.47285667,-2.23948167,2.1,84.3,,1.22,160.0,32,52,,
T,2026-04-14 15:21:16,53.47285,-2.239475,2.1,84.4,,1.201,160.0,30,52,,
T,2026-04-14 15:21:17,53.47284,-2.23947167,2.1,84.5,,1.157,162.0,31,52,,
T,2026-04-14 15:21:18,53.47283,-2.239465,2.1,84.5,,1.091,162.0,31,52,,
T,2026-04-14 15:21:19,53.47282167,-2.23945333,2.1,84.4,,1.038,160.0,32,52,,
T,2026-04-14 15:21:20,53.472815,-2.23944333,2.1,84.2,,0.991,162.0,32,52,,
T,2026-04-14 15:21:21,53.47280667,-2.239435,2.1,84.3,,0.984,169.0,31,52,,
T,2026-04-14 15:21:22,53.4728,-2.23942167,2.1,84.3,,0.966,174.0,32,52,,
T,2026-04-14 15:21:23,53.47279833,-2.23940667,2.1,84.4,,0.896,170.0,32,52,,
T,2026-04-14 15:21:24,53.47279,-2.23940167,2.1,84.5,,0.834,158.0,32,52,,
T,2026-04-14 15:21:25,53.47278333,-2.23939333,2.0,84.5,,0.788,154.0,32,52,,
T,2026-04-14 15:21:26,53.47277167,-2.23937667,2.0,84.7,,0.792,151.0,32,52,,
T,2026-04-14 15:21:27,53.47276167,-2.23936167,2.0,85.0,,0.815,143.0,32,52,,
T,2026-04-14 15:21:28,53.47274833,-2.23934333,2.0,85.2,,0.856,139.0,32,52,,
T,2026-04-14 15:21:29,53.47273833,-2.23933,2.0,85.5,,0.898,140.0,31,52,,
T,2026-04-14 15:21:30,53.47273,-2.23932,2.0,85.9,,0.936,146.0,32,52,,
T,2026-04-14 15:21:31,53.47272333,-2.23930833,2.0,86.2,,0.942,160.0,31,52,,
T,2026-04-14 15:21:32,53.47271333,-2.23929333,1.9,86.5,,0.955,153.0,31,52,,
T,2026-04-14 15:21:33,53.472705,-2.23927833,2.0,86.6,,0.99,139.0,32,52,,
T,2026-04-14 15:21:34,53.47269833,-2.23926333,2.0,86.6,,0.999,121.0,33,52,,
T,2026-04-14 15:21:35,53.47269167,-2.23924,2.0,86.7,,1.02,122.0,33,52,,
T,2026-04-14 15:21:36,53.47268833,-2.23921667,2.0,86.7,,1.04,123.0,35,52,,
T,2026-04-14 15:21:37,53.47267833,-2.23920333,1.9,86.9,,1.046,118.0,35,52,,
T,2026-04-14 15:21:38,53.47266833,-2.239175,1.8,87.1,,1.076,129.0,34,52,,
T,2026-04-14 15:21:39,53.47265833,-2.239155,1.8,87.4,,1.102,130.0,35,52,,
T,2026-04-14 15:21:40,53.47264833,-2.239145,1.7,87.5,,1.108,130.0,37,52,,
T,2026-04-14 15:21:41,53.47264333,-2.23914333,1.7,87.8,,1.069,127.0,36,52,,
T,2026-04-14 15:21:42,53.47263833,-2.239135,1.8,88.0,,1.034,130.0,36,52,,
T,2026-04-14 15:21:43,53.47263333,-2.23912333,1.8,88.1,,1.009,130.0,36,52,,
T,2026-04-14 15:21:44,53.47262333,-2.239115,1.8,88.6,,1.014,135.0,35,52,,
T,2026-04-14 15:21:45,53.47260833,-2.23910667,1.8,88.8,,1.015,140.0,34,52,,
T,2026-04-14 15:21:46,53.47260333,-2.23909167,2.0,88.8,,0.967,132.0,35,52,,
T,2026-04-14 15:21:47,53.47259333,-2.23908833,1.8,89.1,,0.925,144.0,35,52,,
T,2026-04-14 15:21:48,53.47258333,-2.23908,1.8,89.2,,0.886,149.0,34,52,,
T,2026-04-14 15:21:49,53.47256833,-2.239075,1.7,89.5,,0.875,150.0,35,52,,
T,2026-04-14 15:21:50,53.47255667,-2.23907167,1.8,89.6,,0.915,143.0,34,52,,
T,2026-04-14 15:21:51,53.47254333,-2.23906667,1.8,89.8,,0.986,141.0,35,52,,
T,2026-04-14 15:21:52,53.47253167,-2.23905667,1.8,90.1,,1.055,151.0,35,52,,
T,2026-04-14 15:21:53,53.47251667,-2.239055,1.9,90.3,,1.073,168.0,35,52,,
T,2026-04-14 15:21:54,53.4725,-2.23905333,1.9,90.4,,1.095,166.0,35,52,,
T,2026-04-14 15:21:55,53.47248333,-2.23905,1.9,90.6,,1.118,158.0,34,52,,
T,2026-04-14 15:21:56,53.472465,-2.23905333,1.9,91.1,,1.172,145.0,34,52,,
T,2026-04-14 15:21:57,53.47245167,-2.239045,1.9,91.4,,1.21,135.0,34,52,,
T,2026-04-14 15:21:58,53.47243833,-2.23905333,1.9,92.1,,1.185,141.0,35,52,,
T,2026-04-14 15:21:59,53.47242167,-2.23905667,2.0,92.5,,1.176,147.0,33,52,,
T,2026-04-14 15:22:00,53.47240833,-2.23904,1.9,92.4,,1.136,147.0,35,53,,
T,2026-04-14 15:22:01,53.47239333,-2.23903167,1.9,92.6,,1.121,142.0,36,53,,
T,2026-04-14 15:22:02,53.47237833,-2.23902167,1.9,92.8,,1.099,143.0,36,53,,
T,2026-04-14 15:22:03,53.47236667,-2.23901333,1.9,93.1,,1.073,148.0,34,53,,
T,2026-04-14 15:22:04,53.47234833,-2.23901667,1.9,93.3,,1.065,147.0,33,53,,
T,2026-04-14 15:22:05,53.47232833,-2.23901667,1.9,93.2,,1.067,141.0,32,53,,
T,2026-04-14 15:22:06,53.47231667,-2.23900667,1.9,93.0,,1.068,147.0,31,53,,
T,2026-04-14 15:22:07,53.47230167,-2.23899833,1.9,93.0,,1.09,158.0,32,53,,
T,2026-04-14 15:22:08,53.47231,-2.23895833,1.8,92.6,,1.104,164.0,33,53,,
T,2026-04-14 15:22:09,53.47230167,-2.23895667,1.8,93.0,,1.048,166.0,35,53,,
T,2026-04-14 15:22:10,53.47230167,-2.23894,1.8,92.7,,0.998,173.0,34,53,,
T,2026-04-14 15:22:11,53.4723,-2.23892833,1.7,92.8,,0.943,176.0,33,53,,
T,2026-04-14 15:22:12,53.47229667,-2.23892667,1.7,93.1,,0.896,176.0,33,53,,
T,2026-04-14 15:22:13,53.47229167,-2.23891,1.7,93.3,,0.895,177.0,34,53,,
T,2026-04-14 15:22:14,53.47228333,-2.23889667,1.7,93.6,,0.903,171.0,35,53,,
T,2026-04-14 15:22:15,53.472285,-2.23888,1.7,94.0,,0.838,155.0,32,53,,
T,2026-04-14 15:22:16,53.47228333,-2.23887167,1.7,94.6,,0.782,133.0,33,53,,
T,2026-04-14 15:22:17,53.47228667,-2.23885667,1.8,94.8,,0.683,121.0,32,53,,
T,2026-04-14 15:22:18,53.47229,-2.23884667,1.8,94.8,,0.602,106.0,33,53,,
T,2026-04-14 15:22:19,53.47229333,-2.23883,1.7,94.4,,0.571,106.0,33,53,,
T,2026-04-14 15:22:20,53.472295,-2.23881833,1.7,94.5,,0.54,103.0,33,53,,
T,2026-04-14 15:22:21,53.472295,-2.238815,1.6,94.5,,0.498,100.0,34,53,,
T,2026-04-14 15:22:22,53.47229833,-2.23880333,1.6,94.7,,0.453,97.0,34,53,,
T,2026-04-14 15:22:23,53.4723,-2.23879833,1.5,94.7,,0.0,,34,53,,
T,2026-04-14 15:22:24,53.47230333,-2.238795,1.5,94.4,,0.0,,35,53,,
T,2026-04-14 15:22:25,53.472305,-2.23879667,1.5,94.1,,0.0,,33,53,,
T,2026-04-14 15:22:26,53.472305,-2.23879667,1.5,94.1,,0.0,,32,53,,
T,2026-04-14 15:22:27,53.472305,-2.23879667,1.5,94.1,,0.0,,33,53,,
T,2026-04-14 15:22:28,53.472305,-2.23879667,1.5,94.1,,0.0,,31,53,,
T,2026-04-14 15:22:29,53.472305,-2.23879667,1.5,94.1,,0.0,,35,53,,
T,2026-04-14 15:22:30,53.472305,-2.23879667,1.5,94.1,,0.0,,33,53,,
T,2026-04-14 15:22:31,53.472305,-2.23879667,1.5,94.1,,0.0,,35,53,,
T,2026-04-14 15:22:32,53.472305,-2.23879667,1.5,94.1,,0.0,,35,53,,
T,2026-04-14 15:22:33,53.472305,-2.23879667,1.5,94.1,,0.0,,35,53,,
T,2026-04-14 15:22:34,53.472305,-2.23879667,1.4,94.1,,0.0,,35,53,,
T,2026-04-14 15:22:35,53.472305,-2.23879667,1.4,94.1,,0.0,,34,53,,
T,2026-04-14 15:22:36,53.472305,-2.23879667,1.4,94.1,,0.0,,35,53,,
T,2026-04-14 15:22:37,53.472305,-2.23879667,1.4,94.1,,0.0,,35,53,,
T,2026-04-14 15:22:38,53.472305,-2.23879667,1.4,94.1,,0.0,,36,53,,
T,2026-04-14 15:22:39,53.472305,-2.23879667,1.4,94.1,,0.0,,35,53,,
T,2026-04-14 15:22:40,53.472305,-2.23879667,1.4,94.1,,0.0,,35,53,,
T,2026-04-14 15:22:41,53.472305,-2.23879667,1.4,94.1,,0.0,,34,53,,
T,2026-04-14 15:22:42,53.472305,-2.23879667,1.4,94.1,,0.0,,35,53,,
T,2026-04-14 15:22:43,53.472305,-2.23879667,1.5,94.1,,0.0,,34,53,,
T,2026-04-14 15:22:44,53.472305,-2.23879667,1.4,94.1,,0.0,,34,53,,
T,2026-04-14 15:22:45,53.472305,-2.23879667,1.4,94.1,,0.0,,35,53,,
T,2026-04-14 15:22:46,53.472305,-2.23879667,1.5,94.1,,0.0,,36,53,,
T,2026-04-14 15:22:47,53.472305,-2.23879667,1.5,94.1,,0.0,,35,53,,
T,2026-04-14 15:22:48,53.472305,-2.23879667,1.4,94.1,,0.0,,33,53,,
T,2026-04-14 15:22:49,53.472305,-2.23879667,1.5,94.1,,0.0,,33,53,,
T,2026-04-14 15:22:50,53.472305,-2.23879667,1.4,94.1,,0.0,,34,53,,
T,2026-04-14 15:22:51,53.472305,-2.23879667,1.4,94.1,,0.0,,35,53,,
T,2026-04-14 15:22:52,53.472305,-2.23879667,1.5,94.1,,0.0,,35,53,,
T,2026-04-14 15:22:53,53.472305,-2.23879667,1.5,94.1,,0.0,,36,53,,
T,2026-04-14 15:22:54,53.472305,-2.23879667,1.5,94.1,,0.0,,36,53,,
T,2026-04-14 15:22:55,53.472305,-2.23879667,1.5,94.1,,0.0,,37,53,,
T,2026-04-14 15:22:56,53.472275,-2.23874667,1.5,93.5,,0.281,154.0,37,53,,
T,2026-04-14 15:22:57,53.47226333,-2.238745,1.4,93.6,,0.327,157.0,36,53,,
T,2026-04-14 15:22:58,53.47225667,-2.23874333,1.4,93.7,,0.383,163.0,36,53,,
T,2026-04-14 15:22:59,53.472245,-2.23874,1.4,93.7,,0.454,157.0,34,53,,
T,2026-04-14 15:23:00,53.47223833,-2.23873667,1.4,93.6,,0.511,159.0,36,53,,
T,2026-04-14 15:23:01,53.47223,-2.23872833,1.5,93.6,,0.564,157.0,36,53,,
T,2026-04-14 15:23:02,53.47222,-2.23872167,1.5,93.7,,0.624,161.0,37,53,,
T,2026-04-14 15:23:03,53.47221,-2.238715,1.5,93.7,,0.714,168.0,37,53,,
T,2026-04-14 15:23:04,53.47219667,-2.23871167,1.6,93.8,,0.786,168.0,36,53,,
T,2026-04-14 15:23:05,53.472185,-2.23870833,1.6,93.8,,0.83,174.0,36,53,,
T,2026-04-14 15:23:06,53.47217167,-2.23870167,1.7,94.0,,0.878,179.0,36,53,,
T,2026-04-14 15:23:07,53.47215833,-2.23869667,1.7,94.2,,0.957,169.0,33,53,,
T,2026-04-14 15:23:08,53.472145,-2.23868667,1.7,94.3,,1.002,166.0,34,53,,
T,2026-04-14 15:23:09,53.47213833,-2.23867667,1.7,94.3,,0.999,166.0,33,53,,
T,2026-04-14 15:23:10,53.47213,-2.23867167,1.7,94.3,,0.984,168.0,33,53,,
T,2026-04-14 15:23:11,53.47212167,-2.238665,1.7,94.4,,0.991,175.0,32,53,,
T,2026-04-14 15:23:12,53.47211,-2.23865667,1.7,94.6,,0.993,172.0,32,53,,
T,2026-04-14 15:23:13,53.4721,-2.23865333,1.7,94.7,,0.973,172.0,32,53,,
T,2026-04-14 15:23:14,53.47208333,-2.23864833,1.8,95.0,,0.988,172.0,32,53,,
T,2026-04-14 15:23:15,53.47207333,-2.238645,1.8,95.0,,1.009,171.0,32,53,,
T,2026-04-14 15:23:16,53.47206167,-2.23863333,1.8,95.0,,0.988,175.0,34,53,,
T,2026-04-14 15:23:17,53.47205,-2.23862833,1.8,95.1,,0.948,176.0,34,53,,
T,2026-04-14 15:23:18,53.47203667,-2.23862333,1.8,95.0,,0.931,171.0,32,53,,
T,2026-04-14 15:23:19,53.47202333,-2.23861833,1.8,95.1,,0.925,172.0,34,53,,
T,2026-04-14 15:23:20,53.472015,-2.238605,1.8,94.9,,0.927,170.0,34,53,,
T,2026-04-14 15:23:21,53.47201333,-2.23858333,1.8,94.3,,0.897,171.0,34,53,,
T,2026-04-14 15:23:22,53.472005,-2.23857667,1.8,94.1,,0.879,172.0,34,53,,
T,2026-04-14 15:23:23,53.47199833,-2.238565,1.8,93.7,,0.856,172.0,34,53,,
T,2026-04-14 15:23:24,53.47198667,-2.23856167,1.7,93.4,,0.844,167.0,35,53,,
T,2026-04-14 15:23:25,53.47197833,-2.23855167,1.7,93.0,,0.854,162.0,34,53,,
T,2026-04-14 15:23:26,53.47197,-2.23853667,1.7,92.8,,0.881,176.0,34,53,,
T,2026-04-14 15:23:27,53.47196167,-2.23852333,1.7,92.5,,0.881,171.0,34,53,,
T,2026-04-14 15:23:28,53.471955,-2.23850667,1.6,92.5,,0.89,166.0,33,53,,
T,2026-04-14 15:23:29,53.47194833,-2.23848833,1.6,92.4,,0.924,166.0,33,53,,
T,2026-04-14 15:23:30,53.47194,-2.238475,1.6,92.4,,0.968,159.0,34,53,,
T,2026-04-14 15:23:31,53.471935,-2.23845833,1.6,92.0,,0.998,147.0,34,53,,
T,2026-04-14 15:23:32,53.471925,-2.23845,1.6,91.7,,1.033,133.0,35,53,,
T,2026-04-14 15:23:33,53.47191333,-2.23844,1.6,91.4,,1.081,138.0,35,53,,
T,2026-04-14 15:23:34,53.47190167,-2.23842833,1.6,91.1,,1.092,148.0,34,53,,
T,2026-04-14 15:23:35,53.47189333,-2.23842167,1.6,90.9,,1.093,149.0,34,53,,
T,2026-04-14 15:23:36,53.47188167,-2.238415,1.6,90.8,,1.124,151.0,34,53,,
T,2026-04-14 15:23:37,53.47187167,-2.23840833,1.6,90.6,,1.113,151.0,33,53,,
T,2026-04-14 15:23:38,53.47186167,-2.23840167,1.6,90.3,,1.105,147.0,34,53,,
T,2026-04-14 15:23:39,53.47185333,-2.23839167,1.6,90.0,,1.082,142.0,35,53,,
T,2026-04-14 15:23:40,53.47184833,-2.23837833,1.7,89.6,,1.046,137.0,36,53,,
T,2026-04-14 15:23:41,53.47184167,-2.23836833,1.6,89.3,,1.053,144.0,34,53,,
T,2026-04-14 15:23:42,53.471835,-2.23835667,1.6,89.0,,1.048,146.0,34,53,,
T,2026-04-14 15:23:43,53.47183167,-2.23834833,1.6,88.9,,0.99,145.0,33,53,,
T,2026-04-14 15:23:44,53.47182333,-2.23834,1.6,88.8,,0.967,142.0,34,53,,
T,2026-04-14 15:23:45,53.47182,-2.238335,1.6,88.8,,0.922,143.0,34,53,,
T,2026-04-14 15:23:46,53.47181667,-2.23833167,1.6,88.9,,0.858,147.0,34,53,,
T,2026-04-14 15:23:47,53.47180833,-2.23832667,1.6,88.8,,0.848,151.0,34,53,,
T,2026-04-14 15:23:48,53.47180167,-2.23832,1.6,88.6,,0.821,148.0,34,53,,
T,2026-04-14 15:23:49,53.4718,-2.23831167,1.6,88.6,,0.802,143.0,34,53,,
T,2026-04-14 15:23:50,53.471795,-2.238305,1.7,88.6,,0.801,142.0,35,53,,
T,2026-04-14 15:23:51,53.47179,-2.23829833,1.7,88.6,,0.785,142.0,34,53,,
T,2026-04-14 15:23:52,53.47178833,-2.23829333,1.7,88.8,,0.757,142.0,36,53,,
T,2026-04-14 15:23:53,53.47178333,-2.23828667,1.7,88.8,,0.752,142.0,37,53,,
T,2026-04-14 15:23:54,53.47177333,-2.23828667,1.8,88.8,,0.731,144.0,35,53,,
T,2026-04-14 15:23:55,53.47176833,-2.23828667,1.8,88.6,,0.722,156.0,35,53,,
T,2026-04-14 15:23:56,53.47176167,-2.23829,1.8,88.5,,0.716,159.0,35,53,,
T,2026-04-14 15:23:57,53.471755,-2.23829333,1.8,88.4,,0.697,156.0,32,53,,
T,2026-04-14 15:23:58,53.471745,-2.23829833,1.9,88.2,,0.687,158.0,32,53,,
T,2026-04-14 15:23:59,53.47173667,-2.23830167,1.9,88.1,,0.685,157.0,32,53,,
T,2026-04-14 15:24:00,53.47172667,-2.238305,1.9,88.0,,0.678,175.0,32,53,,
T,2026-04-14 15:24:01,53.47172167,-2.23830333,2.0,87.9,,0.665,172.0,30,53,,
T,2026-04-14 15:24:02,53.47171333,-2.23830667,2.0,87.9,,0.656,169.0,32,53,,
T,2026-04-14 15:24:03,53.47170667,-2.23831,2.1,87.9,,0.65,169.0,32,53,,
T,2026-04-14 15:24:04,53.47169667,-2.23831333,2.2,87.9,,0.646,170.0,32,53,,
T,2026-04-14 15:24:05,53.47168667,-2.23831,2.2,87.8,,0.656,167.0,32,53,,
T,2026-04-14 15:24:06,53.47166667,-2.238305,2.2,87.8,,0.69,164.0,33,53,,
T,2026-04-14 15:24:07,53.471655,-2.2383,2.2,87.8,,0.744,164.0,34,53,,
T,2026-04-14 15:24:08,53.47163833,-2.23828667,2.2,87.7,,0.786,158.0,35,53,,
T,2026-04-14 15:24:09,53.47161833,-2.238245,2.2,87.7,,0.838,153.0,35,53,,
T,2026-04-14 15:24:10,53.47160167,-2.23822833,2.1,87.7,,0.889,152.0,34,53,,
T,2026-04-14 15:24:11,53.47158333,-2.23819333,2.0,87.7,,0.933,150.0,34,53,,
T,2026-04-14 15:24:12,53.47158,-2.23813833,1.9,87.7,,0.967,142.0,35,53,,
T,2026-04-14 15:24:13,53.471565,-2.23810333,1.9,87.6,,1.001,131.0,35,53,,
T,2026-04-14 15:24:14,53.47155667,-2.23807833,1.9,88.0,,1.024,128.0,34,53,,
T,2026-04-14 15:24:15,53.471545,-2.23805667,1.9,88.1,,1.038,130.0,35,53,,
T,2026-04-14 15:24:16,53.471545,-2.23803667,2.1,88.2,,1.001,134.0,35,53,,
T,2026-04-14 15:24:17,53.471535,-2.23802,1.9,88.3,,0.939,138.0,36,53,,
T,2026-04-14 15:24:18,53.471525,-2.23802333,1.8,88.1,,0.886,141.0,37,53,,
T,2026-04-14 15:24:19,53.47151167,-2.23802333,1.8,87.7,,0.841,144.0,36,53,,
T,2026-04-14 15:24:20,53.47149333,-2.23802167,1.7,86.6,,0.811,147.0,35,53,,
T,2026-04-14 15:24:21,53.47147333,-2.23802167,1.7,85.8,,0.819,146.0,35,53,,
T,2026-04-14 15:24:22,53.471455,-2.238025,1.7,85.4,,0.841,146.0,37,53,,
T,2026-04-14 15:24:23,53.47143167,-2.23802167,1.7,85.2,,0.939,148.0,37,53,,
T,2026-04-14 15:24:24,53.47141,-2.23802,1.7,85.2,,1.024,149.0,37,53,,
T,2026-04-14 15:24:25,53.47139,-2.23801833,1.7,85.6,,1.137,148.0,37,53,,
T,2026-04-14 15:24:26,53.47137333,-2.23800833,1.7,85.8,,1.297,148.0,37,53,,
T,2026-04-14 15:24:27,53.47136167,-2.23800333,1.7,86.3,,1.405,151.0,37,53,,
T,2026-04-14 15:24:28,53.47135333,-2.23799833,1.7,86.6,,1.478,156.0,37,53,,
T,2026-04-14 15:24:29,53.471345,-2.23799167,1.7,86.8,,1.515,157.0,38,53,,
T,2026-04-14 15:24:30,53.47134,-2.237985,1.7,87.2,,1.507,153.0,39,53,,
T,2026-04-14 15:24:31,53.47133667,-2.237975,1.7,87.4,,1.475,148.0,39,53,,
T,2026-04-14 15:24:32,53.47133,-2.23796833,1.7,87.5,,1.412,148.0,39,53,,
T,2026-04-14 15:24:33,53.47132333,-2.237965,1.8,87.7,,1.272,151.0,38,53,,
T,2026-04-14 15:24:34,53.47131333,-2.237965,1.8,87.9,,1.155,148.0,38,53,,
T,2026-04-14 15:24:35,53.4713,-2.23796333,1.8,88.5,,1.034,145.0,38,53,,
T,2026-04-14 15:24:36,53.47129,-2.23795667,1.8,88.9,,0.894,144.0,37,53,,
T,2026-04-14 15:24:37,53.471275,-2.23795333,1.8,89.5,,0.816,147.0,37,53,,
T,2026-04-14 15:24:38,53.47126667,-2.23795167,1.8,89.7,,0.774,150.0,38,53,,
T,2026-04-14 15:24:39,53.47126167,-2.23792833,1.7,89.3,,0.74,151.0,39,53,,
T,2026-04-14 15:24:40,53.47125833,-2.237905,1.6,89.2,,0.736,153.0,39,53,,
T,2026-04-14 15:24:41,53.47125167,-2.237885,1.6,89.2,,0.732,152.0,38,53,,
T,2026-04-14 15:24:42,53.47124833,-2.237865,1.6,89.2,,0.756,144.0,37,53,,
T,2026-04-14 15:24:43,53.47124333,-2.23785,1.6,89.4,,0.783,146.0,37,53,,
T,2026-04-14 15:24:44,53.47123667,-2.237835,1.6,89.6,,0.776,149.0,37,53,,
T,2026-04-14 15:24:45,53.47123833,-2.23782,1.7,89.5,,0.732,140.0,38,53,,
T,2026-04-14 15:24:46,53.47124,-2.23783167,1.6,89.2,,0.69,135.0,37,53,,
T,2026-04-14 15:24:47,53.47124333,-2.237835,1.6,89.2,,0.648,137.0,36,53,,
T,2026-04-14 15:24:48,53.471245,-2.23783667,1.5,90.1,,0.6,137.0,36,53,,
T,2026-04-14 15:24:49,53.47124167,-2.23783667,1.5,90.8,,0.548,160.0,37,53,,
T,2026-04-14 15:24:50,53.47123667,-2.23782667,1.5,91.4,,0.502,175.0,37,53,,
T,2026-04-14 15:24:51,53.47123,-2.23782,1.5,92.4,,0.477,177.0,35,53,,
T,2026-04-14 15:24:52,53.471225,-2.23781333,1.5,93.5,,0.452,176.0,35,53,,
T,2026-04-14 15:24:53,53.47121333,-2.23780833,1.5,94.3,,0.418,177.0,35,53,,
T,2026-04-14 15:24:54,53.4712,-2.23780667,1.5,95.0,,0.41,176.0,35,53,,
T,2026-04-14 15:24:55,53.471185,-2.23781167,1.5,95.2,,0.426,172.0,36,53,,
T,2026-04-14 15:24:56,53.47117667,-2.23781,1.5,95.6,,0.444,171.0,37,53,,
T,2026-04-14 15:24:57,53.471165,-2.23781333,1.5,96.0,,0.477,172.0,37,53,,
T,2026-04-14 15:24:58,53.47115167,-2.23781,1.5,96.3,,0.555,175.0,35,53,,
T,2026-04-14 15:24:59,53.47113667,-2.23780167,1.5,96.6,,0.685,175.0,35,53,,
T,2026-04-14 15:25:00,53.47112167,-2.23779333,1.6,97.0,,0.799,171.0,34,53,,
T,2026-04-14 15:25:01,53.47111,-2.23778167,1.6,97.4,,0.917,165.0,33,53,,
T,2026-04-14 15:25:02,53.47108833,-2.23777167,1.6,97.6,,1.004,156.0,33,53,,
T,2026-04-14 15:25:03,53.47107167,-2.237765,1.7,97.7,,1.093,157.0,35,53,,
T,2026-04-14 15:25:04,53.47105667,-2.23775333,1.7,97.8,,1.19,161.0,35,53,,
T,2026-04-14 15:25:05,53.47103833,-2.23774167,1.7,97.7,,1.275,163.0,38,53,,
T,2026-04-14 15:25:06,53.47102667,-2.23773,1.7,97.7,,1.333,169.0,38,53,,
T,2026-04-14 15:25:07,53.471015,-2.23771833,1.7,97.7,,1.38,167.0,38,53,,
T,2026-04-14 15:25:08,53.471,-2.23771167,1.8,97.4,,1.368,177.0,37,53,,
T,2026-04-14 15:25:09,53.47099,-2.237705,1.8,97.2,,1.3,175.0,37,53,,
T,2026-04-14 15:25:10,53.47097333,-2.23770167,1.8,96.8,,1.264,169.0,36,53,,
T,2026-04-14 15:25:11,53.47095833,-2.23769667,1.8,96.5,,1.21,170.0,35,53,,
T,2026-04-14 15:25:12,53.47094333,-2.23768667,1.8,96.3,,1.198,164.0,35,53,,
T,2026-04-14 15:25:13,53.47092667,-2.237685,1.8,96.1,,1.201,163.0,35,53,,
T,2026-04-14 15:25:14,53.47091167,-2.23767833,1.8,96.1,,1.194,169.0,35,53,,
T,2026-04-14 15:25:15,53.47090167,-2.23767333,1.9,96.1,,1.167,172.0,34,53,,
T,2026-04-14 15:25:16,53.47089,-2.23765667,1.9,95.6,,1.174,168.0,34,53,,
T,2026-04-14 15:25:17,53.47088333,-2.23764333,2.0,95.2,,1.168,163.0,35,53,,
T,2026-04-14 15:25:18,53.47087833,-2.237625,2.0,94.9,,1.219,162.0,36,53,,
T,2026-04-14 15:25:19,53.470875,-2.23761167,1.9,94.5,,1.247,164.0,36,53,,
T,2026-04-14 15:25:20,53.47086833,-2.237605,1.9,94.0,,1.23,162.0,36,53,,
T,2026-04-14 15:25:21,53.47086167,-2.23760167,1.9,94.0,,1.219,157.0,37,53,,
T,2026-04-14 15:25:22,53.470855,-2.23759333,1.9,94.0,,1.22,153.0,37,53,,
T,2026-04-14 15:25:23,53.47084667,-2.23758833,1.9,93.7,,1.157,152.0,36,53,,
T,2026-04-14 15:25:24,53.47083667,-2.23758333,1.9,93.3,,1.131,156.0,36,53,,
T,2026-04-14 15:25:25,53.47082833,-2.23757833,1.8,93.0,,1.097,165.0,36,53,,
T,2026-04-14 15:25:26,53.47082,-2.237575,1.8,92.7,,1.079,171.0,36,53,,
T,2026-04-14 15:25:27,53.47081167,-2.23757167,1.8,92.4,,1.024,167.0,36,53,,
T,2026-04-14 15:25:28,53.470805,-2.23756167,1.8,92.1,,0.965,164.0,36,53,,
T,2026-04-14 15:25:29,53.47079833,-2.23755,1.8,91.8,,0.939,162.0,36,53,,
T,2026-04-14 15:25:30,53.47079167,-2.237545,1.8,91.6,,0.925,161.0,37,53,,
T,2026-04-14 15:25:31,53.47078667,-2.23752833,1.8,91.4,,0.922,155.0,36,53,,
T,2026-04-14 15:25:32,53.47077667,-2.23751667,1.8,91.4,,0.9,146.0,37,53,,
T,2026-04-14 15:25:33,53.470765,-2.237505,1.8,91.2,,0.901,145.0,36,53,,
T,2026-04-14 15:25:34,53.47075667,-2.23749667,1.8,91.2,,0.898,149.0,35,53,,
T,2026-04-14 15:25:35,53.47074833,-2.237485,1.8,91.4,,0.911,152.0,36,53,,
T,2026-04-14 15:25:36,53.47074,-2.23747833,1.8,91.5,,0.914,152.0,37,53,,
T,2026-04-14 15:25:37,53.47072833,-2.237465,1.8,91.4,,1.004,150.0,38,53,,
T,2026-04-14 15:25:38,53.47071667,-2.23745167,1.8,91.2,,1.025,148.0,38,53,,
T,2026-04-14 15:25:39,53.470705,-2.23743833,1.8,91.1,,1.068,147.0,38,53,,
T,2026-04-14 15:25:40,53.470695,-2.23741833,1.8,90.9,,1.126,148.0,38,53,,
T,2026-04-14 15:25:41,53.470685,-2.23740333,1.7,90.8,,1.144,142.0,37,53,,
T,2026-04-14 15:25:42,53.47067833,-2.237385,1.8,90.6,,1.135,138.0,37,53,,
T,2026-04-14 15:25:43,53.47067167,-2.23737667,1.8,90.3,,1.136,141.0,37,53,,
T,2026-04-14 15:25:44,53.47066333,-2.23737167,1.8,90.3,,1.122,145.0,37,53,,
T,2026-04-14 15:25:45,53.470655,-2.23736667,1.8,90.3,,1.121,148.0,36,53,,
T,2026-04-14 15:25:46,53.47064667,-2.23736,1.8,90.1,,1.107,151.0,35,53,,
T,2026-04-14 15:25:47,53.47063667,-2.237355,1.7,89.9,,1.058,181.0,37,53,,
T,2026-04-14 15:25:48,53.47062667,-2.23734833,1.7,89.6,,1.056,163.0,37,53,,
T,2026-04-14 15:25:49,53.470615,-2.237345,1.7,89.2,,1.043,163.0,37,53,,
T,2026-04-14 15:25:50,53.47060333,-2.23734333,1.7,88.9,,1.001,159.0,37,53,,
T,2026-04-14 15:25:51,53.47059667,-2.23733333,1.7,88.6,,0.97,128.0,37,53,,
T,2026-04-14 15:25:52,53.47059,-2.23731833,1.7,88.3,,0.957,125.0,38,53,,
T,2026-04-14 15:25:53,53.47058167,-2.23730833,1.8,88.3,,0.96,131.0,38,53,,
T,2026-04-14 15:25:54,53.470575,-2.23729333,1.8,88.1,,0.958,134.0,38,53,,
T,2026-04-14 15:25:55,53.47056833,-2.23728333,1.8,88.0,,0.913,113.0,38,53,,
T,2026-04-14 15:25:56,53.47056,-2.237275,1.7,87.9,,0.89,133.0,38,53,,
T,2026-04-14 15:25:57,53.47055167,-2.23726333,1.8,87.6,,0.869,136.0,38,53,,
T,2026-04-14 15:25:58,53.47054333,-2.23725667,1.8,87.4,,0.811,140.0,37,53,,
T,2026-04-14 15:25:59,53.470535,-2.23724833,1.8,87.0,,0.751,148.0,38,53,,
T,2026-04-14 15:26:00,53.47053167,-2.23723833,1.8,86.5,,0.716,149.0,37,53,,
T,2026-04-14 15:26:01,53.47052667,-2.23722833,1.8,86.2,,0.69,144.0,37,53,,
T,2026-04-14 15:26:02,53.47052167,-2.23722,1.8,86.0,,0.669,144.0,36,53,,
T,2026-04-14 15:26:03,53.47051667,-2.23721167,1.8,85.6,,0.648,149.0,35,53,,
T,2026-04-14 15:26:04,53.47051,-2.2372,1.8,85.3,,0.645,144.0,36,53,,
T,2026-04-14 15:26:05,53.470505,-2.237185,1.8,85.1,,0.711,155.0,36,53,,
T,2026-04-14 15:26:06,53.470495,-2.23717833,1.8,85.0,,0.756,154.0,37,53,,
T,2026-04-14 15:26:07,53.47048667,-2.23717167,1.8,84.9,,0.77,150.0,37,53,,
T,2026-04-14 15:26:08,53.47048167,-2.23716333,1.8,84.6,,0.8,149.0,37,53,,
T,2026-04-14 15:26:09,53.47047333,-2.237155,1.8,84.4,,0.862,151.0,36,53,,
T,2026-04-14 15:26:10,53.470465,-2.23714833,1.8,84.1,,0.902,148.0,35,53,,
T,2026-04-14 15:26:11,53.470455,-2.23714667,1.8,84.0,,0.945,154.0,35,53,,
T,2026-04-14 15:26:12,53.47044333,-2.23713667,1.8,83.8,,1.019,149.0,34,53,,
T,2026-04-14 15:26:13,53.47043167,-2.23712667,1.8,83.6,,1.088,147.0,35,53,,
T,2026-04-14 15:26:14,53.47041833,-2.237115,1.8,83.6,,1.136,151.0,34,53,,
T,2026-04-14 15:26:15,53.47040167,-2.2371,1.9,83.7,,1.134,139.0,37,53,,
T,2026-04-14 15:26:16,53.47039333,-2.237095,2.0,83.9,,1.085,148.0,36,53,,
T,2026-04-14 15:26:17,53.47038333,-2.237105,1.8,84.1,,1.074,135.0,36,53,,
T,2026-04-14 15:26:18,53.470375,-2.23709167,1.8,84.3,,1.085,139.0,36,53,,
T,2026-04-14 15:26:19,53.47036833,-2.23708167,1.7,85.0,,1.056,161.0,36,53,,
T,2026-04-14 15:26:20,53.47036,-2.23707167,1.7,85.3,,1.048,148.0,37,53,,
T,2026-04-14 15:26:21,53.470355,-2.23706333,1.7,86.1,,1.022,154.0,37,53,,
T,2026-04-14 15:26:22,53.47034833,-2.23706,1.7,86.6,,0.905,153.0,36,53,,
T,2026-04-14 15:26:23,53.470345,-2.23706,1.6,86.6,,0.791,159.0,36,53,,
T,2026-04-14 15:26:24,53.47034,-2.23705833,1.6,86.7,,0.672,164.0,37,53,,
T,2026-04-14 15:26:25,53.47033333,-2.23705833,1.6,87.0,,0.587,166.0,37,53,,
T,2026-04-14 15:26:26,53.47032833,-2.23705667,1.6,87.1,,0.557,166.0,36,53,,
T,2026-04-14 15:26:27,53.47032,-2.23705,1.6,87.3,,0.536,175.0,35,53,,
T,2026-04-14 15:26:28,53.47031333,-2.23704,1.5,87.4,,0.534,170.0,35,53,,
T,2026-04-14 15:26:29,53.47030667,-2.23703167,1.5,87.6,,0.544,160.0,37,53,,
T,2026-04-14 15:26:30,53.470295,-2.23702167,1.5,87.7,,0.568,166.0,37,53,,
T,2026-04-14 15:26:31,53.47028167,-2.23702333,1.6,88.2,,0.586,162.0,37,53,,
T,2026-04-14 15:26:32,53.47027167,-2.23701667,1.5,88.5,,0.675,168.0,37,53,,
T,2026-04-14 15:26:33,53.47026333,-2.23700833,1.5,88.5,,0.743,171.0,37,53,,
T,2026-04-14 15:26:34,53.47025333,-2.23700167,1.5,88.7,,0.842,171.0,37,53,,
T,2026-04-14 15:26:35,53.47024333,-2.236995,1.4,89.0,,0.947,170.0,37,53,,
T,2026-04-14 15:26:36,53.47023333,-2.23699667,1.5,89.0,,1.033,173.0,37,53,,
T,2026-04-14 15:26:37,53.47022333,-2.23699333,1.5,89.0,,1.027,176.0,37,53,,
T,2026-04-14 15:26:38,53.470215,-2.23699167,1.5,88.9,,0.985,174.0,37,53,,
T,2026-04-14 15:26:39,53.47021,-2.23699,1.5,89.0,,0.932,175.0,37,53,,
T,2026-04-14 15:26:40,53.47020333,-2.23698333,1.4,88.9,,0.873,166.0,37,53,,
T,2026-04-14 15:26:41,53.47019333,-2.236975,1.5,88.6,,0.863,165.0,36,53,,
T,2026-04-14 15:26:42,53.47018167,-2.23697167,1.5,88.4,,0.864,162.0,36,53,,
T,2026-04-14 15:26:43,53.47016833,-2.23697,1.5,88.6,,0.918,158.0,36,53,,
T,2026-04-14 15:26:44,53.47015167,-2.23696833,1.6,88.6,,0.974,153.0,36,53,,
T,2026-04-14 15:26:45,53.47013333,-2.23696,1.7,88.6,,0.922,156.0,35,53,,
T,2026-04-14 15:26:46,53.47012333,-2.23697167,2.0,88.7,,0.923,159.0,37,53,,
T,2026-04-14 15:26:47,53.4701,-2.23698167,1.9,88.8,,1.032,154.0,37,53,,
T,2026-04-14 15:26:48,53.470085,-2.23697833,1.8,88.9,,1.164,147.0,35,53,,
T,2026-04-14 15:26:49,53.470065,-2.23698167,1.8,89.1,,1.274,148.0,35,53,,
T,2026-04-14 15:26:50,53.47005167,-2.23698,1.8,89.7,,1.34,153.0,34,53,,
T,2026-04-14 15:26:51,53.470035,-2.23698333,1.8,89.6,,1.358,158.0,35,53,,
T,2026-04-14 15:26:52,53.47002333,-2.23698,1.8,89.6,,1.338,164.0,34,53,,
T,2026-04-14 15:26:53,53.47000833,-2.236985,1.8,90.1,,1.317,167.0,35,53,,
T,2026-04-14 15:26:54,53.46998833,-2.23698667,1.8,90.1,,1.259,168.0,35,53,,
T,2026-04-14 15:26:55,53.46997,-2.23699,1.8,90.2,,1.293,168.0,36,53,,
T,2026-04-14 15:26:56,53.46995167,-2.23699,1.8,90.2,,1.292,167.0,37,53,,
T,2026-04-14 15:26:57,53.46993833,-2.236985,1.8,90.5,,1.238,153.0,37,53,,
T,2026-04-14 15:26:58,53.46992333,-2.23698667,1.8,90.8,,1.182,149.0,37,53,,
T,2026-04-14 15:26:59,53.46991,-2.23698333,1.8,91.4,,1.145,153.0,36,53,,
T,2026-04-14 15:27:00,53.46989833,-2.23698167,1.8,91.6,,1.141,157.0,35,53,,
T,2026-04-14 15:27:01,53.46988333,-2.23698667,1.8,92.4,,1.141,159.0,35,53,,
T,2026-04-14 15:27:02,53.46987,-2.23697667,1.8,93.0,,1.157,158.0,35,53,,
T,2026-04-14 15:27:03,53.46985333,-2.236995,1.8,93.6,,1.139,161.0,34,53,,
T,2026-04-14 15:27:04,53.46984167,-2.236985,1.7,94.6,,1.135,160.0,35,53,,
T,2026-04-14 15:27:05,53.46983667,-2.23698,1.7,95.7,,1.152,160.0,36,53,,
T,2026-04-14 15:27:06,53.46983,-2.236975,1.7,96.6,,1.139,160.0,35,53,,
T,2026-04-14 15:27:07,53.46982333,-2.23697,1.8,97.3,,1.152,159.0,33,53,,
T,2026-04-14 15:27:08,53.46981167,-2.236985,1.8,97.7,,1.128,155.0,32,53,,
T,2026-04-14 15:27:09,53.46980167,-2.23700333,1.7,98.1,,1.111,153.0,32,53,,
T,2026-04-14 15:27:10,53.46979,-2.237015,1.7,98.6,,1.081,155.0,32,53,,
T,2026-04-14 15:27:11,53.46977333,-2.23701167,1.7,99.1,,1.058,155.0,33,53,,
T,2026-04-14 15:27:12,53.46974333,-2.23700333,2.2,98.8,,1.061,153.0,34,53,,
T,2026-04-14 15:27:13,53.46970333,-2.23696667,1.9,97.1,,1.1,153.0,33,54,,
T,2026-04-14 15:27:14,53.46968667,-2.23695833,1.9,97.3,,1.144,151.0,35,54,,
T,2026-04-14 15:27:15,53.46968,-2.23693833,1.9,97.2,,1.137,143.0,35,54,,
T,2026-04-14 15:27:16,53.46967333,-2.23690833,2.1,96.8,,1.127,146.0,34,54,,
T,2026-04-14 15:27:17,53.46966667,-2.23690333,1.9,96.2,,1.101,146.0,34,54,,
T,2026-04-14 15:27:18,53.46966333,-2.23688333,1.9,95.6,,1.119,158.0,33,54,,
T,2026-04-14 15:27:19,53.46965833,-2.23686333,1.9,94.8,,1.149,160.0,32,54,,
T,2026-04-14 15:27:20,53.46965167,-2.236825,1.9,94.3,,1.18,155.0,33,54,,
T,2026-04-14 15:27:21,53.46965,-2.23679333,2.0,93.8,,1.187,152.0,34,54,,
T,2026-04-14 15:27:22,53.46965833,-2.23676,2.0,93.3,,1.155,154.0,35,54,,
T,2026-04-14 15:27:23,53.46966333,-2.23673,1.9,93.1,,1.12,160.0,35,54,,
T,2026-04-14 15:27:24,53.46967333,-2.236695,1.9,93.1,,1.076,159.0,37,54,,
T,2026-04-14 15:27:25,53.46967833,-2.23665833,1.8,92.7,,1.099,151.0,37,54,,
T,2026-04-14 15:27:26,53.46967667,-2.236625,1.8,92.1,,1.162,147.0,37,54,,
T,2026-04-14 15:27:27,53.469675,-2.2366,1.8,91.9,,1.189,146.0,37,54,,
T,2026-04-14 15:27:28,53.46966833,-2.23658667,1.7,91.7,,1.2,147.0,37,54,,
T,2026-04-14 15:27:29,53.46966333,-2.23657,1.7,91.2,,1.167,149.0,36,54,,
T,2026-04-14 15:27:30,53.46965833,-2.23655333,1.7,90.7,,1.142,147.0,35,54,,
T,2026-04-14 15:27:31,53.46965167,-2.23653667,1.7,90.4,,1.165,148.0,35,54,,
T,2026-04-14 15:27:32,53.46964833,-2.23652667,1.7,90.2,,1.14,154.0,35,54,,
T,2026-04-14 15:27:33,53.469645,-2.236515,1.7,90.7,,1.104,153.0,35,54,,
T,2026-04-14 15:27:34,53.46964167,-2.23650333,1.7,90.8,,1.076,155.0,36,54,,
T,2026-04-14 15:27:35,53.46963667,-2.23648833,1.7,90.9,,1.019,153.0,36,54,,
T,2026-04-14 15:27:36,53.469635,-2.23647167,1.7,91.0,,0.94,147.0,36,54,,
T,2026-04-14 15:27:37,53.46962833,-2.23645,1.7,91.1,,0.913,132.0,36,54,,
T,2026-04-14 15:27:38,53.46962167,-2.23643333,1.7,91.2,,0.892,129.0,36,54,,
T,2026-04-14 15:27:39,53.469615,-2.23641833,1.7,91.4,,0.893,133.0,37,54,,
T,2026-04-14 15:27:40,53.46960667,-2.236405,1.7,91.4,,0.906,133.0,37,54,,
T,2026-04-14 15:27:41,53.4696,-2.23639,1.7,91.8,,0.9,136.0,38,54,,
T,2026-04-14 15:27:42,53.46959333,-2.23637667,1.7,91.9,,0.946,136.0,37,54,,
T,2026-04-14 15:27:43,53.46958833,-2.23636333,1.7,92.0,,0.979,137.0,37,54,,
T,2026-04-14 15:27:44,53.469585,-2.236355,1.7,92.1,,0.977,142.0,37,54,,
T,2026-04-14 15:27:45,53.46957333,-2.23635667,1.8,92.2,,0.991,142.0,37,54,,
T,2026-04-14 15:27:46,53.46956167,-2.23636833,2.0,92.6,,1.054,145.0,36,54,,
T,2026-04-14 15:27:47,53.46954667,-2.23637833,1.9,93.4,,1.081,145.0,37,54,,
T,2026-04-14 15:27:48,53.46953167,-2.23639167,1.9,94.2,,1.07,141.0,37,54,,
T,2026-04-14 15:27:49,53.469515,-2.2364,1.9,95.2,,1.082,139.0,36,54,,
T,2026-04-14 15:27:50,53.46950167,-2.23639667,1.9,95.9,,1.104,139.0,36,54,,
T,2026-04-14 15:27:51,53.46949167,-2.236395,1.9,96.6,,1.075,138.0,36,54,,
T,2026-04-14 15:27:52,53.46947833,-2.23639167,1.8,97.1,,1.073,138.0,36,54,,
T,2026-04-14 15:27:53,53.46946333,-2.23638833,1.9,97.3,,1.068,147.0,36,54,,
T,2026-04-14 15:27:54,53.46945667,-2.23637833,1.9,97.5,,1.085,142.0,36,54,,
T,2026-04-14 15:27:55,53.46944667,-2.23637,1.9,97.6,,1.076,150.0,37,54,,
T,2026-04-14 15:27:56,53.46943667,-2.23636667,1.9,98.1,,1.019,162.0,38,54,,
T,2026-04-14 15:27:57,53.46941833,-2.23636,1.9,98.0,,1.009,160.0,38,54,,
T,2026-04-14 15:27:58,53.46939833,-2.23635833,1.8,97.8,,1.029,160.0,38,54,,
T,2026-04-14 15:27:59,53.46938,-2.236355,1.8,97.5,,0.997,174.0,36,54,,
T,2026-04-14 15:28:00,53.46936167,-2.236355,1.8,97.5,,0.974,163.0,37,54,,
T,2026-04-14 15:28:01,53.46934667,-2.23635,1.8,97.2,,0.989,173.0,37,54,,
T,2026-04-14 15:28:02,53.46933667,-2.23633833,1.8,97.0,,0.981,162.0,37,54,,
T,2026-04-14 15:28:03,53.46932167,-2.23632833,1.9,96.5,,0.994,161.0,36,54,,
T,2026-04-14 15:28:04,53.46930833,-2.23630833,1.8,95.5,,1.007,155.0,36,54,,
T,2026-04-14 15:28:05,53.46929167,-2.23628833,1.9,94.2,,1.042,155.0,37,54,,
T,2026-04-14 15:28:06,53.46927333,-2.23627333,1.9,93.8,,1.07,161.0,38,54,,
T,2026-04-14 15:28:07,53.46926167,-2.23626167,1.9,93.4,,1.075,154.0,37,55,,
T,2026-04-14 15:28:08,53.46925,-2.23624667,1.8,92.7,,1.068,155.0,37,55,,
T,2026-04-14 15:28:09,53.46923833,-2.23624167,1.9,92.0,,1.108,158.0,37,55,,
T,2026-04-14 15:28:10,53.469225,-2.23623167,1.9,91.6,,1.114,155.0,38,55,,
T,2026-04-14 15:28:11,53.46921667,-2.23621667,1.9,91.9,,1.102,150.0,38,55,,
T,2026-04-14 15:28:12,53.46921167,-2.23619833,1.9,92.3,,1.098,154.0,36,55,,
T,2026-04-14 15:28:13,53.46921,-2.236175,1.9,92.2,,1.091,144.0,34,55,,
T,2026-04-14 15:28:14,53.46920333,-2.23616167,1.9,92.6,,1.1,148.0,37,55,,
T,2026-04-14 15:28:15,53.4692,-2.23614333,1.9,93.1,,1.042,131.0,37,55,,
T,2026-04-14 15:28:16,53.46919667,-2.23613,1.9,93.4,,0.992,128.0,38,55,,
T,2026-04-14 15:28:17,53.4692,-2.23612833,1.9,93.6,,0.942,200.0,37,55,,
T,2026-04-14 15:28:18,53.469195,-2.23612,1.9,93.4,,0.896,145.0,36,55,,
T,2026-04-14 15:28:19,53.46919167,-2.23611833,1.9,93.7,,0.818,123.0,35,55,,
T,2026-04-14 15:28:20,53.46918833,-2.2361,1.9,93.3,,0.77,111.0,35,55,,
T,2026-04-14 15:28:21,53.469175,-2.23609,1.8,93.0,,0.784,128.0,35,55,,
T,2026-04-14 15:28:22,53.46916667,-2.23608833,1.8,93.5,,0.799,141.0,35,55,,
T,2026-04-14 15:28:23,53.46915667,-2.236085,1.9,93.9,,0.828,154.0,35,55,,
T,2026-04-14 15:28:24,53.46914833,-2.23608667,1.8,94.6,,0.832,152.0,35,55,,
T,2026-04-14 15:28:25,53.46913667,-2.23607667,1.8,95.2,,0.937,144.0,35,55,,
T,2026-04-14 15:28:26,53.46912667,-2.236055,1.8,95.1,,1.005,146.0,37,55,,
T,2026-04-14 15:28:27,53.469125,-2.23603167,1.8,94.7,,1.022,165.0,38,55,,
T,2026-04-14 15:28:28,53.46912333,-2.236015,1.7,94.5,,1.022,197.0,37,55,,
T,2026-04-14 15:28:29,53.46911833,-2.23600167,1.6,94.3,,1.044,189.0,38,55,,
T,2026-04-14 15:28:30,53.46912167,-2.23598333,1.6,93.8,,1.036,184.0,39,55,,
T,2026-04-14 15:28:31,53.46912,-2.235975,1.6,93.9,,0.982,188.0,39,55,,
T,2026-04-14 15:28:32,53.469115,-2.23597,1.6,93.9,,0.893,189.0,38,55,,
T,2026-04-14 15:28:33,53.46911,-2.23596167,1.6,93.7,,0.776,191.0,37,55,,
T,2026-04-14 15:28:34,53.46910333,-2.23595667,1.6,93.5,,0.676,194.0,35,55,,
T,2026-04-14 15:28:35,53.469095,-2.23595667,1.5,93.6,,0.554,193.0,36,55,,
T,2026-04-14 15:28:36,53.46908667,-2.23595667,1.5,93.8,,0.486,193.0,36,55,,
T,2026-04-14 15:28:37,53.46907667,-2.23595167,1.5,94.2,,0.505,192.0,37,55,,
T,2026-04-14 15:28:38,53.46906333,-2.23594167,1.5,94.6,,0.607,189.0,36,55,,
T,2026-04-14 15:28:39,53.46905,-2.235925,1.6,95.2,,0.696,186.0,38,55,,
T,2026-04-14 15:28:40,53.46903667,-2.23590167,1.6,95.6,,0.856,183.0,37,55,,
T,2026-04-14 15:28:41,53.46902,-2.23588,1.6,96.0,,1.022,180.0,37,55,,
T,2026-04-14 15:28:42,53.46899833,-2.23587,1.7,96.6,,1.237,179.0,36,55,,
T,2026-04-14 15:28:43,53.46897333,-2.23586667,1.7,97.1,,1.409,180.0,35,55,,
T,2026-04-14 15:28:44,53.468955,-2.23586167,1.8,97.4,,1.54,181.0,35,55,,
T,2026-04-14 15:28:45,53.46894,-2.23585833,1.8,97.9,,1.614,182.0,35,55,,
T,2026-04-14 15:28:46,53.46893,-2.235855,1.9,98.4,,1.656,181.0,35,55,,
T,2026-04-14 15:28:47,53.46891833,-2.23585833,1.9,99.1,,1.62,178.0,36,55,,
T,2026-04-14 15:28:48,53.46890833,-2.23585667,1.9,99.9,,1.529,176.0,36,55,,
T,2026-04-14 15:28:49,53.46890333,-2.23587333,2.0,100.5,,1.43,174.0,36,55,,
T,2026-04-14 15:28:50,53.46889667,-2.23587167,1.9,100.9,,1.28,172.0,35,55,,
T,2026-04-14 15:28:51,53.468885,-2.235865,1.9,100.9,,1.137,171.0,35,55,,
T,2026-04-14 15:28:52,53.46887833,-2.235875,1.8,101.8,,0.966,171.0,34,55,,
T,2026-04-14 15:28:53,53.46886833,-2.23586833,1.8,102.1,,0.867,169.0,34,55,,
T,2026-04-14 15:28:54,53.46885833,-2.23587667,1.8,102.9,,0.796,167.0,35,55,,
T,2026-04-14 15:28:55,53.46884667,-2.23588333,1.8,103.7,,0.771,166.0,35,55,,
T,2026-04-14 15:28:56,53.46882667,-2.23588,1.8,104.2,,0.818,166.0,34,55,,
T,2026-04-14 15:28:57,53.46881833,-2.23587833,1.8,105.0,,0.878,165.0,35,55,,
T,2026-04-14 15:28:58,53.46880667,-2.23587167,1.8,105.4,,0.975,165.0,35,55,,
T,2026-04-14 15:28:59,53.46879833,-2.235865,1.8,106.0,,1.056,164.0,35,55,,
T,2026-04-14 15:29:00,53.46879167,-2.23586,1.8,106.5,,1.103,163.0,34,55,,
T,2026-04-14 15:29:01,53.46878833,-2.23585833,1.8,107.1,,1.116,163.0,34,55,,
T,2026-04-14 15:29:02,53.468785,-2.23585667,1.8,107.4,,1.113,163.0,35,55,,
T,2026-04-14 15:29:03,53.46878167,-2.23585333,1.8,108.0,,1.085,162.0,35,55,,
T,2026-04-14 15:29:04,53.46877833,-2.23585,1.8,108.4,,1.07,161.0,36,55,,
T,2026-04-14 15:29:05,53.46877167,-2.23584333,1.8,108.6,,1.054,159.0,35,55,,
T,2026-04-14 15:29:06,53.46876333,-2.23583333,1.8,108.6,,0.974,157.0,35,55,,
T,2026-04-14 15:29:07,53.46875167,-2.23582667,1.8,108.4,,0.947,157.0,35,55,,
T,2026-04-14 15:29:08,53.46874167,-2.23581667,1.8,108.5,,0.893,156.0,34,55,,
T,2026-04-14 15:29:09,53.46873167,-2.23579833,1.8,108.4,,0.883,153.0,34,55,,
T,2026-04-14 15:29:10,53.46871833,-2.235775,1.9,108.3,,0.941,151.0,34,55,,
T,2026-04-14 15:29:11,53.46870333,-2.23575667,1.9,108.2,,1.012,150.0,34,55,,
T,2026-04-14 15:29:12,53.468685,-2.235715,1.9,107.8,,1.149,152.0,34,55,,
T,2026-04-14 15:29:13,53.46866833,-2.23569667,1.8,107.5,,1.266,151.0,35,55,,
T,2026-04-14 15:29:14,53.46865667,-2.23567167,1.8,107.2,,1.353,156.0,34,55,,
T,2026-04-14 15:29:15,53.46865667,-2.23561667,1.8,105.9,,1.422,158.0,36,54,,
T,2026-04-14 15:29:16,53.46864167,-2.23556333,1.9,104.6,,1.422,153.0,34,54,,
T,2026-04-14 15:29:17,53.46863833,-2.23553833,1.8,103.5,,1.39,146.0,34,54,,
T,2026-04-14 15:29:18,53.46864,-2.23552,1.8,102.4,,1.333,138.0,36,54,,
T,2026-04-14 15:29:19,53.46863833,-2.2355,1.7,100.9,,1.27,127.0,36,55,,
T,2026-04-14 15:29:20,53.468635,-2.23549167,1.7,100.2,,1.164,126.0,35,55,,
T,2026-04-14 15:29:21,53.46863333,-2.23548167,1.7,99.7,,1.075,113.0,36,55,,
T,2026-04-14 15:29:22,53.46863,-2.235475,1.7,99.5,,0.927,113.0,36,55,,
T,2026-04-14 15:29:23,53.46862833,-2.23547167,1.7,99.5,,0.768,112.0,37,54,,
T,2026-04-14 15:29:24,53.468625,-2.23547167,1.6,99.2,,0.626,121.0,37,54,,
T,2026-04-14 15:29:25,53.46862167,-2.23547,1.6,99.1,,0.49,121.0,36,54,,
T,2026-04-14 15:29:26,53.46862,-2.23546,1.6,98.8,,0.433,120.0,36,54,,
T,2026-04-14 15:29:27,53.46861833,-2.23545333,1.6,98.8,,0.39,125.0,36,54,,
T,2026-04-14 15:29:28,53.46861667,-2.235445,1.6,98.7,,0.364,136.0,36,54,,
T,2026-04-14 15:29:29,53.46861333,-2.23543833,1.6,98.7,,0.334,146.0,36,54,,
T,2026-04-14 15:29:30,53.46860833,-2.23543,1.6,98.8,,0.312,155.0,37,54,,
T,2026-04-14 15:29:31,53.4686,-2.23542,1.6,98.9,,0.309,148.0,37,54,,
T,2026-04-14 15:29:32,53.46859667,-2.23541833,1.6,99.3,,0.29,145.0,38,54,,
T,2026-04-14 15:29:33,53.46859167,-2.23541667,1.5,99.5,,0.302,144.0,38,54,,
T,2026-04-14 15:29:34,53.46859,-2.23541333,1.5,99.8,,0.309,146.0,37,54,,
T,2026-04-14 15:29:35,53.468585,-2.23541167,1.5,100.0,,0.319,145.0,38,54,,
T,2026-04-14 15:29:36,53.46858,-2.23540667,1.5,100.1,,0.344,148.0,38,54,,
T,2026-04-14 15:29:37,53.46856833,-2.235405,1.5,100.0,,0.377,156.0,38,54,,
T,2026-04-14 15:29:38,53.468555,-2.23539833,1.5,100.0,,0.423,164.0,39,54,,
T,2026-04-14 15:29:39,53.468545,-2.235395,1.6,100.1,,0.485,169.0,39,54,,
T,2026-04-14 15:29:40,53.46853167,-2.23539167,1.6,100.1,,0.564,173.0,36,54,,
T,2026-04-14 15:29:41,53.46852,-2.23539,1.5,100.4,,0.641,172.0,36,54,,
T,2026-04-14 15:29:42,53.46851,-2.23539,1.6,100.6,,0.723,174.0,36,54,,
T,2026-04-14 15:29:43,53.4685,-2.23538833,1.6,100.8,,0.767,173.0,37,54,,
T,2026-04-14 15:29:44,53.46849667,-2.23539333,1.6,101.1,,0.776,174.0,38,54,,
T,2026-04-14 15:29:45,53.46849667,-2.23539167,1.6,101.6,,0.764,171.0,37,54,,
T,2026-04-14 15:29:46,53.468495,-2.23538833,1.6,101.9,,0.741,174.0,37,54,,
T,2026-04-14 15:29:47,53.468495,-2.23538833,1.6,102.2,,0.693,171.0,38,54,,
T,2026-04-14 15:29:48,53.46848833,-2.23538833,1.6,102.3,,0.631,175.0,39,54,,
T,2026-04-14 15:29:49,53.46848667,-2.23538667,1.6,102.5,,0.539,177.0,39,54,,
T,2026-04-14 15:29:50,53.46848167,-2.23538667,1.6,102.7,,0.438,173.0,39,54,,
T,2026-04-14 15:29:51,53.46847,-2.23538667,1.6,102.8,,0.332,169.0,37,54,,
T,2026-04-14 15:29:52,53.46845667,-2.23538167,1.6,103.0,,0.275,168.0,36,54,,
T,2026-04-14 15:29:53,53.46844167,-2.23537833,1.6,103.2,,0.293,169.0,36,54,,
T,2026-04-14 15:29:54,53.46842333,-2.23536833,1.6,103.5,,0.362,168.0,35,54,,
T,2026-04-14 15:29:55,53.46840333,-2.235365,1.7,103.6,,0.449,166.0,35,54,,
T,2026-04-14 15:29:56,53.46838667,-2.23535667,1.7,103.7,,0.533,166.0,33,54,,
T,2026-04-14 15:29:57,53.46837333,-2.23535167,1.7,103.9,,0.633,165.0,34,54,,
T,2026-04-14 15:29:58,53.46835667,-2.235345,1.7,104.1,,0.761,161.0,34,54,,
T,2026-04-14 15:29:59,53.46834,-2.23534,1.7,104.4,,0.924,158.0,34,54,,
T,2026-04-14 15:30:00,53.46832333,-2.23532833,1.7,104.9,,1.112,158.0,35,54,,
T,2026-04-14 15:30:01,53.4683,-2.23532667,1.8,105.2,,1.295,158.0,34,54,,
T,2026-04-14 15:30:02,53.46828333,-2.23532333,1.8,105.6,,1.443,159.0,34,54,,
T,2026-04-14 15:30:03,53.46826667,-2.235315,1.8,106.0,,1.546,162.0,34,54,,
T,2026-04-14 15:30:04,53.46825333,-2.23530167,1.7,106.1,,1.569,163.0,35,54,,
T,2026-04-14 15:30:05,53.468245,-2.23529333,1.8,106.2,,1.537,163.0,35,54,,
T,2026-04-14 15:30:06,53.46823667,-2.23530333,1.8,106.6,,1.508,160.0,36,54,,
T,2026-04-14 15:30:07,53.46823167,-2.23530333,1.7,106.9,,1.445,159.0,36,54,,
T,2026-04-14 15:30:08,53.46822833,-2.23529833,1.7,107.4,,1.357,160.0,35,54,,
T,2026-04-14 15:30:09,53.468225,-2.2353,1.7,107.8,,1.238,162.0,35,54,,
T,2026-04-14 15:30:10,53.46821667,-2.23530333,1.7,108.2,,1.087,160.0,35,54,,
T,2026-04-14 15:30:11,53.46821,-2.23530667,1.7,108.8,,0.938,159.0,37,54,,
T,2026-04-14 15:30:12,53.468195,-2.23530667,1.7,108.9,,0.808,160.0,37,54,,
T,2026-04-14 15:30:13,53.46818167,-2.23530833,1.7,109.5,,0.701,162.0,35,54,,
T,2026-04-14 15:30:14,53.46816667,-2.2353,1.7,110.0,,0.692,162.0,34,54,,
T,2026-04-14 15:30:15,53.46815,-2.23529667,1.7,110.5,,0.753,161.0,34,54,,
T,2026-04-14 15:30:16,53.46813667,-2.235285,1.7,111.0,,0.8,160.0,35,54,,
T,2026-04-14 15:30:17,53.468125,-2.235275,1.7,111.5,,0.918,160.0,35,54,,
T,2026-04-14 15:30:18,53.46811,-2.23526833,1.7,111.7,,1.064,160.0,36,54,,
T,2026-04-14 15:30:19,53.46809,-2.23526667,1.7,111.9,,1.204,158.0,36,54,,
T,2026-04-14 15:30:20,53.46807667,-2.235255,1.7,112.1,,1.304,158.0,35,54,,
T,2026-04-14 15:30:21,53.46806333,-2.23524833,1.7,112.4,,1.402,158.0,35,54,,
T,2026-04-14 15:30:22,53.468045,-2.23524,1.7,112.5,,1.456,157.0,34,54,,
T,2026-04-14 15:30:23,53.468035,-2.23523167,1.7,112.5,,1.464,157.0,35,54,,
T,2026-04-14 15:30:24,53.46802833,-2.23522667,1.8,112.5,,1.43,156.0,34,54,,
T,2026-04-14 15:30:25,53.46801667,-2.23522,1.8,112.2,,1.381,156.0,35,54,,
T,2026-04-14 15:30:26,53.46797667,-2.23519167,1.7,110.3,,1.356,156.0,35,54,,
T,2026-04-14 15:30:27,53.46795333,-2.235175,1.7,109.8,,1.304,157.0,34,54,,
T,2026-04-14 15:30:28,53.46794,-2.23517167,1.7,109.6,,1.201,157.0,34,54,,
T,2026-04-14 15:30:29,53.46791167,-2.23516333,1.7,108.7,,1.127,158.0,33,54,,
T,2026-04-14 15:30:30,53.46789167,-2.23514333,1.7,107.7,,1.105,160.0,33,54,,
T,2026-04-14 15:30:31,53.46788667,-2.23512667,1.7,107.4,,1.071,162.0,33,54,,
T,2026-04-14 15:30:32,53.46787833,-2.23511667,1.6,107.1,,1.077,162.0,33,54,,
T,2026-04-14 15:30:33,53.46786667,-2.23510833,1.6,106.8,,1.145,161.0,33,54,,
T,2026-04-14 15:30:34,53.46785667,-2.23508333,1.6,106.5,,1.252,159.0,34,54,,
T,2026-04-14 15:30:35,53.46784333,-2.23506167,1.6,106.4,,1.331,155.0,35,54,,
T,2026-04-14 15:30:36,53.46783333,-2.23504333,1.6,106.1,,1.412,157.0,35,54,,
T,2026-04-14 15:30:37,53.46783667,-2.23499,1.5,105.2,,1.464,155.0,35,54,,
T,2026-04-14 15:30:38,53.46782667,-2.23498,1.5,104.9,,1.488,155.0,35,54,,
T,2026-04-14 15:30:39,53.46782667,-2.23495667,1.5,104.6,,1.448,153.0,35,54,,
T,2026-04-14 15:30:40,53.46782167,-2.23494667,1.5,104.3,,1.399,152.0,35,54,,
T,2026-04-14 15:30:41,53.46782167,-2.23491667,1.5,104.1,,1.368,151.0,35,54,,
T,2026-04-14 15:30:42,53.46782,-2.23490333,1.5,104.0,,1.327,149.0,35,54,,
T,2026-04-14 15:30:43,53.46781333,-2.23489667,1.5,104.1,,1.212,149.0,35,54,,
T,2026-04-14 15:30:44,53.46780833,-2.234885,1.5,104.3,,1.077,155.0,37,54,,
T,2026-04-14 15:30:45,53.46780167,-2.23487167,1.5,104.3,,0.984,159.0,37,54,,
T,2026-04-14 15:30:46,53.46779167,-2.23485167,1.6,104.4,,0.91,154.0,37,54,,
T,2026-04-14 15:30:47,53.46778167,-2.234835,1.5,104.2,,0.853,152.0,37,54,,
T,2026-04-14 15:30:48,53.46776833,-2.23482167,1.5,103.9,,0.848,151.0,36,54,,
T,2026-04-14 15:30:49,53.46775667,-2.23480667,1.5,103.6,,0.91,151.0,37,54,,
T,2026-04-14 15:30:50,53.46774833,-2.23478167,1.5,103.3,,0.982,149.0,38,54,,
T,2026-04-14 15:30:51,53.46773833,-2.23476167,1.5,103.2,,1.064,148.0,38,54,,
T,2026-04-14 15:30:52,53.46772667,-2.23473833,1.5,102.9,,1.169,145.0,38,54,,
T,2026-04-14 15:30:53,53.467715,-2.23471833,1.5,102.5,,1.279,145.0,38,54,,
T,2026-04-14 15:30:54,53.46770667,-2.23470333,1.5,102.1,,1.344,146.0,38,54,,
T,2026-04-14 15:30:55,53.4677,-2.23469,1.5,101.6,,1.372,148.0,38,54,,
T,2026-04-14 15:30:56,53.46769167,-2.23468,1.5,101.3,,1.37,150.0,38,54,,
T,2026-04-14 15:30:57,53.467685,-2.23467333,1.5,100.8,,1.327,148.0,37,54,,
T,2026-04-14 15:30:58,53.46767667,-2.23467,1.6,100.3,,1.264,147.0,37,54,,
T,2026-04-14 15:30:59,53.467665,-2.23467,1.6,99.8,,1.192,150.0,37,54,,
T,2026-04-14 15:31:00,53.46765167,-2.23466833,1.6,99.6,,1.137,152.0,37,54,,
T,2026-04-14 15:31:01,53.46764,-2.23466667,1.6,99.3,,1.048,154.0,36,54,,
T,2026-04-14 15:31:02,53.467625,-2.23466167,1.7,98.9,,0.962,155.0,36,54,,
T,2026-04-14 15:31:03,53.46761167,-2.23464833,1.7,98.4,,0.917,154.0,33,54,,
T,2026-04-14 15:31:04,53.467595,-2.23463667,1.7,98.0,,0.924,155.0,33,54,,
T,2026-04-14 15:31:05,53.46758,-2.23462667,1.7,97.5,,0.958,155.0,32,54,,
T,2026-04-14 15:31:06,53.46756333,-2.23462333,1.8,97.3,,1.012,157.0,31,54,,
T,2026-04-14 15:31:07,53.46755,-2.234615,1.8,97.0,,1.108,157.0,32,54,,
T,2026-04-14 15:31:08,53.46753833,-2.234605,1.8,96.9,,1.219,156.0,33,54,,
T,2026-04-14 15:31:09,53.46752167,-2.234595,1.7,96.8,,1.336,157.0,33,54,,
T,2026-04-14 15:31:10,53.46751167,-2.23457833,1.7,96.7,,1.397,155.0,32,54,,
T,2026-04-14 15:31:11,53.467505,-2.23456167,1.7,97.1,,1.467,148.0,34,54,,
T,2026-04-14 15:31:12,53.46749667,-2.23454833,1.7,97.4,,1.492,145.0,33,54,,
T,2026-04-14 15:31:13,53.46748667,-2.23454667,1.8,97.5,,1.461,148.0,33,54,,
T,2026-04-14 15:31:14,53.46748,-2.23454167,1.8,97.5,,1.443,151.0,31,54,,
T,2026-04-14 15:31:15,53.46747333,-2.23453667,1.8,97.5,,1.414,154.0,32,54,,
T,2026-04-14 15:31:16,53.46746833,-2.23454167,1.9,97.4,,1.385,157.0,32,54,,
T,2026-04-14 15:31:17,53.46745333,-2.234535,1.9,95.9,,1.316,156.0,31,54,,
T,2026-04-14 15:31:18,53.46743833,-2.23452667,1.9,94.4,,1.239,158.0,30,54,,
T,2026-04-14 15:31:19,53.46742333,-2.234515,1.9,93.1,,1.201,169.0,32,54,,
T,2026-04-14 15:31:20,53.46740833,-2.2345,1.9,91.8,,1.177,171.0,31,54,,
T,2026-04-14 15:31:21,53.46739333,-2.234485,1.9,90.5,,1.168,164.0,32,54,,
T,2026-04-14 15:31:22,53.46738,-2.23446333,1.9,89.5,,1.21,161.0,31,54,,
T,2026-04-14 15:31:23,53.46736833,-2.23444667,1.8,88.5,,1.308,159.0,32,54,,
T,2026-04-14 15:31:24,53.46735667,-2.23443,1.8,87.7,,1.374,159.0,33,54,,
T,2026-04-14 15:31:25,53.46734667,-2.23441,1.8,87.0,,1.474,158.0,33,54,,
T,2026-04-14 15:31:26,53.467335,-2.234395,1.8,86.3,,1.523,160.0,31,54,,
T,2026-04-14 15:31:27,53.467325,-2.23438167,1.8,85.9,,1.586,162.0,32,54,,
T,2026-04-14 15:31:28,53.467315,-2.23437333,1.8,85.6,,1.629,161.0,34,54,,
T,2026-04-14 15:31:29,53.46730667,-2.234365,1.8,85.4,,1.61,158.0,34,54,,
T,2026-04-14 15:31:30,53.46729833,-2.23435833,1.8,85.1,,1.561,156.0,35,54,,
T,2026-04-14 15:31:31,53.46729167,-2.23435333,1.8,84.8,,1.477,157.0,36,54,,
T,2026-04-14 15:31:32,53.46728667,-2.23434667,1.7,84.5,,1.372,159.0,36,54,,
T,2026-04-14 15:31:33,53.46728,-2.23434167,1.7,84.3,,1.267,159.0,36,54,,
T,2026-04-14 15:31:34,53.467275,-2.23433,1.7,84.1,,1.192,161.0,37,54,,
T,2026-04-14 15:31:35,53.46727,-2.234315,1.7,84.0,,1.088,159.0,36,54,,
T,2026-04-14 15:31:36,53.46725833,-2.234305,1.8,83.9,,1.026,158.0,37,54,,
T,2026-04-14 15:31:37,53.467245,-2.23429833,1.8,84.0,,0.996,158.0,37,54,,
T,2026-04-14 15:31:38,53.46723333,-2.23428167,1.8,84.0,,1.009,156.0,36,54,,
T,2026-04-14 15:31:39,53.46721833,-2.23427333,1.8,83.9,,1.029,157.0,37,54,,
T,2026-04-14 15:31:40,53.46720333,-2.23426167,1.8,83.9,,1.114,157.0,35,54,,
T,2026-04-14 15:31:41,53.46719167,-2.234245,1.8,84.1,,1.21,151.0,35,54,,
T,2026-04-14 15:31:42,53.46717833,-2.23423167,1.8,84.2,,1.297,151.0,36,54,,
T,2026-04-14 15:31:43,53.46717167,-2.23421667,1.8,84.5,,1.318,152.0,35,54,,
T,2026-04-14 15:31:44,53.467165,-2.23420667,1.8,84.8,,1.33,155.0,35,54,,
T,2026-04-14 15:31:45,53.46715333,-2.23419667,1.8,85.1,,1.348,155.0,34,54,,
T,2026-04-14 15:31:46,53.46714167,-2.234195,1.7,85.5,,1.352,157.0,36,54,,
T,2026-04-14 15:31:47,53.46713167,-2.23418667,1.7,85.6,,1.324,159.0,37,54,,
T,2026-04-14 15:31:48,53.467125,-2.23418,1.7,85.7,,1.243,164.0,36,54,,
T,2026-04-14 15:31:49,53.46712333,-2.234175,1.7,86.0,,1.148,168.0,35,54,,
T,2026-04-14 15:31:50,53.46711667,-2.23416667,1.7,86.1,,1.045,165.0,35,54,,
T,2026-04-14 15:31:51,53.46710833,-2.23416,1.7,86.1,,0.953,162.0,35,54,,
T,2026-04-14 15:31:52,53.4671,-2.234155,1.6,86.2,,0.865,161.0,35,54,,
T,2026-04-14 15:31:53,53.46709333,-2.23415,1.6,85.8,,0.827,160.0,34,54,,
T,2026-04-14 15:31:54,53.46708333,-2.23415167,1.6,85.8,,0.779,163.0,36,54,,
T,2026-04-14 15:31:55,53.46707167,-2.23415167,1.6,85.9,,0.77,164.0,36,54,,
T,2026-04-14 15:31:56,53.467055,-2.23414333,1.6,86.2,,0.81,162.0,36,54,,
T,2026-04-14 15:31:57,53.46704,-2.234135,1.6,86.5,,0.844,162.0,36,54,,
T,2026-04-14 15:31:58,53.46702833,-2.23412833,1.6,86.8,,0.887,157.0,36,54,,
T,2026-04-14 15:31:59,53.46702,-2.23411667,1.6,87.3,,0.934,154.0,35,54,,
T,2026-04-14 15:32:00,53.46701,-2.23410167,1.6,87.8,,0.946,153.0,36,54,,
T,2026-04-14 15:32:01,53.46700167,-2.23408833,1.6,88.3,,0.944,135.0,36,54,,
T,2026-04-14 15:32:02,53.46699167,-2.23407667,1.6,88.7,,0.95,144.0,35,54,,
T,2026-04-14 15:32:03,53.46698,-2.234065,1.6,89.1,,0.972,155.0,34,54,,
T,2026-04-14 15:32:04,53.46697,-2.234055,1.5,89.6,,1.001,161.0,35,54,,
T,2026-04-14 15:32:05,53.46695667,-2.23404167,1.5,90.2,,1.002,151.0,34,54,,
T,2026-04-14 15:32:06,53.46694333,-2.23402833,1.5,90.7,,0.945,160.0,34,54,,
T,2026-04-14 15:32:07,53.46692833,-2.23401833,1.5,90.8,,0.915,152.0,34,54,,
T,2026-04-14 15:32:08,53.46691167,-2.23400333,1.6,90.9,,0.918,156.0,34,54,,
T,2026-04-14 15:32:09,53.466895,-2.23399167,1.6,91.2,,0.927,162.0,35,54,,
T,2026-04-14 15:32:10,53.46688,-2.23398167,1.6,91.4,,0.944,165.0,34,54,,
T,2026-04-14 15:32:11,53.46686833,-2.23397333,1.6,91.6,,0.971,167.0,34,54,,
T,2026-04-14 15:32:12,53.46685333,-2.23397167,1.6,91.5,,1.033,167.0,34,54,,
T,2026-04-14 15:32:13,53.46684,-2.23397333,1.6,91.7,,1.077,167.0,32,54,,
T,2026-04-14 15:32:14,53.46683,-2.23397,1.6,91.6,,1.071,168.0,34,54,,
T,2026-04-14 15:32:15,53.46682167,-2.23396833,1.6,91.5,,1.078,171.0,33,54,,
T,2026-04-14 15:32:16,53.46681333,-2.23396833,1.6,91.0,,1.054,170.0,35,54,,
T,2026-04-14 15:32:17,53.46680167,-2.23396833,1.6,90.7,,1.046,168.0,34,54,,
T,2026-04-14 15:32:18,53.46678833,-2.23396667,1.6,90.5,,1.037,171.0,35,54,,
T,2026-04-14 15:32:19,53.46677833,-2.23396667,1.6,90.1,,1.032,174.0,35,54,,
T,2026-04-14 15:32:20,53.46676667,-2.23396667,1.6,89.7,,1.029,174.0,34,54,,
T,2026-04-14 15:32:21,53.46676,-2.23396167,1.6,89.5,,1.026,173.0,35,54,,
T,2026-04-14 15:32:22,53.46674667,-2.23396167,1.6,89.1,,0.999,171.0,36,54,,
T,2026-04-14 15:32:23,53.46673833,-2.23396167,1.7,88.8,,0.937,170.0,36,54,,
T,2026-04-14 15:32:24,53.46673,-2.233955,1.7,88.5,,0.927,164.0,35,54,,
T,2026-04-14 15:32:25,53.46672167,-2.23394833,1.7,88.2,,0.901,162.0,35,54,,
T,2026-04-14 15:32:26,53.46671333,-2.23394167,1.7,87.9,,0.921,160.0,34,54,,
T,2026-04-14 15:32:27,53.466705,-2.23393667,1.7,87.8,,0.919,160.0,36,54,,
T,2026-04-14 15:32:28,53.466695,-2.23393167,1.7,87.7,,0.927,160.0,36,54,,
T,2026-04-14 15:32:29,53.46668833,-2.23392333,1.7,87.7,,0.94,158.0,37,54,,
T,2026-04-14 15:32:30,53.46668,-2.233915,1.7,87.8,,0.966,142.0,37,54,,
T,2026-04-14 15:32:31,53.46667,-2.2339,1.7,87.4,,0.994,148.0,38,54,,
T,2026-04-14 15:32:32,53.466655,-2.23389333,1.7,86.9,,1.009,149.0,38,54,,
T,2026-04-14 15:32:33,53.466645,-2.23388,1.8,86.7,,1.121,137.0,38,54,,
T,2026-04-14 15:32:34,53.46664,-2.23385833,1.8,86.5,,1.166,128.0,38,54,,
T,2026-04-14 15:32:35,53.46663333,-2.23385,1.7,86.9,,1.19,126.0,39,54,,
T,2026-04-14 15:32:36,53.466635,-2.23382167,1.7,87.4,,1.233,108.0,39,54,,
T,2026-04-14 15:32:37,53.466635,-2.2338,1.7,87.6,,1.23,119.0,39,54,,
T,2026-04-14 15:32:38,53.46663333,-2.23378667,1.6,87.9,,1.217,112.0,39,54,,
T,2026-04-14 15:32:39,53.46663333,-2.23376833,1.5,87.9,,1.215,110.0,38,54,,
T,2026-04-14 15:32:40,53.466635,-2.23374333,1.5,88.0,,1.223,105.0,37,54,,
T,2026-04-14 15:32:41,53.46663333,-2.23372333,1.5,88.0,,1.223,96.0,36,54,,
T,2026-04-14 15:32:42,53.466635,-2.23370167,1.5,88.1,,1.236,89.0,37,54,,
T,2026-04-14 15:32:43,53.46663833,-2.23368333,1.5,88.4,,1.171,86.0,38,54,,
T,2026-04-14 15:32:44,53.46664167,-2.233665,1.5,88.8,,1.165,82.0,37,54,,
T,2026-04-14 15:32:45,53.46664333,-2.23364833,1.5,89.2,,1.162,77.0,37,53,,
T,2026-04-14 15:32:46,53.466645,-2.23362833,1.5,89.3,,1.152,75.0,36,53,,
T,2026-04-14 15:32:47,53.46664333,-2.23361,1.5,89.8,,1.187,77.0,36,53,,
T,2026-04-14 15:32:48,53.466645,-2.23358667,1.5,90.0,,1.21,81.0,37,53,,
T,2026-04-14 15:32:49,53.46664667,-2.23357,1.5,90.1,,1.205,82.0,35,53,,
T,2026-04-14 15:32:50,53.46664833,-2.23355167,1.5,90.2,,1.178,80.0,37,53,,
T,2026-04-14 15:32:51,53.46665,-2.233535,1.4,90.5,,1.16,71.0,37,53,,
T,2026-04-14 15:32:52,53.46664833,-2.23352167,1.5,90.5,,1.105,66.0,37,53,,
T,2026-04-14 15:32:53,53.46664667,-2.233505,1.5,90.5,,1.069,73.0,37,53,,
T,2026-04-14 15:32:54,53.46664333,-2.23348,1.5,90.7,,1.085,82.0,37,53,,
T,2026-04-14 15:32:55,53.46664167,-2.23345833,1.4,90.8,,1.108,89.0,36,53,,
T,2026-04-14 15:32:56,53.466635,-2.233435,1.5,90.9,,1.114,91.0,36,52,,
T,2026-04-14 15:32:57,53.46662833,-2.23341833,1.5,91.0,,1.098,89.0,36,52,,
T,2026-04-14 15:32:58,53.46662833,-2.2334,1.5,91.3,,1.093,87.0,35,52,,
T,2026-04-14 15:32:59,53.46663167,-2.23338333,1.6,91.6,,1.076,87.0,35,52,,
T,2026-04-14 15:33:00,53.46663333,-2.23336667,1.6,91.9,,1.06,87.0,37,52,,
T,2026-04-14 15:33:01,53.46663833,-2.233355,1.6,92.2,,1.064,84.0,36,52,,
T,2026-04-14 15:33:02,53.466645,-2.23334333,1.6,92.7,,1.073,81.0,37,52,,
T,2026-04-14 15:33:03,53.466645,-2.23332833,1.6,93.1,,1.103,74.0,38,52,,
T,2026-04-14 15:33:04,53.46664667,-2.23331333,1.6,93.6,,1.033,79.0,38,52,,
T,2026-04-14 15:33:05,53.46664333,-2.233305,1.7,94.1,,0.946,83.0,38,52,,
T,2026-04-14 15:33:06,53.46664333,-2.23329333,1.6,94.7,,0.868,82.0,38,52,,
T,2026-04-14 15:33:07,53.46664333,-2.233285,1.6,95.1,,0.803,74.0,37,52,,
T,2026-04-14 15:33:08,53.46664167,-2.23328,1.6,95.7,,0.72,74.0,37,52,,
T,2026-04-14 15:33:09,53.46663833,-2.23327667,1.6,96.3,,0.648,72.0,37,52,,
T,2026-04-14 15:33:10,53.46663,-2.23327333,1.6,96.5,,0.569,72.0,37,52,,
T,2026-04-14 15:33:11,53.46662333,-2.23327167,1.6,96.7,,0.474,72.0,36,52,,
T,2026-04-14 15:33:12,53.46661667,-2.23327,1.6,96.8,,0.4,79.0,35,52,,
T,2026-04-14 15:33:13,53.46661167,-2.23327,1.6,97.1,,0.0,,35,52,,
T,2026-04-14 15:33:14,53.46661,-2.23327,1.5,97.5,,0.0,,35,52,,
T,2026-04-14 15:33:15,53.46660667,-2.233275,1.5,97.8,,0.0,,35,52,,
