type,date time,latitude,longitude,accuracy(m),altitude(m),geoid_height(m),speed(m/s),bearing(deg),sat_used,sat_inview,name,desc
T,2026-04-14 10:33:17,53.46645127,-2.23321434,3.81,46.245,51.381,0.0,,20,34,20260414-103317,GPS Logger: 20260414-103317
T,2026-04-14 10:33:18,53.46645128,-2.23321439,3.79,46.245,51.381,0.0,,20,34,,
T,2026-04-14 10:33:19,53.46645131,-2.23321429,3.79,46.251,51.381,0.0,,22,34,,
T,2026-04-14 10:33:20,53.46645177,-2.23320731,3.79,46.309,51.381,0.18,0.0,22,34,,
T,2026-04-14 10:33:21,53.46644881,-2.23320794,3.79,46.575,51.381,0.61,0.0,22,35,,
T,2026-04-14 10:33:22,53.46644888,-2.2332038,3.92,46.348,51.381,0.24,0.0,23,34,,
T,2026-04-14 10:33:23,53.4664523,-2.23320216,4.14,46.511,51.381,0.23,0.0,22,34,,
T,2026-04-14 10:33:24,53.46645275,-2.23319666,3.99,46.577,51.381,0.0,,23,35,,
T,2026-04-14 10:33:25,53.46645373,-2.23319009,4.12,46.244,51.381,0.0,,23,35,,
T,2026-04-14 10:33:26,53.46645502,-2.23318681,4.06,46.129,51.381,0.0,,24,36,,
T,2026-04-14 10:33:27,53.4664564,-2.2331844,3.94,46.294,51.381,0.0,,25,38,,
T,2026-04-14 10:33:28,53.46645741,-2.23318092,3.8,46.387,51.381,0.0,,25,37,,
T,2026-04-14 10:33:29,53.46645733,-2.23318069,3.86,46.538,51.381,0.0,,26,37,,
T,2026-04-14 10:33:30,53.46645865,-2.23318071,3.9,46.613,51.381,0.0,,25,37,,
T,2026-04-14 10:33:31,53.46646005,-2.23318091,3.83,46.658,51.381,0.0,,25,37,,
T,2026-04-14 10:33:32,53.46646145,-2.2331816,3.79,46.73,51.381,0.0,,26,37,,
T,2026-04-14 10:33:33,53.46646186,-2.23318313,3.79,46.851,51.381,0.0,,25,36,,
T,2026-04-14 10:33:34,53.46646154,-2.23318428,3.79,47.005,51.381,0.0,,24,38,,
T,2026-04-14 10:33:35,53.46646126,-2.23318376,3.79,47.189,51.381,0.0,,25,38,,
T,2026-04-14 10:33:36,53.46646113,-2.23318371,3.79,47.347,51.381,0.0,,25,38,,
T,2026-04-14 10:33:37,53.46646118,-2.23318351,3.79,47.385,51.381,0.0,,25,38,,
T,2026-04-14 10:33:38,53.46646121,-2.2331836,3.79,47.368,51.381,0.0,,27,39,,
T,2026-04-14 10:33:39,53.46646121,-2.23318369,3.79,47.376,51.381,0.0,,27,40,,
T,2026-04-14 10:33:40,53.46646127,-2.23318379,3.79,47.387,51.381,0.0,,26,40,,
T,2026-04-14 10:33:41,53.46646137,-2.23318347,3.79,47.387,51.381,0.0,,25,39,,
T,2026-04-14 10:33:42,53.46646147,-2.23318334,3.79,47.399,51.381,0.0,,25,39,,
T,2026-04-14 10:33:43,53.46646149,-2.23318335,3.79,47.405,51.381,0.0,,25,41,,
T,2026-04-14 10:33:44,53.46646365,-2.23318316,3.79,47.277,51.381,0.16,0.0,23,41,,
T,2026-04-14 10:33:45,53.46646582,-2.23318031,3.79,47.289,51.381,0.0,,23,40,,
T,2026-04-14 10:33:46,53.46646645,-2.23317868,3.79,47.388,51.381,0.0,,22,40,,
T,2026-04-14 10:33:47,53.46646742,-2.23317951,3.79,47.414,51.381,0.18,0.0,24,40,,
T,2026-04-14 10:33:48,53.46646762,-2.23317902,3.79,47.48,51.381,0.0,,24,39,,
T,2026-04-14 10:33:49,53.4664662,-2.23317688,3.79,47.877,51.381,0.0,,25,37,,
T,2026-04-14 10:33:50,53.46646537,-2.23317698,3.79,48.091,51.381,0.0,,25,38,,
T,2026-04-14 10:33:51,53.46646503,-2.23317651,3.79,48.404,51.381,0.0,,26,38,,
T,2026-04-14 10:33:52,53.46646582,-2.233176,3.79,48.449,51.381,0.0,,26,38,,
T,2026-04-14 10:33:53,53.46646801,-2.23317992,3.79,48.45,51.381,0.35,0.0,26,37,,
T,2026-04-14 10:33:54,53.4664858,-2.23317692,3.79,46.962,51.381,2.43,11.0,26,38,,
T,2026-04-14 10:33:55,53.46649584,-2.23317852,3.95,46.416,51.381,0.79,352.0,24,37,,
T,2026-04-14 10:33:56,53.46649699,-2.23319392,4.59,46.626,51.381,0.88,286.0,24,37,,
T,2026-04-14 10:33:57,53.46649519,-2.2332164,5.47,46.901,51.381,1.19,271.0,25,38,,
T,2026-04-14 10:33:58,53.46649047,-2.23324102,5.6,47.508,51.381,1.29,260.0,25,37,,
T,2026-04-14 10:33:59,53.46648681,-2.23326352,6.07,48.078,51.381,1.16,261.0,25,39,,
T,2026-04-14 10:34:00,53.4664841,-2.23328391,5.86,48.113,51.381,1.1,258.0,25,39,,
T,2026-04-14 10:34:01,53.46648086,-2.23330411,6.23,48.314,51.382,1.11,257.0,24,39,,
T,2026-04-14 10:34:02,53.46648081,-2.23332165,6.4,48.014,51.382,1.03,262.0,25,38,,
T,2026-04-14 10:34:03,53.46647984,-2.23333861,6.31,47.907,51.382,1.13,260.0,22,39,,
T,2026-04-14 10:34:04,53.46648009,-2.23335481,6.5,47.923,51.382,1.09,262.0,21,41,,
T,2026-04-14 10:34:05,53.46648408,-2.23337218,6.85,47.492,51.382,1.13,277.0,21,41,,
T,2026-04-14 10:34:06,53.46648931,-2.23339011,6.29,47.76,51.382,1.07,283.0,21,40,,
T,2026-04-14 10:34:07,53.46648658,-2.23340985,5.91,47.315,51.382,1.27,248.0,20,41,,
T,2026-04-14 10:34:08,53.46648397,-2.23342463,5.87,46.472,51.382,1.01,244.0,23,39,,
T,2026-04-14 10:34:09,53.46648142,-2.23344039,5.79,46.728,51.382,1.02,246.0,22,39,,
T,2026-04-14 10:34:10,53.46649077,-2.23346014,5.34,45.842,51.382,1.25,285.0,21,39,,
T,2026-04-14 10:34:11,53.46649754,-2.2334771,5.6,45.997,51.382,1.08,279.0,24,40,,
T,2026-04-14 10:34:12,53.46649994,-2.23349643,5.34,46.238,51.382,1.11,268.0,25,39,,
T,2026-04-14 10:34:13,53.46649931,-2.23351656,5.46,46.373,51.382,1.11,261.0,26,38,,
T,2026-04-14 10:34:14,53.46649804,-2.23353784,5.23,46.897,51.382,1.12,261.0,26,39,,
T,2026-04-14 10:34:15,53.46649786,-2.23355884,5.16,47.496,51.382,1.17,271.0,25,40,,
T,2026-04-14 10:34:16,53.46649359,-2.23357901,4.95,47.364,51.382,1.25,250.0,25,40,,
T,2026-04-14 10:34:17,53.46649148,-2.23359355,4.67,46.858,51.382,1.11,251.0,24,40,,
T,2026-04-14 10:34:18,53.46649278,-2.23361538,4.51,46.958,51.382,1.34,276.0,25,42,,
T,2026-04-14 10:34:19,53.46649342,-2.23363806,4.4,47.628,51.382,1.27,280.0,26,42,,
T,2026-04-14 10:34:20,53.46649068,-2.23365853,4.03,48.369,51.382,1.85,227.0,26,42,,
T,2026-04-14 10:34:21,53.46649551,-2.23368375,3.79,47.583,51.382,1.67,268.0,25,42,,
T,2026-04-14 10:34:22,53.4665096,-2.23370402,3.79,46.122,51.382,1.31,290.0,25,42,,
T,2026-04-14 10:34:23,53.46651849,-2.23372418,3.79,45.388,51.382,1.28,274.0,25,41,,
T,2026-04-14 10:34:24,53.46652231,-2.23374226,3.79,45.185,51.382,1.23,272.0,25,41,,
T,2026-04-14 10:34:25,53.46652536,-2.23375885,3.81,44.029,51.382,1.24,267.0,26,41,,
T,2026-04-14 10:34:26,53.46652864,-2.23377843,3.79,43.974,51.382,1.26,271.0,26,42,,
T,2026-04-14 10:34:27,53.46653232,-2.23379927,3.79,43.426,51.382,1.27,271.0,26,42,,
T,2026-04-14 10:34:28,53.46653351,-2.23381966,3.79,42.855,51.382,1.25,266.0,27,42,,
T,2026-04-14 10:34:29,53.46653711,-2.23383757,3.79,42.496,51.382,1.31,287.0,27,42,,
T,2026-04-14 10:34:30,53.46654093,-2.23385537,3.79,42.037,51.383,1.25,274.0,27,40,,
T,2026-04-14 10:34:31,53.4665489,-2.23387237,3.79,41.658,51.383,1.29,293.0,27,40,,
T,2026-04-14 10:34:32,53.46655899,-2.23388933,3.79,40.95,51.383,1.27,302.0,28,41,,
T,2026-04-14 10:34:33,53.46656672,-2.2339068,3.79,40.727,51.383,1.24,293.0,26,41,,
T,2026-04-14 10:34:34,53.46657587,-2.2339231,3.79,40.067,51.383,1.25,298.0,28,41,,
T,2026-04-14 10:34:35,53.46658621,-2.23394195,3.79,40.075,51.383,1.36,309.0,28,41,,
T,2026-04-14 10:34:36,53.4665941,-2.23396051,3.79,39.859,51.383,1.29,311.0,28,42,,
T,2026-04-14 10:34:37,53.46659162,-2.23399282,3.79,39.736,51.383,2.01,259.0,29,42,,
T,2026-04-14 10:34:38,53.46659748,-2.23401505,3.79,39.706,51.383,1.54,295.0,29,42,,
T,2026-04-14 10:34:39,53.46660735,-2.23402837,3.79,39.988,51.383,1.31,312.0,29,41,,
T,2026-04-14 10:34:40,53.466619,-2.23403788,3.79,39.923,51.383,1.34,330.0,29,41,,
T,2026-04-14 10:34:41,53.46662879,-2.23405695,3.79,39.856,51.383,1.49,306.0,26,39,,
T,2026-04-14 10:34:42,53.46664057,-2.23406981,3.79,40.177,51.383,1.37,325.0,25,40,,
T,2026-04-14 10:34:43,53.46665244,-2.23408246,3.79,40.294,51.383,1.32,321.0,25,40,,
T,2026-04-14 10:34:44,53.46666597,-2.23409239,3.79,40.025,51.383,1.37,333.0,24,39,,
T,2026-04-14 10:34:45,53.46667983,-2.23410179,3.79,40.292,51.383,1.36,339.0,23,39,,
T,2026-04-14 10:34:46,53.46669369,-2.23410923,3.79,40.548,51.383,1.35,342.0,23,39,,
T,2026-04-14 10:34:47,53.46671447,-2.23408381,3.79,40.371,51.383,2.46,39.0,22,39,,
T,2026-04-14 10:34:48,53.46672319,-2.2340563,3.79,38.744,51.383,1.46,67.0,21,39,,
T,2026-04-14 10:34:49,53.46673305,-2.23403707,3.79,37.656,51.383,1.4,50.0,21,41,,
T,2026-04-14 10:34:50,53.46675578,-2.23403822,3.79,39.276,51.383,2.19,355.0,21,41,,
T,2026-04-14 10:34:51,53.46677056,-2.23404852,3.79,39.711,51.383,1.35,336.0,20,41,,
T,2026-04-14 10:34:52,53.46678309,-2.23405689,3.79,39.753,51.383,1.27,337.0,19,40,,
T,2026-04-14 10:34:53,53.46679328,-2.23406864,3.79,40.265,51.383,1.24,315.0,19,39,,
T,2026-04-14 10:34:54,53.46680507,-2.23407563,3.79,40.509,51.383,1.14,325.0,18,39,,
T,2026-04-14 10:34:55,53.46681851,-2.23408132,3.79,40.4,51.383,1.25,338.0,18,39,,
T,2026-04-14 10:34:56,53.46683286,-2.23409057,3.79,40.78,51.383,1.31,341.0,18,38,,
T,2026-04-14 10:34:57,53.46684525,-2.23410121,3.79,40.828,51.383,1.22,333.0,18,38,,
T,2026-04-14 10:34:58,53.4668586,-2.23411026,3.79,40.824,51.383,1.27,341.0,18,38,,
T,2026-04-14 10:34:59,53.46687024,-2.2341197,3.79,40.989,51.383,1.27,333.0,18,39,,
T,2026-04-14 10:35:00,53.46688117,-2.23412972,3.79,41.021,51.383,1.27,328.0,17,40,,
T,2026-04-14 10:35:01,53.46689181,-2.2341409,3.79,40.835,51.383,1.27,329.0,17,41,,
T,2026-04-14 10:35:02,53.46690441,-2.23415019,3.79,40.584,51.383,1.34,340.0,17,42,,
T,2026-04-14 10:35:03,53.46691711,-2.23415999,3.79,40.663,51.383,1.29,334.0,19,42,,
T,2026-04-14 10:35:04,53.46693019,-2.23417046,3.82,40.933,51.383,1.28,330.0,20,42,,
T,2026-04-14 10:35:05,53.46694391,-2.23417628,3.79,40.749,51.383,1.33,340.0,22,43,,
T,2026-04-14 10:35:06,53.46695632,-2.23417999,3.8,40.93,51.383,1.25,345.0,25,43,,
T,2026-04-14 10:35:07,53.46696701,-2.23419102,3.79,41.161,51.383,1.37,328.0,28,42,,
T,2026-04-14 10:35:08,53.46697854,-2.23419974,3.93,40.786,51.383,1.39,340.0,32,42,,
T,2026-04-14 10:35:09,53.46698745,-2.23420797,3.82,40.278,51.383,1.33,325.0,32,42,,
T,2026-04-14 10:35:10,53.46699724,-2.23421748,3.85,40.459,51.383,1.3,327.0,33,42,,
T,2026-04-14 10:35:11,53.46700691,-2.23422867,4.12,40.321,51.383,1.28,324.0,33,42,,
T,2026-04-14 10:35:12,53.46701636,-2.23424276,4.25,40.084,51.383,1.31,317.0,32,42,,
T,2026-04-14 10:35:13,53.4670293,-2.23425161,4.13,40.073,51.383,1.38,336.0,32,42,,
T,2026-04-14 10:35:14,53.46704117,-2.234261,4.29,39.793,51.383,1.31,329.0,31,42,,
T,2026-04-14 10:35:15,53.46705228,-2.23426923,4.17,40.01,51.383,1.3,329.0,31,41,,
T,2026-04-14 10:35:16,53.46706389,-2.23427547,4.03,39.895,51.383,1.31,334.0,31,41,,
T,2026-04-14 10:35:17,53.46707584,-2.23428536,3.79,40.124,51.383,1.32,327.0,30,41,,
T,2026-04-14 10:35:18,53.46708827,-2.23429155,3.79,41.001,51.383,1.3,333.0,28,41,,
T,2026-04-14 10:35:19,53.46710238,-2.23429694,3.79,41.2,51.383,1.3,339.0,28,41,,
T,2026-04-14 10:35:20,53.46711538,-2.23430019,3.79,40.765,51.383,1.29,340.0,25,41,,
T,2026-04-14 10:35:21,53.46712773,-2.23430668,4.1,40.686,51.383,1.3,333.0,26,41,,
T,2026-04-14 10:35:22,53.46714174,-2.23430826,4.23,40.713,51.383,1.36,350.0,24,41,,
T,2026-04-14 10:35:23,53.46715484,-2.23430079,4.33,40.368,51.383,1.34,11.0,24,41,,
T,2026-04-14 10:35:24,53.46716681,-2.23428695,4.59,40.316,51.383,1.33,25.0,25,40,,
T,2026-04-14 10:35:25,53.46718142,-2.23428421,4.71,40.259,51.383,1.4,2.0,24,39,,
T,2026-04-14 10:35:26,53.46719429,-2.23429264,4.87,38.879,51.383,1.43,330.0,23,38,,
T,2026-04-14 10:35:27,53.46720609,-2.234301,4.95,38.564,51.383,1.26,333.0,22,39,,
T,2026-04-14 10:35:28,53.46721988,-2.23430468,5.18,37.876,51.384,1.33,349.0,23,40,,
T,2026-04-14 10:35:29,53.46723231,-2.23431604,5.02,37.222,51.384,1.34,330.0,23,40,,
T,2026-04-14 10:35:30,53.46724565,-2.23432924,4.99,37.305,51.384,1.28,332.0,24,41,,
T,2026-04-14 10:35:31,53.46725802,-2.23434037,5.21,36.84,51.384,1.29,334.0,24,39,,
T,2026-04-14 10:35:32,53.46726905,-2.23435541,5.15,35.591,51.384,1.38,316.0,24,38,,
T,2026-04-14 10:35:33,53.46728225,-2.23436462,4.71,35.362,51.384,1.4,337.0,26,38,,
T,2026-04-14 10:35:34,53.46729384,-2.23437601,4.6,35.314,51.384,1.36,322.0,25,39,,
T,2026-04-14 10:35:35,53.46730554,-2.23438368,4.36,35.9,51.384,1.35,334.0,23,39,,
T,2026-04-14 10:35:36,53.46731747,-2.23439152,4.5,36.546,51.384,1.31,333.0,23,40,,
T,2026-04-14 10:35:37,53.4673278,-2.23439874,4.39,36.938,51.384,1.27,335.0,22,39,,
T,2026-04-14 10:35:38,53.46733726,-2.23440643,4.41,36.913,51.384,1.23,333.0,21,39,,
T,2026-04-14 10:35:39,53.46734623,-2.23441492,4.3,37.321,51.384,1.21,331.0,21,40,,
T,2026-04-14 10:35:40,53.46735742,-2.23442093,3.95,36.581,51.384,1.34,346.0,20,38,,
T,2026-04-14 10:35:41,53.46736886,-2.23442525,4.1,36.109,51.384,1.29,355.0,20,38,,
T,2026-04-14 10:35:42,53.46738059,-2.23443438,4.32,35.697,51.384,1.38,338.0,22,39,,
T,2026-04-14 10:35:43,53.46739284,-2.23444062,4.58,35.518,51.384,1.4,354.0,22,40,,
T,2026-04-14 10:35:44,53.46740424,-2.23445307,4.86,35.65,51.384,1.42,335.0,21,40,,
T,2026-04-14 10:35:45,53.46741574,-2.23446277,4.46,35.401,51.384,1.37,335.0,22,40,,
T,2026-04-14 10:35:46,53.46742699,-2.23447319,4.47,35.204,51.384,1.36,335.0,23,40,,
T,2026-04-14 10:35:47,53.46743761,-2.23448848,4.38,34.933,51.384,1.43,322.0,23,40,,
T,2026-04-14 10:35:48,53.46745088,-2.23449515,4.67,33.965,51.384,1.48,345.0,24,41,,
T,2026-04-14 10:35:49,53.46746284,-2.23450585,4.95,33.607,51.384,1.41,330.0,23,41,,
T,2026-04-14 10:35:50,53.46747363,-2.23451831,5.01,33.817,51.384,1.39,326.0,23,41,,
T,2026-04-14 10:35:51,53.46748471,-2.23453034,5.25,33.52,51.384,1.39,330.0,22,41,,
T,2026-04-14 10:35:52,53.46749585,-2.23454188,5.49,33.248,51.384,1.39,330.0,22,41,,
T,2026-04-14 10:35:53,53.4675068,-2.23455585,4.59,33.62,51.384,1.4,326.0,22,42,,
T,2026-04-14 10:35:54,53.4675183,-2.23456614,4.48,33.671,51.384,1.41,334.0,21,42,,
T,2026-04-14 10:35:55,53.46752963,-2.23457608,4.87,34.324,51.384,1.38,332.0,21,42,,
T,2026-04-14 10:35:56,53.46753987,-2.2345878,4.75,33.645,51.384,1.38,330.0,21,42,,
T,2026-04-14 10:35:57,53.46755119,-2.23459836,4.52,33.562,51.384,1.37,333.0,22,42,,
T,2026-04-14 10:35:58,53.46756345,-2.23460739,4.38,32.869,51.384,1.39,339.0,23,42,,
T,2026-04-14 10:35:59,53.46757518,-2.23461761,4.19,32.606,51.384,1.39,336.0,23,42,,
T,2026-04-14 10:36:00,53.46758734,-2.23462844,4.18,31.978,51.384,1.42,335.0,22,42,,
T,2026-04-14 10:36:01,53.46759962,-2.23463836,4.51,31.672,51.384,1.41,338.0,21,42,,
T,2026-04-14 10:36:02,53.46761162,-2.2346499,4.58,31.625,51.384,1.44,330.0,20,42,,
T,2026-04-14 10:36:03,53.46762411,-2.23466062,4.94,31.539,51.384,1.43,333.0,20,42,,
T,2026-04-14 10:36:04,53.46763681,-2.23467019,4.83,31.642,51.384,1.42,335.0,20,42,,
T,2026-04-14 10:36:05,53.46764987,-2.23467878,5.1,31.545,51.384,1.42,336.0,20,42,,
T,2026-04-14 10:36:06,53.46766181,-2.23468836,5.52,31.603,51.384,1.4,337.0,21,41,,
T,2026-04-14 10:36:07,53.46767144,-2.23470452,4.98,32.426,51.384,1.38,330.0,21,41,,
T,2026-04-14 10:36:08,53.46768166,-2.23471699,5.35,32.208,51.384,1.38,333.0,23,41,,
T,2026-04-14 10:36:09,53.46769265,-2.23472715,5.82,32.43,51.384,1.37,334.0,25,41,,
T,2026-04-14 10:36:10,53.46770253,-2.23473881,5.98,32.632,51.384,1.37,324.0,25,42,,
T,2026-04-14 10:36:11,53.46771245,-2.23475013,6.42,32.3,51.384,1.35,327.0,25,42,,
T,2026-04-14 10:36:12,53.46772351,-2.23476247,6.65,32.615,51.384,1.36,331.0,25,42,,
T,2026-04-14 10:36:13,53.46773445,-2.23477256,7.25,32.651,51.384,1.35,335.0,25,42,,
T,2026-04-14 10:36:14,53.46774521,-2.23478309,7.3,32.646,51.384,1.36,329.0,26,42,,
T,2026-04-14 10:36:15,53.46775676,-2.23479858,5.44,33.805,51.385,1.34,335.0,23,42,,
T,2026-04-14 10:36:16,53.46776725,-2.2348121,4.86,33.942,51.385,1.36,329.0,27,42,,
T,2026-04-14 10:36:17,53.46777925,-2.2348183,4.49,33.433,51.385,1.4,345.0,30,42,,
T,2026-04-14 10:36:18,53.46778971,-2.23482849,4.82,33.222,51.385,1.36,335.0,30,42,,
T,2026-04-14 10:36:19,53.46779951,-2.23484017,4.76,33.137,51.385,1.34,335.0,30,42,,
T,2026-04-14 10:36:20,53.46780959,-2.23485495,4.73,33.175,51.385,1.36,329.0,30,42,,
T,2026-04-14 10:36:21,53.46781889,-2.23487008,4.81,33.613,51.385,1.36,331.0,30,42,,
T,2026-04-14 10:36:22,53.46782796,-2.23488562,4.79,34.461,51.385,1.35,327.0,32,42,,
T,2026-04-14 10:36:23,53.46783908,-2.23489627,4.87,34.385,51.385,1.38,337.0,30,42,,
T,2026-04-14 10:36:24,53.46784724,-2.23491542,4.98,35.163,51.385,1.36,331.0,31,42,,
T,2026-04-14 10:36:25,53.46785663,-2.23492915,5.07,35.075,51.385,1.35,335.0,32,42,,
T,2026-04-14 10:36:26,53.46786527,-2.23494466,5.14,35.212,51.385,1.38,329.0,31,42,,
T,2026-04-14 10:36:27,53.46787512,-2.23495714,5.21,34.951,51.385,1.36,331.0,31,42,,
T,2026-04-14 10:36:28,53.46788257,-2.23497385,5.36,34.914,51.385,1.37,326.0,29,42,,
T,2026-04-14 10:36:29,53.46789232,-2.23498755,5.43,35.034,51.385,1.37,331.0,28,42,,
T,2026-04-14 10:36:30,53.46790404,-2.23499984,5.48,35.09,51.385,1.35,332.0,28,42,,
T,2026-04-14 10:36:31,53.46791477,-2.23501155,5.45,35.237,51.385,1.35,333.0,27,42,,
T,2026-04-14 10:36:32,53.46792601,-2.23502247,5.29,35.8,51.385,1.34,334.0,27,42,,
T,2026-04-14 10:36:33,53.46793758,-2.23503451,5.12,36.071,51.385,1.44,329.0,27,42,,
T,2026-04-14 10:36:34,53.46794758,-2.23504869,4.99,36.301,51.385,1.37,324.0,26,42,,
T,2026-04-14 10:36:35,53.46795742,-2.2350652,4.47,36.933,51.385,1.38,333.0,28,42,,
T,2026-04-14 10:36:36,53.46796662,-2.23508112,4.31,37.298,51.385,1.34,327.0,30,42,,
T,2026-04-14 10:36:37,53.46797642,-2.23509422,4.27,37.851,51.385,1.35,334.0,30,42,,
T,2026-04-14 10:36:38,53.4679862,-2.23510907,4.01,38.339,51.385,1.37,334.0,29,42,,
T,2026-04-14 10:36:39,53.46799517,-2.23512975,4.02,38.785,51.385,1.39,329.0,29,42,,
T,2026-04-14 10:36:40,53.46800461,-2.23514649,4.23,38.811,51.385,1.37,327.0,28,42,,
T,2026-04-14 10:36:41,53.46801356,-2.23516255,4.45,39.085,51.385,1.36,322.0,26,42,,
T,2026-04-14 10:36:42,53.46802409,-2.23517528,4.33,39.721,51.385,1.4,334.0,25,42,,
T,2026-04-14 10:36:43,53.46803443,-2.23518575,4.21,40.256,51.385,1.38,332.0,26,42,,
T,2026-04-14 10:36:44,53.46804386,-2.2351973,3.97,39.886,51.385,1.37,331.0,26,42,,
T,2026-04-14 10:36:45,53.46805218,-2.23521001,3.94,39.736,51.385,1.36,332.0,26,42,,
T,2026-04-14 10:36:46,53.46806159,-2.23522276,3.79,39.921,51.385,1.4,332.0,26,42,,
T,2026-04-14 10:36:47,53.46807091,-2.23523484,3.79,39.815,51.385,1.33,331.0,26,42,,
T,2026-04-14 10:36:48,53.46808236,-2.23524451,3.79,40.043,51.385,1.37,337.0,25,42,,
T,2026-04-14 10:36:49,53.4680933,-2.23525484,3.79,40.08,51.385,1.35,337.0,25,42,,
T,2026-04-14 10:36:50,53.46810235,-2.23526642,3.79,39.976,51.385,1.35,336.0,25,42,,
T,2026-04-14 10:36:51,53.46811163,-2.23527901,3.79,40.057,51.385,1.33,332.0,25,42,,
T,2026-04-14 10:36:52,53.46812101,-2.23529406,3.79,39.671,51.386,1.35,331.0,25,42,,
T,2026-04-14 10:36:53,53.46813136,-2.23530803,3.79,40.069,51.386,1.36,329.0,26,42,,
T,2026-04-14 10:36:54,53.46814186,-2.23532219,3.79,40.278,51.386,1.37,324.0,27,42,,
T,2026-04-14 10:36:55,53.4681524,-2.23533524,3.79,40.338,51.386,1.36,328.0,29,41,,
T,2026-04-14 10:36:56,53.46816343,-2.2353472,3.79,40.279,51.386,1.36,329.0,29,41,,
T,2026-04-14 10:36:57,53.46817427,-2.23535844,3.79,40.439,51.386,1.37,329.0,30,41,,
T,2026-04-14 10:36:58,53.46819258,-2.23534564,3.79,39.57,51.386,1.91,17.0,30,41,,
T,2026-04-14 10:36:59,53.46820716,-2.23534595,3.79,40.307,51.386,1.46,350.0,29,41,,
T,2026-04-14 10:37:00,53.46821987,-2.23534979,3.79,40.346,51.386,1.37,350.0,28,41,,
T,2026-04-14 10:37:01,53.46823183,-2.23535934,3.79,40.62,51.386,1.39,337.0,28,41,,
T,2026-04-14 10:37:02,53.46824196,-2.23537325,3.79,40.714,51.386,1.38,329.0,27,41,,
T,2026-04-14 10:37:03,53.46825268,-2.23538666,3.79,41.176,51.386,1.39,331.0,25,42,,
T,2026-04-14 10:37:04,53.46826379,-2.23540003,3.79,41.361,51.386,1.39,332.0,25,42,,
T,2026-04-14 10:37:05,53.46827528,-2.23541322,3.79,41.902,51.386,1.42,328.0,27,42,,
T,2026-04-14 10:37:06,53.46828504,-2.23542584,4.04,41.904,51.386,1.4,330.0,27,42,,
T,2026-04-14 10:37:07,53.46829487,-2.23544031,4.21,42.016,51.386,1.4,322.0,28,42,,
T,2026-04-14 10:37:08,53.4683048,-2.23545174,4.58,42.017,51.386,1.4,327.0,27,42,,
T,2026-04-14 10:37:09,53.46831548,-2.23546245,5.08,42.031,51.386,1.39,330.0,31,42,,
T,2026-04-14 10:37:10,53.46833019,-2.23546942,5.09,42.558,51.386,1.46,343.0,31,41,,
T,2026-04-14 10:37:11,53.46834477,-2.23547179,4.93,42.49,51.386,1.36,350.0,31,41,,
T,2026-04-14 10:37:12,53.4683579,-2.2354827,5.18,43.253,51.386,1.48,329.0,31,41,,
T,2026-04-14 10:37:13,53.46837677,-2.23546551,5.22,41.798,51.386,1.56,357.0,28,41,,
T,2026-04-14 10:37:14,53.46839171,-2.235458,5.72,41.692,51.386,1.35,353.0,26,41,,
T,2026-04-14 10:37:15,53.46840714,-2.23543893,5.38,40.307,51.386,1.32,12.0,25,41,,
T,2026-04-14 10:37:16,53.46842029,-2.23541613,4.97,40.669,51.386,1.28,26.0,24,42,,
T,2026-04-14 10:37:17,53.4684322,-2.23539798,4.49,40.483,51.386,1.21,19.0,24,42,,
T,2026-04-14 10:37:18,53.46844191,-2.23537327,4.37,40.678,51.386,1.37,48.0,23,42,,
T,2026-04-14 10:37:19,53.46844543,-2.23534598,4.15,40.479,51.386,1.42,78.0,22,42,,
T,2026-04-14 10:37:20,53.46844794,-2.23532377,4.03,40.186,51.386,1.18,82.0,22,41,,
T,2026-04-14 10:37:21,53.46845465,-2.2353007,4.29,39.472,51.386,1.24,70.0,22,41,,
T,2026-04-14 10:37:22,53.46845848,-2.23527957,4.34,39.232,51.386,1.22,82.0,20,40,,
T,2026-04-14 10:37:23,53.46846343,-2.23526047,4.48,39.117,51.386,1.24,71.0,19,40,,
T,2026-04-14 10:37:24,53.46847178,-2.23524536,4.53,39.021,51.386,1.31,51.0,19,40,,
T,2026-04-14 10:37:25,53.46850451,-2.23527174,4.34,39.232,51.386,5.13,335.0,18,40,,
T,2026-04-14 10:37:26,53.46850191,-2.23532434,4.31,44.981,51.386,3.45,268.0,18,40,,
T,2026-04-14 10:37:27,53.4684977,-2.23537019,4.32,48.653,51.386,2.88,273.0,19,40,,
T,2026-04-14 10:37:28,53.46849516,-2.23537092,4.21,46.66,51.386,0.24,273.0,19,40,,
T,2026-04-14 10:37:29,53.46849479,-2.23536492,4.49,47.113,51.386,0.24,273.0,22,40,,
T,2026-04-14 10:37:30,53.46849291,-2.23535438,4.31,47.112,51.386,0.0,,23,41,,
T,2026-04-14 10:37:31,53.4684971,-2.23533801,4.21,46.868,51.386,0.89,59.0,25,41,,
T,2026-04-14 10:37:32,53.46850216,-2.23532192,4.35,46.703,51.386,0.71,57.0,26,41,,
T,2026-04-14 10:37:33,53.4685576,-2.23532158,5.04,47.225,51.386,3.96,359.0,27,41,,
T,2026-04-14 10:37:34,53.46857908,-2.23529855,4.56,48.065,51.386,2.01,22.0,27,41,,
T,2026-04-14 10:37:35,53.46859416,-2.23527605,4.83,49.36,51.386,1.82,26.0,26,41,,
T,2026-04-14 10:37:36,53.4686122,-2.23527363,4.95,51.548,51.386,2.12,348.0,26,41,,
T,2026-04-14 10:37:37,53.4686066,-2.23526941,4.81,49.649,51.386,0.0,,23,40,,
T,2026-04-14 10:37:38,53.46860436,-2.23526824,4.82,49.62,51.386,0.0,,22,39,,
T,2026-04-14 10:37:39,53.46860381,-2.23526782,4.73,49.621,51.386,0.0,,21,39,,
T,2026-04-14 10:37:40,53.46860369,-2.23526763,4.72,49.626,51.386,0.0,,22,39,,
T,2026-04-14 10:37:41,53.46860366,-2.23526749,4.65,49.629,51.386,0.0,,20,38,,
T,2026-04-14 10:37:42,53.46860366,-2.23526738,4.53,49.631,51.386,0.0,,22,40,,
T,2026-04-14 10:37:43,53.46860367,-2.23526728,4.49,49.638,51.386,0.0,,22,41,,
T,2026-04-14 10:37:44,53.46860367,-2.23526724,4.41,49.64,51.386,0.0,,22,41,,
T,2026-04-14 10:37:45,53.46860366,-2.23526721,4.35,49.64,51.386,0.0,,21,41,,
T,2026-04-14 10:37:46,53.46860365,-2.23526715,4.26,49.638,51.386,0.0,,22,41,,
T,2026-04-14 10:37:47,53.46860364,-2.23526711,4.1,49.639,51.386,0.0,,23,41,,
T,2026-04-14 10:37:48,53.46860365,-2.23526706,4.21,49.637,51.386,0.0,,22,41,,
T,2026-04-14 10:37:49,53.46860365,-2.23526702,4.26,49.638,51.386,0.0,,23,41,,
T,2026-04-14 10:37:50,53.46860363,-2.23526699,4.28,49.637,51.386,0.0,,22,41,,
T,2026-04-14 10:37:51,53.46860363,-2.23526694,4.31,49.638,51.386,0.0,,23,41,,
T,2026-04-14 10:37:52,53.46860361,-2.23526687,4.41,49.633,51.386,0.0,,19,41,,
T,2026-04-14 10:37:53,53.46860359,-2.23526682,4.47,49.629,51.386,0.0,,18,41,,
T,2026-04-14 10:37:54,53.46860344,-2.23526657,4.42,49.649,51.386,0.0,,18,41,,
T,2026-04-14 10:37:55,53.4686034,-2.23526647,4.39,49.653,51.386,0.0,,17,41,,
T,2026-04-14 10:37:56,53.46860338,-2.23526637,4.37,49.654,51.386,0.0,,18,41,,
T,2026-04-14 10:37:57,53.46860327,-2.23526602,4.49,49.654,51.386,0.0,,17,41,,
T,2026-04-14 10:37:58,53.46860324,-2.23526591,4.6,49.654,51.386,0.0,,17,41,,
T,2026-04-14 10:37:59,53.46860325,-2.23526598,4.62,49.65,51.386,0.0,,17,41,,
T,2026-04-14 10:38:00,53.46860314,-2.23526553,4.61,49.654,51.386,0.0,,17,41,,
T,2026-04-14 10:38:01,53.46860328,-2.23526533,4.61,49.672,51.386,0.0,,17,41,,
T,2026-04-14 10:38:02,53.46860329,-2.23526469,4.63,49.666,51.386,0.0,,19,41,,
T,2026-04-14 10:38:03,53.46860329,-2.2352645,4.68,49.667,51.386,0.0,,20,41,,
T,2026-04-14 10:38:04,53.46860329,-2.23526443,4.72,49.667,51.386,0.0,,21,41,,
T,2026-04-14 10:38:05,53.46860328,-2.23526436,4.79,49.662,51.386,0.0,,21,41,,
T,2026-04-14 10:38:06,53.46860328,-2.23526431,4.81,49.66,51.386,0.0,,21,41,,
T,2026-04-14 10:38:07,53.46860328,-2.23526424,4.86,49.658,51.386,0.0,,22,41,,
T,2026-04-14 10:38:08,53.46860326,-2.23526419,4.91,49.658,51.386,0.0,,22,41,,
T,2026-04-14 10:38:09,53.46860327,-2.23526417,5.0,49.655,51.386,0.0,,22,41,,
T,2026-04-14 10:38:10,53.4686033,-2.23526414,5.03,49.649,51.386,0.0,,21,41,,
T,2026-04-14 10:38:11,53.46860331,-2.23526412,5.16,49.645,51.386,0.0,,19,41,,
T,2026-04-14 10:38:12,53.4686024,-2.23526492,5.34,49.798,51.386,0.0,,19,41,,
T,2026-04-14 10:38:13,53.46860106,-2.23526493,10.65,49.021,51.386,0.0,,18,41,,
T,2026-04-14 10:38:14,53.46860126,-2.2352653,10.7,49.18,51.386,0.0,,19,40,,
T,2026-04-14 10:38:15,53.4686013,-2.23526537,10.67,49.18,51.386,0.0,,23,40,,
T,2026-04-14 10:38:16,53.46860145,-2.23526545,10.62,49.19,51.386,0.0,,23,40,,
T,2026-04-14 10:38:17,53.46860148,-2.23526544,10.64,49.191,51.386,0.0,,24,40,,
T,2026-04-14 10:38:18,53.46860166,-2.2352655,10.57,49.192,51.386,0.0,,24,40,,
T,2026-04-14 10:38:19,53.46860169,-2.2352655,10.58,49.189,51.386,0.0,,24,40,,
T,2026-04-14 10:38:20,53.4686017,-2.23526546,10.51,49.184,51.386,0.0,,25,40,,
T,2026-04-14 10:38:21,53.46860175,-2.23526546,10.51,49.178,51.386,0.0,,22,40,,
T,2026-04-14 10:38:22,53.46860189,-2.23526554,10.51,49.197,51.386,0.0,,23,40,,
T,2026-04-14 10:38:23,53.46860196,-2.23526562,10.51,49.198,51.386,0.0,,23,40,,
T,2026-04-14 10:38:24,53.46860197,-2.23526566,10.57,49.194,51.386,0.0,,23,40,,
T,2026-04-14 10:38:25,53.46860196,-2.23526567,10.6,49.189,51.386,0.0,,23,40,,
T,2026-04-14 10:38:26,53.46860198,-2.23526567,10.62,49.187,51.386,0.0,,22,40,,
T,2026-04-14 10:38:27,53.46860199,-2.23526565,10.62,49.186,51.386,0.0,,23,40,,
T,2026-04-14 10:38:28,53.46860199,-2.23526566,10.6,49.184,51.386,0.0,,21,40,,
T,2026-04-14 10:38:29,53.46860199,-2.23526571,10.59,49.183,51.386,0.0,,21,40,,
T,2026-04-14 10:38:30,53.46860198,-2.23526574,10.58,49.183,51.386,0.0,,17,40,,
T,2026-04-14 10:38:31,53.46860198,-2.23526573,10.56,49.182,51.386,0.0,,17,40,,
T,2026-04-14 10:38:32,53.46860197,-2.23526574,10.61,49.179,51.386,0.0,,16,40,,
T,2026-04-14 10:38:33,53.46860196,-2.23526575,10.63,49.177,51.386,0.0,,19,40,,
T,2026-04-14 10:38:34,53.46860195,-2.23526577,10.53,49.174,51.386,0.0,,18,40,,
T,2026-04-14 10:38:35,53.46860195,-2.23526577,10.58,49.174,51.386,0.0,,16,40,,
T,2026-04-14 10:38:36,53.46860195,-2.23526577,10.59,49.173,51.386,0.0,,17,40,,
T,2026-04-14 10:38:37,53.46860196,-2.23526576,10.51,49.171,51.386,0.0,,17,40,,
T,2026-04-14 10:38:38,53.46860195,-2.23526576,10.53,49.17,51.386,0.0,,16,40,,
T,2026-04-14 10:38:39,53.46860195,-2.23526576,10.52,49.171,51.386,0.0,,15,40,,
T,2026-04-14 10:38:40,53.46860194,-2.23526576,10.51,49.168,51.386,0.0,,16,40,,
T,2026-04-14 10:38:41,53.46860195,-2.23526572,10.53,49.166,51.386,0.0,,18,40,,
T,2026-04-14 10:38:42,53.46860195,-2.23526571,10.52,49.165,51.386,0.0,,19,41,,
T,2026-04-14 10:38:43,53.46860196,-2.2352657,10.51,49.164,51.386,0.0,,19,41,,
T,2026-04-14 10:38:44,53.46860197,-2.2352657,10.55,49.165,51.386,0.0,,18,41,,
T,2026-04-14 10:38:45,53.46860297,-2.23526549,10.89,48.992,51.386,0.0,,18,41,,
T,2026-04-14 10:38:46,53.46860329,-2.23526494,10.58,48.993,51.386,0.0,,17,41,,
T,2026-04-14 10:38:47,53.46860332,-2.23526481,10.71,48.992,51.386,0.0,,16,41,,
T,2026-04-14 10:38:48,53.46860434,-2.23526777,10.98,48.985,51.386,0.29,349.0,16,41,,
T,2026-04-14 10:38:49,53.46860778,-2.23526763,10.97,48.682,51.386,0.47,349.0,16,41,,
T,2026-04-14 10:38:50,53.46861288,-2.23525917,10.69,48.467,51.386,0.56,349.0,19,41,,
T,2026-04-14 10:38:51,53.4686194,-2.23524654,10.61,48.02,51.386,0.82,35.0,22,41,,
T,2026-04-14 10:38:52,53.4686228,-2.23523,10.64,48.536,51.386,0.88,63.0,22,41,,
T,2026-04-14 10:38:53,53.46862336,-2.23521699,11.05,48.577,51.385,0.51,63.0,24,41,,
T,2026-04-14 10:38:54,53.468628,-2.23521391,11.13,48.925,51.385,0.72,63.0,24,41,,
T,2026-04-14 10:38:55,53.46862612,-2.23521411,11.03,48.857,51.385,0.0,,24,41,,
T,2026-04-14 10:38:56,53.46862555,-2.23521401,11.11,48.895,51.385,0.0,,24,41,,
T,2026-04-14 10:38:57,53.46862563,-2.2352141,11.15,48.927,51.385,0.0,,24,41,,
T,2026-04-14 10:38:58,53.46862585,-2.2352142,11.18,48.957,51.385,0.0,,25,42,,
T,2026-04-14 10:38:59,53.46862622,-2.23521434,11.09,48.998,51.385,0.0,,23,42,,
T,2026-04-14 10:39:00,53.46862523,-2.23521649,11.21,48.673,51.385,0.23,63.0,21,41,,
T,2026-04-14 10:39:01,53.46862167,-2.23522152,11.44,48.401,51.385,0.43,63.0,23,41,,
T,2026-04-14 10:39:02,53.46861758,-2.23522393,11.3,48.081,51.386,0.0,,24,41,,
T,2026-04-14 10:39:03,53.46861643,-2.2352251,11.32,48.083,51.386,0.0,,25,41,,
T,2026-04-14 10:39:04,53.4686161,-2.23522541,11.36,48.078,51.386,0.0,,25,42,,
T,2026-04-14 10:39:05,53.46861596,-2.23522551,11.38,48.071,51.386,0.0,,24,42,,
T,2026-04-14 10:39:06,53.46861586,-2.23522551,11.39,48.066,51.386,0.0,,23,42,,
T,2026-04-14 10:39:07,53.46861578,-2.2352255,11.23,48.061,51.386,0.0,,22,42,,
T,2026-04-14 10:39:08,53.46861573,-2.23522551,11.1,48.06,51.386,0.0,,21,42,,
T,2026-04-14 10:39:09,53.46861588,-2.23522575,10.97,48.072,51.386,0.0,,23,42,,
T,2026-04-14 10:39:10,53.46861589,-2.2352258,10.86,48.069,51.386,0.0,,23,42,,
T,2026-04-14 10:39:11,53.46861599,-2.23522598,10.8,48.083,51.386,0.0,,25,42,,
T,2026-04-14 10:39:12,53.46861622,-2.23522626,10.83,48.099,51.386,0.0,,25,41,,
T,2026-04-14 10:39:13,53.46861633,-2.23522642,10.85,48.104,51.386,0.0,,25,41,,
T,2026-04-14 10:39:14,53.46861626,-2.23522636,10.83,48.103,51.386,0.0,,25,41,,
T,2026-04-14 10:39:15,53.46861586,-2.23522704,10.96,47.806,51.386,0.21,63.0,23,42,,
T,2026-04-14 10:39:16,53.4686122,-2.23521682,10.78,47.74,51.385,0.35,63.0,22,42,,
T,2026-04-14 10:39:17,53.46861345,-2.2352045,10.94,47.621,51.385,0.57,63.0,22,42,,
T,2026-04-14 10:39:18,53.46861346,-2.23519244,10.68,47.672,51.385,0.36,63.0,23,42,,
T,2026-04-14 10:39:19,53.46860941,-2.2351847,10.77,46.845,51.385,0.24,63.0,24,42,,
T,2026-04-14 10:39:20,53.46860188,-2.2351805,11.14,46.331,51.385,0.34,63.0,21,42,,
T,2026-04-14 10:39:21,53.46859561,-2.23517827,10.59,46.329,51.385,0.0,,19,41,,
T,2026-04-14 10:39:22,53.46859448,-2.23517806,10.53,46.354,51.385,0.0,,22,41,,
T,2026-04-14 10:39:23,53.46859447,-2.23517826,10.53,46.378,51.385,0.0,,23,42,,
T,2026-04-14 10:39:24,53.46859454,-2.2351784,10.59,46.386,51.385,0.0,,23,42,,
T,2026-04-14 10:39:25,53.46859451,-2.23517841,10.51,46.383,51.385,0.0,,22,42,,
T,2026-04-14 10:39:26,53.46859457,-2.23517851,10.5,46.389,51.385,0.0,,22,42,,
T,2026-04-14 10:39:27,53.46859454,-2.23517852,10.43,46.386,51.385,0.0,,25,41,,
T,2026-04-14 10:39:28,53.46859448,-2.23517852,10.26,46.381,51.385,0.0,,26,41,,
T,2026-04-14 10:39:29,53.46859442,-2.23517851,10.17,46.377,51.385,0.0,,27,41,,
T,2026-04-14 10:39:30,53.4685945,-2.2351786,10.18,46.385,51.385,0.0,,25,42,,
T,2026-04-14 10:39:31,53.46859459,-2.23517873,10.18,46.389,51.385,0.0,,25,42,,
T,2026-04-14 10:39:32,53.46859472,-2.23517886,10.19,46.395,51.385,0.0,,25,42,,
T,2026-04-14 10:39:33,53.46859484,-2.235179,10.22,46.403,51.385,0.0,,25,42,,
T,2026-04-14 10:39:34,53.46859484,-2.23517903,10.16,46.397,51.385,0.0,,23,41,,
T,2026-04-14 10:39:35,53.46859479,-2.23517903,10.12,46.39,51.385,0.0,,24,41,,
T,2026-04-14 10:39:36,53.46859504,-2.2351793,10.41,46.416,51.385,0.0,,23,41,,
T,2026-04-14 10:39:37,53.46859517,-2.23517945,10.4,46.42,51.385,0.0,,27,42,,
T,2026-04-14 10:39:38,53.46859534,-2.23517963,10.5,46.434,51.385,0.0,,27,42,,
T,2026-04-14 10:39:39,53.46859556,-2.23517991,10.55,46.449,51.385,0.0,,26,42,,
T,2026-04-14 10:39:40,53.4685958,-2.23518019,10.7,46.448,51.385,0.0,,30,42,,
T,2026-04-14 10:39:41,53.46859607,-2.23518048,10.75,46.469,51.385,0.0,,29,42,,
T,2026-04-14 10:39:42,53.46859629,-2.23518076,10.76,46.486,51.385,0.0,,29,42,,
T,2026-04-14 10:39:43,53.46859641,-2.23518096,10.81,46.503,51.385,0.0,,30,42,,
T,2026-04-14 10:39:44,53.46859634,-2.235181,10.78,46.5,51.385,0.0,,27,42,,
T,2026-04-14 10:39:45,53.46859633,-2.23518109,10.77,46.509,51.385,0.0,,25,42,,
T,2026-04-14 10:39:46,53.46859626,-2.2351811,10.78,46.513,51.385,0.0,,27,42,,
T,2026-04-14 10:39:47,53.46859379,-2.23517805,10.81,46.397,51.385,0.37,63.0,27,42,,
T,2026-04-14 10:39:48,53.46858902,-2.2351787,10.97,46.664,51.385,0.46,63.0,31,42,,
T,2026-04-14 10:39:49,53.46858565,-2.23517974,11.01,46.94,51.385,0.0,,31,42,,
T,2026-04-14 10:39:50,53.46858548,-2.23518133,10.96,46.617,51.385,0.0,,29,42,,
T,2026-04-14 10:39:51,53.46858566,-2.23518222,10.99,46.646,51.385,0.0,,27,42,,
T,2026-04-14 10:39:52,53.4685859,-2.23518261,10.95,46.664,51.385,0.0,,26,42,,
T,2026-04-14 10:39:53,53.46858619,-2.23518289,10.89,46.672,51.385,0.0,,25,42,,
T,2026-04-14 10:39:54,53.46858645,-2.23518313,10.83,46.676,51.385,0.0,,25,42,,
T,2026-04-14 10:39:55,53.46858673,-2.23518344,10.77,46.686,51.385,0.0,,25,42,,
T,2026-04-14 10:39:56,53.46858687,-2.23518357,10.77,46.678,51.385,0.0,,23,42,,
T,2026-04-14 10:39:57,53.46858694,-2.23518363,10.72,46.672,51.385,0.0,,23,42,,
T,2026-04-14 10:39:58,53.46858727,-2.2351839,10.72,46.704,51.385,0.0,,22,42,,
T,2026-04-14 10:39:59,53.46858764,-2.23518424,10.68,46.72,51.385,0.0,,22,42,,
T,2026-04-14 10:40:00,53.46858794,-2.23518455,10.65,46.737,51.385,0.0,,23,42,,
T,2026-04-14 10:40:01,53.46858829,-2.23518489,10.62,46.759,51.385,0.0,,24,42,,
T,2026-04-14 10:40:02,53.46858857,-2.23518519,10.58,46.778,51.385,0.0,,24,42,,
T,2026-04-14 10:40:03,53.46858885,-2.23518548,10.54,46.79,51.385,0.0,,24,42,,
T,2026-04-14 10:40:04,53.46858914,-2.23518578,10.48,46.808,51.385,0.0,,24,42,,
T,2026-04-14 10:40:05,53.46858944,-2.23518605,10.46,46.826,51.385,0.0,,23,42,,
T,2026-04-14 10:40:06,53.46858967,-2.23518626,10.46,46.839,51.385,0.0,,23,42,,
T,2026-04-14 10:40:07,53.46858968,-2.23518634,10.5,46.833,51.385,0.0,,22,42,,
T,2026-04-14 10:40:08,53.46858926,-2.23518748,10.49,46.656,51.385,0.28,63.0,24,42,,
T,2026-04-14 10:40:09,53.46858974,-2.23518746,10.52,46.677,51.385,0.0,,27,42,,
T,2026-04-14 10:40:10,53.46858987,-2.23518796,10.57,46.715,51.385,0.0,,28,42,,
T,2026-04-14 10:40:11,53.46859012,-2.23518827,10.61,46.737,51.385,0.0,,30,42,,
T,2026-04-14 10:40:12,53.46859027,-2.23518848,10.64,46.751,51.385,0.0,,30,41,,
T,2026-04-14 10:40:13,53.46859045,-2.2351888,10.64,46.777,51.385,0.0,,29,41,,
T,2026-04-14 10:40:14,53.46859056,-2.23518917,10.63,46.797,51.385,0.0,,28,41,,
T,2026-04-14 10:40:15,53.46859068,-2.23518947,10.63,46.822,51.385,0.0,,28,41,,
T,2026-04-14 10:40:16,53.46859081,-2.23518971,10.61,46.843,51.385,0.0,,28,41,,
T,2026-04-14 10:40:17,53.46859098,-2.23519015,10.59,46.879,51.385,0.0,,27,40,,
T,2026-04-14 10:40:18,53.46859113,-2.23519062,10.58,46.908,51.385,0.0,,26,39,,
T,2026-04-14 10:40:19,53.46859117,-2.23519071,10.58,46.91,51.385,0.0,,27,39,,
T,2026-04-14 10:40:20,53.46859119,-2.23519074,10.55,46.912,51.385,0.0,,26,40,,
T,2026-04-14 10:40:21,53.46859119,-2.23519074,10.52,46.914,51.385,0.0,,26,40,,
T,2026-04-14 10:40:22,53.46859121,-2.23519072,10.51,46.916,51.385,0.0,,25,41,,
T,2026-04-14 10:40:23,53.46859121,-2.23519072,10.46,46.916,51.385,0.0,,23,41,,
T,2026-04-14 10:40:24,53.46859274,-2.23519019,10.55,47.129,51.385,0.0,,24,41,,
T,2026-04-14 10:40:25,53.46859379,-2.23519041,10.52,47.154,51.385,0.0,,23,41,,
T,2026-04-14 10:40:26,53.46859419,-2.23519064,10.57,47.173,51.385,0.0,,25,41,,
T,2026-04-14 10:40:27,53.46859442,-2.23519076,10.58,47.186,51.385,0.0,,26,41,,
T,2026-04-14 10:40:28,53.46859458,-2.23519084,10.53,47.197,51.385,0.0,,27,41,,
T,2026-04-14 10:40:29,53.46859462,-2.23519085,10.47,47.2,51.385,0.0,,25,41,,
T,2026-04-14 10:40:30,53.46859469,-2.23519088,10.44,47.211,51.385,0.0,,24,41,,
T,2026-04-14 10:40:31,53.4685947,-2.23519088,10.43,47.208,51.385,0.0,,26,41,,
T,2026-04-14 10:40:32,53.46859469,-2.23519087,10.41,47.203,51.385,0.0,,26,41,,
T,2026-04-14 10:40:33,53.46859478,-2.23519101,10.38,47.218,51.385,0.0,,26,41,,
T,2026-04-14 10:40:34,53.46859477,-2.23519105,10.4,47.215,51.385,0.0,,23,40,,
T,2026-04-14 10:40:35,53.46859475,-2.23519107,10.42,47.217,51.385,0.0,,24,40,,
T,2026-04-14 10:40:36,53.46859472,-2.23519109,10.44,47.217,51.385,0.0,,24,41,,
T,2026-04-14 10:40:37,53.46859468,-2.23519111,10.48,47.216,51.385,0.0,,22,41,,
T,2026-04-14 10:40:38,53.46859463,-2.23519112,10.49,47.214,51.385,0.0,,21,41,,
T,2026-04-14 10:40:39,53.46859459,-2.23519113,10.45,47.213,51.385,0.0,,20,41,,
T,2026-04-14 10:40:40,53.46859457,-2.23519113,10.49,47.212,51.385,0.0,,17,41,,
T,2026-04-14 10:40:41,53.46859452,-2.23519113,10.46,47.207,51.385,0.0,,17,41,,
T,2026-04-14 10:40:42,53.46859447,-2.23519113,10.5,47.204,51.385,0.0,,19,41,,
T,2026-04-14 10:40:43,53.46859443,-2.23519113,10.46,47.201,51.385,0.0,,19,41,,
T,2026-04-14 10:40:44,53.46859438,-2.23519112,10.48,47.198,51.385,0.0,,19,41,,
T,2026-04-14 10:40:45,53.46859444,-2.23519118,10.35,47.214,51.385,0.0,,20,40,,
T,2026-04-14 10:40:46,53.46859439,-2.23519116,10.21,47.216,51.385,0.0,,22,40,,
T,2026-04-14 10:40:47,53.46859439,-2.23519121,10.21,47.224,51.385,0.0,,22,40,,
T,2026-04-14 10:40:48,53.46859436,-2.23519128,10.22,47.232,51.385,0.0,,23,39,,
T,2026-04-14 10:40:49,53.46859451,-2.23519155,10.21,47.262,51.385,0.0,,23,39,,
T,2026-04-14 10:40:50,53.46859458,-2.2351917,10.25,47.27,51.385,0.0,,27,39,,
T,2026-04-14 10:40:51,53.46859465,-2.23519179,10.28,47.278,51.385,0.0,,27,39,,
T,2026-04-14 10:40:52,53.46859483,-2.23519204,10.27,47.299,51.385,0.0,,27,40,,
T,2026-04-14 10:40:53,53.46859505,-2.23519234,10.23,47.329,51.385,0.0,,27,40,,
T,2026-04-14 10:40:54,53.46859527,-2.2351927,10.24,47.365,51.385,0.0,,25,41,,
T,2026-04-14 10:40:55,53.46859546,-2.23519299,10.24,47.397,51.385,0.0,,26,41,,
T,2026-04-14 10:40:56,53.46859551,-2.23519312,10.2,47.414,51.385,0.0,,23,41,,
T,2026-04-14 10:40:57,53.46859549,-2.23519313,10.21,47.412,51.385,0.0,,24,41,,
T,2026-04-14 10:40:58,53.46859554,-2.23519317,10.17,47.418,51.385,0.0,,25,40,,
T,2026-04-14 10:40:59,53.46859562,-2.23519322,10.12,47.425,51.385,0.0,,26,40,,
T,2026-04-14 10:41:00,53.46859582,-2.23519346,10.08,47.444,51.385,0.0,,23,40,,
T,2026-04-14 10:41:01,53.46859604,-2.23519375,10.05,47.463,51.385,0.0,,23,40,,
T,2026-04-14 10:41:02,53.46859612,-2.23519386,9.94,47.465,51.385,0.0,,22,40,,
T,2026-04-14 10:41:03,53.4685963,-2.2351941,9.94,47.487,51.385,0.0,,18,40,,
T,2026-04-14 10:41:04,53.46859631,-2.23519419,10.02,47.488,51.385,0.0,,19,40,,
T,2026-04-14 10:41:05,53.46859628,-2.23519423,10.07,47.489,51.385,0.0,,19,40,,
T,2026-04-14 10:41:06,53.46859624,-2.23519426,10.07,47.49,51.385,0.0,,19,40,,
T,2026-04-14 10:41:07,53.46859632,-2.23519442,9.96,47.507,51.385,0.0,,20,40,,
T,2026-04-14 10:41:08,53.4685963,-2.23519447,9.94,47.505,51.385,0.0,,21,41,,
T,2026-04-14 10:41:09,53.46859626,-2.23519449,9.94,47.506,51.385,0.0,,21,41,,
T,2026-04-14 10:41:10,53.4685962,-2.2351945,9.94,47.507,51.385,0.0,,21,41,,
T,2026-04-14 10:41:11,53.46859614,-2.23519451,9.94,47.508,51.385,0.0,,22,41,,
T,2026-04-14 10:41:12,53.46859608,-2.23519452,9.94,47.508,51.385,0.0,,21,41,,
T,2026-04-14 10:41:13,53.46859601,-2.23519452,9.94,47.509,51.385,0.0,,20,41,,
T,2026-04-14 10:41:14,53.46859595,-2.23519453,9.94,47.508,51.385,0.0,,20,41,,
T,2026-04-14 10:41:15,53.46859586,-2.23519453,9.94,47.507,51.385,0.0,,21,41,,
T,2026-04-14 10:41:16,53.46859578,-2.23519453,9.94,47.506,51.385,0.0,,21,40,,
T,2026-04-14 10:41:17,53.46859571,-2.23519453,9.94,47.506,51.385,0.0,,20,40,,
T,2026-04-14 10:41:18,53.46859564,-2.23519453,10.1,47.505,51.385,0.0,,20,40,,
T,2026-04-14 10:41:19,53.46859559,-2.23519454,10.21,47.505,51.385,0.0,,19,40,,
T,2026-04-14 10:41:20,53.46859551,-2.23519453,10.24,47.507,51.385,0.0,,18,40,,
T,2026-04-14 10:41:21,53.46859545,-2.23519453,10.44,47.508,51.385,0.0,,17,40,,
T,2026-04-14 10:41:22,53.4685954,-2.23519452,10.29,47.508,51.385,0.0,,16,41,,
T,2026-04-14 10:41:23,53.46859535,-2.23519448,10.29,47.505,51.385,0.0,,17,41,,
T,2026-04-14 10:41:24,53.46859527,-2.23519445,10.33,47.502,51.385,0.0,,20,40,,
T,2026-04-14 10:41:25,53.46859526,-2.23519437,10.21,47.501,51.385,0.0,,21,40,,
T,2026-04-14 10:41:26,53.46859542,-2.23519446,10.26,47.515,51.385,0.0,,24,40,,
T,2026-04-14 10:41:27,53.46859553,-2.2351944,10.33,47.514,51.385,0.0,,24,40,,
T,2026-04-14 10:41:28,53.4685956,-2.23519433,10.41,47.505,51.385,0.0,,24,40,,
T,2026-04-14 10:41:29,53.46859566,-2.23519426,10.46,47.497,51.385,0.0,,24,40,,
T,2026-04-14 10:41:30,53.46859574,-2.23519414,10.52,47.495,51.385,0.0,,22,40,,
T,2026-04-14 10:41:31,53.46859583,-2.23519406,10.57,47.501,51.385,0.0,,22,40,,
T,2026-04-14 10:41:32,53.46859604,-2.23519422,10.57,47.52,51.385,0.0,,21,40,,
T,2026-04-14 10:41:33,53.46859368,-2.23519572,10.84,47.131,51.385,0.0,,21,40,,
T,2026-04-14 10:41:34,53.46859093,-2.23519701,10.77,46.987,51.385,0.0,,21,40,,
T,2026-04-14 10:41:35,53.46859003,-2.23519793,10.78,46.994,51.385,0.0,,26,40,,
T,2026-04-14 10:41:36,53.46858985,-2.23519821,10.75,47.002,51.385,0.0,,26,40,,
T,2026-04-14 10:41:37,53.46858985,-2.23519834,10.71,47.013,51.385,0.0,,26,40,,
T,2026-04-14 10:41:38,53.4685899,-2.23519846,10.66,47.019,51.385,0.0,,29,40,,
T,2026-04-14 10:41:39,53.46858998,-2.23519856,10.64,47.028,51.385,0.0,,27,40,,
T,2026-04-14 10:41:40,53.46859006,-2.23519876,10.64,47.041,51.385,0.0,,26,40,,
T,2026-04-14 10:41:41,53.46859013,-2.23519887,10.65,47.061,51.385,0.0,,22,40,,
T,2026-04-14 10:41:42,53.46859025,-2.23519908,10.65,47.084,51.385,0.0,,23,39,,
T,2026-04-14 10:41:43,53.46859032,-2.23519928,10.66,47.105,51.385,0.0,,24,39,,
T,2026-04-14 10:41:44,53.46859054,-2.23519951,10.64,47.132,51.385,0.0,,25,39,,
T,2026-04-14 10:41:45,53.46859072,-2.23519971,10.6,47.148,51.385,0.0,,27,40,,
T,2026-04-14 10:41:46,53.46858678,-2.23520254,10.55,47.031,51.385,0.0,,27,41,,
T,2026-04-14 10:41:47,53.46858587,-2.23520387,10.62,47.117,51.385,0.0,,28,41,,
T,2026-04-14 10:41:48,53.46858561,-2.23520442,10.61,47.133,51.385,0.0,,27,41,,
T,2026-04-14 10:41:49,53.46858565,-2.23520505,10.6,47.17,51.385,0.0,,29,41,,
T,2026-04-14 10:41:50,53.46858566,-2.2352053,10.57,47.18,51.385,0.0,,31,41,,
T,2026-04-14 10:41:51,53.46858563,-2.23520537,10.52,47.179,51.385,0.0,,30,41,,
T,2026-04-14 10:41:52,53.46858564,-2.23520545,10.46,47.182,51.385,0.0,,28,41,,
T,2026-04-14 10:41:53,53.46858566,-2.23520554,10.43,47.186,51.385,0.0,,26,41,,
T,2026-04-14 10:41:54,53.46858568,-2.23520564,10.41,47.192,51.385,0.0,,25,41,,
T,2026-04-14 10:41:55,53.46858568,-2.23520575,10.41,47.197,51.385,0.0,,25,40,,
T,2026-04-14 10:41:56,53.46858584,-2.23520603,10.41,47.218,51.385,0.0,,23,40,,
T,2026-04-14 10:41:57,53.46858604,-2.23520634,10.38,47.236,51.385,0.0,,21,40,,
T,2026-04-14 10:41:58,53.46858624,-2.23520668,10.36,47.255,51.385,0.0,,21,40,,
T,2026-04-14 10:41:59,53.4685864,-2.23520695,10.21,47.268,51.385,0.0,,21,40,,
T,2026-04-14 10:42:00,53.46858653,-2.23520721,10.2,47.282,51.385,0.0,,20,40,,
T,2026-04-14 10:42:01,53.4685867,-2.23520753,10.13,47.299,51.385,0.0,,20,40,,
T,2026-04-14 10:42:02,53.46858688,-2.23520785,10.1,47.315,51.385,0.0,,20,40,,
T,2026-04-14 10:42:03,53.4685871,-2.23520816,10.06,47.333,51.385,0.0,,19,40,,
T,2026-04-14 10:42:04,53.46858725,-2.23520841,10.02,47.346,51.385,0.0,,18,41,,
T,2026-04-14 10:42:05,53.46858746,-2.23520869,9.99,47.363,51.385,0.0,,19,41,,
T,2026-04-14 10:42:06,53.46858761,-2.23520906,10.01,47.382,51.385,0.0,,19,41,,
T,2026-04-14 10:42:07,53.46858776,-2.2352096,10.05,47.405,51.385,0.0,,18,41,,
T,2026-04-14 10:42:08,53.46858789,-2.23520985,10.11,47.404,51.385,0.0,,22,41,,
T,2026-04-14 10:42:09,53.46858802,-2.23521005,10.1,47.415,51.385,0.0,,27,41,,
T,2026-04-14 10:42:10,53.46858817,-2.23521011,10.12,47.419,51.385,0.0,,28,41,,
T,2026-04-14 10:42:11,53.46858831,-2.23521009,10.17,47.418,51.385,0.0,,30,41,,
T,2026-04-14 10:42:12,53.4685885,-2.23521019,10.16,47.418,51.385,0.0,,31,41,,
T,2026-04-14 10:42:13,53.46858869,-2.23521057,10.18,47.437,51.385,0.0,,31,41,,
T,2026-04-14 10:42:14,53.46858887,-2.2352108,10.18,47.444,51.385,0.0,,30,41,,
T,2026-04-14 10:42:15,53.46858905,-2.2352112,10.18,47.455,51.385,0.0,,30,40,,
T,2026-04-14 10:42:16,53.46858918,-2.2352115,10.16,47.471,51.385,0.0,,28,39,,
T,2026-04-14 10:42:17,53.46858935,-2.23521169,10.17,47.471,51.385,0.0,,26,39,,
T,2026-04-14 10:42:18,53.46858945,-2.23521173,10.13,47.463,51.385,0.0,,28,40,,
T,2026-04-14 10:42:19,53.46858962,-2.23521192,10.09,47.477,51.385,0.0,,29,40,,
T,2026-04-14 10:42:20,53.4685898,-2.23521225,10.08,47.497,51.385,0.0,,29,40,,
T,2026-04-14 10:42:21,53.46858997,-2.23521259,10.12,47.514,51.385,0.0,,28,40,,
T,2026-04-14 10:42:22,53.4685901,-2.23521305,10.13,47.547,51.385,0.0,,29,40,,
T,2026-04-14 10:42:23,53.46859025,-2.23521338,10.08,47.561,51.385,0.0,,30,40,,
T,2026-04-14 10:42:24,53.46859043,-2.2352137,10.09,47.575,51.385,0.0,,30,40,,
T,2026-04-14 10:42:25,53.4685906,-2.23521395,10.08,47.583,51.385,0.0,,30,40,,
T,2026-04-14 10:42:26,53.4685907,-2.23521435,10.08,47.608,51.385,0.0,,29,40,,
T,2026-04-14 10:42:27,53.4685907,-2.23521252,10.04,47.318,51.385,0.35,63.0,31,40,,
T,2026-04-14 10:42:28,53.46858406,-2.23521853,10.02,47.135,51.385,0.0,,30,40,,
T,2026-04-14 10:42:29,53.46858262,-2.23522035,10.0,47.165,51.385,0.0,,29,40,,
T,2026-04-14 10:42:30,53.46858221,-2.23522081,9.99,47.172,51.385,0.0,,26,40,,
T,2026-04-14 10:42:31,53.46858215,-2.23522101,9.97,47.18,51.385,0.0,,26,40,,
T,2026-04-14 10:42:32,53.46858218,-2.23522115,9.94,47.189,51.385,0.0,,26,40,,
T,2026-04-14 10:42:33,53.46858234,-2.23522137,9.94,47.216,51.385,0.0,,22,40,,
T,2026-04-14 10:42:34,53.46858234,-2.23522138,9.94,47.226,51.385,0.0,,23,40,,
T,2026-04-14 10:42:35,53.46858236,-2.23522147,9.94,47.236,51.385,0.0,,23,40,,
T,2026-04-14 10:42:36,53.46858248,-2.23522172,9.94,47.26,51.385,0.0,,24,40,,
T,2026-04-14 10:42:37,53.46858253,-2.23522186,9.94,47.267,51.385,0.0,,24,40,,
T,2026-04-14 10:42:38,53.46858267,-2.23522211,9.94,47.289,51.385,0.0,,24,40,,
T,2026-04-14 10:42:39,53.46858273,-2.23522226,9.94,47.298,51.385,0.0,,23,40,,
T,2026-04-14 10:42:40,53.4685829,-2.23522257,9.94,47.323,51.385,0.0,,20,40,,
T,2026-04-14 10:42:41,53.46858299,-2.23522274,9.94,47.332,51.385,0.0,,19,40,,
T,2026-04-14 10:42:42,53.46858318,-2.23522305,9.94,47.355,51.385,0.0,,19,40,,
T,2026-04-14 10:42:43,53.46858337,-2.23522338,9.94,47.381,51.385,0.0,,18,40,,
T,2026-04-14 10:42:44,53.46858356,-2.23522371,9.94,47.403,51.385,0.0,,17,40,,
T,2026-04-14 10:42:45,53.46858373,-2.23522405,9.94,47.43,51.385,0.0,,16,40,,
T,2026-04-14 10:42:46,53.46858389,-2.23522427,9.94,47.45,51.385,0.0,,18,40,,
T,2026-04-14 10:42:47,53.46858388,-2.23522432,10.0,47.449,51.385,0.0,,22,40,,
T,2026-04-14 10:42:48,53.468584,-2.23522428,10.04,47.463,51.385,0.0,,22,41,,
T,2026-04-14 10:42:49,53.46858397,-2.23522425,10.07,47.463,51.385,0.0,,22,41,,
T,2026-04-14 10:42:50,53.4685839,-2.23522424,10.06,47.463,51.385,0.0,,21,41,,
T,2026-04-14 10:42:51,53.46858383,-2.23522425,10.1,47.465,51.385,0.0,,22,41,,
T,2026-04-14 10:42:52,53.46858377,-2.23522427,10.12,47.465,51.385,0.0,,20,41,,
T,2026-04-14 10:42:53,53.4685837,-2.23522427,10.07,47.465,51.385,0.0,,19,41,,
T,2026-04-14 10:42:54,53.46858365,-2.23522428,10.07,47.465,51.385,0.0,,19,40,,
T,2026-04-14 10:42:55,53.4685836,-2.23522428,10.07,47.466,51.385,0.0,,19,40,,
T,2026-04-14 10:42:56,53.46858354,-2.23522428,9.96,47.468,51.385,0.0,,18,40,,
T,2026-04-14 10:42:57,53.46858351,-2.23522428,9.94,47.469,51.385,0.0,,18,39,,
T,2026-04-14 10:42:58,53.46858361,-2.23522441,9.94,47.495,51.385,0.0,,18,39,,
T,2026-04-14 10:42:59,53.46858377,-2.23522462,9.94,47.52,51.385,0.0,,20,39,,
T,2026-04-14 10:43:00,53.46858392,-2.23522483,9.94,47.536,51.385,0.0,,21,39,,
T,2026-04-14 10:43:01,53.46858411,-2.23522505,9.94,47.551,51.385,0.0,,22,39,,
T,2026-04-14 10:43:02,53.46858433,-2.2352253,9.94,47.573,51.385,0.0,,23,39,,
T,2026-04-14 10:43:03,53.46858455,-2.23522553,9.94,47.591,51.385,0.0,,26,38,,
T,2026-04-14 10:43:04,53.46858478,-2.23522576,9.94,47.61,51.385,0.0,,27,39,,
T,2026-04-14 10:43:05,53.46858501,-2.23522599,9.94,47.627,51.385,0.0,,27,38,,
T,2026-04-14 10:43:06,53.46858522,-2.23522619,9.94,47.634,51.385,0.0,,27,38,,
T,2026-04-14 10:43:07,53.46858542,-2.23522641,9.94,47.651,51.385,0.0,,27,38,,
T,2026-04-14 10:43:08,53.46858561,-2.23522661,9.94,47.667,51.386,0.0,,27,38,,
T,2026-04-14 10:43:09,53.46858583,-2.23522682,9.94,47.68,51.386,0.0,,28,38,,
T,2026-04-14 10:43:10,53.468586,-2.23522702,9.96,47.701,51.386,0.0,,28,39,,
T,2026-04-14 10:43:11,53.46858604,-2.23522693,9.97,47.707,51.386,0.0,,27,39,,
T,2026-04-14 10:43:12,53.46858613,-2.23522696,10.01,47.723,51.386,0.0,,27,40,,
T,2026-04-14 10:43:13,53.46858625,-2.23522712,10.02,47.741,51.386,0.0,,28,40,,
T,2026-04-14 10:43:14,53.46858638,-2.23522722,10.03,47.76,51.386,0.0,,27,40,,
T,2026-04-14 10:43:15,53.46858653,-2.23522742,10.05,47.772,51.386,0.0,,26,40,,
T,2026-04-14 10:43:16,53.46858668,-2.23522764,10.05,47.784,51.386,0.0,,24,40,,
T,2026-04-14 10:43:17,53.46858683,-2.23522787,10.06,47.796,51.386,0.0,,24,40,,
T,2026-04-14 10:43:18,53.468587,-2.23522808,10.09,47.811,51.386,0.0,,23,40,,
T,2026-04-14 10:43:19,53.46858718,-2.2352283,10.13,47.827,51.386,0.0,,23,40,,
T,2026-04-14 10:43:20,53.4685872,-2.2352284,10.11,47.829,51.386,0.0,,23,39,,
T,2026-04-14 10:43:21,53.46858719,-2.23522847,10.14,47.829,51.386,0.0,,20,39,,
T,2026-04-14 10:43:22,53.46858726,-2.23522845,10.03,47.839,51.386,0.0,,20,39,,
T,2026-04-14 10:43:23,53.4685874,-2.23522854,9.96,47.854,51.386,0.0,,23,40,,
T,2026-04-14 10:43:24,53.46858742,-2.23522858,9.94,47.858,51.386,0.0,,26,40,,
T,2026-04-14 10:43:25,53.46858743,-2.23522862,9.94,47.862,51.386,0.0,,27,40,,
T,2026-04-14 10:43:26,53.46858742,-2.23522866,9.94,47.864,51.386,0.0,,26,40,,
T,2026-04-14 10:43:27,53.46858737,-2.23522871,9.94,47.867,51.386,0.0,,27,40,,
T,2026-04-14 10:43:28,53.46858469,-2.2352268,9.94,47.725,51.386,0.21,63.0,28,41,,
T,2026-04-14 10:43:29,53.46858255,-2.23522778,9.94,47.743,51.386,0.0,,27,41,,
T,2026-04-14 10:43:30,53.46858224,-2.23522841,9.94,47.766,51.386,0.0,,25,41,,
T,2026-04-14 10:43:31,53.46858231,-2.23522873,9.94,47.786,51.386,0.0,,29,41,,
T,2026-04-14 10:43:32,53.46858249,-2.23522898,9.94,47.803,51.386,0.0,,29,41,,
T,2026-04-14 10:43:33,53.46858265,-2.23522911,9.94,47.814,51.386,0.0,,28,41,,
T,2026-04-14 10:43:34,53.46857988,-2.2352312,9.94,47.495,51.386,0.0,,25,41,,
T,2026-04-14 10:43:35,53.46857696,-2.23522775,9.94,47.814,51.386,0.19,63.0,25,41,,
T,2026-04-14 10:43:36,53.46857576,-2.23522498,9.94,47.708,51.385,0.23,63.0,24,41,,
T,2026-04-14 10:43:37,53.46857304,-2.2352254,9.94,47.728,51.385,0.0,,22,41,,
T,2026-04-14 10:43:38,53.46857227,-2.23522565,9.94,47.728,51.385,0.0,,23,41,,
T,2026-04-14 10:43:39,53.46857203,-2.2352244,9.94,47.68,51.385,0.18,63.0,24,41,,
T,2026-04-14 10:43:40,53.46857266,-2.23520798,10.09,47.559,51.385,0.58,63.0,23,41,,
T,2026-04-14 10:43:41,53.46856771,-2.23518727,10.37,47.336,51.385,0.95,122.0,23,41,,
T,2026-04-14 10:43:42,53.46856731,-2.23516962,10.73,47.871,51.385,0.66,122.0,22,41,,
T,2026-04-14 10:43:43,53.46858811,-2.23514211,10.45,48.139,51.385,1.85,26.0,23,41,,
T,2026-04-14 10:43:44,53.46860166,-2.23511435,10.48,48.034,51.385,1.56,50.0,23,41,,
T,2026-04-14 10:43:45,53.46860956,-2.23509508,10.41,47.698,51.385,1.33,40.0,24,41,,
T,2026-04-14 10:43:46,53.46861561,-2.23507769,10.41,47.884,51.385,1.2,41.0,23,41,,
T,2026-04-14 10:43:47,53.46861878,-2.23506288,10.39,47.753,51.385,1.22,41.0,24,41,,
T,2026-04-14 10:43:48,53.4686211,-2.23504598,10.37,48.109,51.385,1.24,49.0,23,41,,
T,2026-04-14 10:43:49,53.46862081,-2.23502289,10.28,48.892,51.385,1.29,64.0,23,42,,
T,2026-04-14 10:43:50,53.46861787,-2.23499966,10.18,49.475,51.385,1.19,69.0,23,42,,
T,2026-04-14 10:43:51,53.46861743,-2.23497862,10.08,49.48,51.385,1.15,66.0,23,42,,
T,2026-04-14 10:43:52,53.46861968,-2.23495909,10.1,49.358,51.385,1.14,66.0,22,42,,
T,2026-04-14 10:43:53,53.46862163,-2.23493982,10.1,49.204,51.385,1.15,69.0,20,41,,
T,2026-04-14 10:43:54,53.46862377,-2.23492005,10.09,49.283,51.385,1.15,67.0,19,41,,
T,2026-04-14 10:43:55,53.46862446,-2.23490163,10.11,49.267,51.385,1.15,66.0,20,42,,
T,2026-04-14 10:43:56,53.46862671,-2.23488358,10.08,49.5,51.385,1.16,60.0,21,42,,
T,2026-04-14 10:43:57,53.46862968,-2.23486712,10.07,49.036,51.385,1.14,59.0,20,42,,
T,2026-04-14 10:43:58,53.4686327,-2.23484802,10.1,49.433,51.385,1.21,67.0,19,42,,
T,2026-04-14 10:43:59,53.4686399,-2.23482984,4.07,50.537,51.385,1.32,51.0,21,41,,
T,2026-04-14 10:44:00,53.46864175,-2.23481066,4.07,51.16,51.385,1.19,73.0,22,40,,
T,2026-04-14 10:44:01,53.46864215,-2.23479636,4.05,51.282,51.385,0.69,73.0,25,40,,
T,2026-04-14 10:44:02,53.46864304,-2.23477782,3.91,51.022,51.385,1.16,74.0,23,40,,
T,2026-04-14 10:44:03,53.46864648,-2.23476203,3.88,51.434,51.385,1.05,53.0,23,39,,
T,2026-04-14 10:44:04,53.46865112,-2.23474426,3.81,51.497,51.385,1.31,61.0,23,40,,
T,2026-04-14 10:44:05,53.46865266,-2.23472454,3.79,51.208,51.385,1.16,71.0,23,41,,
T,2026-04-14 10:44:06,53.46865495,-2.23470415,3.79,51.119,51.385,1.24,68.0,23,41,,
T,2026-04-14 10:44:07,53.46866067,-2.2346817,3.79,51.62,51.385,1.42,62.0,24,41,,
T,2026-04-14 10:44:08,53.46866623,-2.23466115,3.79,51.66,51.384,1.29,63.0,24,41,,
T,2026-04-14 10:44:09,53.46867121,-2.23464128,3.79,51.94,51.384,1.29,65.0,23,40,,
T,2026-04-14 10:44:10,53.46867484,-2.23462156,3.79,51.378,51.384,1.27,64.0,24,41,,
T,2026-04-14 10:44:11,53.4686791,-2.2346019,3.79,51.48,51.384,1.29,64.0,23,41,,
T,2026-04-14 10:44:12,53.468684,-2.23458183,3.79,51.493,51.384,1.27,63.0,23,41,,
T,2026-04-14 10:44:13,53.46869027,-2.23456099,3.79,51.439,51.384,1.28,62.0,22,42,,
T,2026-04-14 10:44:14,53.46869564,-2.23454315,3.79,51.251,51.384,1.29,62.0,22,42,,
T,2026-04-14 10:44:15,53.46870115,-2.23452486,3.79,51.428,51.384,1.35,63.0,22,42,,
T,2026-04-14 10:44:16,53.46870793,-2.23450552,3.79,51.738,51.384,1.37,62.0,21,42,,
T,2026-04-14 10:44:17,53.46871439,-2.23448573,3.79,51.971,51.384,1.38,62.0,22,42,,
T,2026-04-14 10:44:18,53.46872153,-2.23446924,3.79,51.977,51.384,1.27,57.0,23,42,,
T,2026-04-14 10:44:19,53.46872761,-2.23445044,3.79,52.113,51.384,1.24,60.0,23,42,,
T,2026-04-14 10:44:20,53.46873396,-2.23443287,3.79,52.227,51.384,1.29,60.0,23,42,,
T,2026-04-14 10:44:21,53.46874106,-2.23441348,3.79,51.967,51.384,1.32,62.0,23,42,,
T,2026-04-14 10:44:22,53.46874767,-2.2343957,3.79,51.883,51.384,1.29,59.0,23,42,,
T,2026-04-14 10:44:23,53.46875327,-2.23437706,3.79,51.479,51.384,1.3,65.0,23,42,,
T,2026-04-14 10:44:24,53.46876007,-2.23435989,3.79,51.584,51.384,1.28,60.0,23,42,,
T,2026-04-14 10:44:25,53.46876304,-2.23434361,3.79,51.165,51.384,1.2,66.0,25,42,,
T,2026-04-14 10:44:26,53.46876522,-2.23432564,3.83,51.077,51.384,1.2,73.0,25,42,,
T,2026-04-14 10:44:27,53.46876932,-2.23430776,3.95,50.723,51.384,1.18,67.0,26,41,,
T,2026-04-14 10:44:28,53.46877306,-2.23428999,3.98,50.594,51.384,1.32,56.0,27,40,,
T,2026-04-14 10:44:29,53.46877623,-2.23427264,3.92,50.305,51.384,1.25,59.0,29,40,,
T,2026-04-14 10:44:30,53.46878225,-2.23425291,3.85,49.895,51.384,1.29,61.0,32,40,,
T,2026-04-14 10:44:31,53.46878693,-2.23423527,3.79,50.161,51.384,1.14,65.0,32,40,,
T,2026-04-14 10:44:32,53.46879265,-2.23421808,3.82,50.327,51.384,1.21,60.0,32,40,,
T,2026-04-14 10:44:33,53.46879776,-2.23420034,3.82,50.408,51.384,1.24,58.0,33,40,,
T,2026-04-14 10:44:34,53.4687996,-2.23418132,3.84,49.565,51.384,1.22,81.0,32,41,,
T,2026-04-14 10:44:35,53.46880324,-2.23416659,3.79,49.289,51.384,1.11,59.0,31,41,,
T,2026-04-14 10:44:36,53.4688083,-2.23415705,3.79,49.278,51.384,0.89,40.0,31,40,,
T,2026-04-14 10:44:37,53.46881176,-2.23413874,3.79,49.132,51.384,1.34,75.0,31,40,,
T,2026-04-14 10:44:38,53.46881691,-2.23412021,3.79,48.724,51.384,1.29,64.0,31,40,,
T,2026-04-14 10:44:39,53.46881838,-2.23410068,3.79,47.752,51.383,1.24,91.0,31,40,,
T,2026-04-14 10:44:40,53.46882375,-2.23408112,3.79,48.012,51.383,1.24,69.0,33,40,,
T,2026-04-14 10:44:41,53.46882929,-2.23406224,3.79,47.903,51.383,1.29,63.0,33,39,,
T,2026-04-14 10:44:42,53.46883523,-2.23404363,3.79,47.647,51.383,1.31,63.0,33,39,,
T,2026-04-14 10:44:43,53.46884359,-2.23402637,3.79,47.508,51.383,1.31,54.0,32,39,,
T,2026-04-14 10:44:44,53.46884919,-2.23400933,3.79,47.307,51.383,1.31,59.0,32,39,,
T,2026-04-14 10:44:45,53.46885412,-2.23399141,3.79,47.01,51.383,1.3,66.0,32,39,,
T,2026-04-14 10:44:46,53.46885926,-2.2339725,3.79,46.769,51.383,1.36,65.0,30,40,,
T,2026-04-14 10:44:47,53.46886202,-2.23395302,3.79,46.011,51.383,1.28,67.0,31,40,,
T,2026-04-14 10:44:48,53.4688613,-2.23393385,3.79,44.963,51.383,1.31,89.0,31,40,,
T,2026-04-14 10:44:49,53.46886412,-2.23391435,3.79,44.662,51.383,1.27,77.0,31,40,,
T,2026-04-14 10:44:50,53.46886976,-2.23389731,3.79,44.841,51.383,1.25,63.0,31,41,,
T,2026-04-14 10:44:51,53.46887587,-2.2338803,3.79,44.931,51.383,1.25,63.0,29,41,,
T,2026-04-14 10:44:52,53.46888447,-2.2338635,3.79,45.032,51.383,1.33,50.0,29,41,,
T,2026-04-14 10:44:53,53.46889063,-2.23384725,3.79,45.151,51.383,1.27,59.0,29,40,,
T,2026-04-14 10:44:54,53.46889671,-2.23383185,3.79,45.129,51.383,1.28,62.0,27,41,,
T,2026-04-14 10:44:55,53.46890337,-2.23381641,3.79,45.243,51.383,1.3,61.0,27,41,,
T,2026-04-14 10:44:56,53.4689094,-2.23379999,3.79,45.114,51.383,1.33,66.0,26,41,,
T,2026-04-14 10:44:57,53.46891883,-2.23378561,3.79,45.487,51.383,1.39,47.0,24,41,,
T,2026-04-14 10:44:58,53.46892511,-2.23376858,3.89,45.681,51.383,1.25,62.0,24,41,,
T,2026-04-14 10:44:59,53.46893031,-2.23375024,4.02,45.566,51.383,1.27,69.0,23,40,,
T,2026-04-14 10:45:00,53.46893582,-2.23373276,4.13,45.623,51.383,1.28,63.0,24,40,,
T,2026-04-14 10:45:01,53.46894223,-2.23371435,4.23,45.478,51.383,1.27,61.0,26,40,,
T,2026-04-14 10:45:02,53.46894678,-2.23369444,4.34,45.569,51.383,1.3,73.0,26,41,,
T,2026-04-14 10:45:03,53.46894852,-2.23367544,4.42,45.23,51.383,1.35,81.0,25,41,,
T,2026-04-14 10:45:04,53.46895329,-2.23365738,4.69,44.995,51.383,1.36,69.0,25,41,,
T,2026-04-14 10:45:05,53.46895954,-2.23364084,4.73,44.868,51.383,1.29,65.0,24,42,,
T,2026-04-14 10:45:06,53.46896818,-2.23362468,4.89,45.052,51.383,1.37,53.0,24,42,,
T,2026-04-14 10:45:07,53.46897552,-2.23360806,5.09,45.314,51.383,1.32,60.0,24,41,,
T,2026-04-14 10:45:08,53.46898162,-2.23359133,5.21,45.505,51.383,1.26,61.0,23,41,,
T,2026-04-14 10:45:09,53.4689895,-2.23357615,5.63,45.583,51.383,1.3,50.0,22,40,,
T,2026-04-14 10:45:10,53.46899609,-2.23356017,5.77,45.334,51.383,1.25,56.0,22,41,,
T,2026-04-14 10:45:11,53.46900324,-2.23354332,6.01,45.243,51.383,1.22,58.0,22,41,,
T,2026-04-14 10:45:12,53.46901029,-2.23352456,6.34,45.168,51.382,1.27,63.0,22,41,,
T,2026-04-14 10:45:13,53.46901753,-2.23350668,6.55,45.263,51.382,1.24,61.0,23,42,,
T,2026-04-14 10:45:14,53.46902495,-2.23349017,6.81,45.359,51.382,1.23,58.0,22,41,,
T,2026-04-14 10:45:15,53.46903275,-2.2334728,6.57,45.623,51.382,1.26,62.0,22,41,,
T,2026-04-14 10:45:16,53.46903815,-2.23345632,6.46,45.647,51.382,1.25,69.0,22,41,,
T,2026-04-14 10:45:17,53.46904261,-2.23343909,6.38,45.596,51.382,1.26,75.0,23,41,,
T,2026-04-14 10:45:18,53.46904414,-2.23342308,6.24,45.715,51.382,1.27,84.0,24,40,,
T,2026-04-14 10:45:19,53.46904736,-2.2334066,6.31,46.109,51.382,1.27,82.0,24,40,,
T,2026-04-14 10:45:20,53.46905806,-2.23339213,5.98,46.787,51.382,1.34,59.0,22,40,,
T,2026-04-14 10:45:21,53.46906305,-2.23337302,5.95,45.748,51.382,1.41,84.0,22,41,,
T,2026-04-14 10:45:22,53.46906223,-2.2333533,5.82,45.71,51.382,1.3,95.0,21,42,,
T,2026-04-14 10:45:23,53.46905525,-2.23333427,5.1,45.757,51.382,1.3,113.0,24,40,,
T,2026-04-14 10:45:24,53.46904926,-2.23331483,4.98,45.633,51.382,1.26,108.0,25,40,,
T,2026-04-14 10:45:25,53.46904626,-2.23329608,4.73,47.0,51.382,1.27,98.0,25,39,,
T,2026-04-14 10:45:26,53.46904688,-2.23327636,4.41,47.385,51.382,1.29,79.0,25,39,,
T,2026-04-14 10:45:27,53.46904872,-2.23325926,4.31,48.281,51.382,1.23,78.0,25,39,,
T,2026-04-14 10:45:28,53.46905701,-2.23324981,4.19,48.625,51.382,1.0,64.0,23,39,,
T,2026-04-14 10:45:29,53.46906796,-2.23323967,4.15,50.008,51.382,1.27,44.0,24,39,,
T,2026-04-14 10:45:30,53.4690755,-2.23322587,4.12,49.947,51.382,1.24,57.0,25,39,,
T,2026-04-14 10:45:31,53.46908161,-2.23321028,4.02,49.641,51.382,1.26,58.0,26,39,,
T,2026-04-14 10:45:32,53.46908436,-2.23319417,3.9,49.355,51.382,1.22,65.0,26,39,,
T,2026-04-14 10:45:33,53.46908372,-2.23317752,3.88,48.981,51.382,1.17,84.0,27,39,,
T,2026-04-14 10:45:34,53.4690755,-2.23315976,3.93,48.731,51.382,1.35,118.0,28,40,,
T,2026-04-14 10:45:35,53.46906487,-2.23314703,3.92,48.822,51.382,1.25,141.0,27,40,,
T,2026-04-14 10:45:36,53.46905328,-2.23314042,3.96,49.383,51.382,1.23,157.0,27,40,,
T,2026-04-14 10:45:37,53.46904514,-2.23312627,4.53,50.024,51.382,1.26,132.0,27,40,,
T,2026-04-14 10:45:38,53.46905729,-2.23309924,4.12,50.049,51.382,1.94,56.0,28,40,,
T,2026-04-14 10:45:39,53.46906739,-2.23308535,4.52,50.691,51.382,1.14,48.0,28,40,,
T,2026-04-14 10:45:40,53.46907816,-2.23307878,4.83,51.723,51.382,1.15,35.0,29,42,,
T,2026-04-14 10:45:41,53.4690869,-2.23306879,4.69,53.145,51.382,1.17,53.0,30,41,,
T,2026-04-14 10:45:42,53.46909308,-2.23305451,4.77,53.55,51.382,1.19,65.0,28,40,,
T,2026-04-14 10:45:43,53.46909671,-2.23303714,4.91,52.841,51.382,1.33,65.0,28,39,,
T,2026-04-14 10:45:44,53.46910273,-2.23302308,5.14,52.634,51.382,1.19,52.0,28,39,,
T,2026-04-14 10:45:45,53.46911097,-2.23301011,5.26,52.649,51.382,1.22,41.0,29,39,,
T,2026-04-14 10:45:46,53.46912194,-2.233005,5.5,52.749,51.382,1.26,19.0,29,39,,
T,2026-04-14 10:45:47,53.46913323,-2.23301245,5.44,52.383,51.382,1.21,346.0,30,40,,
T,2026-04-14 10:45:48,53.46914322,-2.23302309,5.47,52.103,51.382,1.19,344.0,29,41,,
T,2026-04-14 10:45:49,53.4691523,-2.23302993,5.29,51.392,51.382,0.99,1.0,29,40,,
T,2026-04-14 10:45:50,53.46916299,-2.23303738,5.48,51.118,51.382,1.18,350.0,29,39,,
T,2026-04-14 10:45:51,53.46917479,-2.23300113,5.11,50.434,51.382,3.92,67.0,29,39,,
T,2026-04-14 10:45:52,53.46914781,-2.23296016,5.06,48.617,51.381,3.79,141.0,28,39,,
T,2026-04-14 10:45:53,53.46911461,-2.23300151,5.0,47.295,51.382,4.39,218.0,27,39,,
T,2026-04-14 10:45:54,53.46912957,-2.23306199,4.72,46.496,51.382,4.35,293.0,27,39,,
T,2026-04-14 10:45:55,53.46915812,-2.23306125,4.44,46.665,51.382,2.79,359.0,28,39,,
T,2026-04-14 10:45:56,53.4691693,-2.23304336,4.34,49.203,51.382,1.17,31.0,28,40,,
T,2026-04-14 10:45:57,53.46917744,-2.2330289,4.2,49.014,51.382,1.08,32.0,28,40,,
T,2026-04-14 10:45:58,53.46918654,-2.23301209,4.15,48.94,51.382,1.31,44.0,26,40,,
T,2026-04-14 10:45:59,53.46919287,-2.23299337,4.15,48.653,51.382,1.24,62.0,27,40,,
T,2026-04-14 10:46:00,53.46919869,-2.23297633,4.1,48.826,51.382,1.17,60.0,27,40,,
T,2026-04-14 10:46:01,53.46920459,-2.23295764,4.05,48.8,51.382,1.21,61.0,26,40,,
T,2026-04-14 10:46:02,53.46921005,-2.23293631,3.98,48.47,51.381,1.27,67.0,26,40,,
T,2026-04-14 10:46:03,53.46921537,-2.23291619,3.91,48.406,51.381,1.18,61.0,26,40,,
T,2026-04-14 10:46:04,53.46921842,-2.23289671,3.79,47.832,51.381,1.14,73.0,27,40,,
T,2026-04-14 10:46:05,53.46922312,-2.23287809,3.79,47.554,51.381,1.1,70.0,26,40,,
T,2026-04-14 10:46:06,53.469229,-2.23286008,3.79,47.811,51.381,1.18,61.0,27,40,,
T,2026-04-14 10:46:07,53.46923482,-2.23284164,3.79,47.633,51.381,1.19,64.0,27,40,,
T,2026-04-14 10:46:08,53.46923788,-2.23282518,3.79,47.487,51.381,1.08,70.0,28,40,,
T,2026-04-14 10:46:09,53.46924174,-2.2328068,3.79,47.677,51.381,1.14,65.0,29,40,,
T,2026-04-14 10:46:10,53.46924703,-2.2327881,3.79,47.739,51.381,1.16,62.0,29,40,,
T,2026-04-14 10:46:11,53.46925239,-2.23276912,3.79,47.902,51.381,1.24,64.0,29,40,,
T,2026-04-14 10:46:12,53.4692562,-2.23275156,3.79,47.684,51.381,1.2,67.0,28,40,,
T,2026-04-14 10:46:13,53.46925874,-2.23273336,3.79,47.736,51.381,1.18,74.0,28,40,,
T,2026-04-14 10:46:14,53.46926279,-2.23271441,3.79,47.83,51.381,1.3,68.0,28,40,,
T,2026-04-14 10:46:15,53.46926703,-2.23269652,3.79,47.524,51.381,1.21,69.0,28,40,,
T,2026-04-14 10:46:16,53.46927106,-2.23267821,3.79,47.119,51.381,1.29,69.0,27,40,,
T,2026-04-14 10:46:17,53.46927589,-2.23266161,3.79,46.767,51.381,1.29,66.0,27,40,,
T,2026-04-14 10:46:18,53.46928163,-2.23264569,3.79,47.075,51.381,1.25,61.0,26,41,,
T,2026-04-14 10:46:19,53.46928685,-2.2326282,3.79,47.245,51.381,1.3,61.0,26,41,,
T,2026-04-14 10:46:20,53.46929274,-2.23261237,3.79,47.489,51.381,1.27,62.0,26,41,,
T,2026-04-14 10:46:21,53.46929918,-2.23259591,3.79,47.431,51.381,1.26,58.0,26,41,,
T,2026-04-14 10:46:22,53.46930513,-2.23257811,3.79,47.521,51.381,1.34,63.0,26,41,,
T,2026-04-14 10:46:23,53.4693117,-2.23256037,3.79,47.575,51.381,1.35,62.0,27,41,,
T,2026-04-14 10:46:24,53.46931997,-2.23254283,3.79,47.714,51.381,1.34,56.0,27,41,,
T,2026-04-14 10:46:25,53.46932952,-2.23253074,3.79,47.794,51.381,1.31,34.0,27,41,,
T,2026-04-14 10:46:26,53.46935366,-2.23255365,3.79,47.382,51.381,3.07,330.0,26,41,,
T,2026-04-14 10:46:27,53.4693701,-2.23254556,3.79,48.294,51.381,2.12,27.0,27,41,,
T,2026-04-14 10:46:28,53.46935644,-2.23249727,3.79,46.825,51.381,1.26,66.0,28,41,,
T,2026-04-14 10:46:29,53.46935732,-2.23247305,3.79,46.423,51.381,1.29,54.0,28,41,,
T,2026-04-14 10:46:30,53.46936034,-2.23245294,3.96,45.959,51.381,1.27,55.0,28,41,,
T,2026-04-14 10:46:31,53.46936545,-2.23243281,3.79,45.676,51.381,1.28,53.0,26,41,,
T,2026-04-14 10:46:32,53.46937152,-2.2324175,3.79,46.364,51.381,1.24,42.0,26,41,,
T,2026-04-14 10:46:33,53.4693758,-2.23239523,3.91,47.514,51.381,1.64,69.0,27,41,,
T,2026-04-14 10:46:34,53.46937669,-2.23237523,4.41,47.994,51.38,1.27,78.0,27,41,,
T,2026-04-14 10:46:35,53.46937991,-2.23235903,4.88,47.647,51.38,1.24,69.0,28,41,,
T,2026-04-14 10:46:36,53.46938645,-2.23235444,5.5,47.673,51.38,0.96,49.0,28,41,,
T,2026-04-14 10:46:37,53.46939659,-2.23235582,6.61,47.626,51.38,0.86,30.0,28,41,,
T,2026-04-14 10:46:38,53.46940945,-2.23236397,5.8,48.41,51.38,1.12,5.0,23,41,,
T,2026-04-14 10:46:39,53.46942162,-2.23237566,4.72,46.348,51.38,0.7,5.0,26,41,,
T,2026-04-14 10:46:40,53.46943122,-2.23237771,4.27,46.463,51.38,0.79,51.0,27,41,,
T,2026-04-14 10:46:41,53.46944154,-2.23237447,4.0,46.422,51.38,1.03,37.0,29,41,,
T,2026-04-14 10:46:42,53.46945287,-2.23237686,4.12,46.46,51.381,0.91,25.0,29,40,,
T,2026-04-14 10:46:43,53.46946189,-2.23237838,3.96,45.566,51.381,0.86,22.0,29,40,,
T,2026-04-14 10:46:44,53.46947164,-2.23237958,4.98,45.713,51.381,0.93,11.0,28,40,,
T,2026-04-14 10:46:45,53.46948355,-2.23238954,4.9,44.484,51.381,1.3,357.0,30,40,,
T,2026-04-14 10:46:46,53.46949487,-2.23239972,6.21,44.311,51.381,1.23,350.0,31,40,,
T,2026-04-14 10:46:47,53.46950384,-2.23240337,5.02,44.147,51.381,1.13,12.0,30,40,,
T,2026-04-14 10:46:48,53.46951199,-2.23240739,5.28,43.644,51.381,1.08,10.0,29,40,,
T,2026-04-14 10:46:49,53.46951411,-2.2324303,4.78,42.231,51.381,1.29,319.0,28,40,,
T,2026-04-14 10:46:50,53.46952128,-2.23244129,5.02,41.851,51.381,1.02,340.0,29,40,,
T,2026-04-14 10:46:51,53.46952914,-2.23245377,4.77,41.592,51.381,1.0,345.0,28,39,,
T,2026-04-14 10:46:52,53.46954042,-2.23246988,4.58,41.48,51.381,1.02,337.0,24,39,,
T,2026-04-14 10:46:53,53.46955119,-2.23247897,4.45,41.614,51.381,1.08,352.0,24,39,,
T,2026-04-14 10:46:54,53.46956038,-2.23248655,4.23,41.657,51.381,1.04,359.0,23,39,,
T,2026-04-14 10:46:55,53.4695701,-2.23249551,4.17,41.633,51.381,1.03,350.0,23,39,,
T,2026-04-14 10:46:56,53.4695792,-2.23249799,4.07,41.444,51.381,1.02,9.0,25,39,,
T,2026-04-14 10:46:57,53.46958536,-2.2325049,3.98,41.288,51.381,0.81,342.0,28,39,,
T,2026-04-14 10:46:58,53.46959165,-2.2325078,3.94,40.663,51.381,0.84,5.0,27,39,,
T,2026-04-14 10:46:59,53.46959702,-2.23254903,3.8,40.504,51.381,2.78,288.0,27,39,,
T,2026-04-14 10:47:00,53.46959999,-2.2325621,3.79,39.988,51.381,0.86,298.0,27,39,,
T,2026-04-14 10:47:01,53.46960079,-2.2325743,3.81,39.887,51.381,0.91,279.0,27,39,,
T,2026-04-14 10:47:02,53.46960403,-2.23258632,3.84,39.49,51.381,0.91,294.0,26,38,,
T,2026-04-14 10:47:03,53.4696092,-2.23259721,3.87,39.62,51.381,0.89,308.0,25,38,,
T,2026-04-14 10:47:04,53.46961372,-2.23260779,3.94,39.932,51.381,0.84,307.0,25,38,,
T,2026-04-14 10:47:05,53.46961885,-2.23261716,4.03,39.101,51.381,0.84,296.0,26,38,,
T,2026-04-14 10:47:06,53.46962693,-2.23262123,3.79,40.843,51.381,0.95,343.0,28,38,,
T,2026-04-14 10:47:07,53.46962466,-2.23261347,3.79,39.9,51.381,0.0,,31,38,,
T,2026-04-14 10:47:08,53.46962509,-2.23261317,3.79,40.041,51.381,0.0,,31,38,,
T,2026-04-14 10:47:09,53.46963269,-2.23261161,3.79,41.655,51.381,1.04,9.0,32,37,,
T,2026-04-14 10:47:10,53.4696326,-2.23261098,3.79,41.586,51.381,0.0,,32,38,,
T,2026-04-14 10:47:11,53.46963897,-2.23262342,3.89,41.298,51.381,1.29,301.0,31,38,,
T,2026-04-14 10:47:12,53.46963987,-2.23262696,3.79,40.929,51.381,0.0,,30,38,,
T,2026-04-14 10:47:13,53.46963903,-2.23262696,3.79,40.991,51.381,0.0,,29,38,,
T,2026-04-14 10:47:14,53.46963787,-2.23262918,3.79,40.882,51.381,0.17,301.0,30,38,,
T,2026-04-14 10:47:15,53.4696357,-2.23262983,3.79,40.864,51.381,0.0,,30,38,,
T,2026-04-14 10:47:16,53.46963516,-2.23262997,3.79,40.86,51.381,0.0,,31,38,,
T,2026-04-14 10:47:17,53.46963393,-2.23262939,3.79,40.591,51.381,0.0,,30,38,,
T,2026-04-14 10:47:18,53.46963293,-2.23262892,3.79,40.414,51.381,0.0,,30,38,,
T,2026-04-14 10:47:19,53.46963268,-2.2326288,3.79,40.413,51.381,0.0,,30,38,,
T,2026-04-14 10:47:20,53.46963262,-2.23262876,3.79,40.412,51.381,0.0,,28,39,,
T,2026-04-14 10:47:21,53.46963261,-2.23262875,3.79,40.411,51.381,0.0,,28,39,,
T,2026-04-14 10:47:22,53.4696326,-2.23262874,3.79,40.41,51.381,0.0,,28,39,,
T,2026-04-14 10:47:23,53.46963261,-2.23262871,3.79,40.408,51.381,0.0,,27,39,,
T,2026-04-14 10:47:24,53.46963262,-2.2326287,3.79,40.408,51.381,0.0,,26,40,,
T,2026-04-14 10:47:25,53.46963261,-2.23262864,3.79,40.412,51.381,0.0,,26,40,,
T,2026-04-14 10:47:26,53.46963259,-2.23262863,3.79,40.416,51.381,0.0,,27,40,,
T,2026-04-14 10:47:27,53.46963255,-2.23262862,3.79,40.428,51.381,0.0,,26,40,,
T,2026-04-14 10:47:28,53.46963247,-2.23262854,3.83,40.442,51.381,0.0,,27,40,,
T,2026-04-14 10:47:29,53.46963246,-2.23262851,3.91,40.442,51.381,0.0,,27,40,,
T,2026-04-14 10:47:30,53.46963245,-2.23262848,3.99,40.441,51.381,0.0,,28,40,,
T,2026-04-14 10:47:31,53.46963293,-2.23263224,4.24,40.093,51.381,0.28,301.0,28,41,,
T,2026-04-14 10:47:32,53.46963433,-2.23263596,4.49,40.373,51.381,0.32,301.0,27,41,,
T,2026-04-14 10:47:33,53.46963767,-2.23263769,4.97,40.7,51.381,0.42,301.0,27,40,,
T,2026-04-14 10:47:34,53.46964078,-2.23263935,6.02,40.697,51.381,0.36,301.0,29,42,,
T,2026-04-14 10:47:35,53.4696464,-2.23264558,6.19,41.044,51.381,0.72,301.0,29,42,,
T,2026-04-14 10:47:36,53.46965287,-2.23265294,7.3,41.176,51.381,0.79,333.0,27,42,,
T,2026-04-14 10:47:37,53.46965561,-2.23265356,6.71,41.463,51.381,0.24,333.0,27,42,,
T,2026-04-14 10:47:38,53.4696545,-2.23265527,5.13,41.993,51.381,0.22,333.0,28,42,,
T,2026-04-14 10:47:39,53.46965079,-2.23265605,4.84,41.925,51.381,0.0,,31,42,,
T,2026-04-14 10:47:40,53.46964434,-2.23265861,4.53,41.603,51.381,0.49,333.0,29,42,,
T,2026-04-14 10:47:41,53.46963964,-2.23265585,4.38,41.539,51.381,0.53,333.0,32,42,,
T,2026-04-14 10:47:42,53.46963885,-2.23265072,4.01,41.932,51.381,0.28,333.0,34,42,,
T,2026-04-14 10:47:43,53.4696411,-2.23264737,3.97,41.904,51.381,0.0,,34,42,,
T,2026-04-14 10:47:44,53.46964137,-2.23264655,3.81,41.868,51.381,0.0,,34,42,,
T,2026-04-14 10:47:45,53.46964025,-2.23264027,3.79,41.755,51.381,0.39,333.0,33,41,,
T,2026-04-14 10:47:46,53.46963896,-2.23263558,3.79,42.052,51.381,0.3,333.0,33,41,,
T,2026-04-14 10:47:47,53.46963809,-2.23263573,3.79,42.052,51.381,0.0,,31,41,,
T,2026-04-14 10:47:48,53.46963789,-2.23263597,3.79,42.059,51.381,0.0,,32,41,,
T,2026-04-14 10:47:49,53.46963775,-2.23263588,3.79,42.046,51.381,0.0,,30,41,,
T,2026-04-14 10:47:50,53.46963768,-2.23263576,3.79,42.036,51.381,0.0,,30,41,,
T,2026-04-14 10:47:51,53.46963756,-2.23263554,3.79,42.021,51.381,0.0,,30,42,,
T,2026-04-14 10:47:52,53.46963749,-2.23263546,3.79,42.013,51.381,0.0,,30,42,,
T,2026-04-14 10:47:53,53.46963749,-2.23263518,3.79,42.029,51.381,0.0,,30,42,,
T,2026-04-14 10:47:54,53.46963736,-2.23263521,3.79,42.027,51.381,0.0,,29,42,,
T,2026-04-14 10:47:55,53.46963719,-2.23263508,3.79,41.986,51.381,0.0,,29,42,,
T,2026-04-14 10:47:56,53.46963717,-2.23263517,3.79,42.02,51.381,0.0,,29,42,,
T,2026-04-14 10:47:57,53.46963709,-2.23263501,3.79,42.017,51.381,0.0,,29,42,,
T,2026-04-14 10:47:58,53.46963713,-2.23263494,3.79,42.041,51.381,0.0,,28,42,,
T,2026-04-14 10:47:59,53.46963726,-2.23263494,3.79,42.08,51.381,0.0,,27,42,,
T,2026-04-14 10:48:00,53.46963692,-2.23263723,3.79,42.074,51.381,0.49,333.0,27,41,,
T,2026-04-14 10:48:01,53.46963978,-2.23264773,3.79,42.292,51.381,0.83,298.0,29,41,,
T,2026-04-14 10:48:02,53.4696431,-2.23265897,3.79,42.587,51.381,0.71,298.0,31,40,,
T,2026-04-14 10:48:03,53.46964668,-2.23266739,3.79,42.864,51.381,0.68,298.0,32,40,,
T,2026-04-14 10:48:04,53.46964603,-2.23267052,3.79,42.542,51.381,0.46,298.0,32,41,,
T,2026-04-14 10:48:05,53.46965018,-2.23267895,3.79,43.027,51.381,1.17,321.0,33,41,,
T,2026-04-14 10:48:06,53.46965716,-2.23268611,3.79,43.428,51.381,1.18,324.0,33,41,,
T,2026-04-14 10:48:07,53.46966416,-2.23269462,3.79,43.808,51.381,1.15,322.0,32,40,,
T,2026-04-14 10:48:08,53.46967089,-2.2327046,3.9,43.921,51.381,1.09,322.0,32,40,,
T,2026-04-14 10:48:09,53.46967737,-2.23271275,4.05,43.601,51.381,1.02,332.0,32,40,,
T,2026-04-14 10:48:10,53.46968293,-2.23272249,4.0,43.544,51.381,1.01,328.0,32,40,,
T,2026-04-14 10:48:11,53.46969099,-2.23273298,4.11,43.988,51.381,1.08,325.0,30,40,,
T,2026-04-14 10:48:12,53.46969813,-2.23274287,3.97,43.945,51.381,1.05,324.0,30,41,,
T,2026-04-14 10:48:13,53.46970551,-2.23275372,3.81,43.989,51.381,1.07,329.0,31,41,,
T,2026-04-14 10:48:14,53.46971401,-2.23276602,3.79,44.049,51.381,1.09,326.0,32,41,,
T,2026-04-14 10:48:15,53.4697232,-2.23277737,3.92,44.244,51.381,1.13,330.0,31,41,,
T,2026-04-14 10:48:16,53.46973334,-2.23278727,3.84,44.348,51.381,1.1,334.0,31,42,,
T,2026-04-14 10:48:17,53.46974114,-2.23279621,3.92,44.497,51.381,1.08,331.0,31,41,,
T,2026-04-14 10:48:18,53.469749,-2.2328073,4.06,44.405,51.381,1.13,319.0,31,41,,
T,2026-04-14 10:48:19,53.46975554,-2.2328146,4.02,43.957,51.381,1.01,337.0,33,41,,
T,2026-04-14 10:48:20,53.46976345,-2.23280869,4.07,44.953,51.381,1.23,17.0,32,40,,
T,2026-04-14 10:48:21,53.46975023,-2.23279805,3.79,42.273,51.381,0.64,17.0,32,40,,
T,2026-04-14 10:48:22,53.46973839,-2.23278917,3.79,41.995,51.381,0.85,149.0,34,40,,
T,2026-04-14 10:48:23,53.46972952,-2.23278257,3.79,41.935,51.381,0.86,157.0,36,41,,
T,2026-04-14 10:48:24,53.46972392,-2.23277505,3.79,41.801,51.381,0.75,149.0,36,41,,
T,2026-04-14 10:48:25,53.46971808,-2.23276858,3.79,41.584,51.381,0.58,149.0,36,41,,
T,2026-04-14 10:48:26,53.46971431,-2.2327647,3.79,41.638,51.381,0.31,149.0,36,41,,
T,2026-04-14 10:48:27,53.4697129,-2.23276354,3.79,41.526,51.381,0.0,,34,41,,
T,2026-04-14 10:48:28,53.46971249,-2.23276338,3.79,41.519,51.381,0.0,,33,41,,
T,2026-04-14 10:48:29,53.46971234,-2.23276345,3.79,41.547,51.381,0.0,,31,41,,
T,2026-04-14 10:48:30,53.46971223,-2.23276353,3.79,41.563,51.381,0.0,,31,41,,
T,2026-04-14 10:48:31,53.46971215,-2.23276359,3.79,41.575,51.381,0.0,,30,41,,
T,2026-04-14 10:48:32,53.46971207,-2.23276369,3.79,41.612,51.381,0.0,,30,41,,
T,2026-04-14 10:48:33,53.46971198,-2.23276376,3.79,41.62,51.381,0.0,,30,41,,
T,2026-04-14 10:48:34,53.4697119,-2.23276377,3.79,41.65,51.381,0.0,,30,41,,
T,2026-04-14 10:48:35,53.46971191,-2.2327638,3.79,41.678,51.381,0.0,,30,41,,
T,2026-04-14 10:48:36,53.46971197,-2.23276394,3.79,41.723,51.381,0.0,,30,41,,
T,2026-04-14 10:48:37,53.46971193,-2.23276394,3.79,41.717,51.381,0.0,,30,41,,
T,2026-04-14 10:48:38,53.46971089,-2.23274856,3.79,42.484,51.381,1.13,103.0,30,41,,
T,2026-04-14 10:48:39,53.46971148,-2.23274674,3.79,42.556,51.381,0.0,,30,42,,
T,2026-04-14 10:48:40,53.4697117,-2.23274716,3.79,42.549,51.381,0.0,,32,41,,
T,2026-04-14 10:48:41,53.46971169,-2.23274733,3.79,42.545,51.381,0.0,,32,42,,
T,2026-04-14 10:48:42,53.46971462,-2.23274371,3.79,42.416,51.381,0.44,103.0,32,42,,
T,2026-04-14 10:48:43,53.4697197,-2.23274011,3.79,42.273,51.381,0.37,103.0,31,42,,
T,2026-04-14 10:48:44,53.46972294,-2.23273906,3.79,42.327,51.381,0.0,,32,41,,
T,2026-04-14 10:48:45,53.46972167,-2.23273754,3.79,42.548,51.381,0.25,103.0,34,41,,
T,2026-04-14 10:48:46,53.46971984,-2.23273848,3.79,42.567,51.381,0.0,,34,41,,
T,2026-04-14 10:48:47,53.46972228,-2.23274032,3.79,42.844,51.381,0.0,,35,40,,
T,2026-04-14 10:48:48,53.46972712,-2.23274137,3.79,42.736,51.381,0.46,103.0,35,40,,
T,2026-04-14 10:48:49,53.46973003,-2.23274554,3.79,42.75,51.381,0.0,,35,40,,
T,2026-04-14 10:48:50,53.4697308,-2.23274646,3.79,42.737,51.381,0.0,,35,39,,
T,2026-04-14 10:48:51,53.46973101,-2.23274604,3.79,42.73,51.381,0.0,,34,39,,
T,2026-04-14 10:48:52,53.46973263,-2.23274638,3.79,42.953,51.381,0.0,,35,40,,
T,2026-04-14 10:48:53,53.46973831,-2.23275656,3.79,43.169,51.381,0.97,313.0,34,41,,
T,2026-04-14 10:48:54,53.46974572,-2.23276627,3.79,43.319,51.381,0.93,319.0,33,41,,
T,2026-04-14 10:48:55,53.46975296,-2.23277515,3.79,43.065,51.381,0.8,321.0,33,41,,
T,2026-04-14 10:48:56,53.4697607,-2.23278411,3.79,43.057,51.381,0.85,326.0,33,41,,
T,2026-04-14 10:48:57,53.46979203,-2.23273924,3.79,43.3,51.381,5.1,44.0,33,41,,
T,2026-04-14 10:48:58,53.46980067,-2.23274057,3.79,42.966,51.381,0.74,44.0,33,41,,
T,2026-04-14 10:48:59,53.46980388,-2.23275067,3.79,43.161,51.381,0.44,44.0,35,41,,
T,2026-04-14 10:49:00,53.46981139,-2.23276781,3.79,43.012,51.381,1.22,324.0,35,41,,
T,2026-04-14 10:49:01,53.46982191,-2.23278841,3.79,42.702,51.381,1.51,325.0,34,41,,
T,2026-04-14 10:49:02,53.46983204,-2.23280853,3.79,42.289,51.381,1.47,324.0,34,41,,
T,2026-04-14 10:49:03,53.46984078,-2.23282627,3.79,42.564,51.381,1.28,324.0,34,40,,
T,2026-04-14 10:49:04,53.46985195,-2.23284058,3.94,42.862,51.381,1.61,328.0,34,40,,
T,2026-04-14 10:49:05,53.46986653,-2.2328537,4.06,42.691,51.381,1.77,341.0,34,41,,
T,2026-04-14 10:49:06,53.46988143,-2.23286457,4.21,42.22,51.381,1.72,345.0,33,41,,
T,2026-04-14 10:49:07,53.46989301,-2.23287744,4.48,41.287,51.382,1.6,341.0,32,41,,
T,2026-04-14 10:49:08,53.4698988,-2.23289474,4.3,41.642,51.382,1.28,331.0,32,41,,
T,2026-04-14 10:49:09,53.46990436,-2.23291278,4.23,41.615,51.382,1.31,325.0,32,41,,
T,2026-04-14 10:49:10,53.4699109,-2.23292967,4.12,41.675,51.382,1.37,330.0,27,41,,
T,2026-04-14 10:49:11,53.46991978,-2.23293974,3.79,41.901,51.382,1.37,345.0,28,41,,
T,2026-04-14 10:49:12,53.46992891,-2.23293831,3.79,42.238,51.382,1.15,0.0,28,41,,
T,2026-04-14 10:49:13,53.46993849,-2.23293419,3.79,42.304,51.382,1.21,8.0,35,41,,
T,2026-04-14 10:49:14,53.46994856,-2.23293401,3.79,42.224,51.382,1.26,357.0,33,41,,
T,2026-04-14 10:49:15,53.46995864,-2.2329407,3.79,42.28,51.382,1.27,340.0,33,41,,
T,2026-04-14 10:49:16,53.46996894,-2.23295024,3.79,42.165,51.382,1.3,337.0,33,40,,
T,2026-04-14 10:49:17,53.46997802,-2.23296173,3.79,42.168,51.382,1.23,330.0,33,40,,
T,2026-04-14 10:49:18,53.46998708,-2.23297502,3.79,42.084,51.382,1.25,324.0,33,40,,
T,2026-04-14 10:49:19,53.46999568,-2.23298919,3.79,42.068,51.382,1.27,320.0,33,40,,
T,2026-04-14 10:49:20,53.47000343,-2.23300154,3.79,42.069,51.382,1.06,320.0,26,41,,
T,2026-04-14 10:49:21,53.47001197,-2.23300799,3.79,40.692,51.382,1.29,346.0,25,41,,
T,2026-04-14 10:49:22,53.47000907,-2.23307762,3.79,40.101,51.382,5.07,269.0,26,41,,
T,2026-04-14 10:49:23,53.47000911,-2.23303494,4.13,42.033,51.382,1.16,321.0,29,41,,
T,2026-04-14 10:49:24,53.47001722,-2.23304213,3.94,42.114,51.382,0.77,333.0,33,41,,
T,2026-04-14 10:49:25,53.47002332,-2.23304905,3.79,42.101,51.382,0.84,334.0,32,41,,
T,2026-04-14 10:49:26,53.47003288,-2.23306172,3.79,42.014,51.382,1.15,322.0,22,40,,
T,2026-04-14 10:49:27,53.47004349,-2.23307649,3.79,42.156,51.382,1.4,322.0,23,40,,
T,2026-04-14 10:49:28,53.47005278,-2.23308839,3.79,42.121,51.382,1.22,326.0,23,40,,
T,2026-04-14 10:49:29,53.47006148,-2.23309931,3.79,41.997,51.382,1.08,320.0,24,40,,
T,2026-04-14 10:49:30,53.47006704,-2.23310769,3.79,41.696,51.382,0.84,326.0,26,40,,
T,2026-04-14 10:49:31,53.47007512,-2.23311991,3.79,41.44,51.382,1.16,327.0,26,40,,
T,2026-04-14 10:49:32,53.47008338,-2.23313201,3.79,41.186,51.382,1.12,328.0,27,40,,
T,2026-04-14 10:49:33,53.47009138,-2.23314379,3.97,41.141,51.382,1.11,325.0,27,40,,
T,2026-04-14 10:49:34,53.47010008,-2.23315832,4.04,41.171,51.382,1.25,322.0,28,40,,
T,2026-04-14 10:49:35,53.47010952,-2.23317461,4.11,41.108,51.382,1.32,322.0,29,40,,
T,2026-04-14 10:49:36,53.470119,-2.23318989,4.21,41.037,51.382,1.33,328.0,29,40,,
T,2026-04-14 10:49:37,53.47012819,-2.23320542,4.37,40.917,51.382,1.32,321.0,29,40,,
T,2026-04-14 10:49:38,53.47013824,-2.23321908,4.49,40.487,51.382,1.32,334.0,28,39,,
T,2026-04-14 10:49:39,53.47014877,-2.23323344,4.58,40.71,51.382,1.35,332.0,31,39,,
T,2026-04-14 10:49:40,53.4701577,-2.23325101,4.65,40.837,51.382,1.29,332.0,30,39,,
T,2026-04-14 10:49:41,53.47016797,-2.23326476,5.12,40.736,51.382,1.34,331.0,29,39,,
T,2026-04-14 10:49:42,53.47017782,-2.2332793,4.86,41.295,51.382,1.34,337.0,30,38,,
T,2026-04-14 10:49:43,53.47018817,-2.23329209,5.1,41.598,51.382,1.34,337.0,30,38,,
T,2026-04-14 10:49:44,53.47019636,-2.23330727,5.35,41.965,51.382,1.27,334.0,30,37,,
T,2026-04-14 10:49:45,53.47020409,-2.2333229,5.56,42.164,51.382,1.26,333.0,30,37,,
T,2026-04-14 10:49:46,53.47021178,-2.23333898,5.74,42.273,51.382,1.26,332.0,30,37,,
T,2026-04-14 10:49:47,53.47022082,-2.23335529,5.17,42.385,51.382,1.32,333.0,30,37,,
T,2026-04-14 10:49:48,53.47022977,-2.23337103,5.4,42.918,51.382,1.33,334.0,30,37,,
T,2026-04-14 10:49:49,53.4702397,-2.23338915,5.65,43.267,51.383,1.33,335.0,30,38,,
T,2026-04-14 10:49:50,53.47024887,-2.23340593,5.86,43.717,51.383,1.32,336.0,30,38,,
T,2026-04-14 10:49:51,53.47025758,-2.23342348,6.09,44.048,51.383,1.3,337.0,29,38,,
T,2026-04-14 10:49:52,53.47026574,-2.23344184,6.33,44.263,51.383,1.28,335.0,30,38,,
T,2026-04-14 10:49:53,53.47027506,-2.23345874,5.51,44.54,51.383,1.32,335.0,30,39,,
T,2026-04-14 10:49:54,53.47028377,-2.23347179,5.81,44.762,51.383,1.33,331.0,30,39,,
T,2026-04-14 10:49:55,53.47029381,-2.23348472,5.32,44.78,51.383,1.34,332.0,29,39,,
T,2026-04-14 10:49:56,53.4703048,-2.23349709,5.65,44.961,51.383,1.34,334.0,30,40,,
T,2026-04-14 10:49:57,53.47031645,-2.23350867,5.55,45.036,51.383,1.32,336.0,30,40,,
T,2026-04-14 10:49:58,53.47032677,-2.23352106,5.8,45.242,51.383,1.36,334.0,30,40,,
T,2026-04-14 10:49:59,53.47033552,-2.23353138,6.08,45.381,51.383,1.33,337.0,30,40,,
T,2026-04-14 10:50:00,53.47034386,-2.23354252,6.02,45.196,51.383,1.31,335.0,30,40,,
T,2026-04-14 10:50:01,53.47035231,-2.23355556,5.79,45.203,51.383,1.3,337.0,30,40,,
T,2026-04-14 10:50:02,53.47036214,-2.23356742,6.07,45.186,51.383,1.37,335.0,30,41,,
T,2026-04-14 10:50:03,53.47037248,-2.23358075,6.31,45.38,51.383,1.38,331.0,30,40,,
T,2026-04-14 10:50:04,53.470382,-2.23359553,6.86,45.433,51.383,1.39,320.0,30,40,,
T,2026-04-14 10:50:05,53.47039319,-2.2336054,7.01,46.032,51.383,1.42,341.0,30,41,,
T,2026-04-14 10:50:06,53.47040278,-2.23361464,7.26,46.343,51.383,1.27,338.0,29,41,,
T,2026-04-14 10:50:07,53.47041377,-2.23362042,7.52,46.681,51.383,1.34,348.0,29,41,,
T,2026-04-14 10:50:08,53.47041493,-2.23362912,3.79,45.201,51.383,1.33,329.0,29,41,,
T,2026-04-14 10:50:09,53.47041072,-2.23365863,3.79,44.155,51.383,2.02,276.0,29,41,,
T,2026-04-14 10:50:10,53.47040612,-2.2336781,3.79,43.668,51.383,1.24,272.0,29,41,,
T,2026-04-14 10:50:11,53.4704075,-2.23369325,3.79,43.571,51.383,1.23,293.0,29,41,,
T,2026-04-14 10:50:12,53.47042001,-2.23369797,3.79,44.09,51.383,1.47,338.0,29,41,,
T,2026-04-14 10:50:13,53.4704302,-2.23370314,3.79,44.058,51.383,1.2,334.0,29,41,,
T,2026-04-14 10:50:14,53.47043933,-2.23370748,3.79,44.26,51.383,1.18,334.0,29,40,,
T,2026-04-14 10:50:15,53.47044885,-2.23371439,3.79,44.092,51.383,1.18,331.0,29,41,,
T,2026-04-14 10:50:16,53.47045867,-2.23372151,3.85,44.093,51.383,1.18,333.0,29,41,,
T,2026-04-14 10:50:17,53.47046808,-2.23373145,4.04,43.727,51.383,1.2,327.0,28,41,,
T,2026-04-14 10:50:18,53.47047757,-2.23373914,4.22,43.349,51.383,1.18,335.0,28,41,,
T,2026-04-14 10:50:19,53.47048961,-2.23374966,4.42,42.864,51.383,1.23,335.0,28,41,,
T,2026-04-14 10:50:20,53.47050051,-2.23375956,4.36,42.696,51.383,1.22,333.0,27,41,,
T,2026-04-14 10:50:21,53.47051064,-2.23377031,4.65,42.577,51.383,1.26,322.0,27,41,,
T,2026-04-14 10:50:22,53.47052192,-2.23377726,5.08,42.571,51.383,1.24,334.0,27,41,,
T,2026-04-14 10:50:23,53.47053214,-2.23378426,4.92,42.591,51.383,1.18,333.0,27,41,,
T,2026-04-14 10:50:24,53.4705475,-2.23379157,4.73,43.869,51.383,1.21,333.0,27,41,,
T,2026-04-14 10:50:25,53.47056049,-2.23379994,3.79,43.846,51.383,1.18,332.0,27,41,,
T,2026-04-14 10:50:26,53.47057366,-2.23380781,3.79,43.754,51.383,1.22,336.0,28,41,,
T,2026-04-14 10:50:27,53.47058572,-2.23381408,3.79,43.776,51.383,1.25,343.0,28,42,,
T,2026-04-14 10:50:28,53.47059414,-2.23381984,3.79,43.21,51.383,1.24,335.0,27,41,,
T,2026-04-14 10:50:29,53.47060406,-2.23382596,3.79,43.176,51.383,1.24,329.0,27,41,,
T,2026-04-14 10:50:30,53.47061252,-2.23383714,3.79,43.039,51.383,1.28,321.0,27,41,,
T,2026-04-14 10:50:31,53.47062119,-2.23384765,3.79,42.711,51.383,1.27,331.0,28,41,,
T,2026-04-14 10:50:32,53.47062966,-2.23385683,3.79,42.441,51.383,1.27,334.0,28,40,,
T,2026-04-14 10:50:33,53.47063734,-2.23386679,3.79,42.028,51.383,1.25,331.0,28,40,,
T,2026-04-14 10:50:34,53.47064576,-2.23387677,3.79,41.863,51.384,1.3,335.0,28,39,,
T,2026-04-14 10:50:35,53.47065331,-2.23389032,3.79,41.715,51.384,1.25,320.0,28,39,,
T,2026-04-14 10:50:36,53.47066085,-2.23390381,3.79,41.924,51.384,1.25,318.0,27,38,,
T,2026-04-14 10:50:37,53.47066919,-2.23391836,3.79,41.871,51.384,1.29,318.0,27,38,,
T,2026-04-14 10:50:38,53.47067624,-2.23393243,3.79,41.545,51.384,1.23,314.0,28,38,,
T,2026-04-14 10:50:39,53.47068407,-2.23394496,3.79,41.388,51.384,1.22,319.0,28,37,,
T,2026-04-14 10:50:40,53.47069146,-2.23395595,3.79,41.214,51.384,1.16,321.0,29,38,,
T,2026-04-14 10:50:41,53.47069987,-2.23396908,3.79,40.968,51.384,1.26,315.0,28,39,,
T,2026-04-14 10:50:42,53.47071062,-2.23397853,3.79,40.974,51.384,1.28,324.0,28,40,,
T,2026-04-14 10:50:43,53.47072179,-2.23398912,3.79,40.687,51.384,1.33,320.0,27,40,,
T,2026-04-14 10:50:44,53.47073063,-2.23400282,3.79,40.603,51.384,1.31,312.0,28,40,,
T,2026-04-14 10:50:45,53.47074109,-2.23401304,3.79,40.444,51.384,1.29,321.0,27,39,,
T,2026-04-14 10:50:46,53.47075342,-2.23401885,3.79,40.416,51.384,1.31,334.0,27,39,,
T,2026-04-14 10:50:47,53.47076478,-2.23402642,3.79,40.218,51.384,1.28,328.0,27,39,,
T,2026-04-14 10:50:48,53.47077483,-2.23403527,3.79,40.41,51.384,1.2,330.0,25,39,,
T,2026-04-14 10:50:49,53.47078396,-2.23404689,3.79,40.489,51.384,1.22,324.0,26,39,,
T,2026-04-14 10:50:50,53.47079219,-2.2340651,3.79,40.706,51.384,1.47,315.0,25,40,,
T,2026-04-14 10:50:51,53.47079989,-2.23407897,3.79,40.468,51.384,1.34,328.0,28,39,,
T,2026-04-14 10:50:52,53.47080751,-2.23409194,3.79,40.37,51.384,1.29,324.0,29,39,,
T,2026-04-14 10:50:53,53.47079757,-2.2341428,3.79,39.646,51.384,3.88,253.0,29,38,,
T,2026-04-14 10:50:54,53.47079063,-2.23415876,3.95,39.061,51.384,1.39,244.0,29,39,,
T,2026-04-14 10:50:55,53.47079352,-2.23417354,3.79,38.338,51.384,1.5,271.0,27,39,,
T,2026-04-14 10:50:56,53.4708071,-2.23417715,3.79,39.808,51.384,1.41,321.0,27,39,,
T,2026-04-14 10:50:57,53.4708207,-2.23418068,3.79,39.608,51.384,1.39,328.0,26,39,,
T,2026-04-14 10:50:58,53.47083317,-2.23418508,3.79,39.672,51.384,1.34,336.0,26,40,,
T,2026-04-14 10:50:59,53.47084382,-2.23418886,3.79,39.953,51.384,1.28,333.0,27,40,,
T,2026-04-14 10:51:00,53.47085311,-2.23419988,3.79,40.037,51.384,1.31,321.0,27,40,,
T,2026-04-14 10:51:01,53.47086169,-2.23421424,3.79,39.779,51.384,1.33,316.0,26,40,,
T,2026-04-14 10:51:02,53.47087424,-2.23421907,3.79,41.341,51.384,1.49,352.0,26,41,,
T,2026-04-14 10:51:03,53.47087772,-2.23428188,3.79,41.797,51.384,4.8,277.0,26,41,,
T,2026-04-14 10:51:04,53.47086177,-2.23429511,3.79,38.77,51.384,2.23,218.0,27,41,,
T,2026-04-14 10:51:05,53.47084709,-2.23428166,3.79,37.234,51.384,0.0,,27,41,,
T,2026-04-14 10:51:06,53.47085182,-2.23428193,3.79,37.214,51.384,0.81,327.0,27,40,,
T,2026-04-14 10:51:07,53.47086201,-2.23429008,3.79,37.195,51.384,1.34,325.0,27,40,,
T,2026-04-14 10:51:08,53.47087185,-2.23429905,3.79,36.737,51.384,1.25,320.0,27,40,,
T,2026-04-14 10:51:09,53.47088048,-2.23431138,3.79,36.382,51.384,1.26,304.0,27,40,,
T,2026-04-14 10:51:10,53.47089152,-2.23432088,3.79,36.222,51.384,1.35,323.0,27,40,,
T,2026-04-14 10:51:11,53.47090109,-2.23433074,3.79,35.969,51.384,1.26,317.0,27,40,,
T,2026-04-14 10:51:12,53.4709101,-2.23434035,3.79,36.214,51.384,1.19,315.0,26,40,,
T,2026-04-14 10:51:13,53.47092013,-2.23434904,3.79,36.696,51.384,1.12,314.0,25,40,,
T,2026-04-14 10:51:14,53.47093116,-2.23435764,3.79,36.607,51.384,1.16,322.0,25,39,,
T,2026-04-14 10:51:15,53.47094018,-2.2343651,3.79,36.722,51.384,1.05,326.0,25,39,,
T,2026-04-14 10:51:16,53.4709457,-2.23437173,3.79,36.683,51.384,0.72,326.0,25,39,,
T,2026-04-14 10:51:17,53.47095373,-2.23438201,3.79,36.504,51.385,1.21,325.0,27,38,,
T,2026-04-14 10:51:18,53.47096797,-2.23437277,3.79,37.085,51.384,1.38,8.0,27,38,,
T,2026-04-14 10:51:19,53.47097902,-2.23434545,3.79,36.932,51.384,1.63,56.0,29,40,,
T,2026-04-14 10:51:20,53.47098632,-2.2343199,3.79,37.204,51.384,1.2,65.0,29,40,,
T,2026-04-14 10:51:21,53.47099528,-2.23429801,3.79,37.798,51.384,1.23,53.0,29,39,,
T,2026-04-14 10:51:22,53.47100413,-2.23427731,3.79,37.044,51.384,1.24,54.0,30,40,,
T,2026-04-14 10:51:23,53.47101115,-2.23425617,3.79,37.297,51.384,1.24,62.0,30,41,,
T,2026-04-14 10:51:24,53.47101955,-2.23423648,3.79,37.575,51.384,1.25,52.0,28,41,,
T,2026-04-14 10:51:25,53.47102972,-2.23422094,3.79,37.122,51.384,1.25,38.0,28,41,,
T,2026-04-14 10:51:26,53.47104552,-2.23421919,3.79,37.282,51.384,1.41,3.0,28,41,,
T,2026-04-14 10:51:27,53.47106011,-2.23422421,3.79,37.187,51.384,1.36,341.0,28,41,,
T,2026-04-14 10:51:28,53.47107222,-2.23423065,3.79,37.514,51.384,1.16,340.0,28,41,,
T,2026-04-14 10:51:29,53.47108099,-2.23423838,3.79,37.719,51.384,0.94,327.0,28,41,,
T,2026-04-14 10:51:30,53.47108952,-2.23424541,3.79,37.979,51.384,0.87,331.0,28,41,,
T,2026-04-14 10:51:31,53.47110103,-2.23424708,3.79,38.387,51.384,1.09,343.0,28,41,,
T,2026-04-14 10:51:32,53.47111566,-2.23422657,3.79,38.696,51.384,1.56,29.0,28,41,,
T,2026-04-14 10:51:33,53.47111889,-2.23421593,3.79,38.647,51.384,0.16,39.0,29,41,,
T,2026-04-14 10:51:34,53.47111915,-2.23421279,3.79,38.575,51.384,0.17,39.0,29,41,,
T,2026-04-14 10:51:35,53.47111984,-2.23420683,3.79,38.572,51.384,0.0,,29,41,,
T,2026-04-14 10:51:36,53.47112023,-2.23420468,3.79,38.583,51.384,0.0,,29,41,,
T,2026-04-14 10:51:37,53.47115087,-2.23422561,3.79,38.83,51.384,4.08,331.0,29,41,,
T,2026-04-14 10:51:38,53.47113384,-2.23419835,3.79,38.868,51.384,0.0,,29,40,,
T,2026-04-14 10:51:39,53.47112803,-2.23418842,3.79,38.889,51.384,0.0,,29,40,,
T,2026-04-14 10:51:40,53.47112687,-2.23418485,3.79,38.897,51.384,0.0,,29,41,,
T,2026-04-14 10:51:41,53.47112664,-2.23418331,3.79,38.901,51.384,0.0,,30,40,,
T,2026-04-14 10:51:42,53.47112648,-2.23418252,3.79,38.903,51.384,0.0,,30,40,,
T,2026-04-14 10:51:43,53.47112658,-2.23418213,3.79,38.937,51.384,0.0,,30,40,,
T,2026-04-14 10:51:44,53.47112676,-2.23418164,3.79,38.988,51.384,0.0,,30,40,,
T,2026-04-14 10:51:45,53.47112692,-2.23418113,3.79,39.021,51.384,0.0,,30,40,,
T,2026-04-14 10:51:46,53.47112731,-2.23418054,3.79,39.099,51.384,0.0,,30,40,,
T,2026-04-14 10:51:47,53.47112702,-2.23417987,3.79,39.084,51.384,0.0,,30,40,,
T,2026-04-14 10:51:48,53.47112514,-2.23417983,3.79,39.073,51.384,0.18,331.0,30,40,,
T,2026-04-14 10:51:49,53.471124,-2.23417983,3.79,38.97,51.384,0.0,,31,40,,
T,2026-04-14 10:51:50,53.47112343,-2.23417976,3.79,38.974,51.384,0.0,,31,40,,
T,2026-04-14 10:51:51,53.47112358,-2.23417929,3.79,38.879,51.384,0.17,331.0,31,40,,
T,2026-04-14 10:51:52,53.47112454,-2.2341788,3.79,38.934,51.384,0.0,,31,41,,
T,2026-04-14 10:51:53,53.47112434,-2.23417831,3.79,39.043,51.384,0.0,,31,41,,
T,2026-04-14 10:51:54,53.47112562,-2.2341769,3.79,39.143,51.384,0.19,331.0,31,40,,
T,2026-04-14 10:51:55,53.47112568,-2.23417581,3.79,39.16,51.384,0.0,,31,40,,
T,2026-04-14 10:51:56,53.4711256,-2.23417577,3.79,39.175,51.384,0.0,,31,40,,
T,2026-04-14 10:51:57,53.47112564,-2.23417555,3.79,39.203,51.384,0.0,,32,41,,
T,2026-04-14 10:51:58,53.47112787,-2.234174,3.79,39.446,51.384,0.18,331.0,32,41,,
T,2026-04-14 10:51:59,53.4711314,-2.23416697,3.79,39.271,51.384,0.54,331.0,31,41,,
T,2026-04-14 10:52:00,53.47113867,-2.23415428,3.79,39.488,51.384,1.14,45.0,30,41,,
T,2026-04-14 10:52:01,53.47114966,-2.23413777,3.79,39.536,51.384,1.39,42.0,30,41,,
T,2026-04-14 10:52:02,53.47116087,-2.23411908,3.79,39.526,51.384,1.49,46.0,30,41,,
T,2026-04-14 10:52:03,53.47117238,-2.23409912,3.79,39.633,51.384,1.61,45.0,30,41,,
T,2026-04-14 10:52:04,53.47118455,-2.23408161,3.79,39.573,51.384,1.57,40.0,29,41,,
T,2026-04-14 10:52:05,53.47119947,-2.23406767,3.79,39.626,51.384,1.52,26.0,29,40,,
T,2026-04-14 10:52:06,53.47121451,-2.2340633,3.79,39.862,51.384,1.44,359.0,29,41,,
T,2026-04-14 10:52:07,53.47122983,-2.23406889,3.79,39.899,51.384,1.58,337.0,30,42,,
T,2026-04-14 10:52:08,53.47124357,-2.23407864,3.79,40.104,51.384,1.55,326.0,31,42,,
T,2026-04-14 10:52:09,53.47125559,-2.23408859,3.79,40.232,51.384,1.41,327.0,32,42,,
T,2026-04-14 10:52:10,53.47126679,-2.23409956,3.79,40.198,51.384,1.42,325.0,33,42,,
T,2026-04-14 10:52:11,53.47127767,-2.23411161,3.79,40.097,51.384,1.43,325.0,33,41,,
T,2026-04-14 10:52:12,53.47127396,-2.23415478,3.79,41.15,51.384,3.01,262.0,33,41,,
T,2026-04-14 10:52:13,53.47130249,-2.23412471,3.93,41.197,51.384,1.12,343.0,33,42,,
T,2026-04-14 10:52:14,53.47131002,-2.23410569,4.09,41.223,51.384,1.36,54.0,38,42,,
T,2026-04-14 10:52:15,53.47131664,-2.23408464,3.79,41.306,51.384,1.47,67.0,38,42,,
T,2026-04-14 10:52:16,53.47132599,-2.23405761,4.57,41.272,51.384,1.68,57.0,21,42,,
T,2026-04-14 10:52:17,53.47132799,-2.23404287,4.2,41.853,51.384,0.98,65.0,23,42,,
T,2026-04-14 10:52:18,53.47133701,-2.23401065,4.44,41.64,51.384,1.47,51.0,25,42,,
T,2026-04-14 10:52:19,53.47133763,-2.23398829,4.43,40.814,51.384,1.26,78.0,29,42,,
T,2026-04-14 10:52:20,53.47133939,-2.23396783,4.59,40.563,51.384,1.23,82.0,31,42,,
T,2026-04-14 10:52:21,53.47134069,-2.23394361,4.64,39.385,51.384,1.31,83.0,31,42,,
T,2026-04-14 10:52:22,53.47134269,-2.23392139,5.07,39.54,51.384,1.28,82.0,31,42,,
T,2026-04-14 10:52:23,53.47134776,-2.23390849,4.72,38.79,51.384,0.93,76.0,30,42,,
T,2026-04-14 10:52:24,53.4713522,-2.23389273,4.48,39.398,51.384,0.89,77.0,32,42,,
T,2026-04-14 10:52:25,53.47135693,-2.23387418,4.87,39.34,51.384,1.3,78.0,31,42,,
T,2026-04-14 10:52:26,53.47136133,-2.23386077,4.48,39.008,51.384,0.84,81.0,31,42,,
T,2026-04-14 10:52:27,53.47136459,-2.23383932,4.6,39.041,51.384,1.38,74.0,31,42,,
T,2026-04-14 10:52:28,53.47137118,-2.23382616,4.64,38.494,51.384,1.03,72.0,31,42,,
T,2026-04-14 10:52:29,53.47137614,-2.23381167,5.74,38.514,51.384,1.09,73.0,31,41,,
T,2026-04-14 10:52:30,53.47138411,-2.23379451,4.92,37.663,51.384,1.12,74.0,31,41,,
T,2026-04-14 10:52:31,53.47139136,-2.23377788,4.58,37.275,51.384,1.06,66.0,30,41,,
T,2026-04-14 10:52:32,53.47139883,-2.23376286,4.53,36.696,51.383,1.02,69.0,29,41,,
T,2026-04-14 10:52:33,53.47140424,-2.23374569,4.76,36.655,51.383,1.02,74.0,28,41,,
T,2026-04-14 10:52:34,53.47140731,-2.233727,5.27,36.511,51.383,1.03,80.0,29,41,,
T,2026-04-14 10:52:35,53.47141424,-2.23371054,5.63,35.781,51.383,1.09,67.0,31,41,,
T,2026-04-14 10:52:36,53.47141942,-2.23369447,5.74,34.469,51.383,1.04,71.0,30,41,,
T,2026-04-14 10:52:37,53.47142379,-2.23367957,5.88,34.527,51.383,0.99,70.0,30,41,,
T,2026-04-14 10:52:38,53.47142918,-2.23366225,6.31,34.075,51.383,1.01,66.0,30,41,,
T,2026-04-14 10:52:39,53.4714353,-2.23364409,5.99,33.759,51.383,1.02,65.0,31,41,,
T,2026-04-14 10:52:40,53.47143923,-2.23363281,5.04,34.155,51.383,0.84,70.0,31,41,,
T,2026-04-14 10:52:41,53.4714423,-2.23361711,4.44,34.566,51.383,0.91,76.0,30,41,,
T,2026-04-14 10:52:42,53.47144936,-2.23359876,4.26,34.137,51.383,1.05,52.0,29,41,,
T,2026-04-14 10:52:43,53.4714558,-2.23358294,4.32,33.728,51.383,0.96,54.0,28,40,,
T,2026-04-14 10:52:44,53.47146692,-2.23356498,4.04,33.684,51.383,1.09,34.0,30,40,,
T,2026-04-14 10:52:45,53.47147705,-2.23355616,4.1,32.69,51.383,1.04,15.0,31,41,,
T,2026-04-14 10:52:46,53.47148566,-2.23354048,4.08,32.095,51.383,1.23,48.0,32,41,,
T,2026-04-14 10:52:47,53.4714907,-2.23352207,4.18,31.598,51.383,1.05,53.0,32,41,,
T,2026-04-14 10:52:48,53.47149387,-2.23349565,4.01,31.717,51.383,1.2,75.0,31,39,,
T,2026-04-14 10:52:49,53.47150111,-2.23347452,4.28,31.962,51.383,1.21,54.0,31,39,,
T,2026-04-14 10:52:50,53.47150556,-2.23344761,4.29,32.277,51.383,1.19,66.0,31,40,,
T,2026-04-14 10:52:51,53.47151008,-2.23342132,4.14,32.435,51.383,1.21,69.0,31,40,,
T,2026-04-14 10:52:52,53.47151545,-2.2333955,3.96,32.652,51.383,1.25,65.0,30,40,,
T,2026-04-14 10:52:53,53.47152112,-2.23336862,3.97,32.916,51.383,1.31,71.0,29,40,,
T,2026-04-14 10:52:54,53.47152763,-2.23334502,3.87,32.966,51.383,1.33,62.0,28,40,,
T,2026-04-14 10:52:55,53.47153602,-2.23332741,3.79,33.429,51.383,1.28,44.0,29,40,,
T,2026-04-14 10:52:56,53.47154383,-2.23330704,3.79,34.089,51.383,1.3,55.0,29,40,,
T,2026-04-14 10:52:57,53.47155001,-2.23328669,3.94,34.035,51.383,1.3,62.0,29,40,,
T,2026-04-14 10:52:58,53.47155781,-2.23326516,3.79,33.938,51.383,1.3,62.0,30,40,,
T,2026-04-14 10:52:59,53.47156585,-2.23324753,3.79,33.628,51.383,1.32,52.0,30,41,,
T,2026-04-14 10:53:00,53.4715748,-2.2332331,3.79,33.758,51.383,1.3,47.0,27,40,,
T,2026-04-14 10:53:01,53.4715828,-2.23321377,3.79,33.566,51.383,1.39,59.0,28,40,,
T,2026-04-14 10:53:02,53.47158903,-2.23319534,3.79,33.287,51.382,1.33,62.0,29,41,,
T,2026-04-14 10:53:03,53.47159456,-2.23317664,3.79,33.259,51.382,1.33,65.0,28,41,,
T,2026-04-14 10:53:04,53.47160156,-2.23315849,3.79,33.238,51.382,1.34,59.0,25,41,,
T,2026-04-14 10:53:05,53.47160996,-2.23314139,3.79,33.746,51.382,1.34,54.0,24,41,,
T,2026-04-14 10:53:06,53.4716165,-2.23312181,3.88,33.57,51.382,1.36,63.0,24,41,,
T,2026-04-14 10:53:07,53.47162484,-2.23310313,4.14,33.786,51.382,1.35,60.0,26,41,,
T,2026-04-14 10:53:08,53.47163278,-2.23308456,4.52,33.465,51.382,1.36,60.0,25,41,,
T,2026-04-14 10:53:09,53.47164013,-2.23306554,5.0,32.841,51.382,1.37,64.0,25,41,,
T,2026-04-14 10:53:10,53.47164446,-2.23304313,4.31,32.799,51.382,1.42,67.0,25,41,,
T,2026-04-14 10:53:11,53.47164826,-2.2330226,4.06,32.784,51.382,1.39,62.0,26,40,,
T,2026-04-14 10:53:12,53.4716515,-2.23300187,4.35,33.008,51.382,1.39,70.0,26,41,,
T,2026-04-14 10:53:13,53.47165833,-2.23298122,4.32,33.343,51.382,1.41,59.0,28,41,,
T,2026-04-14 10:53:14,53.47166437,-2.23296044,4.65,34.162,51.382,1.38,60.0,31,41,,
T,2026-04-14 10:53:15,53.47166919,-2.23293977,5.34,34.317,51.382,1.38,62.0,31,41,,
T,2026-04-14 10:53:16,53.47167284,-2.23292131,4.55,34.382,51.382,1.36,65.0,31,41,,
T,2026-04-14 10:53:17,53.47167571,-2.23289803,3.79,35.615,51.382,1.39,71.0,31,41,,
T,2026-04-14 10:53:18,53.47167977,-2.23287749,3.79,36.123,51.382,1.42,60.0,32,41,,
T,2026-04-14 10:53:19,53.47168484,-2.23285643,3.79,36.654,51.382,1.41,65.0,32,41,,
T,2026-04-14 10:53:20,53.47169028,-2.23283477,3.79,36.818,51.382,1.41,67.0,32,41,,
T,2026-04-14 10:53:21,53.47169764,-2.2328145,3.79,37.058,51.382,1.41,62.0,32,41,,
T,2026-04-14 10:53:22,53.47170423,-2.23279344,3.79,37.194,51.382,1.43,62.0,31,41,,
T,2026-04-14 10:53:23,53.47170835,-2.23277359,3.79,37.634,51.382,1.32,69.0,31,41,,
T,2026-04-14 10:53:24,53.47171251,-2.2327538,3.79,37.94,51.382,1.38,67.0,33,41,,
T,2026-04-14 10:53:25,53.47171615,-2.23273667,3.79,38.183,51.382,1.34,68.0,35,41,,
T,2026-04-14 10:53:26,53.47171993,-2.23271777,3.79,38.493,51.382,1.37,70.0,35,41,,
T,2026-04-14 10:53:27,53.4717225,-2.23269721,3.79,38.693,51.382,1.37,83.0,35,41,,
T,2026-04-14 10:53:28,53.47172557,-2.23267649,3.79,39.136,51.382,1.32,84.0,35,41,,
T,2026-04-14 10:53:29,53.47172771,-2.23265872,3.79,39.239,51.382,1.23,84.0,35,41,,
T,2026-04-14 10:53:30,53.47172907,-2.2326411,3.98,39.133,51.382,1.23,84.0,34,41,,
T,2026-04-14 10:53:31,53.47173476,-2.23262308,4.02,39.452,51.381,1.39,58.0,33,41,,
T,2026-04-14 10:53:32,53.47174021,-2.2326068,3.84,39.957,51.381,1.21,59.0,32,41,,
T,2026-04-14 10:53:33,53.47174558,-2.23259402,3.89,40.364,51.381,1.14,58.0,32,41,,
T,2026-04-14 10:53:34,53.47175142,-2.23257954,3.91,40.599,51.381,1.19,60.0,32,41,,
T,2026-04-14 10:53:35,53.47175788,-2.23256594,4.1,40.957,51.381,1.2,56.0,32,41,,
T,2026-04-14 10:53:36,53.47176233,-2.23254949,4.17,40.92,51.381,1.24,65.0,32,41,,
T,2026-04-14 10:53:37,53.47176648,-2.23253428,4.51,40.666,51.381,1.22,70.0,32,41,,
T,2026-04-14 10:53:38,53.4717687,-2.23251647,4.87,40.172,51.381,1.23,82.0,32,41,,
T,2026-04-14 10:53:39,53.47177263,-2.23249814,5.15,40.263,51.381,1.24,73.0,31,41,,
T,2026-04-14 10:53:40,53.471777,-2.2324783,5.33,40.254,51.381,1.18,72.0,30,41,,
T,2026-04-14 10:53:41,53.47178257,-2.23246077,5.44,40.431,51.381,1.26,61.0,31,41,,
T,2026-04-14 10:53:42,53.47178901,-2.23244243,5.67,40.45,51.381,1.25,60.0,31,41,,
T,2026-04-14 10:53:43,53.47179469,-2.23242398,5.95,40.668,51.381,1.28,66.0,33,41,,
T,2026-04-14 10:53:44,53.47179967,-2.23240631,6.59,40.412,51.381,1.28,66.0,33,41,,
T,2026-04-14 10:53:45,53.47180936,-2.23239113,3.8,39.92,51.381,1.32,53.0,33,41,,
T,2026-04-14 10:53:46,53.47181692,-2.23237273,3.81,40.921,51.381,1.36,60.0,33,41,,
T,2026-04-14 10:53:47,53.4718234,-2.23235645,3.79,40.667,51.381,1.28,60.0,33,41,,
T,2026-04-14 10:53:48,53.47182958,-2.23233888,3.97,40.419,51.381,1.31,61.0,33,41,,
T,2026-04-14 10:53:49,53.47183468,-2.23232207,3.79,40.178,51.381,1.3,61.0,32,41,,
T,2026-04-14 10:53:50,53.47183798,-2.23230246,3.79,39.991,51.381,1.42,63.0,32,41,,
T,2026-04-14 10:53:51,53.47184299,-2.23228444,3.79,40.384,51.381,1.39,63.0,32,41,,
T,2026-04-14 10:53:52,53.47184804,-2.2322671,3.79,40.375,51.381,1.3,64.0,31,41,,
T,2026-04-14 10:53:53,53.47185401,-2.23225124,3.94,40.46,51.381,1.31,63.0,31,41,,
T,2026-04-14 10:53:54,53.47186051,-2.23223508,3.79,40.27,51.381,1.25,63.0,31,41,,
T,2026-04-14 10:53:55,53.47186791,-2.23221889,3.79,40.109,51.381,1.32,64.0,33,41,,
T,2026-04-14 10:53:56,53.47187372,-2.23220099,3.79,40.153,51.381,1.31,68.0,33,40,,
T,2026-04-14 10:53:57,53.47188038,-2.23218372,3.79,39.799,51.381,1.33,61.0,33,40,,
T,2026-04-14 10:53:58,53.47188604,-2.23216482,3.79,39.636,51.381,1.34,67.0,33,40,,
T,2026-04-14 10:53:59,53.47189026,-2.23214635,3.79,39.402,51.381,1.25,72.0,34,40,,
T,2026-04-14 10:54:00,53.47189627,-2.23212771,3.79,39.381,51.381,1.35,64.0,34,40,,
T,2026-04-14 10:54:01,53.47189933,-2.23210663,3.79,39.594,51.381,1.36,73.0,31,40,,
T,2026-04-14 10:54:02,53.47190256,-2.23208643,3.79,39.737,51.381,1.35,72.0,31,39,,
T,2026-04-14 10:54:03,53.4719026,-2.23206572,3.79,39.13,51.38,1.39,80.0,31,39,,
T,2026-04-14 10:54:04,53.47190007,-2.23204418,3.79,39.099,51.38,1.44,86.0,32,40,,
T,2026-04-14 10:54:05,53.47190368,-2.23202336,3.79,38.889,51.38,1.49,71.0,33,40,,
T,2026-04-14 10:54:06,53.47190446,-2.23199986,3.79,38.877,51.38,1.41,89.0,31,40,,
T,2026-04-14 10:54:07,53.47190421,-2.2319775,3.79,38.924,51.38,1.43,98.0,31,40,,
T,2026-04-14 10:54:08,53.47190355,-2.2319536,3.79,38.63,51.38,1.47,89.0,32,40,,
T,2026-04-14 10:54:09,53.47190043,-2.23193078,3.79,38.321,51.38,1.42,84.0,32,40,,
T,2026-04-14 10:54:10,53.47190307,-2.23190942,3.79,38.069,51.38,1.42,73.0,32,40,,
T,2026-04-14 10:54:11,53.47190903,-2.23189178,3.89,38.171,51.38,1.39,63.0,32,40,,
T,2026-04-14 10:54:12,53.47191353,-2.23187354,4.01,38.226,51.38,1.36,70.0,32,40,,
T,2026-04-14 10:54:13,53.47191523,-2.23185361,4.3,38.121,51.38,1.36,79.0,31,40,,
T,2026-04-14 10:54:14,53.47191682,-2.23183427,4.19,38.125,51.38,1.3,73.0,29,40,,
T,2026-04-14 10:54:15,53.4719211,-2.23181611,4.09,37.922,51.38,1.31,68.0,30,40,,
T,2026-04-14 10:54:16,53.471925,-2.23179784,4.08,37.784,51.38,1.3,68.0,28,40,,
T,2026-04-14 10:54:17,53.47192873,-2.23178005,4.05,38.26,51.38,1.3,68.0,27,40,,
T,2026-04-14 10:54:18,53.47193084,-2.23175991,4.02,37.064,51.38,1.38,84.0,26,40,,
T,2026-04-14 10:54:19,53.47193761,-2.23174158,3.94,36.561,51.38,1.42,62.0,26,39,,
T,2026-04-14 10:54:20,53.47194303,-2.23172352,3.96,36.506,51.38,1.35,67.0,26,39,,
T,2026-04-14 10:54:21,53.47194801,-2.23170404,4.26,36.081,51.38,1.4,70.0,26,39,,
T,2026-04-14 10:54:22,53.4719553,-2.2316831,4.35,35.738,51.38,1.53,65.0,27,39,,
T,2026-04-14 10:54:23,53.47196039,-2.23165731,4.03,35.188,51.38,1.83,82.0,26,39,,
T,2026-04-14 10:54:24,53.47197111,-2.23163194,4.36,35.63,51.38,1.96,63.0,26,39,,
T,2026-04-14 10:54:25,53.47198007,-2.23160564,4.04,35.829,51.38,1.93,65.0,26,38,,
T,2026-04-14 10:54:26,53.47198837,-2.23158146,4.09,35.867,51.38,1.92,71.0,25,38,,
T,2026-04-14 10:54:27,53.47200038,-2.2315586,3.88,36.411,51.38,1.76,63.0,26,40,,
T,2026-04-14 10:54:28,53.47200682,-2.23152859,3.86,36.664,51.38,1.95,84.0,29,40,,
T,2026-04-14 10:54:29,53.4720118,-2.23150396,3.87,38.386,51.379,1.6,82.0,29,40,,
T,2026-04-14 10:54:30,53.472018,-2.23147777,4.06,39.071,51.379,1.72,86.0,29,40,,
T,2026-04-14 10:54:31,53.47202374,-2.23147702,3.93,38.164,51.379,0.19,91.0,29,40,,
T,2026-04-14 10:54:32,53.47200778,-2.2314585,4.03,40.237,51.379,1.85,149.0,29,40,,
T,2026-04-14 10:54:33,53.47200821,-2.23140891,4.12,40.932,51.379,3.43,87.0,29,40,,
T,2026-04-14 10:54:34,53.47202033,-2.23138584,4.24,40.938,51.379,1.88,56.0,29,40,,
T,2026-04-14 10:54:35,53.4720282,-2.23137498,3.92,40.144,51.379,1.66,71.0,29,40,,
T,2026-04-14 10:54:36,53.47203596,-2.23136634,3.92,40.325,51.379,1.29,63.0,31,40,,
T,2026-04-14 10:54:37,53.4720422,-2.2313621,3.79,38.978,51.379,1.25,91.0,30,40,,
T,2026-04-14 10:54:38,53.47205283,-2.2313565,3.79,39.146,51.379,1.2,80.0,31,40,,
T,2026-04-14 10:54:39,53.4720655,-2.2313465,3.79,38.513,51.379,1.21,73.0,32,40,,
T,2026-04-14 10:54:40,53.47207608,-2.23133172,3.79,38.607,51.379,1.33,64.0,31,39,,
T,2026-04-14 10:54:41,53.47208323,-2.23131267,3.79,38.335,51.379,1.46,68.0,31,39,,
T,2026-04-14 10:54:42,53.47209031,-2.23129351,3.86,38.062,51.379,1.46,63.0,31,40,,
T,2026-04-14 10:54:43,53.4720964,-2.23127441,3.79,37.674,51.379,1.44,64.0,31,40,,
T,2026-04-14 10:54:44,53.47210428,-2.23125626,3.79,37.681,51.379,1.43,59.0,29,40,,
T,2026-04-14 10:54:45,53.47211216,-2.23123785,3.86,37.396,51.379,1.42,61.0,27,40,,
T,2026-04-14 10:54:46,53.47212125,-2.23122255,3.79,36.656,51.379,1.42,67.0,27,40,,
T,2026-04-14 10:54:47,53.47212824,-2.23120473,3.79,36.611,51.379,1.42,65.0,28,40,,
T,2026-04-14 10:54:48,53.47213324,-2.23118509,3.79,36.273,51.379,1.43,73.0,29,40,,
T,2026-04-14 10:54:49,53.4721397,-2.23116609,3.79,35.6,51.379,1.43,64.0,29,40,,
T,2026-04-14 10:54:50,53.47214899,-2.23114882,3.79,35.367,51.379,1.42,59.0,29,40,,
T,2026-04-14 10:54:51,53.47215514,-2.2311303,3.79,35.411,51.379,1.4,64.0,30,40,,
T,2026-04-14 10:54:52,53.47216209,-2.23111206,3.79,35.602,51.379,1.39,64.0,30,40,,
T,2026-04-14 10:54:53,53.47216956,-2.23109415,3.79,35.343,51.379,1.38,66.0,28,40,,
T,2026-04-14 10:54:54,53.47217743,-2.23107742,3.79,35.689,51.379,1.38,57.0,28,40,,
T,2026-04-14 10:54:55,53.47218473,-2.23105981,3.79,35.419,51.379,1.36,61.0,27,40,,
T,2026-04-14 10:54:56,53.47219143,-2.23104177,3.82,35.306,51.379,1.36,61.0,27,40,,
T,2026-04-14 10:54:57,53.47219619,-2.23102038,3.79,35.619,51.379,1.3,62.0,27,39,,
T,2026-04-14 10:54:58,53.4722017,-2.2310001,3.79,35.29,51.379,1.36,63.0,31,39,,
T,2026-04-14 10:54:59,53.4722075,-2.23098001,3.79,36.076,51.379,1.3,68.0,31,39,,
T,2026-04-14 10:55:00,53.47221264,-2.23095917,3.79,36.244,51.379,1.35,64.0,31,38,,
T,2026-04-14 10:55:01,53.4722215,-2.23094495,3.79,36.435,51.379,1.34,62.0,31,38,,
T,2026-04-14 10:55:02,53.47222972,-2.2309307,3.79,36.317,51.379,1.27,66.0,32,39,,
T,2026-04-14 10:55:03,53.47224003,-2.23091601,3.79,36.311,51.378,1.28,62.0,32,39,,
T,2026-04-14 10:55:04,53.47224765,-2.23089762,3.79,36.658,51.378,1.36,63.0,32,39,,
T,2026-04-14 10:55:05,53.47225413,-2.23087988,3.79,36.881,51.378,1.35,58.0,32,39,,
T,2026-04-14 10:55:06,53.47225847,-2.23086066,3.79,36.882,51.378,1.37,66.0,32,40,,
T,2026-04-14 10:55:07,53.47226292,-2.2308417,3.79,36.697,51.378,1.39,63.0,31,40,,
T,2026-04-14 10:55:08,53.47226786,-2.23082338,3.79,36.577,51.378,1.35,61.0,31,40,,
T,2026-04-14 10:55:09,53.47227069,-2.23080453,3.79,36.67,51.378,1.39,77.0,31,40,,
T,2026-04-14 10:55:10,53.4722812,-2.23078873,3.79,37.472,51.378,1.63,42.0,30,40,,
T,2026-04-14 10:55:11,53.47229352,-2.2307818,3.79,37.266,51.378,1.43,19.0,31,40,,
T,2026-04-14 10:55:12,53.47230546,-2.23077443,3.79,37.58,51.378,1.34,22.0,33,40,,
T,2026-04-14 10:55:13,53.47231615,-2.23076463,3.79,37.602,51.378,1.35,31.0,34,40,,
T,2026-04-14 10:55:14,53.47232866,-2.23076039,3.79,38.046,51.378,1.41,12.0,35,40,,
T,2026-04-14 10:55:15,53.47234045,-2.23074727,3.79,38.231,51.378,1.44,36.0,34,39,,
T,2026-04-14 10:55:16,53.47234881,-2.23072839,3.79,37.581,51.378,1.41,55.0,34,39,,
T,2026-04-14 10:55:17,53.47236029,-2.23071502,3.79,37.33,51.378,1.42,34.0,34,40,,
T,2026-04-14 10:55:18,53.47237007,-2.23070116,3.79,36.94,51.378,1.37,43.0,33,40,,
T,2026-04-14 10:55:19,53.4723768,-2.23068183,3.79,36.432,51.378,1.4,59.0,33,40,,
T,2026-04-14 10:55:20,53.47238434,-2.23066333,3.79,35.833,51.378,1.35,59.0,30,40,,
T,2026-04-14 10:55:21,53.47238641,-2.23063997,3.79,35.33,51.378,1.51,87.0,31,40,,
T,2026-04-14 10:55:22,53.4723938,-2.2306204,3.79,34.835,51.378,1.46,64.0,32,40,,
T,2026-04-14 10:55:23,53.47239958,-2.2306023,3.79,35.482,51.378,1.35,66.0,32,40,,
T,2026-04-14 10:55:24,53.47240097,-2.23058398,3.79,34.642,51.378,1.38,63.0,29,40,,
T,2026-04-14 10:55:25,53.47240486,-2.23056552,3.79,34.678,51.378,1.34,64.0,27,38,,
T,2026-04-14 10:55:26,53.47241041,-2.23054739,3.79,34.454,51.378,1.34,66.0,26,38,,
T,2026-04-14 10:55:27,53.47241748,-2.23052863,3.79,33.661,51.378,1.35,63.0,25,38,,
T,2026-04-14 10:55:28,53.47242446,-2.23051046,3.79,33.485,51.378,1.35,65.0,25,38,,
T,2026-04-14 10:55:29,53.47243166,-2.23049322,3.79,33.436,51.378,1.37,56.0,25,38,,
T,2026-04-14 10:55:30,53.47243879,-2.23047521,3.91,33.255,51.378,1.36,61.0,25,38,,
T,2026-04-14 10:55:31,53.47244341,-2.23045541,4.01,33.934,51.378,1.38,74.0,26,38,,
T,2026-04-14 10:55:32,53.47244999,-2.23043653,4.38,33.292,51.378,1.4,61.0,26,38,,
T,2026-04-14 10:55:33,53.47245766,-2.23041926,4.66,33.268,51.378,1.37,56.0,25,38,,
T,2026-04-14 10:55:34,53.47246307,-2.23040091,5.35,33.137,51.378,1.37,61.0,25,39,,
T,2026-04-14 10:55:35,53.47247064,-2.23038306,5.7,32.574,51.378,1.36,60.0,25,39,,
T,2026-04-14 10:55:36,53.47247767,-2.23036442,6.15,31.71,51.378,1.37,66.0,25,38,,
T,2026-04-14 10:55:37,53.47248176,-2.23034459,6.8,31.448,51.377,1.38,78.0,25,38,,
T,2026-04-14 10:55:38,53.47248535,-2.23032196,3.79,33.833,51.377,1.4,78.0,25,40,,
T,2026-04-14 10:55:39,53.47249211,-2.23030223,3.8,33.69,51.377,1.41,61.0,25,40,,
T,2026-04-14 10:55:40,53.47249749,-2.23028324,3.79,33.269,51.377,1.36,74.0,25,39,,
T,2026-04-14 10:55:41,53.47250423,-2.23026546,3.79,33.031,51.377,1.37,63.0,25,39,,
T,2026-04-14 10:55:42,53.47250898,-2.2302449,3.79,33.511,51.377,1.35,67.0,25,40,,
T,2026-04-14 10:55:43,53.47251291,-2.23022441,3.79,33.748,51.377,1.35,68.0,30,40,,
T,2026-04-14 10:55:44,53.47252076,-2.23021038,3.79,34.336,51.377,1.4,52.0,30,39,,
T,2026-04-14 10:55:45,53.4725278,-2.23019304,3.79,34.312,51.377,1.42,61.0,30,39,,
T,2026-04-14 10:55:46,53.47253363,-2.23017483,3.79,34.128,51.377,1.38,65.0,31,40,,
T,2026-04-14 10:55:47,53.47254073,-2.2301573,3.79,34.531,51.377,1.33,64.0,32,40,,
T,2026-04-14 10:55:48,53.4725456,-2.2301385,3.79,34.225,51.377,1.37,54.0,34,40,,
T,2026-04-14 10:55:49,53.4725497,-2.23011579,3.79,34.327,51.377,1.37,61.0,34,39,,
T,2026-04-14 10:55:50,53.47255505,-2.23009539,3.79,33.977,51.377,1.36,65.0,34,39,,
T,2026-04-14 10:55:51,53.47256079,-2.23007509,3.79,34.619,51.377,1.26,68.0,34,38,,
T,2026-04-14 10:55:52,53.47256508,-2.23005329,3.79,34.93,51.377,1.31,80.0,34,38,,
T,2026-04-14 10:55:53,53.47256757,-2.23003028,3.79,35.048,51.377,1.3,84.0,33,37,,
T,2026-04-14 10:55:54,53.47257375,-2.23000985,3.79,36.296,51.377,1.29,79.0,32,38,,
T,2026-04-14 10:55:55,53.47258153,-2.22999038,3.79,36.424,51.377,1.38,65.0,33,38,,
T,2026-04-14 10:55:56,53.47258719,-2.22997114,3.79,35.779,51.377,1.34,69.0,33,38,,
T,2026-04-14 10:55:57,53.47259087,-2.22995064,3.79,35.213,51.377,1.37,79.0,33,38,,
T,2026-04-14 10:55:58,53.47258907,-2.22992901,3.79,35.152,51.377,1.37,96.0,32,38,,
T,2026-04-14 10:55:59,53.47258343,-2.22990727,3.79,34.767,51.377,1.37,108.0,29,38,,
T,2026-04-14 10:56:00,53.47257815,-2.22988691,3.79,34.845,51.377,1.34,111.0,30,38,,
T,2026-04-14 10:56:01,53.47257239,-2.22986598,3.79,35.131,51.377,1.33,112.0,30,38,,
T,2026-04-14 10:56:02,53.47256933,-2.22984751,3.79,35.232,51.377,1.33,104.0,31,38,,
T,2026-04-14 10:56:03,53.47256708,-2.22982826,3.79,35.118,51.377,1.31,101.0,33,38,,
T,2026-04-14 10:56:04,53.47257615,-2.22980634,3.79,35.365,51.377,1.6,64.0,33,38,,
T,2026-04-14 10:56:05,53.4725824,-2.22978711,3.79,35.66,51.376,1.31,67.0,33,38,,
T,2026-04-14 10:56:06,53.47258794,-2.22976911,3.79,35.606,51.376,1.31,66.0,34,38,,
T,2026-04-14 10:56:07,53.4725939,-2.22975086,3.79,35.1,51.376,1.32,65.0,34,38,,
T,2026-04-14 10:56:08,53.47259952,-2.22973173,3.79,34.566,51.376,1.32,68.0,33,39,,
T,2026-04-14 10:56:09,53.47260672,-2.22971348,3.79,34.13,51.376,1.33,64.0,31,39,,
T,2026-04-14 10:56:10,53.47261054,-2.22968834,3.79,35.636,51.376,1.3,64.0,31,39,,
T,2026-04-14 10:56:11,53.47261389,-2.22966496,9.94,35.679,51.376,1.35,75.0,34,40,,
T,2026-04-14 10:56:12,53.47262143,-2.22964554,9.94,35.557,51.376,1.46,51.0,35,40,,
T,2026-04-14 10:56:13,53.47262866,-2.22962612,9.94,36.202,51.376,1.36,59.0,35,40,,
T,2026-04-14 10:56:14,53.47263985,-2.22961333,9.94,35.945,51.376,1.38,45.0,35,40,,
T,2026-04-14 10:56:15,53.47265424,-2.22960772,9.94,36.29,51.376,1.47,19.0,34,40,,
T,2026-04-14 10:56:16,53.47266604,-2.22960055,9.94,36.153,51.376,1.31,24.0,33,40,,
T,2026-04-14 10:56:17,53.47267576,-2.22958922,9.94,36.622,51.376,1.35,38.0,32,39,,
T,2026-04-14 10:56:18,53.47268367,-2.2295777,9.94,36.666,51.376,1.3,43.0,32,39,,
T,2026-04-14 10:56:19,53.47269179,-2.22956259,9.94,36.931,51.376,1.36,64.0,33,39,,
T,2026-04-14 10:56:20,53.47270075,-2.22954918,9.94,36.988,51.376,1.35,48.0,33,39,,
T,2026-04-14 10:56:21,53.47270983,-2.22953562,3.79,36.313,51.376,1.32,55.0,33,39,,
T,2026-04-14 10:56:22,53.47271724,-2.22952253,3.79,36.386,51.376,1.27,57.0,33,39,,
T,2026-04-14 10:56:23,53.47272396,-2.22950812,3.79,36.631,51.376,1.31,60.0,34,40,,
T,2026-04-14 10:56:24,53.47273112,-2.22949158,3.79,35.866,51.376,1.3,61.0,34,40,,
T,2026-04-14 10:56:25,53.47273757,-2.22947449,3.94,35.721,51.376,1.3,63.0,34,40,,
T,2026-04-14 10:56:26,53.47274311,-2.22945652,4.03,35.752,51.376,1.32,67.0,35,40,,
T,2026-04-14 10:56:27,53.4727491,-2.22943912,4.15,36.084,51.376,1.33,60.0,36,40,,
T,2026-04-14 10:56:28,53.47275538,-2.22942149,4.13,36.156,51.376,1.33,60.0,35,40,,
T,2026-04-14 10:56:29,53.47276158,-2.22940382,4.5,36.354,51.376,1.33,61.0,33,40,,
T,2026-04-14 10:56:30,53.47276396,-2.2293838,4.38,36.099,51.376,1.34,76.0,33,40,,
T,2026-04-14 10:56:31,53.47276804,-2.22936483,4.51,36.171,51.376,1.33,70.0,33,40,,
T,2026-04-14 10:56:32,53.47277335,-2.22934603,4.3,35.712,51.376,1.34,66.0,32,40,,
T,2026-04-14 10:56:33,53.4727801,-2.22932463,3.87,35.459,51.376,1.3,76.0,33,40,,
T,2026-04-14 10:56:34,53.47278935,-2.22930617,3.88,35.904,51.376,1.41,54.0,32,40,,
T,2026-04-14 10:56:35,53.47279864,-2.22929045,3.96,35.926,51.376,1.3,48.0,32,40,,
T,2026-04-14 10:56:36,53.47280796,-2.22927651,3.92,36.531,51.376,1.27,44.0,32,40,,
T,2026-04-14 10:56:37,53.47281804,-2.22926533,3.88,36.487,51.376,1.29,35.0,33,40,,
T,2026-04-14 10:56:38,53.47282824,-2.22925559,3.86,36.529,51.376,1.28,29.0,32,40,,
T,2026-04-14 10:56:39,53.47283872,-2.22924613,3.9,36.297,51.376,1.27,34.0,32,40,,
T,2026-04-14 10:56:40,53.47285088,-2.22923791,3.83,35.914,51.376,1.27,28.0,33,40,,
T,2026-04-14 10:56:41,53.47286356,-2.22923093,3.79,35.494,51.376,1.24,32.0,33,40,,
T,2026-04-14 10:56:42,53.47287972,-2.22923049,3.79,35.064,51.376,1.46,3.0,33,40,,
T,2026-04-14 10:56:43,53.47289294,-2.229232,3.92,35.757,51.376,1.26,358.0,33,40,,
T,2026-04-14 10:56:44,53.47290529,-2.2292383,4.23,35.817,51.376,1.28,352.0,35,40,,
T,2026-04-14 10:56:45,53.47291675,-2.22925409,4.26,36.285,51.376,1.38,325.0,36,40,,
T,2026-04-14 10:56:46,53.47292883,-2.2292602,4.52,36.878,51.376,1.35,353.0,37,40,,
T,2026-04-14 10:56:47,53.47293811,-2.22926937,4.94,37.686,51.376,1.26,333.0,37,40,,
T,2026-04-14 10:56:48,53.47294651,-2.22928047,3.82,38.196,51.376,1.13,323.0,36,40,,
T,2026-04-14 10:56:49,53.47295408,-2.22929136,3.91,38.283,51.376,1.13,322.0,34,40,,
T,2026-04-14 10:56:50,53.47296067,-2.22930334,4.03,38.065,51.376,1.11,315.0,36,40,,
T,2026-04-14 10:56:51,53.47296779,-2.22931546,4.0,37.165,51.376,1.14,316.0,36,40,,
T,2026-04-14 10:56:52,53.47297351,-2.22932889,3.93,36.693,51.376,1.11,311.0,36,40,,
T,2026-04-14 10:56:53,53.47298069,-2.22934186,4.08,36.458,51.376,1.14,323.0,36,40,,
T,2026-04-14 10:56:54,53.47298946,-2.22935238,4.4,36.208,51.376,1.14,327.0,36,40,,
T,2026-04-14 10:56:55,53.47299809,-2.22936496,3.79,34.779,51.376,1.17,328.0,35,40,,
T,2026-04-14 10:56:56,53.47300522,-2.22937582,3.79,34.327,51.376,1.18,336.0,36,40,,
T,2026-04-14 10:56:57,53.47301297,-2.22938744,3.79,34.376,51.376,1.23,323.0,37,39,,
T,2026-04-14 10:56:58,53.47302043,-2.22940335,3.79,34.937,51.376,1.21,319.0,36,39,,
T,2026-04-14 10:56:59,53.47302944,-2.22942071,3.79,33.75,51.376,1.22,319.0,37,39,,
T,2026-04-14 10:57:00,53.47303716,-2.22943701,3.79,33.347,51.376,1.24,322.0,37,39,,
T,2026-04-14 10:57:01,53.47304451,-2.22945424,3.79,32.897,51.376,1.26,331.0,36,39,,
T,2026-04-14 10:57:02,53.47305196,-2.22946892,3.79,33.855,51.376,1.23,331.0,35,39,,
T,2026-04-14 10:57:03,53.4730613,-2.22948081,3.79,33.797,51.376,1.27,327.0,35,39,,
T,2026-04-14 10:57:04,53.47307064,-2.22949281,3.79,33.713,51.376,1.27,325.0,35,39,,
T,2026-04-14 10:57:05,53.47307975,-2.22950509,3.79,33.561,51.376,1.26,324.0,34,39,,
T,2026-04-14 10:57:06,53.47308874,-2.22951706,3.79,32.847,51.376,1.22,333.0,34,39,,
T,2026-04-14 10:57:07,53.47309709,-2.22953232,3.79,31.426,51.376,1.28,322.0,35,39,,
T,2026-04-14 10:57:08,53.47310761,-2.22955137,3.79,31.118,51.376,1.26,318.0,34,39,,
T,2026-04-14 10:57:09,53.47311823,-2.22956735,3.79,31.665,51.376,1.26,322.0,34,39,,
T,2026-04-14 10:57:10,53.47312757,-2.22957969,3.79,32.272,51.376,1.23,324.0,33,39,,
T,2026-04-14 10:57:11,53.47313622,-2.22959182,3.79,32.841,51.376,1.24,325.0,34,39,,
T,2026-04-14 10:57:12,53.47314396,-2.22960426,3.79,32.4,51.376,1.23,319.0,35,39,,
T,2026-04-14 10:57:13,53.47315185,-2.22961709,3.79,32.601,51.376,1.25,326.0,35,39,,
T,2026-04-14 10:57:14,53.47316114,-2.22963156,3.79,33.495,51.376,1.27,316.0,34,39,,
T,2026-04-14 10:57:15,53.47317202,-2.2296435,3.79,33.645,51.376,1.31,333.0,34,39,,
T,2026-04-14 10:57:16,53.47318376,-2.22965406,3.79,33.131,51.376,1.25,338.0,34,39,,
T,2026-04-14 10:57:17,53.4731957,-2.22966731,3.79,33.313,51.376,1.29,322.0,35,39,,
T,2026-04-14 10:57:18,53.47320546,-2.22968205,3.79,32.983,51.376,1.27,319.0,33,39,,
T,2026-04-14 10:57:19,53.47321729,-2.22969311,3.79,33.613,51.376,1.28,332.0,32,39,,
T,2026-04-14 10:57:20,53.47322726,-2.22970843,3.79,33.514,51.376,1.29,318.0,30,40,,
T,2026-04-14 10:57:21,53.47323755,-2.22972113,3.79,33.859,51.377,1.28,334.0,32,40,,
T,2026-04-14 10:57:22,53.47324877,-2.22973355,3.79,33.966,51.377,1.25,338.0,33,41,,
T,2026-04-14 10:57:23,53.47325805,-2.2297498,3.79,33.795,51.377,1.28,324.0,32,41,,
T,2026-04-14 10:57:24,53.47326604,-2.22976645,3.79,33.971,51.377,1.3,310.0,32,41,,
T,2026-04-14 10:57:25,53.47327643,-2.22977967,3.79,34.12,51.377,1.29,321.0,32,41,,
T,2026-04-14 10:57:26,53.47328645,-2.2297918,3.79,33.642,51.377,1.26,320.0,33,41,,
T,2026-04-14 10:57:27,53.47329788,-2.22980079,3.79,33.191,51.377,1.28,330.0,31,41,,
T,2026-04-14 10:57:28,53.47331356,-2.22979278,3.79,34.298,51.377,1.95,20.0,29,40,,
T,2026-04-14 10:57:29,53.47332851,-2.22978373,3.79,33.685,51.377,1.28,0.0,30,40,,
T,2026-04-14 10:57:30,53.47334139,-2.22979143,3.79,34.109,51.377,1.41,334.0,29,39,,
T,2026-04-14 10:57:31,53.47334867,-2.22979248,3.79,34.733,51.377,0.0,,29,39,,
T,2026-04-14 10:57:32,53.47336137,-2.22979733,3.79,36.961,51.377,1.22,349.0,29,39,,
T,2026-04-14 10:57:33,53.47337372,-2.22980359,3.79,37.953,51.377,1.24,338.0,29,39,,
T,2026-04-14 10:57:34,53.4733835,-2.22981264,3.79,38.532,51.377,1.24,327.0,30,39,,
T,2026-04-14 10:57:35,53.47338244,-2.2298128,3.79,38.274,51.377,0.0,,30,40,,
T,2026-04-14 10:57:36,53.47338644,-2.22982648,3.79,38.887,51.377,1.12,310.0,30,40,,
T,2026-04-14 10:57:37,53.47338613,-2.22982988,3.79,38.905,51.377,0.0,,30,41,,
T,2026-04-14 10:57:38,53.47338577,-2.22983012,3.79,38.901,51.377,0.0,,32,41,,
T,2026-04-14 10:57:39,53.47338562,-2.22983028,3.79,38.875,51.377,0.0,,31,41,,
T,2026-04-14 10:57:40,53.47338558,-2.22983572,3.79,38.655,51.377,0.38,307.0,29,41,,
T,2026-04-14 10:57:41,53.47338515,-2.22983658,3.79,38.642,51.377,0.0,,29,40,,
T,2026-04-14 10:57:42,53.47338503,-2.22983661,3.79,38.633,51.377,0.0,,29,40,,
T,2026-04-14 10:57:43,53.4733879,-2.22983794,3.79,38.595,51.377,0.43,307.0,28,40,,
T,2026-04-14 10:57:44,53.47339075,-2.22983694,3.79,38.207,51.377,0.27,307.0,28,40,,
T,2026-04-14 10:57:45,53.47339156,-2.22983183,3.79,37.933,51.377,0.32,307.0,29,39,,
T,2026-04-14 10:57:46,53.47338923,-2.2298261,3.79,37.73,51.377,0.31,307.0,31,39,,
T,2026-04-14 10:57:47,53.47337699,-2.22982087,3.79,36.405,51.377,0.65,307.0,31,38,,
T,2026-04-14 10:57:48,53.47336778,-2.22981742,3.79,35.415,51.377,0.3,307.0,32,38,,
T,2026-04-14 10:57:49,53.47335989,-2.22981547,3.79,35.432,51.377,0.31,307.0,32,38,,
T,2026-04-14 10:57:50,53.47335348,-2.22981088,3.79,35.706,51.377,0.44,307.0,31,38,,
T,2026-04-14 10:57:51,53.47334502,-2.2298056,3.79,35.13,51.377,0.65,307.0,30,38,,
T,2026-04-14 10:57:52,53.47333425,-2.22978699,3.79,35.044,51.377,1.48,127.0,30,38,,
T,2026-04-14 10:57:53,53.47332483,-2.22976818,3.79,34.684,51.377,1.28,128.0,31,38,,
T,2026-04-14 10:57:54,53.47331466,-2.2297585,3.79,34.161,51.377,0.89,143.0,31,38,,
T,2026-04-14 10:57:55,53.47330173,-2.22975293,3.79,34.426,51.377,1.14,158.0,32,39,,
T,2026-04-14 10:57:56,53.47328875,-2.22974107,3.79,34.802,51.377,1.43,137.0,32,39,,
T,2026-04-14 10:57:57,53.47328015,-2.22972561,3.79,34.935,51.377,1.22,128.0,32,39,,
T,2026-04-14 10:57:58,53.47327084,-2.22971221,3.79,34.992,51.377,1.24,137.0,32,39,,
T,2026-04-14 10:57:59,53.47325992,-2.22970278,3.79,34.67,51.376,1.24,151.0,32,39,,
T,2026-04-14 10:58:00,53.4732493,-2.22969167,3.79,34.588,51.376,1.23,139.0,33,39,,
T,2026-04-14 10:58:01,53.47324057,-2.22967924,3.79,34.567,51.376,1.21,137.0,33,39,,
T,2026-04-14 10:58:02,53.4732308,-2.22966999,3.79,34.946,51.376,1.12,157.0,33,39,,
T,2026-04-14 10:58:03,53.47322182,-2.22965507,3.79,34.366,51.376,1.31,135.0,32,39,,
T,2026-04-14 10:58:04,53.47321238,-2.22964275,3.79,34.575,51.376,1.21,144.0,32,39,,
T,2026-04-14 10:58:05,53.4732029,-2.22963197,3.79,34.682,51.376,1.21,143.0,31,39,,
T,2026-04-14 10:58:06,53.47319322,-2.22962021,3.79,34.343,51.376,1.2,141.0,29,39,,
T,2026-04-14 10:58:07,53.47318299,-2.22960923,3.79,34.35,51.376,1.2,144.0,29,39,,
T,2026-04-14 10:58:08,53.47317378,-2.22959626,3.79,34.319,51.376,1.22,138.0,28,40,,
T,2026-04-14 10:58:09,53.47316544,-2.22958227,3.79,33.885,51.376,1.21,132.0,30,39,,
T,2026-04-14 10:58:10,53.47315538,-2.22957045,3.79,33.655,51.376,1.22,143.0,30,39,,
T,2026-04-14 10:58:11,53.47314502,-2.22956017,3.79,33.559,51.376,1.23,148.0,30,39,,
T,2026-04-14 10:58:12,53.47313495,-2.22954897,3.79,33.256,51.376,1.25,145.0,30,39,,
T,2026-04-14 10:58:13,53.47312634,-2.22953611,3.79,32.916,51.376,1.21,139.0,28,40,,
T,2026-04-14 10:58:14,53.47311578,-2.22952493,3.79,32.577,51.376,1.27,149.0,30,40,,
T,2026-04-14 10:58:15,53.47310494,-2.22951622,3.86,32.26,51.376,1.22,156.0,30,41,,
T,2026-04-14 10:58:16,53.47309432,-2.22950324,3.79,31.862,51.376,1.32,145.0,30,41,,
T,2026-04-14 10:58:17,53.47308435,-2.22949063,3.94,31.496,51.376,1.24,147.0,31,41,,
T,2026-04-14 10:58:18,53.47307363,-2.22948051,4.21,31.125,51.376,1.25,149.0,34,41,,
T,2026-04-14 10:58:19,53.47306279,-2.22947185,3.97,31.063,51.376,1.29,155.0,34,41,,
T,2026-04-14 10:58:20,53.47305293,-2.22946073,4.2,31.217,51.376,1.3,148.0,33,41,,
T,2026-04-14 10:58:21,53.47304211,-2.22945038,4.18,31.236,51.376,1.34,148.0,33,41,,
T,2026-04-14 10:58:22,53.47303088,-2.22944105,4.05,30.811,51.376,1.32,147.0,32,41,,
T,2026-04-14 10:58:23,53.47302104,-2.22943004,4.31,30.766,51.376,1.28,143.0,32,40,,
T,2026-04-14 10:58:24,53.47301105,-2.22941953,4.58,30.386,51.376,1.27,142.0,31,40,,
T,2026-04-14 10:58:25,53.4730005,-2.22941057,4.83,30.101,51.376,1.24,145.0,31,40,,
T,2026-04-14 10:58:26,53.47298968,-2.2293994,5.12,29.59,51.376,1.29,146.0,31,39,,
T,2026-04-14 10:58:27,53.4729798,-2.22938675,5.13,29.425,51.376,1.33,141.0,30,40,,
T,2026-04-14 10:58:28,53.47296974,-2.22937688,5.32,29.311,51.376,1.27,149.0,30,40,,
T,2026-04-14 10:58:29,53.47295984,-2.22936798,5.19,28.868,51.376,1.26,147.0,29,40,,
T,2026-04-14 10:58:30,53.47295156,-2.22935486,3.79,29.33,51.376,1.24,142.0,29,39,,
T,2026-04-14 10:58:31,53.47294279,-2.22933999,3.79,29.905,51.376,1.26,142.0,29,39,,
T,2026-04-14 10:58:32,53.47293269,-2.22932357,3.79,30.741,51.376,1.25,146.0,32,40,,
T,2026-04-14 10:58:33,53.47292352,-2.22930941,3.79,31.624,51.376,0.71,146.0,34,40,,
T,2026-04-14 10:58:34,53.47291186,-2.22929066,3.79,32.142,51.376,1.41,145.0,35,40,,
T,2026-04-14 10:58:35,53.47289985,-2.22927276,3.79,32.415,51.376,1.45,146.0,35,39,,
T,2026-04-14 10:58:36,53.47288822,-2.22925791,3.79,33.015,51.376,1.36,147.0,35,39,,
T,2026-04-14 10:58:37,53.47287553,-2.22924525,3.79,33.579,51.376,1.42,159.0,35,40,,
T,2026-04-14 10:58:38,53.47286225,-2.22923797,3.79,34.002,51.376,1.34,171.0,35,39,,
T,2026-04-14 10:58:39,53.47284995,-2.22923107,3.79,34.342,51.376,1.33,168.0,35,40,,
T,2026-04-14 10:58:40,53.47283925,-2.22921269,3.79,34.739,51.376,1.49,140.0,35,40,,
T,2026-04-14 10:58:41,53.47283075,-2.2291917,3.79,35.002,51.375,1.47,126.0,35,39,,
T,2026-04-14 10:58:42,53.47282445,-2.22917102,3.79,35.257,51.375,1.37,121.0,35,39,,
T,2026-04-14 10:58:43,53.47281918,-2.22915277,3.79,34.977,51.375,1.32,120.0,35,40,,
T,2026-04-14 10:58:44,53.4728277,-2.22912478,3.79,34.782,51.375,2.17,69.0,35,40,,
T,2026-04-14 10:58:45,53.47283455,-2.22910816,3.79,35.328,51.375,1.31,68.0,34,39,,
T,2026-04-14 10:58:46,53.47282776,-2.22908688,3.79,35.454,51.375,1.56,110.0,34,39,,
T,2026-04-14 10:58:47,53.47281878,-2.22906909,3.79,35.383,51.375,1.4,128.0,34,39,,
T,2026-04-14 10:58:48,53.47281639,-2.22906733,3.79,35.192,51.375,0.0,,34,39,,
T,2026-04-14 10:58:49,53.4728161,-2.22907146,3.79,35.191,51.375,0.0,,35,39,,
T,2026-04-14 10:58:50,53.47281503,-2.2290409,3.79,35.886,51.375,2.25,92.0,35,40,,
T,2026-04-14 10:58:51,53.47281988,-2.2290185,3.79,36.285,51.375,1.54,68.0,35,40,,
T,2026-04-14 10:58:52,53.47282696,-2.22900406,3.79,36.462,51.375,1.22,60.0,34,40,,
T,2026-04-14 10:58:53,53.47283394,-2.22898844,3.79,36.877,51.375,1.25,58.0,33,39,,
T,2026-04-14 10:58:54,53.47284408,-2.22897307,3.79,36.83,51.375,1.4,44.0,34,39,,
T,2026-04-14 10:58:55,53.47285533,-2.22896038,3.79,37.232,51.375,1.36,36.0,34,38,,
T,2026-04-14 10:58:56,53.47286557,-2.22895185,3.79,37.407,51.375,1.25,29.0,33,38,,
T,2026-04-14 10:58:57,53.4728784,-2.22894888,3.79,36.409,51.375,1.4,11.0,32,38,,
T,2026-04-14 10:58:58,53.47288936,-2.22894917,3.79,36.811,51.375,1.21,6.0,32,38,,
T,2026-04-14 10:58:59,53.47289808,-2.22894993,3.79,37.33,51.375,1.25,7.0,33,38,,
T,2026-04-14 10:59:00,53.472874,-2.22895412,3.79,35.66,51.375,0.0,,33,38,,
T,2026-04-14 10:59:01,53.47286733,-2.22895523,3.79,35.658,51.375,0.0,,33,38,,
T,2026-04-14 10:59:02,53.47286567,-2.22895551,3.79,35.656,51.375,0.0,,33,38,,
T,2026-04-14 10:59:03,53.47286527,-2.22895562,3.79,35.66,51.375,0.0,,31,38,,
T,2026-04-14 10:59:04,53.47286511,-2.22895561,3.79,35.669,51.375,0.0,,31,38,,
T,2026-04-14 10:59:05,53.47286504,-2.22895557,3.79,35.681,51.375,0.0,,30,37,,
T,2026-04-14 10:59:06,53.47286496,-2.22895558,3.79,35.65,51.375,0.0,,30,37,,
T,2026-04-14 10:59:07,53.47286519,-2.22895565,3.79,35.647,51.375,0.0,,29,37,,
T,2026-04-14 10:59:08,53.47286531,-2.22895551,3.79,35.682,51.375,0.0,,29,37,,
T,2026-04-14 10:59:09,53.47286614,-2.22895575,3.79,35.772,51.375,0.0,,30,37,,
T,2026-04-14 10:59:10,53.47286981,-2.22895665,3.79,36.445,51.375,0.0,,32,37,,
T,2026-04-14 10:59:11,53.47287307,-2.22895661,3.79,37.115,51.375,0.21,7.0,32,37,,
T,2026-04-14 10:59:12,53.47287608,-2.22895697,3.79,37.156,51.375,0.15,7.0,34,36,,
T,2026-04-14 10:59:13,53.4728803,-2.22896077,3.79,37.222,51.375,0.0,,34,36,,
T,2026-04-14 10:59:14,53.47288717,-2.22895725,3.79,37.23,51.375,0.51,7.0,33,36,,
T,2026-04-14 10:59:15,53.47289607,-2.22894186,3.79,37.314,51.375,1.08,54.0,33,36,,
T,2026-04-14 10:59:16,53.47290603,-2.22892684,3.79,36.992,51.375,0.98,40.0,35,36,,
T,2026-04-14 10:59:17,53.47291586,-2.22891531,3.79,36.923,51.375,0.91,48.0,35,36,,
T,2026-04-14 10:59:18,53.47292526,-2.22889979,3.79,37.026,51.375,1.19,53.0,34,36,,
T,2026-04-14 10:59:19,53.47293506,-2.22888338,3.79,37.379,51.375,1.2,59.0,32,35,,
T,2026-04-14 10:59:20,53.47293365,-2.22886231,3.79,36.548,51.375,1.47,106.0,30,34,,
T,2026-04-14 10:59:21,53.47292952,-2.22884599,3.79,36.392,51.375,1.23,113.0,30,34,,
T,2026-04-14 10:59:22,53.47293063,-2.22883214,4.58,35.87,51.375,1.13,97.0,28,34,,
T,2026-04-14 10:59:23,53.47293958,-2.2288181,4.33,35.026,51.375,1.2,68.0,28,35,,
T,2026-04-14 10:59:24,53.4729565,-2.22881228,4.4,35.086,51.375,1.26,27.0,27,34,,
T,2026-04-14 10:59:25,53.47297093,-2.22881827,4.66,34.597,51.375,0.92,358.0,28,34,,
T,2026-04-14 10:59:26,53.47298103,-2.22883222,4.32,34.031,51.375,0.95,339.0,25,35,,
T,2026-04-14 10:59:27,53.47298795,-2.2288495,4.39,33.294,51.375,0.97,323.0,24,37,,
T,2026-04-14 10:59:28,53.47299275,-2.22887157,4.45,32.076,51.375,0.98,311.0,24,37,,
T,2026-04-14 10:59:29,53.47300155,-2.22888344,4.59,31.521,51.375,1.03,332.0,24,37,,
T,2026-04-14 10:59:30,53.47301273,-2.2288852,4.49,31.283,51.375,1.02,351.0,24,37,,
T,2026-04-14 10:59:31,53.47302431,-2.22888368,4.4,31.095,51.375,1.0,357.0,24,37,,
T,2026-04-14 10:59:32,53.47303495,-2.22888355,4.3,31.031,51.375,1.03,354.0,23,37,,
T,2026-04-14 10:59:33,53.47304504,-2.22888513,4.25,31.26,51.375,1.05,348.0,23,37,,
T,2026-04-14 10:59:34,53.47305583,-2.22889204,3.95,30.909,51.375,1.1,339.0,22,37,,
T,2026-04-14 10:59:35,53.47306881,-2.2288989,3.79,30.946,51.375,1.15,346.0,22,36,,
T,2026-04-14 10:59:36,53.47308024,-2.22890519,3.79,31.126,51.375,1.13,338.0,22,36,,
T,2026-04-14 10:59:37,53.47309159,-2.22891333,3.79,31.249,51.375,1.14,338.0,22,36,,
T,2026-04-14 10:59:38,53.47310187,-2.22892318,3.79,30.886,51.375,1.13,332.0,23,36,,
T,2026-04-14 10:59:39,53.47311215,-2.22893259,3.79,30.555,51.375,1.14,334.0,23,36,,
T,2026-04-14 10:59:40,53.47312243,-2.22894193,3.79,30.709,51.375,1.12,329.0,24,36,,
T,2026-04-14 10:59:41,53.47313168,-2.22895272,3.79,30.748,51.375,1.11,326.0,23,37,,
T,2026-04-14 10:59:42,53.47314228,-2.22896162,3.79,31.299,51.375,1.16,341.0,23,37,,
T,2026-04-14 10:59:43,53.47315336,-2.22897326,3.86,31.031,51.375,1.17,344.0,24,39,,
T,2026-04-14 10:59:44,53.47316408,-2.2289822,3.79,31.392,51.375,1.16,345.0,28,39,,
T,2026-04-14 10:59:45,53.47317526,-2.228999,3.79,30.9,51.375,1.24,330.0,29,40,,
T,2026-04-14 10:59:46,53.47318553,-2.22902473,3.79,32.36,51.375,1.16,347.0,31,40,,
T,2026-04-14 10:59:47,53.47319459,-2.22905258,3.79,32.364,51.375,1.21,339.0,32,40,,
T,2026-04-14 10:59:48,53.47320385,-2.2290708,3.79,33.091,51.375,1.26,346.0,33,40,,
T,2026-04-14 10:59:49,53.4732102,-2.22908986,3.79,34.674,51.375,1.19,344.0,35,40,,
T,2026-04-14 10:59:50,53.47321447,-2.22910899,3.79,35.427,51.375,1.01,326.0,34,40,,
T,2026-04-14 10:59:51,53.47321989,-2.22912497,3.79,35.648,51.375,1.07,332.0,35,40,,
T,2026-04-14 10:59:52,53.47322614,-2.22914279,3.79,35.807,51.375,1.1,332.0,35,40,,
T,2026-04-14 10:59:53,53.47323264,-2.22915841,3.79,35.705,51.375,1.08,320.0,34,39,,
T,2026-04-14 10:59:54,53.47324033,-2.22916957,3.79,35.578,51.376,1.07,327.0,34,39,,
T,2026-04-14 10:59:55,53.47324722,-2.22918075,3.79,35.829,51.376,1.06,321.0,34,39,,
T,2026-04-14 10:59:56,53.47325585,-2.22918192,3.79,36.506,51.376,1.06,337.0,34,39,,
T,2026-04-14 10:59:57,53.47326473,-2.22918547,3.79,36.537,51.376,1.04,340.0,34,38,,
T,2026-04-14 10:59:58,53.47327567,-2.22919274,3.79,36.781,51.376,1.15,345.0,33,38,,
T,2026-04-14 10:59:59,53.4732856,-2.22919818,3.79,36.916,51.376,1.05,344.0,31,38,,
T,2026-04-14 11:00:00,53.47329655,-2.22920587,3.79,36.8,51.376,1.09,343.0,33,38,,
T,2026-04-14 11:00:01,53.47330609,-2.2292149,3.79,37.033,51.376,1.06,339.0,31,38,,
T,2026-04-14 11:00:02,53.47331556,-2.22922129,3.79,37.04,51.376,1.03,342.0,32,38,,
T,2026-04-14 11:00:03,53.47332493,-2.22922834,3.79,36.608,51.376,1.02,340.0,33,38,,
T,2026-04-14 11:00:04,53.47333398,-2.22923398,3.79,36.426,51.376,1.04,353.0,33,38,,
T,2026-04-14 11:00:05,53.47334419,-2.22924248,3.79,36.489,51.376,1.19,341.0,34,38,,
T,2026-04-14 11:00:06,53.47335433,-2.2292517,3.79,36.327,51.376,1.11,341.0,33,39,,
T,2026-04-14 11:00:07,53.47336625,-2.22925561,3.79,36.988,51.376,1.23,3.0,33,39,,
T,2026-04-14 11:00:08,53.47337809,-2.22925303,3.79,36.371,51.376,1.27,20.0,33,39,,
T,2026-04-14 11:00:09,53.47338837,-2.22925658,3.79,36.139,51.376,1.06,353.0,32,39,,
T,2026-04-14 11:00:10,53.47339985,-2.22926166,3.79,35.877,51.376,1.13,348.0,34,39,,
T,2026-04-14 11:00:11,53.47341105,-2.22926686,3.79,35.631,51.376,1.12,351.0,31,38,,
T,2026-04-14 11:00:12,53.47342211,-2.22927058,3.79,35.839,51.376,1.12,355.0,30,38,,
T,2026-04-14 11:00:13,53.47343357,-2.22927317,3.79,35.893,51.376,1.14,359.0,31,38,,
T,2026-04-14 11:00:14,53.47344516,-2.22927106,3.79,36.087,51.376,1.23,16.0,31,38,,
T,2026-04-14 11:00:15,53.47345754,-2.22927454,3.79,36.175,51.376,1.23,355.0,31,39,,
T,2026-04-14 11:00:16,53.47346968,-2.22927592,3.79,36.539,51.376,1.17,3.0,31,39,,
T,2026-04-14 11:00:17,53.4734825,-2.2292712,3.79,37.737,51.376,1.25,13.0,33,39,,
T,2026-04-14 11:00:18,53.47349327,-2.22926945,3.79,37.981,51.376,1.14,14.0,31,39,,
T,2026-04-14 11:00:19,53.47350794,-2.22931438,3.79,37.844,51.376,3.81,299.0,33,38,,
T,2026-04-14 11:00:20,53.47351605,-2.22932742,3.79,37.82,51.376,1.29,328.0,33,38,,
T,2026-04-14 11:00:21,53.47352447,-2.22933248,3.79,37.759,51.376,1.15,334.0,34,39,,
T,2026-04-14 11:00:22,53.47353491,-2.22933703,3.79,38.196,51.376,1.14,346.0,34,38,,
T,2026-04-14 11:00:23,53.47354301,-2.22934611,3.79,37.964,51.376,1.12,332.0,34,38,,
T,2026-04-14 11:00:24,53.47355293,-2.22934804,3.79,37.753,51.376,1.17,347.0,34,38,,
T,2026-04-14 11:00:25,53.47356342,-2.2293478,3.79,37.65,51.376,1.16,355.0,34,39,,
T,2026-04-14 11:00:26,53.47357407,-2.22934737,3.79,37.757,51.376,1.16,359.0,33,39,,
T,2026-04-14 11:00:27,53.47358531,-2.22934484,3.79,37.589,51.376,1.18,6.0,34,39,,
T,2026-04-14 11:00:28,53.47359593,-2.22934382,9.94,37.287,51.376,1.15,356.0,34,40,,
T,2026-04-14 11:00:29,53.4736057,-2.22934241,9.94,37.621,51.376,1.13,2.0,35,40,,
T,2026-04-14 11:00:30,53.47361489,-2.2293392,9.94,37.708,51.376,1.13,1.0,35,40,,
T,2026-04-14 11:00:31,53.47362615,-2.22933942,9.94,38.24,51.376,1.18,342.0,34,40,,
T,2026-04-14 11:00:32,53.47363633,-2.22933755,9.94,37.52,51.376,1.11,340.0,34,40,,
T,2026-04-14 11:00:33,53.47364491,-2.22934183,9.94,37.77,51.376,1.13,332.0,33,39,,
T,2026-04-14 11:00:34,53.47365696,-2.22933525,9.94,37.198,51.376,1.39,8.0,32,39,,
T,2026-04-14 11:00:35,53.47366776,-2.22933214,9.94,37.109,51.376,1.17,354.0,32,39,,
T,2026-04-14 11:00:36,53.47367865,-2.22933424,9.94,37.181,51.376,1.14,349.0,32,39,,
T,2026-04-14 11:00:37,53.47368941,-2.22934099,9.94,37.462,51.376,1.17,337.0,32,39,,
T,2026-04-14 11:00:38,53.4737004,-2.22934783,9.94,37.627,51.376,1.17,339.0,32,39,,
T,2026-04-14 11:00:39,53.47370928,-2.22936081,9.94,37.807,51.376,1.17,326.0,32,39,,
T,2026-04-14 11:00:40,53.47371859,-2.22936792,9.94,37.485,51.376,1.17,336.0,31,39,,
T,2026-04-14 11:00:41,53.47372971,-2.22937183,9.94,37.481,51.376,1.23,352.0,31,39,,
T,2026-04-14 11:00:42,53.4737388,-2.22938633,9.94,37.174,51.376,1.4,317.0,31,39,,
T,2026-04-14 11:00:43,53.47374831,-2.22939537,9.94,37.286,51.376,1.19,332.0,31,39,,
T,2026-04-14 11:00:44,53.47375979,-2.22940085,9.94,36.894,51.376,1.21,349.0,32,39,,
T,2026-04-14 11:00:45,53.47376954,-2.22940886,10.1,36.508,51.376,1.18,338.0,32,39,,
T,2026-04-14 11:00:46,53.47378088,-2.22941206,10.1,36.262,51.376,1.2,351.0,31,39,,
T,2026-04-14 11:00:47,53.47379157,-2.22942085,10.06,36.454,51.376,1.22,334.0,29,38,,
T,2026-04-14 11:00:48,53.47380433,-2.22942134,9.94,36.366,51.376,1.32,3.0,29,39,,
T,2026-04-14 11:00:49,53.47381588,-2.22942177,9.94,36.99,51.376,1.15,2.0,28,39,,
T,2026-04-14 11:00:50,53.47382955,-2.2294291,9.94,38.153,51.376,1.24,348.0,29,38,,
T,2026-04-14 11:00:51,53.47384031,-2.22943595,9.94,39.954,51.376,1.17,340.0,30,38,,
T,2026-04-14 11:00:52,53.47385499,-2.2294203,9.94,41.582,51.376,2.13,41.0,30,38,,
T,2026-04-14 11:00:53,53.47387181,-2.22943113,9.94,41.666,51.376,2.15,343.0,31,38,,
T,2026-04-14 11:00:54,53.47388441,-2.22943029,9.94,42.04,51.376,1.38,19.0,31,38,,
T,2026-04-14 11:00:55,53.4738938,-2.22942394,9.94,42.216,51.376,1.23,40.0,32,38,,
T,2026-04-14 11:00:56,53.47391236,-2.22944085,9.94,42.627,51.376,2.5,338.0,32,39,,
T,2026-04-14 11:00:57,53.47392011,-2.22945634,9.94,42.067,51.376,1.21,328.0,32,39,,
T,2026-04-14 11:00:58,53.47392668,-2.22946759,9.94,41.805,51.376,1.2,336.0,32,40,,
T,2026-04-14 11:00:59,53.47393388,-2.22947928,9.94,41.614,51.376,1.19,330.0,30,40,,
T,2026-04-14 11:01:00,53.47394214,-2.22948868,9.94,41.135,51.376,1.2,339.0,30,40,,
T,2026-04-14 11:01:01,53.47394891,-2.22949817,9.94,40.295,51.376,1.15,334.0,27,40,,
T,2026-04-14 11:01:02,53.47395531,-2.22951121,9.94,40.029,51.376,1.16,328.0,25,40,,
T,2026-04-14 11:01:03,53.47396082,-2.22952226,9.94,39.655,51.376,1.13,331.0,25,40,,
T,2026-04-14 11:01:04,53.47396592,-2.22952994,9.94,39.312,51.376,1.13,331.0,26,40,,
T,2026-04-14 11:01:05,53.47397222,-2.22953948,9.99,39.177,51.376,1.14,323.0,24,40,,
T,2026-04-14 11:01:06,53.47398103,-2.22954605,10.05,39.028,51.376,1.2,342.0,24,40,,
T,2026-04-14 11:01:07,53.47398852,-2.22955644,10.23,38.919,51.376,1.19,326.0,25,41,,
T,2026-04-14 11:01:08,53.47399633,-2.22956556,10.38,38.856,51.376,1.15,328.0,27,41,,
T,2026-04-14 11:01:09,53.47400438,-2.22957282,10.49,38.642,51.376,1.15,331.0,25,41,,
T,2026-04-14 11:01:10,53.47401227,-2.22958047,10.57,38.584,51.376,1.15,331.0,25,41,,
T,2026-04-14 11:01:11,53.47402043,-2.2295888,10.63,38.703,51.376,1.14,330.0,22,41,,
T,2026-04-14 11:01:12,53.47402923,-2.22959605,10.67,38.544,51.376,1.14,333.0,20,41,,
T,2026-04-14 11:01:13,53.47403604,-2.22961048,10.52,38.366,51.377,1.24,309.0,22,40,,
T,2026-04-14 11:01:14,53.47404635,-2.22961281,10.48,39.523,51.377,1.19,333.0,24,40,,
T,2026-04-14 11:01:15,53.47405649,-2.22961587,10.41,39.388,51.377,1.13,340.0,30,40,,
T,2026-04-14 11:01:16,53.474066,-2.22962192,10.4,39.049,51.377,1.13,333.0,31,40,,
T,2026-04-14 11:01:17,53.4740741,-2.22963173,10.44,39.105,51.377,1.13,325.0,31,39,,
T,2026-04-14 11:01:18,53.47408298,-2.22963973,10.25,39.881,51.377,1.14,313.0,30,39,,
T,2026-04-14 11:01:19,53.47409334,-2.22964584,10.15,39.993,51.377,1.14,332.0,29,39,,
T,2026-04-14 11:01:20,53.4741028,-2.22964836,10.07,40.259,51.377,1.06,341.0,27,38,,
T,2026-04-14 11:01:21,53.47411487,-2.22964423,10.01,41.146,51.377,1.2,357.0,28,38,,
T,2026-04-14 11:01:22,53.47412753,-2.22964181,9.96,40.842,51.377,1.14,355.0,28,38,,
T,2026-04-14 11:01:23,53.47413892,-2.22964669,9.99,41.34,51.377,1.18,339.0,26,37,,
T,2026-04-14 11:01:24,53.47415192,-2.22964932,9.99,41.048,51.377,1.17,354.0,25,38,,
T,2026-04-14 11:01:25,53.47416381,-2.2296493,10.03,41.114,51.377,1.16,2.0,25,38,,
T,2026-04-14 11:01:26,53.47417626,-2.22965186,10.04,40.663,51.377,1.09,348.0,26,38,,
T,2026-04-14 11:01:27,53.47418819,-2.22965693,10.07,40.535,51.377,1.14,342.0,23,40,,
T,2026-04-14 11:01:28,53.4742016,-2.22966,10.03,40.401,51.377,1.13,350.0,24,40,,
T,2026-04-14 11:01:29,53.47421485,-2.22966241,10.01,40.033,51.377,1.14,354.0,27,40,,
T,2026-04-14 11:01:30,53.47422743,-2.22966691,9.98,40.299,51.377,1.16,340.0,27,40,,
T,2026-04-14 11:01:31,53.4742382,-2.2296734,9.95,39.671,51.377,1.14,343.0,27,40,,
T,2026-04-14 11:01:32,53.47424911,-2.22967908,9.94,39.339,51.377,1.13,346.0,27,40,,
T,2026-04-14 11:01:33,53.47426009,-2.229685,10.07,39.115,51.377,1.14,341.0,28,40,,
T,2026-04-14 11:01:34,53.47426961,-2.22969685,9.94,38.526,51.377,1.08,329.0,29,40,,
T,2026-04-14 11:01:35,53.4742785,-2.22970803,9.94,38.943,51.377,1.08,326.0,28,40,,
T,2026-04-14 11:01:36,53.4742989,-2.22968524,9.94,38.35,51.377,3.24,38.0,28,40,,
T,2026-04-14 11:01:37,53.4743002,-2.22967165,9.94,38.01,51.377,0.0,,28,40,,
T,2026-04-14 11:01:38,53.47429941,-2.22966776,9.94,38.015,51.377,0.0,,27,40,,
T,2026-04-14 11:01:39,53.47430065,-2.22967025,10.49,38.11,51.377,0.19,38.0,25,40,,
T,2026-04-14 11:01:40,53.47430922,-2.22965366,10.08,38.241,51.377,0.0,,25,40,,
T,2026-04-14 11:01:41,53.47431132,-2.22964927,9.94,38.24,51.377,0.0,,26,40,,
T,2026-04-14 11:01:42,53.47431185,-2.2296481,9.94,38.242,51.377,0.0,,25,40,,
T,2026-04-14 11:01:43,53.47431083,-2.22965274,10.06,38.282,51.377,0.36,36.0,26,40,,
T,2026-04-14 11:01:44,53.47431007,-2.22965286,9.94,38.289,51.377,0.0,,24,40,,
T,2026-04-14 11:01:45,53.47430524,-2.22965449,3.79,37.034,51.377,0.2,36.0,24,40,,
T,2026-04-14 11:01:46,53.4743021,-2.22965436,3.79,37.01,51.377,0.0,,26,40,,
T,2026-04-14 11:01:47,53.47430112,-2.22965453,3.79,36.934,51.377,0.0,,27,39,,
T,2026-04-14 11:01:48,53.47430085,-2.22965473,3.79,36.951,51.377,0.0,,27,39,,
T,2026-04-14 11:01:49,53.4743007,-2.22965436,3.8,36.897,51.377,0.0,,28,40,,
T,2026-04-14 11:01:50,53.4743006,-2.22965395,3.82,36.85,51.377,0.0,,27,40,,
T,2026-04-14 11:01:51,53.47430052,-2.2296537,3.87,36.828,51.377,0.0,,27,40,,
T,2026-04-14 11:01:52,53.47430046,-2.22965375,3.86,36.862,51.377,0.0,,27,40,,
T,2026-04-14 11:01:53,53.47430042,-2.22965385,3.87,36.885,51.377,0.0,,24,40,,
T,2026-04-14 11:01:54,53.47430036,-2.22965401,3.85,36.913,51.377,0.0,,25,40,,
T,2026-04-14 11:01:55,53.47430027,-2.22965456,3.85,36.954,51.377,0.0,,26,40,,
T,2026-04-14 11:01:56,53.47430022,-2.2296547,3.8,36.945,51.377,0.0,,25,40,,
T,2026-04-14 11:01:57,53.47430069,-2.22965169,3.97,36.841,51.377,0.29,36.0,27,40,,
T,2026-04-14 11:01:58,53.47430267,-2.22965187,4.03,36.69,51.377,0.0,,28,40,,
T,2026-04-14 11:01:59,53.47430369,-2.22965142,4.1,36.598,51.377,0.0,,28,40,,
T,2026-04-14 11:02:00,53.47430404,-2.22965103,4.09,36.621,51.377,0.0,,28,41,,
T,2026-04-14 11:02:01,53.47430399,-2.22965056,4.27,36.555,51.377,0.0,,28,41,,
T,2026-04-14 11:02:02,53.47430391,-2.22965027,4.31,36.524,51.377,0.0,,27,41,,
T,2026-04-14 11:02:03,53.47430379,-2.22964995,4.48,36.524,51.377,0.0,,27,41,,
T,2026-04-14 11:02:04,53.47430372,-2.22964985,4.57,36.538,51.377,0.0,,28,41,,
T,2026-04-14 11:02:05,53.47430365,-2.22964961,3.98,36.764,51.377,0.0,,28,41,,
T,2026-04-14 11:02:06,53.47430313,-2.22964899,3.81,36.852,51.377,0.0,,28,41,,
T,2026-04-14 11:02:07,53.47430299,-2.22964886,3.79,36.864,51.377,0.0,,28,41,,
T,2026-04-14 11:02:08,53.47430291,-2.22964886,3.79,36.878,51.377,0.0,,28,41,,
T,2026-04-14 11:02:09,53.47430285,-2.22964888,3.79,36.891,51.377,0.0,,31,41,,
T,2026-04-14 11:02:10,53.4743028,-2.22964888,3.79,36.909,51.377,0.0,,31,41,,
T,2026-04-14 11:02:11,53.4743027,-2.22964886,3.79,36.928,51.377,0.0,,27,41,,
T,2026-04-14 11:02:12,53.4743026,-2.22964888,3.79,36.948,51.377,0.0,,26,41,,
T,2026-04-14 11:02:13,53.47430173,-2.22964854,3.88,36.794,51.377,0.0,,26,41,,
T,2026-04-14 11:02:14,53.47429927,-2.22965321,3.79,36.508,51.377,0.22,36.0,25,41,,
T,2026-04-14 11:02:15,53.47429803,-2.22965582,3.79,36.792,51.377,0.0,,26,41,,
T,2026-04-14 11:02:16,53.4742967,-2.22965977,3.79,36.597,51.377,0.0,,27,41,,
T,2026-04-14 11:02:17,53.47429625,-2.22966133,3.79,36.525,51.377,0.0,,33,41,,
T,2026-04-14 11:02:18,53.4742961,-2.22966172,3.79,36.529,51.377,0.0,,31,41,,
T,2026-04-14 11:02:19,53.47429604,-2.22966181,3.79,36.536,51.377,0.0,,32,41,,
T,2026-04-14 11:02:20,53.47429603,-2.22966184,3.79,36.536,51.377,0.0,,32,41,,
T,2026-04-14 11:02:21,53.47429597,-2.22966181,3.79,36.551,51.377,0.0,,32,40,,
T,2026-04-14 11:02:22,53.47429595,-2.22966178,3.79,36.559,51.377,0.0,,30,40,,
T,2026-04-14 11:02:23,53.47429596,-2.22966176,3.79,36.561,51.377,0.0,,24,40,,
T,2026-04-14 11:02:24,53.47429587,-2.22966172,3.79,36.572,51.377,0.0,,22,39,,
T,2026-04-14 11:02:25,53.47429585,-2.2296617,3.79,36.574,51.377,0.0,,22,39,,
T,2026-04-14 11:02:26,53.47429588,-2.22966171,3.79,36.572,51.377,0.0,,22,37,,
T,2026-04-14 11:02:27,53.47429634,-2.22966473,3.79,36.841,51.377,0.0,,23,37,,
T,2026-04-14 11:02:28,53.47429611,-2.22966734,3.79,36.865,51.377,0.0,,27,38,,
T,2026-04-14 11:02:29,53.47429596,-2.22966809,3.79,36.858,51.377,0.0,,28,38,,
T,2026-04-14 11:02:30,53.474296,-2.22966827,3.79,36.871,51.377,0.0,,28,38,,
T,2026-04-14 11:02:31,53.47429602,-2.22966823,3.79,36.882,51.377,0.0,,28,38,,
T,2026-04-14 11:02:32,53.47429604,-2.22966784,3.79,36.855,51.377,0.0,,28,37,,
T,2026-04-14 11:02:33,53.47429596,-2.22966792,3.79,36.839,51.377,0.0,,28,39,,
T,2026-04-14 11:02:34,53.47429591,-2.22966805,3.79,36.845,51.377,0.0,,29,40,,
T,2026-04-14 11:02:35,53.47429597,-2.229669,3.79,36.851,51.377,0.0,,28,41,,
T,2026-04-14 11:02:36,53.47429603,-2.22966942,3.79,36.876,51.377,0.0,,28,41,,
T,2026-04-14 11:02:37,53.47429606,-2.22966956,3.8,36.878,51.377,0.0,,28,40,,
T,2026-04-14 11:02:38,53.4742961,-2.22966929,3.87,36.834,51.377,0.0,,27,40,,
T,2026-04-14 11:02:39,53.47429607,-2.22966905,3.91,36.788,51.377,0.0,,27,41,,
T,2026-04-14 11:02:40,53.47429597,-2.22966882,3.87,36.729,51.377,0.0,,27,41,,
T,2026-04-14 11:02:41,53.474296,-2.2296685,3.84,36.689,51.377,0.0,,28,41,,
T,2026-04-14 11:02:42,53.47429599,-2.22966844,3.79,36.688,51.377,0.0,,28,41,,
T,2026-04-14 11:02:43,53.47429616,-2.22967002,3.8,36.449,51.377,0.0,,27,41,,
T,2026-04-14 11:02:44,53.47429698,-2.22966773,3.8,36.479,51.377,0.2,36.0,27,40,,
T,2026-04-14 11:02:45,53.47429656,-2.22966698,3.79,36.5,51.377,0.0,,30,40,,
T,2026-04-14 11:02:46,53.47429664,-2.22966898,3.95,36.443,51.377,0.0,,30,40,,
T,2026-04-14 11:02:47,53.47429673,-2.22967235,3.79,36.497,51.377,0.0,,30,40,,
T,2026-04-14 11:02:48,53.47429683,-2.22967381,3.79,36.527,51.377,0.0,,29,40,,
T,2026-04-14 11:02:49,53.4742969,-2.22967525,4.02,36.64,51.377,0.0,,30,40,,
T,2026-04-14 11:02:50,53.47429694,-2.22967525,3.96,36.63,51.377,0.0,,29,41,,
T,2026-04-14 11:02:51,53.47430007,-2.22967624,3.85,36.293,51.377,0.0,,29,41,,
T,2026-04-14 11:02:52,53.47430231,-2.22967603,3.94,36.275,51.377,0.0,,29,41,,
T,2026-04-14 11:02:53,53.47430275,-2.22967573,3.98,36.232,51.377,0.0,,29,41,,
T,2026-04-14 11:02:54,53.47430285,-2.22967576,3.99,36.254,51.377,0.0,,30,41,,
T,2026-04-14 11:02:55,53.47430286,-2.22967534,3.98,36.248,51.377,0.0,,29,41,,
T,2026-04-14 11:02:56,53.47430291,-2.22967525,4.02,36.209,51.377,0.0,,28,41,,
T,2026-04-14 11:02:57,53.4743033,-2.22967562,4.06,36.179,51.377,0.0,,28,41,,
T,2026-04-14 11:02:58,53.47430379,-2.229676,4.09,36.092,51.377,0.0,,29,41,,
T,2026-04-14 11:02:59,53.4743039,-2.22967581,4.05,36.069,51.377,0.0,,30,41,,
T,2026-04-14 11:03:00,53.47430404,-2.22967606,3.99,36.08,51.377,0.0,,27,41,,
T,2026-04-14 11:03:01,53.47430386,-2.22967564,3.94,36.053,51.377,0.0,,27,41,,
T,2026-04-14 11:03:02,53.47430361,-2.22967514,3.91,36.076,51.377,0.0,,28,41,,
T,2026-04-14 11:03:03,53.47430342,-2.2296748,3.9,36.077,51.377,0.0,,28,41,,
T,2026-04-14 11:03:04,53.47430322,-2.22967444,3.92,36.088,51.377,0.0,,29,41,,
T,2026-04-14 11:03:05,53.47430315,-2.22967431,3.9,36.104,51.377,0.0,,30,41,,
T,2026-04-14 11:03:06,53.47430317,-2.22967427,3.91,36.1,51.377,0.0,,29,41,,
T,2026-04-14 11:03:07,53.4743032,-2.22967428,3.92,36.1,51.377,0.0,,30,41,,
T,2026-04-14 11:03:08,53.47430324,-2.2296743,3.83,36.099,51.377,0.0,,28,41,,
T,2026-04-14 11:03:09,53.47430302,-2.22967382,3.8,36.147,51.377,0.0,,27,41,,
T,2026-04-14 11:03:10,53.47430301,-2.22967375,3.87,36.143,51.377,0.0,,26,41,,
T,2026-04-14 11:03:11,53.47430307,-2.22967382,3.93,36.138,51.377,0.0,,26,41,,
T,2026-04-14 11:03:12,53.4743029,-2.22967328,3.95,36.108,51.377,0.0,,26,41,,
T,2026-04-14 11:03:13,53.47430299,-2.22967335,4.01,36.102,51.377,0.0,,28,41,,
T,2026-04-14 11:03:14,53.47430334,-2.22967348,4.0,36.105,51.377,0.0,,29,41,,
T,2026-04-14 11:03:15,53.47430355,-2.22967362,4.0,36.104,51.377,0.0,,29,41,,
T,2026-04-14 11:03:16,53.47430362,-2.22967366,3.97,36.104,51.377,0.0,,29,41,,
T,2026-04-14 11:03:17,53.47430378,-2.22967374,3.96,36.09,51.377,0.0,,28,41,,
T,2026-04-14 11:03:18,53.47430494,-2.22967496,3.94,35.895,51.377,0.0,,28,41,,
T,2026-04-14 11:03:19,53.47430753,-2.22967814,4.0,35.898,51.377,0.46,36.0,28,41,,
T,2026-04-14 11:03:20,53.47431114,-2.2296815,3.98,35.897,51.377,0.39,36.0,29,41,,
T,2026-04-14 11:03:21,53.47431747,-2.22968434,4.46,35.795,51.377,0.77,352.0,27,41,,
T,2026-04-14 11:03:22,53.47432797,-2.22968577,3.89,36.121,51.377,1.09,345.0,26,41,,
T,2026-04-14 11:03:23,53.47433709,-2.22968718,3.96,36.165,51.377,1.07,352.0,26,41,,
T,2026-04-14 11:03:24,53.47434554,-2.22969334,3.87,36.423,51.377,1.07,339.0,23,41,,
T,2026-04-14 11:03:25,53.47435444,-2.22969825,3.93,36.309,51.377,1.07,347.0,22,41,,
T,2026-04-14 11:03:26,53.47436335,-2.22970247,3.94,36.195,51.377,1.07,353.0,22,41,,
T,2026-04-14 11:03:27,53.47437205,-2.2297065,4.08,36.134,51.377,1.05,352.0,24,41,,
T,2026-04-14 11:03:28,53.47438124,-2.22970603,4.41,36.198,51.377,1.06,5.0,24,41,,
T,2026-04-14 11:03:29,53.47439041,-2.22969939,4.76,36.296,51.377,1.19,24.0,24,41,,
T,2026-04-14 11:03:30,53.47439954,-2.2296943,4.6,36.364,51.377,1.13,18.0,26,41,,
T,2026-04-14 11:03:31,53.47440824,-2.22969516,4.54,36.468,51.377,1.04,7.0,25,41,,
T,2026-04-14 11:03:32,53.47441299,-2.22969824,4.16,37.132,51.377,0.61,7.0,24,41,,
T,2026-04-14 11:03:33,53.47441949,-2.22970724,4.28,38.643,51.377,1.03,326.0,23,41,,
T,2026-04-14 11:03:34,53.47441879,-2.22971301,4.29,38.405,51.377,0.0,,23,41,,
T,2026-04-14 11:03:35,53.47441859,-2.22972053,4.11,38.423,51.377,0.0,,23,41,,
T,2026-04-14 11:03:36,53.47442253,-2.22972164,4.04,38.174,51.377,0.32,293.0,24,41,,
T,2026-04-14 11:03:37,53.47442371,-2.22972272,4.13,37.85,51.377,0.0,,22,40,,
T,2026-04-14 11:03:38,53.47442344,-2.22972487,4.44,37.863,51.377,0.0,,23,40,,
T,2026-04-14 11:03:39,53.47442821,-2.22972257,4.95,37.933,51.377,0.64,293.0,23,40,,
T,2026-04-14 11:03:40,53.47443206,-2.22971873,4.82,37.708,51.377,0.36,293.0,23,40,,
T,2026-04-14 11:03:41,53.47443497,-2.22971673,4.46,37.754,51.377,0.5,293.0,22,40,,
T,2026-04-14 11:03:42,53.47443701,-2.22969697,4.32,37.805,51.377,1.52,83.0,23,40,,
T,2026-04-14 11:03:43,53.47443873,-2.22968325,4.17,37.562,51.377,0.96,70.0,23,40,,
T,2026-04-14 11:03:44,53.47443837,-2.22968613,4.1,37.435,51.377,0.0,,25,40,,
T,2026-04-14 11:03:45,53.47443957,-2.22968468,4.45,37.521,51.377,0.28,56.0,25,40,,
T,2026-04-14 11:03:46,53.47444128,-2.22968481,4.7,37.575,51.377,0.27,56.0,26,40,,
T,2026-04-14 11:03:47,53.47444982,-2.22967949,5.76,37.671,51.377,1.2,28.0,25,40,,
T,2026-04-14 11:03:48,53.47446026,-2.22968407,5.56,38.109,51.377,1.13,357.0,24,40,,
T,2026-04-14 11:03:49,53.47446718,-2.22969353,5.52,38.097,51.377,0.85,345.0,25,40,,
T,2026-04-14 11:03:50,53.47447489,-2.22969789,5.37,38.289,51.377,0.95,7.0,25,40,,
T,2026-04-14 11:03:51,53.47448288,-2.22970011,5.18,38.55,51.377,0.96,3.0,25,40,,
T,2026-04-14 11:03:52,53.47449048,-2.22970443,5.47,38.724,51.377,0.89,355.0,22,40,,
T,2026-04-14 11:03:53,53.47449834,-2.22970761,6.27,39.002,51.377,0.89,357.0,22,39,,
T,2026-04-14 11:03:54,53.47450653,-2.22971093,7.6,39.009,51.377,0.89,358.0,22,39,,
T,2026-04-14 11:03:55,53.47451476,-2.22971095,9.17,39.468,51.377,0.9,3.0,22,39,,
T,2026-04-14 11:03:56,53.47452367,-2.22971235,6.5,39.457,51.377,0.91,1.0,22,40,,
T,2026-04-14 11:03:57,53.47453325,-2.22972639,6.05,39.264,51.377,0.92,348.0,21,40,,
T,2026-04-14 11:03:58,53.47454392,-2.22973873,5.76,38.999,51.377,0.92,354.0,21,40,,
T,2026-04-14 11:03:59,53.47455315,-2.22974569,5.83,39.344,51.377,0.91,350.0,21,40,,
T,2026-04-14 11:04:00,53.47456154,-2.22974518,6.18,39.042,51.377,0.91,353.0,22,40,,
T,2026-04-14 11:04:01,53.47457108,-2.22973798,6.51,39.168,51.377,0.93,4.0,22,40,,
T,2026-04-14 11:04:02,53.4745772,-2.22970569,6.58,38.387,51.377,1.84,69.0,21,41,,
T,2026-04-14 11:04:03,53.47457912,-2.22969166,6.82,37.169,51.377,0.92,78.0,21,41,,
T,2026-04-14 11:04:04,53.47458397,-2.22968875,6.13,36.588,51.377,1.15,27.0,21,41,,
T,2026-04-14 11:04:05,53.47459371,-2.22969464,6.52,37.028,51.377,1.1,5.0,21,41,,
T,2026-04-14 11:04:06,53.47460575,-2.22970368,6.56,37.425,51.377,1.35,340.0,20,41,,
T,2026-04-14 11:04:07,53.47461718,-2.22970461,6.24,37.116,51.377,1.36,18.0,20,41,,
T,2026-04-14 11:04:08,53.47462657,-2.22970396,6.5,37.076,51.377,1.1,9.0,20,41,,
T,2026-04-14 11:04:09,53.4746365,-2.22970664,6.74,37.137,51.377,1.11,359.0,20,41,,
T,2026-04-14 11:04:10,53.47464674,-2.22971657,6.41,36.95,51.377,1.11,353.0,20,41,,
T,2026-04-14 11:04:11,53.47465652,-2.22972129,6.48,38.077,51.377,1.09,357.0,17,41,,
T,2026-04-14 11:04:12,53.4746651,-2.22972493,6.52,39.163,51.377,1.1,4.0,17,41,,
T,2026-04-14 11:04:13,53.47467396,-2.22973075,6.45,39.389,51.377,1.1,354.0,17,41,,
T,2026-04-14 11:04:14,53.47468605,-2.22973602,5.94,40.191,51.377,1.15,355.0,17,41,,
T,2026-04-14 11:04:15,53.47469685,-2.2297395,6.22,40.301,51.377,1.13,354.0,17,41,,
T,2026-04-14 11:04:16,53.47470706,-2.22974433,6.48,40.438,51.377,1.13,349.0,16,41,,
T,2026-04-14 11:04:17,53.47471738,-2.22974758,6.75,40.38,51.377,1.14,353.0,17,41,,
T,2026-04-14 11:04:18,53.47472769,-2.22975307,6.72,40.7,51.377,1.15,350.0,17,41,,
T,2026-04-14 11:04:19,53.47473812,-2.22975963,6.35,41.288,51.377,1.16,347.0,17,41,,
T,2026-04-14 11:04:20,53.47475055,-2.22976927,5.69,41.348,51.377,1.2,3.0,16,41,,
T,2026-04-14 11:04:21,53.47476243,-2.22977794,5.96,41.63,51.377,1.2,352.0,16,41,,
T,2026-04-14 11:04:22,53.47477291,-2.22978407,5.41,40.958,51.377,1.18,349.0,16,41,,
T,2026-04-14 11:04:23,53.47478649,-2.22978718,5.43,41.433,51.377,1.21,354.0,17,41,,
T,2026-04-14 11:04:24,53.47479967,-2.22979566,5.29,40.582,51.377,1.23,359.0,18,41,,
T,2026-04-14 11:04:25,53.47481182,-2.22980292,5.58,40.614,51.377,1.24,350.0,18,41,,
T,2026-04-14 11:04:26,53.47482303,-2.22980883,5.77,41.176,51.377,1.24,354.0,18,41,,
T,2026-04-14 11:04:27,53.47483487,-2.22981462,5.8,42.188,51.377,1.25,354.0,17,41,,
T,2026-04-14 11:04:28,53.47484689,-2.22982041,5.94,42.332,51.377,1.25,352.0,16,41,,
T,2026-04-14 11:04:29,53.47485878,-2.22982632,5.4,42.893,51.377,1.24,343.0,14,41,,
T,2026-04-14 11:04:30,53.47487065,-2.22982958,5.65,43.034,51.377,1.28,354.0,16,41,,
T,2026-04-14 11:04:31,53.4748817,-2.22983368,5.71,43.025,51.377,1.26,350.0,18,41,,
T,2026-04-14 11:04:32,53.47489943,-2.22984158,4.59,44.283,51.377,1.44,343.0,18,41,,
T,2026-04-14 11:04:33,53.47491338,-2.229845,4.76,44.27,51.377,1.34,353.0,19,41,,
T,2026-04-14 11:04:34,53.47492455,-2.22984857,4.76,44.241,51.377,1.3,356.0,19,41,,
T,2026-04-14 11:04:35,53.47493608,-2.22985476,4.53,43.723,51.377,1.27,357.0,18,41,,
T,2026-04-14 11:04:36,53.47494848,-2.22986043,4.52,43.314,51.377,1.31,356.0,20,41,,
T,2026-04-14 11:04:37,53.47496022,-2.22986628,4.63,43.097,51.377,1.31,353.0,19,41,,
T,2026-04-14 11:04:38,53.47497299,-2.22985803,4.61,41.699,51.377,1.34,16.0,19,41,,
T,2026-04-14 11:04:39,53.47498609,-2.22985621,4.49,41.054,51.377,1.32,10.0,21,40,,
T,2026-04-14 11:04:40,53.47500164,-2.22985621,4.49,42.252,51.377,1.34,8.0,21,40,,
T,2026-04-14 11:04:41,53.47501577,-2.22986184,4.64,42.674,51.377,1.39,351.0,21,40,,
T,2026-04-14 11:04:42,53.47502861,-2.22986551,4.82,42.655,51.377,1.34,353.0,18,40,,
T,2026-04-14 11:04:43,53.47504124,-2.22986901,4.97,42.356,51.377,1.34,353.0,17,40,,
T,2026-04-14 11:04:44,53.4750541,-2.22987491,5.01,42.047,51.377,1.33,353.0,16,40,,
T,2026-04-14 11:04:45,53.4750649,-2.22988547,5.6,42.893,51.377,1.34,341.0,15,40,,
T,2026-04-14 11:04:46,53.47507628,-2.22989836,6.09,41.972,51.377,1.35,335.0,16,40,,
T,2026-04-14 11:04:47,53.47509071,-2.22990245,6.2,40.442,51.377,1.36,340.0,16,40,,
T,2026-04-14 11:04:48,53.47510305,-2.22991187,6.67,40.635,51.377,1.35,333.0,16,40,,
T,2026-04-14 11:04:49,53.47511479,-2.22992097,6.76,40.855,51.377,1.35,335.0,16,40,,
T,2026-04-14 11:04:50,53.47512628,-2.22992991,6.86,41.068,51.377,1.34,335.0,16,40,,
T,2026-04-14 11:04:51,53.4751381,-2.22993519,11.44,41.089,51.377,1.4,351.0,16,41,,
T,2026-04-14 11:04:52,53.47514912,-2.22994089,11.58,41.412,51.377,1.33,348.0,16,41,,
T,2026-04-14 11:04:53,53.47516151,-2.2299444,11.47,41.533,51.377,1.35,354.0,15,41,,
T,2026-04-14 11:04:54,53.47517603,-2.22994721,11.69,39.649,51.377,1.35,347.0,15,41,,
T,2026-04-14 11:04:55,53.47518712,-2.2299481,11.07,38.615,51.377,1.25,354.0,17,40,,
T,2026-04-14 11:04:56,53.47519811,-2.22995442,11.07,38.837,51.377,1.36,340.0,19,40,,
T,2026-04-14 11:04:57,53.4752106,-2.22995457,11.19,39.611,51.377,1.38,357.0,19,40,,
T,2026-04-14 11:04:58,53.47522234,-2.2299586,11.31,40.072,51.377,1.33,350.0,19,40,,
T,2026-04-14 11:04:59,53.47523228,-2.22996426,11.19,40.078,51.377,1.3,350.0,19,40,,
T,2026-04-14 11:05:00,53.47524088,-2.2299672,11.21,40.054,51.377,1.3,350.0,19,40,,
T,2026-04-14 11:05:01,53.47524931,-2.22997173,11.03,38.449,51.377,1.29,349.0,19,40,,
T,2026-04-14 11:05:02,53.47525969,-2.22997688,11.02,38.398,51.377,1.26,348.0,19,40,,
T,2026-04-14 11:05:03,53.47527095,-2.22998165,11.32,38.691,51.377,1.29,351.0,21,40,,
T,2026-04-14 11:05:04,53.47528209,-2.2299865,11.62,38.788,51.377,1.28,350.0,21,40,,
T,2026-04-14 11:05:05,53.47529409,-2.22998604,11.32,39.134,51.377,1.3,4.0,21,40,,
T,2026-04-14 11:05:06,53.47530508,-2.22998944,11.35,39.575,51.377,1.3,354.0,21,40,,
T,2026-04-14 11:05:07,53.4753163,-2.22999302,11.4,39.77,51.378,1.29,354.0,22,41,,
T,2026-04-14 11:05:08,53.47532756,-2.22999918,11.46,39.799,51.378,1.34,340.0,22,40,,
T,2026-04-14 11:05:09,53.47533825,-2.23000799,11.39,40.093,51.378,1.35,331.0,20,39,,
T,2026-04-14 11:05:10,53.47535103,-2.23001605,6.48,40.941,51.378,1.42,341.0,18,39,,
T,2026-04-14 11:05:11,53.47536356,-2.23002385,6.22,40.617,51.378,1.4,345.0,19,39,,
T,2026-04-14 11:05:12,53.4753753,-2.23003427,6.49,40.556,51.378,1.38,335.0,19,39,,
T,2026-04-14 11:05:13,53.47538792,-2.23004164,6.57,40.744,51.378,1.34,337.0,19,40,,
T,2026-04-14 11:05:14,53.47539959,-2.23004891,6.79,40.957,51.378,1.35,336.0,21,41,,
T,2026-04-14 11:05:15,53.47541152,-2.23005656,6.09,41.049,51.378,1.36,339.0,21,41,,
T,2026-04-14 11:05:16,53.4754254,-2.23006396,5.08,41.55,51.378,1.34,341.0,21,41,,
T,2026-04-14 11:05:17,53.47543657,-2.23007437,5.09,41.873,51.378,1.38,326.0,21,41,,
T,2026-04-14 11:05:18,53.47544565,-2.23008697,5.33,42.338,51.378,1.35,316.0,21,41,,
T,2026-04-14 11:05:19,53.47545718,-2.23009582,5.32,42.469,51.378,1.4,335.0,21,41,,
T,2026-04-14 11:05:20,53.4754701,-2.23010343,5.55,42.665,51.378,1.32,338.0,22,41,,
T,2026-04-14 11:05:21,53.47548415,-2.23011133,5.58,43.047,51.378,1.34,350.0,22,41,,
T,2026-04-14 11:05:22,53.475498,-2.23010392,5.44,40.779,51.378,1.74,33.0,22,41,,
T,2026-04-14 11:05:23,53.47551031,-2.23010394,4.96,40.893,51.378,1.31,33.0,21,41,,
T,2026-04-14 11:05:24,53.47552047,-2.23009989,5.07,39.309,51.378,1.31,17.0,22,41,,
T,2026-04-14 11:05:25,53.47553192,-2.23009934,5.33,39.085,51.378,1.32,6.0,21,41,,
T,2026-04-14 11:05:26,53.47554377,-2.23011549,5.46,38.639,51.378,1.66,326.0,21,41,,
T,2026-04-14 11:05:27,53.47555256,-2.23012982,5.42,39.617,51.378,1.27,326.0,21,41,,
T,2026-04-14 11:05:28,53.47556385,-2.23014002,5.25,39.343,51.378,1.36,334.0,21,41,,
T,2026-04-14 11:05:29,53.47557307,-2.23015264,5.41,39.475,51.378,1.28,328.0,21,41,,
T,2026-04-14 11:05:30,53.47558303,-2.23016406,5.38,39.459,51.378,1.29,333.0,20,41,,
T,2026-04-14 11:05:31,53.47559294,-2.23017599,5.4,40.27,51.378,1.28,327.0,19,41,,
T,2026-04-14 11:05:32,53.47560293,-2.23018624,4.93,39.732,51.378,1.21,338.0,19,40,,
T,2026-04-14 11:05:33,53.47561269,-2.23019573,4.99,40.725,51.378,1.27,335.0,19,40,,
T,2026-04-14 11:05:34,53.47562233,-2.23020891,5.15,40.85,51.378,1.28,326.0,19,40,,
T,2026-04-14 11:05:35,53.47563247,-2.23022079,4.91,41.115,51.378,1.29,327.0,19,40,,
T,2026-04-14 11:05:36,53.47564348,-2.23022998,4.8,42.436,51.378,1.28,334.0,19,40,,
T,2026-04-14 11:05:37,53.47565332,-2.23024254,4.87,42.693,51.378,1.3,323.0,19,40,,
T,2026-04-14 11:05:38,53.47566204,-2.23025415,4.7,42.863,51.378,1.29,323.0,18,40,,
T,2026-04-14 11:05:39,53.47567116,-2.23026589,4.52,42.846,51.378,1.28,325.0,17,40,,
T,2026-04-14 11:05:40,53.4756815,-2.23027752,4.27,42.983,51.378,1.29,323.0,17,40,,
T,2026-04-14 11:05:41,53.47568946,-2.23029417,4.18,42.702,51.378,1.33,309.0,17,40,,
T,2026-04-14 11:05:42,53.47569904,-2.23030685,3.95,42.216,51.378,1.32,323.0,17,40,,
T,2026-04-14 11:05:43,53.47570488,-2.23032446,3.93,41.557,51.378,1.33,303.0,17,40,,
T,2026-04-14 11:05:44,53.47571298,-2.23033593,3.79,41.693,51.378,1.34,319.0,18,39,,
T,2026-04-14 11:05:45,53.47572159,-2.23034713,3.79,41.951,51.378,1.31,324.0,18,39,,
T,2026-04-14 11:05:46,53.47572564,-2.230366,3.79,41.277,51.378,1.45,295.0,18,39,,
T,2026-04-14 11:05:47,53.47573372,-2.23038017,3.88,42.034,51.378,1.39,319.0,18,39,,
T,2026-04-14 11:05:48,53.4757403,-2.23039364,4.04,43.068,51.378,1.29,315.0,18,39,,
T,2026-04-14 11:05:49,53.47574725,-2.23040621,4.07,43.198,51.378,1.26,318.0,18,39,,
T,2026-04-14 11:05:50,53.4757544,-2.2304203,4.04,43.478,51.378,1.31,318.0,18,39,,
T,2026-04-14 11:05:51,53.47576256,-2.23043305,4.24,43.953,51.378,1.32,323.0,17,39,,
T,2026-04-14 11:05:52,53.47576973,-2.23044725,4.59,44.418,51.378,1.31,321.0,17,39,,
T,2026-04-14 11:05:53,53.4757777,-2.2304615,4.74,44.614,51.378,1.32,321.0,16,39,,
T,2026-04-14 11:05:54,53.47578621,-2.23047476,4.87,44.199,51.378,1.29,326.0,18,39,,
T,2026-04-14 11:05:55,53.47579411,-2.23048817,4.88,44.431,51.379,1.31,325.0,19,39,,
T,2026-04-14 11:05:56,53.47580179,-2.23050091,4.74,44.564,51.379,1.31,327.0,19,39,,
T,2026-04-14 11:05:57,53.4758105,-2.23051267,4.86,44.437,51.379,1.3,324.0,21,39,,
T,2026-04-14 11:05:58,53.47581909,-2.23052498,5.11,44.863,51.379,1.3,325.0,21,39,,
T,2026-04-14 11:05:59,53.47582645,-2.23053854,4.91,44.788,51.379,1.27,318.0,22,39,,
T,2026-04-14 11:06:00,53.47583348,-2.23055183,4.51,44.847,51.379,1.26,318.0,22,39,,
T,2026-04-14 11:06:01,53.47584107,-2.2305639,4.41,45.023,51.379,1.29,317.0,20,39,,
T,2026-04-14 11:06:02,53.47584906,-2.23057511,4.61,45.451,51.379,1.29,326.0,22,39,,
T,2026-04-14 11:06:03,53.47585822,-2.23058743,4.61,45.64,51.379,1.35,328.0,22,39,,
T,2026-04-14 11:06:04,53.47586652,-2.23060186,4.46,45.606,51.379,1.3,321.0,22,39,,
T,2026-04-14 11:06:05,53.47587464,-2.23061651,4.23,45.981,51.379,1.34,323.0,21,39,,
T,2026-04-14 11:06:06,53.47588545,-2.2306263,4.16,45.765,51.379,1.38,335.0,22,40,,
T,2026-04-14 11:06:07,53.47589415,-2.23063704,4.24,45.454,51.379,1.31,326.0,21,40,,
T,2026-04-14 11:06:08,53.47590234,-2.2306509,4.26,45.485,51.379,1.31,319.0,21,40,,
T,2026-04-14 11:06:09,53.47591187,-2.23066419,3.95,45.268,51.379,1.29,324.0,22,40,,
T,2026-04-14 11:06:10,53.475919,-2.23068228,4.11,44.509,51.379,1.39,307.0,24,40,,
T,2026-04-14 11:06:11,53.47592747,-2.2306939,4.21,43.112,51.379,1.26,312.0,24,40,,
T,2026-04-14 11:06:12,53.47593899,-2.230701,4.27,42.936,51.379,1.36,334.0,24,40,,
T,2026-04-14 11:06:13,53.47594773,-2.23071595,4.4,43.666,51.379,1.39,313.0,25,41,,
T,2026-04-14 11:06:14,53.47595548,-2.23073224,4.5,43.4,51.379,1.3,307.0,26,42,,
T,2026-04-14 11:06:15,53.47596697,-2.23074251,4.79,42.895,51.379,1.34,321.0,25,42,,
T,2026-04-14 11:06:16,53.47597916,-2.23075181,4.62,43.108,51.379,1.33,329.0,24,42,,
T,2026-04-14 11:06:17,53.47598979,-2.23076036,4.69,42.479,51.379,1.32,323.0,24,42,,
T,2026-04-14 11:06:18,53.47599975,-2.23077153,4.76,41.811,51.379,1.32,326.0,23,42,,
T,2026-04-14 11:06:19,53.47600841,-2.2307843,4.77,41.434,51.379,1.34,322.0,22,42,,
T,2026-04-14 11:06:20,53.47601551,-2.23079602,4.81,41.229,51.379,1.31,319.0,23,42,,
T,2026-04-14 11:06:21,53.47602153,-2.23080917,5.06,41.345,51.379,1.32,325.0,24,42,,
T,2026-04-14 11:06:22,53.47602883,-2.23082066,4.99,41.065,51.379,1.32,325.0,25,42,,
T,2026-04-14 11:06:23,53.47603872,-2.23083083,5.08,41.055,51.379,1.34,336.0,25,42,,
T,2026-04-14 11:06:24,53.47604724,-2.23084538,5.38,41.011,51.379,1.38,320.0,26,41,,
T,2026-04-14 11:06:25,53.47605432,-2.23086234,5.57,40.864,51.379,1.34,311.0,27,41,,
T,2026-04-14 11:06:26,53.47606187,-2.23087701,5.46,41.276,51.379,1.36,323.0,24,40,,
T,2026-04-14 11:06:27,53.4760699,-2.2308908,5.53,41.236,51.379,1.32,321.0,24,40,,
T,2026-04-14 11:06:28,53.47607874,-2.23090342,5.69,41.369,51.379,1.33,328.0,26,40,,
T,2026-04-14 11:06:29,53.47608778,-2.2309172,6.13,41.421,51.379,1.33,319.0,27,40,,
T,2026-04-14 11:06:30,53.47609583,-2.23093273,5.92,41.293,51.379,1.32,316.0,27,40,,
T,2026-04-14 11:06:31,53.4761026,-2.23094994,5.83,41.527,51.379,1.31,311.0,27,40,,
T,2026-04-14 11:06:32,53.47610782,-2.23096475,5.73,43.121,51.379,1.27,308.0,23,40,,
T,2026-04-14 11:06:33,53.47611817,-2.23097473,5.78,43.413,51.379,1.42,332.0,19,40,,
T,2026-04-14 11:06:34,53.47612722,-2.2309837,5.34,43.033,51.379,1.16,328.0,19,40,,
T,2026-04-14 11:06:35,53.47613667,-2.23099478,5.47,43.035,51.38,1.23,317.0,22,40,,
T,2026-04-14 11:06:36,53.47614279,-2.23100365,4.76,44.748,51.38,1.11,312.0,21,40,,
T,2026-04-14 11:06:37,53.47615055,-2.23101171,4.86,43.942,51.38,1.17,325.0,23,40,,
T,2026-04-14 11:06:38,53.47615813,-2.23102313,4.96,44.321,51.38,1.17,316.0,23,40,,
T,2026-04-14 11:06:39,53.47616765,-2.23103317,5.25,44.594,51.38,1.26,329.0,26,40,,
T,2026-04-14 11:06:40,53.47617738,-2.23104171,5.28,44.805,51.38,1.23,332.0,27,39,,
T,2026-04-14 11:06:41,53.476188,-2.23104906,4.81,44.6,51.38,1.23,335.0,23,39,,
T,2026-04-14 11:06:42,53.47619854,-2.23105616,4.95,44.686,51.38,1.24,338.0,24,39,,
T,2026-04-14 11:06:43,53.47621003,-2.2310607,5.26,44.732,51.38,1.25,347.0,25,40,,
T,2026-04-14 11:06:44,53.47622092,-2.23106212,5.38,44.989,51.38,1.24,342.0,27,40,,
T,2026-04-14 11:06:45,53.47623235,-2.23106793,5.93,44.691,51.38,1.24,338.0,26,40,,
T,2026-04-14 11:06:46,53.4762424,-2.2310732,5.24,42.897,51.38,1.25,328.0,25,42,,
T,2026-04-14 11:06:47,53.47625631,-2.23106616,4.2,42.887,51.38,1.52,6.0,26,42,,
T,2026-04-14 11:06:48,53.47626928,-2.23105656,3.98,41.835,51.38,1.27,8.0,30,41,,
T,2026-04-14 11:06:49,53.47628343,-2.23104524,3.96,41.029,51.38,1.31,9.0,29,40,,
T,2026-04-14 11:06:50,53.47629641,-2.23103638,4.04,41.005,51.38,1.28,16.0,29,40,,
T,2026-04-14 11:06:51,53.47630945,-2.23103308,4.29,41.077,51.38,1.3,5.0,29,40,,
T,2026-04-14 11:06:52,53.47631873,-2.23102033,4.29,40.406,51.38,1.48,37.0,30,40,,
T,2026-04-14 11:06:53,53.47631738,-2.23102943,5.07,45.014,51.38,1.12,7.0,28,40,,
T,2026-04-14 11:06:54,53.47631843,-2.23103273,4.95,45.064,51.38,0.4,7.0,35,40,,
T,2026-04-14 11:06:55,53.47631488,-2.23102158,5.0,44.665,51.38,0.69,0.0,34,40,,
T,2026-04-14 11:06:56,53.4763143,-2.23102311,4.84,45.272,51.38,0.0,,19,40,,
T,2026-04-14 11:06:57,53.476317,-2.23103119,4.65,45.103,51.38,0.27,0.0,24,40,,
T,2026-04-14 11:06:58,53.47631875,-2.2310335,4.43,44.976,51.38,0.0,,25,40,,
T,2026-04-14 11:06:59,53.47631904,-2.23103287,4.23,44.923,51.38,0.0,,25,40,,
T,2026-04-14 11:07:00,53.47631924,-2.23103274,4.11,44.781,51.38,0.0,,25,40,,
T,2026-04-14 11:07:01,53.47631868,-2.23103235,4.1,44.452,51.38,0.0,,26,40,,
T,2026-04-14 11:07:02,53.47631779,-2.23103072,4.18,44.567,51.38,0.0,,26,40,,
T,2026-04-14 11:07:03,53.47631861,-2.23103067,4.21,44.51,51.38,0.0,,22,40,,
T,2026-04-14 11:07:04,53.47631808,-2.23103036,4.06,44.584,51.38,0.0,,22,40,,
T,2026-04-14 11:07:05,53.47631871,-2.23103085,4.03,44.608,51.38,0.0,,21,40,,
T,2026-04-14 11:07:06,53.47631896,-2.23103139,4.03,44.498,51.38,0.0,,22,40,,
T,2026-04-14 11:07:07,53.47631872,-2.23103143,3.83,44.469,51.38,0.0,,22,40,,
T,2026-04-14 11:07:08,53.47632133,-2.23103662,3.79,44.418,51.38,0.31,0.0,23,40,,
T,2026-04-14 11:07:09,53.47632051,-2.23103768,3.79,44.269,51.38,0.0,,22,40,,
T,2026-04-14 11:07:10,53.47632327,-2.23104336,3.79,44.18,51.38,0.44,0.0,23,40,,
T,2026-04-14 11:07:11,53.47632459,-2.23105115,3.85,44.419,51.38,0.52,0.0,23,40,,
T,2026-04-14 11:07:12,53.47632561,-2.23105132,3.79,44.511,51.38,0.0,,22,40,,
T,2026-04-14 11:07:13,53.47632612,-2.23105199,3.88,44.591,51.38,0.0,,22,40,,
T,2026-04-14 11:07:14,53.47632668,-2.23105326,3.98,44.613,51.38,0.0,,22,40,,
T,2026-04-14 11:07:15,53.47632663,-2.23105376,3.91,44.471,51.38,0.0,,23,40,,
T,2026-04-14 11:07:16,53.47632601,-2.23105376,3.86,44.406,51.38,0.0,,22,40,,
T,2026-04-14 11:07:17,53.47632557,-2.23105353,3.9,44.228,51.38,0.0,,23,41,,
T,2026-04-14 11:07:18,53.47632457,-2.2310548,4.2,43.992,51.38,0.16,0.0,23,40,,
T,2026-04-14 11:07:19,53.47632531,-2.23105217,4.11,43.739,51.38,0.0,,23,40,,
T,2026-04-14 11:07:20,53.4763236,-2.23105107,3.98,43.196,51.38,0.0,,24,40,,
T,2026-04-14 11:07:21,53.47632454,-2.23105013,4.03,43.088,51.38,0.0,,23,40,,
T,2026-04-14 11:07:22,53.47632465,-2.23104913,3.87,43.073,51.38,0.0,,23,40,,
T,2026-04-14 11:07:23,53.47632483,-2.23104984,3.96,43.078,51.38,0.0,,22,40,,
T,2026-04-14 11:07:24,53.47632468,-2.23105101,4.0,43.052,51.38,0.0,,24,40,,
T,2026-04-14 11:07:25,53.47632409,-2.23105197,4.09,43.252,51.38,0.0,,24,40,,
T,2026-04-14 11:07:26,53.47632372,-2.23105296,4.16,43.421,51.38,0.0,,25,40,,
T,2026-04-14 11:07:27,53.4763235,-2.23105371,4.34,43.539,51.38,0.0,,26,40,,
T,2026-04-14 11:07:28,53.47632308,-2.23105358,4.58,43.571,51.38,0.0,,26,40,,
T,2026-04-14 11:07:29,53.47632277,-2.23105387,5.03,43.578,51.38,0.0,,26,40,,
T,2026-04-14 11:07:30,53.47632252,-2.2310539,5.21,43.58,51.38,0.0,,25,40,,
T,2026-04-14 11:07:31,53.47632205,-2.23105409,5.27,43.533,51.38,0.0,,25,40,,
T,2026-04-14 11:07:32,53.47632178,-2.23105437,5.05,43.525,51.38,0.0,,24,40,,
T,2026-04-14 11:07:33,53.47632176,-2.23105444,4.42,43.512,51.38,0.0,,24,40,,
T,2026-04-14 11:07:34,53.47632155,-2.23105473,4.05,43.533,51.38,0.0,,24,40,,
T,2026-04-14 11:07:35,53.47633228,-2.23105896,4.81,43.364,51.38,1.67,347.0,25,40,,
T,2026-04-14 11:07:36,53.47634453,-2.23107394,4.81,43.1,51.38,1.78,322.0,24,40,,
T,2026-04-14 11:07:37,53.4763533,-2.23109611,5.83,43.055,51.38,1.54,306.0,25,41,,
T,2026-04-14 11:07:38,53.47636098,-2.23111585,5.2,42.74,51.38,1.36,306.0,24,41,,
T,2026-04-14 11:07:39,53.4763672,-2.23112962,5.17,42.663,51.38,0.94,313.0,24,41,,
T,2026-04-14 11:07:40,53.47637783,-2.23114653,4.67,42.696,51.38,1.57,320.0,24,40,,
T,2026-04-14 11:07:41,53.47639019,-2.23116044,4.69,42.832,51.38,1.49,327.0,26,40,,
T,2026-04-14 11:07:42,53.47640378,-2.23115251,4.36,41.65,51.38,1.27,345.0,26,40,,
T,2026-04-14 11:07:43,53.4764179,-2.23114241,4.36,42.091,51.38,1.38,356.0,26,40,,
T,2026-04-14 11:07:44,53.47643451,-2.23113653,4.17,42.417,51.38,1.65,359.0,26,40,,
T,2026-04-14 11:07:45,53.47645214,-2.23112397,4.19,42.418,51.38,1.74,10.0,25,40,,
T,2026-04-14 11:07:46,53.47646799,-2.23110982,4.26,42.845,51.38,1.72,22.0,28,40,,
T,2026-04-14 11:07:47,53.47648311,-2.23109609,4.52,42.672,51.38,1.75,22.0,27,40,,
T,2026-04-14 11:07:48,53.47649913,-2.23108763,4.71,43.191,51.38,1.73,11.0,28,40,,
T,2026-04-14 11:07:49,53.47651384,-2.23108151,5.25,42.944,51.38,1.71,12.0,28,39,,
T,2026-04-14 11:07:50,53.47652919,-2.23107714,5.41,42.654,51.38,1.72,11.0,28,39,,
T,2026-04-14 11:07:51,53.47654501,-2.23107575,6.16,42.431,51.38,1.74,6.0,28,41,,
T,2026-04-14 11:07:52,53.47656076,-2.23107423,6.6,42.411,51.38,1.74,6.0,28,41,,
T,2026-04-14 11:07:53,53.47657186,-2.23108086,5.72,43.387,51.38,1.59,1.0,26,41,,
T,2026-04-14 11:07:54,53.47658415,-2.23109231,6.13,43.084,51.38,1.67,346.0,27,41,,
T,2026-04-14 11:07:55,53.47658657,-2.23112676,4.99,40.816,51.38,2.79,290.0,25,41,,
T,2026-04-14 11:07:56,53.47656946,-2.23115393,4.67,41.137,51.38,2.32,240.0,25,42,,
T,2026-04-14 11:07:57,53.47655428,-2.23116797,4.58,41.889,51.38,1.37,244.0,27,42,,
T,2026-04-14 11:07:58,53.47652596,-2.23116365,4.23,42.716,51.38,0.0,,28,41,,
T,2026-04-14 11:07:59,53.47652851,-2.23116501,4.78,42.888,51.38,0.85,342.0,28,41,,
T,2026-04-14 11:08:00,53.47652839,-2.23118745,5.52,43.016,51.38,1.15,296.0,28,41,,
T,2026-04-14 11:08:01,53.47653619,-2.23120235,4.91,43.008,51.38,1.26,314.0,28,40,,
T,2026-04-14 11:08:02,53.47654907,-2.23120541,5.25,42.587,51.38,1.25,339.0,27,40,,
T,2026-04-14 11:08:03,53.47656314,-2.23119796,5.58,42.525,51.38,1.18,8.0,27,40,,
T,2026-04-14 11:08:04,53.47657835,-2.23119821,5.03,41.745,51.38,1.23,345.0,27,40,,
T,2026-04-14 11:08:05,53.47659173,-2.23119926,4.68,41.415,51.38,1.12,354.0,26,40,,
T,2026-04-14 11:08:06,53.47660434,-2.23120661,4.97,40.342,51.38,1.2,333.0,26,39,,
T,2026-04-14 11:08:07,53.47661722,-2.23120808,5.32,39.932,51.38,1.18,353.0,25,39,,
T,2026-04-14 11:08:08,53.47662843,-2.23121158,5.44,39.954,51.38,1.14,342.0,24,40,,
T,2026-04-14 11:08:09,53.47663995,-2.23121511,5.83,39.69,51.38,1.14,340.0,25,39,,
T,2026-04-14 11:08:10,53.47665167,-2.23121489,5.98,39.329,51.38,1.14,359.0,27,39,,
T,2026-04-14 11:08:11,53.47666343,-2.23120254,6.23,39.505,51.38,1.44,39.0,25,39,,
T,2026-04-14 11:08:12,53.47667413,-2.2311944,6.19,40.038,51.38,1.11,42.0,25,39,,
T,2026-04-14 11:08:13,53.4766876,-2.23119247,6.19,40.418,51.38,1.27,12.0,26,39,,
T,2026-04-14 11:08:14,53.47670147,-2.23118493,5.97,42.35,51.38,1.13,25.0,25,39,,
T,2026-04-14 11:08:15,53.47671356,-2.23117764,6.32,43.396,51.38,1.12,36.0,22,40,,
T,2026-04-14 11:08:16,53.47672409,-2.23117501,6.38,42.435,51.38,1.07,32.0,23,40,,
T,2026-04-14 11:08:17,53.47674497,-2.23120406,6.37,40.574,51.38,3.52,319.0,23,40,,
T,2026-04-14 11:08:18,53.47673938,-2.23123818,6.41,40.754,51.38,2.38,255.0,22,40,,
T,2026-04-14 11:08:19,53.47672362,-2.23124348,6.25,40.365,51.38,1.4,209.0,22,40,,
T,2026-04-14 11:08:20,53.47671222,-2.23123739,6.0,40.364,51.38,1.11,191.0,22,40,,
T,2026-04-14 11:08:21,53.47670326,-2.2312378,5.94,40.705,51.38,1.04,196.0,22,40,,
T,2026-04-14 11:08:22,53.47669478,-2.23123845,5.96,41.39,51.38,1.01,186.0,22,40,,
T,2026-04-14 11:08:23,53.47668826,-2.23124401,6.11,42.007,51.38,0.99,208.0,22,40,,
T,2026-04-14 11:08:24,53.47668072,-2.23124615,5.78,43.314,51.38,0.93,199.0,21,40,,
T,2026-04-14 11:08:25,53.47667324,-2.23125445,5.35,43.912,51.38,0.97,210.0,22,40,,
T,2026-04-14 11:08:26,53.47668273,-2.23128038,5.36,53.689,51.38,1.54,305.0,22,40,,
T,2026-04-14 11:08:27,53.47669902,-2.23128648,5.37,57.176,51.38,1.61,358.0,23,40,,
T,2026-04-14 11:08:28,53.4767077,-2.23127881,5.57,55.602,51.38,1.18,31.0,23,40,,
T,2026-04-14 11:08:29,53.47671383,-2.23127011,5.02,53.398,51.38,1.05,48.0,23,40,,
T,2026-04-14 11:08:30,53.4767212,-2.23126332,4.92,52.773,51.38,1.02,36.0,23,40,,
T,2026-04-14 11:08:31,53.47673249,-2.23126493,4.88,52.288,51.38,1.14,12.0,22,40,,
T,2026-04-14 11:08:32,53.47674309,-2.23125861,4.3,52.362,51.38,1.14,29.0,22,40,,
T,2026-04-14 11:08:33,53.47675573,-2.23126236,4.64,51.991,51.38,1.34,351.0,20,40,,
T,2026-04-14 11:08:34,53.47676682,-2.23126223,5.12,51.224,51.38,1.15,9.0,20,40,,
T,2026-04-14 11:08:35,53.47677865,-2.23125947,5.59,50.968,51.38,1.09,6.0,19,40,,
T,2026-04-14 11:08:36,53.47678788,-2.23125482,5.09,46.723,51.38,1.07,19.0,18,40,,
T,2026-04-14 11:08:37,53.47679607,-2.23124584,5.12,45.429,51.38,1.18,43.0,19,40,,
T,2026-04-14 11:08:38,53.47680588,-2.23124202,5.22,43.895,51.38,0.99,29.0,19,40,,
T,2026-04-14 11:08:39,53.47681598,-2.23124219,5.2,42.219,51.38,0.98,10.0,19,39,,
T,2026-04-14 11:08:40,53.47682594,-2.23124472,5.21,41.992,51.38,0.97,360.0,19,39,,
T,2026-04-14 11:08:41,53.47683508,-2.23125061,5.18,41.358,51.38,0.98,347.0,19,39,,
T,2026-04-14 11:08:42,53.47684524,-2.23125679,5.22,40.772,51.38,0.99,344.0,18,39,,
T,2026-04-14 11:08:43,53.47685396,-2.23126795,5.25,40.657,51.38,1.1,318.0,16,39,,
T,2026-04-14 11:08:44,53.47686237,-2.23127524,5.28,39.933,51.38,1.01,329.0,17,39,,
T,2026-04-14 11:08:45,53.47687095,-2.23128012,5.19,39.569,51.38,0.99,340.0,17,39,,
T,2026-04-14 11:08:46,53.47687832,-2.23128909,4.98,39.523,51.38,1.0,325.0,17,39,,
T,2026-04-14 11:08:47,53.47688583,-2.23129682,4.76,39.573,51.38,0.97,329.0,17,39,,
T,2026-04-14 11:08:48,53.4768936,-2.23129808,4.45,39.635,51.38,0.9,345.0,16,39,,
T,2026-04-14 11:08:49,53.47690187,-2.23128954,4.28,39.647,51.38,1.01,21.0,16,39,,
T,2026-04-14 11:08:50,53.47690893,-2.23128134,4.21,39.663,51.38,0.85,26.0,14,39,,
T,2026-04-14 11:08:51,53.47691612,-2.23127417,4.17,39.683,51.38,0.86,25.0,13,39,,
T,2026-04-14 11:08:52,53.47692356,-2.23126768,4.16,39.71,51.38,0.87,24.0,11,38,,
T,2026-04-14 11:08:53,53.47692995,-2.23125874,4.06,39.55,51.38,0.87,36.0,11,38,,
T,2026-04-14 11:08:54,53.47693671,-2.23125233,4.04,39.466,51.38,0.86,29.0,12,37,,
T,2026-04-14 11:08:55,53.47694357,-2.23124685,3.98,39.33,51.38,0.86,27.0,11,35,,
T,2026-04-14 11:08:56,53.47695093,-2.23124268,3.99,39.324,51.38,0.86,23.0,10,35,,
T,2026-04-14 11:08:57,53.47695632,-2.23123164,4.0,39.421,51.38,0.88,41.0,10,34,,
T,2026-04-14 11:08:58,53.47696,-2.23122471,4.32,39.183,51.38,0.84,40.0,11,34,,
T,2026-04-14 11:08:59,53.47696173,-2.2312106,3.81,39.219,51.38,0.85,63.0,12,34,,
T,2026-04-14 11:09:00,53.47695646,-2.23120114,3.79,40.032,51.38,0.0,,10,34,,
T,2026-04-14 11:09:01,53.47696522,-2.23118931,4.29,39.182,51.38,0.89,55.0,9,34,,
T,2026-04-14 11:09:02,53.47696945,-2.23118199,3.95,39.143,51.38,0.0,,8,34,,
T,2026-04-14 11:09:03,53.47697094,-2.23117818,3.87,39.151,51.38,0.0,,8,31,,
T,2026-04-14 11:09:04,53.47697131,-2.23117722,3.82,39.149,51.38,0.0,,8,30,,
T,2026-04-14 11:09:05,53.47697141,-2.23117697,3.8,39.15,51.38,0.0,,8,29,,
T,2026-04-14 11:09:06,53.47697143,-2.2311769,3.79,39.148,51.38,0.0,,9,29,,
T,2026-04-14 11:09:07,53.47697174,-2.23117672,3.79,39.179,51.38,0.0,,10,27,,
T,2026-04-14 11:09:08,53.47697225,-2.23117438,4.39,39.206,51.38,0.2,66.0,10,24,,
T,2026-04-14 11:09:09,53.47697212,-2.23117473,4.01,39.291,51.38,0.0,,10,22,,
T,2026-04-14 11:09:10,53.47697221,-2.23117483,3.87,39.293,51.38,0.0,,9,19,,
T,2026-04-14 11:09:11,53.47697223,-2.23117484,3.79,39.293,51.38,0.0,,9,18,,
T,2026-04-14 11:09:12,53.47697224,-2.23117484,3.79,39.293,51.38,0.0,,8,18,,
T,2026-04-14 11:09:13,53.47697224,-2.23117484,4.25,39.293,51.38,0.0,,6,15,,
T,2026-04-14 11:09:14,53.47697224,-2.23117484,9.59,39.293,51.38,0.0,,5,14,,
T,2026-04-14 11:09:15,53.47697188,-2.23117707,16.55,39.457,51.38,0.0,,5,13,,
T,2026-04-14 11:09:16,53.47696986,-2.23117649,21.76,39.771,51.38,0.0,,4,13,,
T,2026-04-14 11:09:17,53.47696796,-2.23117525,28.79,39.947,51.38,0.0,,3,13,,
T,2026-04-14 11:09:18,53.47697581,-2.23112379,8.54,38.572,51.38,2.78,102.0,3,13,,
T,2026-04-14 11:09:19,53.47698249,-2.23110463,8.55,38.428,51.38,0.86,89.0,5,13,,
T,2026-04-14 11:09:20,53.47698331,-2.23109544,8.56,38.324,51.38,0.97,120.0,4,13,,
T,2026-04-14 11:09:21,53.47697779,-2.23108432,8.55,39.623,51.38,0.85,134.0,4,12,,
T,2026-04-14 11:09:22,53.47697171,-2.23107605,8.54,40.222,51.38,0.84,142.0,5,11,,
T,2026-04-14 11:09:23,53.47696725,-2.23107005,8.74,40.725,51.38,0.84,143.0,5,11,,
T,2026-04-14 11:09:24,53.47696057,-2.23106156,9.51,40.933,51.38,0.84,143.0,6,11,,
T,2026-04-14 11:09:25,53.47695594,-2.23105228,10.78,45.653,51.38,0.8,136.0,4,10,,
T,2026-04-14 11:09:26,53.47695163,-2.23104252,12.85,46.354,51.38,0.8,133.0,4,10,,
T,2026-04-14 11:09:27,53.47694406,-2.2310337,15.19,50.155,51.38,0.88,139.0,4,11,,
T,2026-04-14 11:09:28,53.4769203,-2.23099654,15.62,57.375,51.38,2.26,146.0,6,13,,
T,2026-04-14 11:09:29,53.47694981,-2.23094408,13.12,38.359,51.38,1.1,109.0,8,16,,
T,2026-04-14 11:09:30,53.47696709,-2.23091197,12.84,37.781,51.38,1.0,75.0,9,17,,
T,2026-04-14 11:09:31,53.47699831,-2.23089853,14.0,39.915,51.38,1.5,22.0,12,17,,
T,2026-04-14 11:09:32,53.47702987,-2.23087013,13.05,44.202,51.379,0.98,23.0,12,20,,
T,2026-04-14 11:09:33,53.47704442,-2.23085116,12.35,43.61,51.379,0.97,30.0,15,20,,
T,2026-04-14 11:09:34,53.47706631,-2.23084318,12.23,44.393,51.379,0.97,40.0,15,20,,
T,2026-04-14 11:09:35,53.47706951,-2.23083687,12.2,41.596,51.379,0.95,49.0,15,20,,
T,2026-04-14 11:09:36,53.47708252,-2.23083265,12.45,43.285,51.379,0.94,62.0,16,20,,
T,2026-04-14 11:09:37,53.47709271,-2.23082366,12.41,39.29,51.379,1.1,57.0,16,19,,
T,2026-04-14 11:09:38,53.47710222,-2.23079815,12.14,43.154,51.379,0.9,55.0,16,19,,
T,2026-04-14 11:09:39,53.47711275,-2.23078107,12.12,46.093,51.379,0.89,54.0,14,19,,
T,2026-04-14 11:09:40,53.477116,-2.2307736,12.07,49.805,51.379,0.91,69.0,17,21,,
T,2026-04-14 11:09:41,53.47712512,-2.23076639,12.0,56.811,51.379,0.87,55.0,18,22,,
T,2026-04-14 11:09:42,53.47714142,-2.23078752,11.0,55.308,51.379,0.92,31.0,17,24,,
T,2026-04-14 11:09:43,53.47715609,-2.23078149,10.74,55.819,51.379,0.87,16.0,21,26,,
T,2026-04-14 11:09:44,53.47716485,-2.23077849,10.47,56.659,51.379,0.83,18.0,24,25,,
T,2026-04-14 11:09:45,53.47716564,-2.23078073,10.37,58.063,51.379,0.82,15.0,24,26,,
T,2026-04-14 11:09:46,53.47717099,-2.23078472,10.4,59.196,51.379,0.83,17.0,25,27,,
T,2026-04-14 11:09:47,53.47718097,-2.23078179,10.52,61.557,51.379,0.84,26.0,25,27,,
T,2026-04-14 11:09:48,53.47719187,-2.23077441,10.62,63.257,51.379,0.84,41.0,25,27,,
T,2026-04-14 11:09:49,53.47720079,-2.23078173,10.56,62.86,51.379,0.87,21.0,24,27,,
T,2026-04-14 11:09:50,53.47720746,-2.23078658,10.39,67.567,51.379,0.8,21.0,23,28,,
T,2026-04-14 11:09:51,53.47719406,-2.23078866,10.28,63.668,51.379,0.84,42.0,24,29,,
T,2026-04-14 11:09:52,53.47718659,-2.23078818,10.22,62.557,51.379,0.73,42.0,26,29,,
T,2026-04-14 11:09:53,53.47718475,-2.23078775,10.24,62.215,51.379,0.77,44.0,26,29,,
T,2026-04-14 11:09:54,53.47718818,-2.23078657,10.26,63.695,51.379,0.79,39.0,26,30,,
T,2026-04-14 11:09:55,53.47719389,-2.2307826,10.31,63.737,51.379,0.86,39.0,27,31,,
T,2026-04-14 11:09:56,53.4771993,-2.23077768,10.39,63.457,51.379,0.99,45.0,28,30,,
T,2026-04-14 11:09:57,53.47720558,-2.23077074,10.47,63.098,51.379,1.0,42.0,28,32,,
T,2026-04-14 11:09:58,53.47721185,-2.23075999,10.54,63.932,51.379,1.0,49.0,27,32,,
T,2026-04-14 11:09:59,53.47721618,-2.23074931,10.45,63.262,51.379,0.96,46.0,28,33,,
T,2026-04-14 11:10:00,53.47721515,-2.2307394,10.4,62.155,51.379,0.91,43.0,27,35,,
T,2026-04-14 11:10:01,53.47721735,-2.23072748,10.51,61.668,51.379,0.97,58.0,29,35,,
T,2026-04-14 11:10:02,53.47721709,-2.2307149,10.43,61.56,51.379,1.05,92.0,27,35,,
T,2026-04-14 11:10:03,53.47721679,-2.23070348,10.42,61.122,51.379,0.89,86.0,28,35,,
T,2026-04-14 11:10:04,53.47721077,-2.23069267,10.37,60.36,51.379,0.95,105.0,27,36,,
T,2026-04-14 11:10:05,53.47720273,-2.23068768,10.3,60.081,51.379,1.04,137.0,28,37,,
T,2026-04-14 11:10:06,53.47719872,-2.23068223,10.37,60.09,51.379,0.94,127.0,27,37,,
T,2026-04-14 11:10:07,53.47719653,-2.23067182,10.45,59.061,51.379,0.92,119.0,24,36,,
T,2026-04-14 11:10:08,53.47719987,-2.23065616,10.57,59.234,51.379,0.95,98.0,25,35,,
T,2026-04-14 11:10:09,53.47721751,-2.23064491,10.38,59.671,51.379,2.13,28.0,26,35,,
T,2026-04-14 11:10:10,53.47722902,-2.23065409,10.37,59.983,51.379,1.27,336.0,27,35,,
T,2026-04-14 11:10:11,53.47723645,-2.23066107,10.45,61.01,51.379,0.95,330.0,26,36,,
T,2026-04-14 11:10:12,53.47724848,-2.23064898,10.44,63.325,51.379,1.65,33.0,26,36,,
T,2026-04-14 11:10:13,53.4772576,-2.23064107,10.38,64.532,51.379,1.2,29.0,26,38,,
T,2026-04-14 11:10:14,53.47726043,-2.23063464,10.49,64.082,51.379,0.91,45.0,25,38,,
T,2026-04-14 11:10:15,53.47726468,-2.23062742,10.53,63.943,51.379,0.9,38.0,26,39,,
T,2026-04-14 11:10:16,53.47726731,-2.23061345,10.69,63.276,51.379,1.0,68.0,26,39,,
T,2026-04-14 11:10:17,53.4772664,-2.23060319,10.61,63.522,51.379,0.89,87.0,29,39,,
T,2026-04-14 11:10:18,53.47726286,-2.23059428,10.57,63.496,51.379,1.01,117.0,30,40,,
T,2026-04-14 11:10:19,53.47726224,-2.23059473,10.6,61.696,51.379,0.81,113.0,29,40,,
T,2026-04-14 11:10:20,53.47726505,-2.23058847,10.65,60.392,51.379,0.83,106.0,29,40,,
T,2026-04-14 11:10:21,53.4772679,-2.23057963,10.67,59.672,51.379,0.82,100.0,29,40,,
T,2026-04-14 11:10:22,53.47727254,-2.23057098,10.66,59.41,51.379,0.78,83.0,29,41,,
T,2026-04-14 11:10:23,53.47727996,-2.2305646,10.61,60.238,51.379,0.81,75.0,29,41,,
T,2026-04-14 11:10:24,53.47728627,-2.23055584,10.67,60.568,51.379,0.8,65.0,29,41,,
T,2026-04-14 11:10:25,53.477295,-2.23055473,10.59,61.259,51.379,0.74,64.0,30,43,,
T,2026-04-14 11:10:26,53.47730348,-2.23055426,10.54,62.323,51.379,0.82,89.0,31,43,,
T,2026-04-14 11:10:27,53.47731039,-2.23054862,10.53,62.717,51.379,0.78,81.0,34,43,,
T,2026-04-14 11:10:28,53.47731333,-2.2305484,10.66,61.021,51.379,0.71,80.0,35,42,,
T,2026-04-14 11:10:29,53.4772969,-2.2305483,10.64,56.445,51.379,1.48,140.0,34,42,,
T,2026-04-14 11:10:30,53.47728351,-2.2305533,10.58,55.187,51.379,0.73,141.0,32,42,,
T,2026-04-14 11:10:31,53.47727509,-2.23055278,10.68,55.221,51.379,0.8,130.0,34,41,,
T,2026-04-14 11:10:32,53.47727221,-2.23056164,10.69,55.107,51.379,0.0,,33,41,,
T,2026-04-14 11:10:33,53.47727168,-2.23056433,10.69,55.104,51.379,0.0,,29,41,,
T,2026-04-14 11:10:34,53.47727309,-2.23056973,10.69,55.009,51.379,0.0,,28,41,,
T,2026-04-14 11:10:35,53.47727439,-2.2305738,10.45,55.012,51.379,0.0,,28,41,,
T,2026-04-14 11:10:36,53.47727478,-2.23057492,10.52,55.03,51.379,0.0,,29,41,,
T,2026-04-14 11:10:37,53.47727574,-2.2305788,10.48,54.707,51.379,0.0,,29,41,,
T,2026-04-14 11:10:38,53.47727609,-2.23058017,10.48,54.692,51.379,0.0,,30,40,,
T,2026-04-14 11:10:39,53.47727642,-2.23058213,10.44,54.698,51.379,0.0,,30,40,,
T,2026-04-14 11:10:40,53.47727717,-2.23058449,10.54,55.033,51.379,0.0,,30,39,,
T,2026-04-14 11:10:41,53.47727729,-2.2305855,10.56,55.089,51.379,0.0,,30,39,,
T,2026-04-14 11:10:42,53.47727732,-2.23058589,10.53,55.093,51.379,0.0,,29,40,,
T,2026-04-14 11:10:43,53.47727734,-2.23058612,10.41,55.099,51.379,0.0,,29,40,,
T,2026-04-14 11:10:44,53.47727737,-2.2305863,10.44,55.101,51.379,0.0,,29,40,,
T,2026-04-14 11:10:45,53.47727742,-2.23058652,10.46,55.104,51.379,0.0,,28,40,,
T,2026-04-14 11:10:46,53.47727743,-2.23058673,10.47,55.106,51.379,0.0,,26,40,,
T,2026-04-14 11:10:47,53.47727741,-2.23058696,10.5,55.101,51.379,0.0,,28,40,,
T,2026-04-14 11:10:48,53.47727741,-2.23058732,10.56,55.097,51.379,0.0,,28,40,,
T,2026-04-14 11:10:49,53.47727743,-2.23058756,10.57,55.096,51.379,0.0,,29,40,,
T,2026-04-14 11:10:50,53.4772775,-2.23058788,10.48,55.138,51.379,0.0,,26,38,,
T,2026-04-14 11:10:51,53.47727676,-2.23059128,10.47,54.686,51.379,0.0,,29,38,,
T,2026-04-14 11:10:52,53.47727618,-2.23059424,10.46,54.677,51.379,0.0,,29,38,,
T,2026-04-14 11:10:53,53.47727608,-2.23059522,10.45,54.693,51.379,0.0,,28,38,,
T,2026-04-14 11:10:54,53.47727608,-2.23059563,10.37,54.693,51.379,0.0,,28,39,,
T,2026-04-14 11:10:55,53.47727603,-2.23059603,10.1,54.708,51.379,0.0,,30,39,,
T,2026-04-14 11:10:56,53.47727601,-2.23059625,9.94,54.704,51.379,0.0,,30,39,,
T,2026-04-14 11:10:57,53.47727599,-2.23059652,9.94,54.714,51.379,0.0,,29,38,,
T,2026-04-14 11:10:58,53.47727671,-2.23059864,9.94,55.149,51.379,0.0,,30,38,,
T,2026-04-14 11:10:59,53.4772769,-2.23060708,10.08,54.739,51.379,0.41,130.0,30,38,,
T,2026-04-14 11:11:00,53.477275,-2.23061328,9.94,53.976,51.379,0.0,,30,39,,
T,2026-04-14 11:11:01,53.47727454,-2.23061478,10.08,54.008,51.379,0.0,,29,40,,
T,2026-04-14 11:11:02,53.4772744,-2.2306152,10.22,54.008,51.379,0.0,,29,40,,
T,2026-04-14 11:11:03,53.47727439,-2.23061539,10.32,54.001,51.379,0.0,,30,40,,
T,2026-04-14 11:11:04,53.47727454,-2.23061586,10.34,54.022,51.379,0.0,,27,40,,
T,2026-04-14 11:11:05,53.47727466,-2.23061643,10.42,54.07,51.379,0.0,,28,40,,
T,2026-04-14 11:11:06,53.47727473,-2.23061667,4.03,54.068,51.379,0.0,,29,38,,
T,2026-04-14 11:11:07,53.4772748,-2.23061691,4.09,54.061,51.379,0.0,,29,38,,
T,2026-04-14 11:11:08,53.47727486,-2.23061715,4.11,54.056,51.379,0.0,,30,39,,
T,2026-04-14 11:11:09,53.47727492,-2.23061737,4.15,54.053,51.379,0.0,,30,39,,
T,2026-04-14 11:11:10,53.47727482,-2.2306174,4.13,54.045,51.379,0.0,,28,40,,
T,2026-04-14 11:11:11,53.47727476,-2.2306175,4.14,54.043,51.379,0.0,,28,40,,
T,2026-04-14 11:11:12,53.47727496,-2.23061813,4.32,54.13,51.379,0.0,,26,40,,
T,2026-04-14 11:11:13,53.47727523,-2.23061899,4.36,54.204,51.379,0.0,,27,40,,
T,2026-04-14 11:11:14,53.47727544,-2.23061959,4.4,54.244,51.379,0.0,,30,40,,
T,2026-04-14 11:11:15,53.47727549,-2.23062004,4.42,54.252,51.379,0.0,,31,40,,
T,2026-04-14 11:11:16,53.47727573,-2.23062065,4.48,54.311,51.379,0.0,,30,40,,
T,2026-04-14 11:11:17,53.47727563,-2.23062164,4.49,54.218,51.379,0.0,,30,40,,
T,2026-04-14 11:11:18,53.47727598,-2.23062173,4.39,54.386,51.379,0.0,,30,40,,
T,2026-04-14 11:11:19,53.47727618,-2.23062224,4.31,54.44,51.379,0.0,,31,39,,
T,2026-04-14 11:11:20,53.4772763,-2.23062259,4.31,54.458,51.379,0.0,,31,39,,
T,2026-04-14 11:11:21,53.47727422,-2.23062648,4.32,53.543,51.379,0.0,,32,39,,
T,2026-04-14 11:11:22,53.47727272,-2.23063097,4.47,53.534,51.379,0.0,,31,38,,
T,2026-04-14 11:11:23,53.47727245,-2.23063244,4.48,53.526,51.379,0.0,,31,38,,
T,2026-04-14 11:11:24,53.47727236,-2.23063302,4.54,53.506,51.379,0.0,,30,38,,
T,2026-04-14 11:11:25,53.47727231,-2.2306333,4.56,53.48,51.379,0.0,,31,37,,
T,2026-04-14 11:11:26,53.47727229,-2.23063347,4.5,53.466,51.379,0.0,,30,37,,
T,2026-04-14 11:11:27,53.47727235,-2.23063377,4.44,53.469,51.379,0.0,,29,37,,
T,2026-04-14 11:11:28,53.47727233,-2.23063399,4.4,53.446,51.379,0.0,,28,37,,
T,2026-04-14 11:11:29,53.47727233,-2.23063412,4.31,53.433,51.379,0.0,,27,37,,
T,2026-04-14 11:11:30,53.47727234,-2.23063422,4.21,53.426,51.379,0.0,,28,37,,
T,2026-04-14 11:11:31,53.47727233,-2.23063435,4.12,53.425,51.379,0.0,,26,37,,
T,2026-04-14 11:11:32,53.47727233,-2.23063449,3.97,53.419,51.379,0.0,,26,37,,
T,2026-04-14 11:11:33,53.47727238,-2.23063464,3.94,53.418,51.379,0.0,,26,37,,
T,2026-04-14 11:11:34,53.47727241,-2.23063477,3.88,53.416,51.379,0.0,,26,37,,
T,2026-04-14 11:11:35,53.47727243,-2.23063483,3.85,53.423,51.379,0.0,,27,35,,
T,2026-04-14 11:11:36,53.47727238,-2.23063495,3.8,53.418,51.379,0.0,,26,35,,
T,2026-04-14 11:11:37,53.47727458,-2.2306396,3.94,53.951,51.379,0.0,,28,35,,
T,2026-04-14 11:11:38,53.47727722,-2.23064349,3.91,54.032,51.379,0.0,,28,35,,
T,2026-04-14 11:11:39,53.47727773,-2.23064485,3.94,54.042,51.379,0.0,,30,35,,
T,2026-04-14 11:11:40,53.47727779,-2.23064548,3.97,54.047,51.379,0.0,,30,35,,
T,2026-04-14 11:11:41,53.47727781,-2.23064563,3.97,54.045,51.379,0.0,,31,34,,
T,2026-04-14 11:11:42,53.4772778,-2.23064571,3.96,54.019,51.379,0.0,,31,36,,
T,2026-04-14 11:11:43,53.47727777,-2.23064616,3.96,54.035,51.379,0.0,,32,37,,
T,2026-04-14 11:11:44,53.47727793,-2.2306485,3.95,54.171,51.379,0.0,,30,37,,
T,2026-04-14 11:11:45,53.47727793,-2.2306497,4.05,54.215,51.379,0.0,,31,37,,
T,2026-04-14 11:11:46,53.47727792,-2.23065016,4.1,54.208,51.379,0.0,,32,37,,
T,2026-04-14 11:11:47,53.47727802,-2.23065047,4.04,54.23,51.379,0.0,,31,39,,
T,2026-04-14 11:11:48,53.47727813,-2.2306506,3.98,54.262,51.379,0.0,,32,38,,
T,2026-04-14 11:11:49,53.47727804,-2.23065094,4.02,54.271,51.379,0.0,,31,39,,
T,2026-04-14 11:11:50,53.47727804,-2.23065118,4.11,54.287,51.379,0.0,,32,40,,
T,2026-04-14 11:11:51,53.47727766,-2.23065159,4.21,54.218,51.379,0.0,,32,41,,
T,2026-04-14 11:11:52,53.47727777,-2.23065153,4.25,54.289,51.379,0.0,,31,41,,
T,2026-04-14 11:11:53,53.47727779,-2.23065162,4.3,54.287,51.379,0.0,,28,41,,
T,2026-04-14 11:11:54,53.47727779,-2.23065164,4.35,54.289,51.379,0.0,,25,40,,
T,2026-04-14 11:11:55,53.47727778,-2.23065165,4.39,54.291,51.379,0.0,,26,40,,
T,2026-04-14 11:11:56,53.47727773,-2.23065182,4.35,54.295,51.379,0.0,,25,41,,
T,2026-04-14 11:11:57,53.47727778,-2.23065213,4.33,54.304,51.379,0.0,,23,41,,
T,2026-04-14 11:11:58,53.47727776,-2.23065235,4.3,54.302,51.379,0.0,,26,40,,
T,2026-04-14 11:11:59,53.47727773,-2.23065249,4.31,54.293,51.379,0.0,,27,40,,
T,2026-04-14 11:12:00,53.47727753,-2.23065242,4.29,54.297,51.379,0.0,,28,40,,
T,2026-04-14 11:12:01,53.4772773,-2.23065228,4.24,54.286,51.379,0.0,,29,39,,
T,2026-04-14 11:12:02,53.47727742,-2.2306524,4.22,54.288,51.379,0.0,,30,39,,
T,2026-04-14 11:12:03,53.47727744,-2.23065241,4.26,54.287,51.379,0.0,,30,39,,
T,2026-04-14 11:12:04,53.47727745,-2.23065242,4.36,54.286,51.379,0.0,,24,38,,
T,2026-04-14 11:12:05,53.47727746,-2.23065246,4.45,54.287,51.379,0.0,,22,38,,
T,2026-04-14 11:12:06,53.47727745,-2.23065247,4.49,54.287,51.379,0.0,,22,38,,
T,2026-04-14 11:12:07,53.47727736,-2.23065284,4.47,54.303,51.379,0.0,,22,38,,
T,2026-04-14 11:12:08,53.4772775,-2.23065303,4.54,54.342,51.379,0.0,,25,39,,
T,2026-04-14 11:12:09,53.47727751,-2.23065313,4.53,54.334,51.379,0.0,,25,38,,
T,2026-04-14 11:12:10,53.4772775,-2.23065309,4.57,54.336,51.379,0.0,,24,38,,
T,2026-04-14 11:12:11,53.4772775,-2.23065308,4.65,54.335,51.379,0.0,,24,38,,
T,2026-04-14 11:12:12,53.4772775,-2.23065307,10.41,54.334,51.379,0.0,,25,38,,
T,2026-04-14 11:12:13,53.47727751,-2.23065309,10.4,54.333,51.379,0.0,,26,38,,
T,2026-04-14 11:12:14,53.47727752,-2.23065312,10.42,54.331,51.379,0.0,,25,38,,
T,2026-04-14 11:12:15,53.47727755,-2.23065345,10.54,54.362,51.379,0.0,,25,39,,
T,2026-04-14 11:12:16,53.47727754,-2.23065367,10.64,54.368,51.379,0.0,,25,39,,
T,2026-04-14 11:12:17,53.47727753,-2.23065377,10.68,54.369,51.379,0.0,,28,40,,
T,2026-04-14 11:12:18,53.47727753,-2.23065395,10.67,54.387,51.379,0.0,,28,40,,
T,2026-04-14 11:12:19,53.47727753,-2.23065404,10.68,54.389,51.379,0.0,,29,40,,
T,2026-04-14 11:12:20,53.47727755,-2.23065407,10.66,54.39,51.379,0.0,,29,40,,
T,2026-04-14 11:12:21,53.47727757,-2.23065412,10.65,54.392,51.379,0.0,,29,38,,
T,2026-04-14 11:12:22,53.4772776,-2.2306542,10.64,54.393,51.379,0.0,,29,38,,
T,2026-04-14 11:12:23,53.47727763,-2.23065423,10.64,54.394,51.379,0.0,,30,38,,
T,2026-04-14 11:12:24,53.47727763,-2.23065448,10.64,54.412,51.379,0.0,,30,38,,
T,2026-04-14 11:12:25,53.47727767,-2.23065463,10.46,54.414,51.379,0.0,,30,38,,
T,2026-04-14 11:12:26,53.4772777,-2.23065482,10.61,54.424,51.379,0.0,,30,39,,
T,2026-04-14 11:12:27,53.47727772,-2.23065487,10.65,54.426,51.379,0.0,,32,39,,
T,2026-04-14 11:12:28,53.47727773,-2.23065489,10.65,54.427,51.379,0.0,,30,38,,
T,2026-04-14 11:12:29,53.47727782,-2.23065516,10.52,54.464,51.379,0.0,,28,38,,
T,2026-04-14 11:12:30,53.47727793,-2.23065542,10.5,54.488,51.379,0.0,,30,39,,
T,2026-04-14 11:12:31,53.47727803,-2.23065585,10.61,54.539,51.379,0.0,,31,39,,
T,2026-04-14 11:12:32,53.47727829,-2.23065647,10.65,54.607,51.379,0.0,,31,39,,
T,2026-04-14 11:12:33,53.47727752,-2.23065311,10.56,54.183,51.379,0.32,130.0,31,38,,
T,2026-04-14 11:12:34,53.47728696,-2.23066365,10.42,54.575,51.379,0.0,,31,38,,
T,2026-04-14 11:12:35,53.47728925,-2.2306668,10.43,54.592,51.379,0.0,,31,39,,
T,2026-04-14 11:12:36,53.47728977,-2.23066788,10.45,54.612,51.379,0.0,,32,39,,
T,2026-04-14 11:12:37,53.47728984,-2.23066827,10.51,54.612,51.379,0.0,,30,39,,
T,2026-04-14 11:12:38,53.47728986,-2.23066838,10.51,54.612,51.379,0.0,,29,39,,
T,2026-04-14 11:12:39,53.47728986,-2.23066851,10.54,54.612,51.379,0.0,,28,39,,
T,2026-04-14 11:12:40,53.47728986,-2.23066859,10.58,54.612,51.379,0.0,,27,38,,
T,2026-04-14 11:12:41,53.47729001,-2.23066899,10.57,54.644,51.379,0.0,,28,38,,
T,2026-04-14 11:12:42,53.47729004,-2.23066915,10.48,54.645,51.379,0.0,,28,38,,
T,2026-04-14 11:12:43,53.47729007,-2.23066921,10.52,54.645,51.379,0.0,,32,39,,
T,2026-04-14 11:12:44,53.47729007,-2.23066925,10.46,54.642,51.379,0.0,,30,39,,
T,2026-04-14 11:12:45,53.47729007,-2.23066926,10.3,54.642,51.379,0.0,,31,39,,
T,2026-04-14 11:12:46,53.47729007,-2.23066926,9.98,54.641,51.379,0.0,,30,39,,
T,2026-04-14 11:12:47,53.47729002,-2.23066932,10.35,54.646,51.379,0.0,,30,39,,
T,2026-04-14 11:12:48,53.47729005,-2.23066958,10.6,54.66,51.379,0.0,,29,39,,
T,2026-04-14 11:12:49,53.47729004,-2.23066974,10.62,54.659,51.379,0.0,,26,39,,
T,2026-04-14 11:12:50,53.47729003,-2.2306698,10.61,54.657,51.379,0.0,,28,39,,
T,2026-04-14 11:12:51,53.47728997,-2.23067005,10.65,54.682,51.379,0.0,,27,39,,
T,2026-04-14 11:12:52,53.47729,-2.23067022,10.6,54.684,51.379,0.0,,26,39,,
T,2026-04-14 11:12:53,53.47729,-2.23067028,10.53,54.678,51.379,0.0,,26,39,,
T,2026-04-14 11:12:54,53.47728999,-2.23067037,10.51,54.674,51.379,0.0,,27,40,,
T,2026-04-14 11:12:55,53.47729153,-2.23066929,10.55,55.146,51.379,0.31,130.0,27,40,,
T,2026-04-14 11:12:56,53.47729163,-2.23066995,10.46,55.684,51.379,0.23,130.0,26,40,,
T,2026-04-14 11:12:57,53.47729281,-2.23067791,10.45,55.894,51.379,0.2,130.0,29,40,,
T,2026-04-14 11:12:58,53.47730263,-2.23069871,10.34,56.091,51.379,0.0,,30,40,,
T,2026-04-14 11:12:59,53.47730633,-2.23070958,10.52,56.032,51.379,0.0,,29,40,,
T,2026-04-14 11:13:00,53.47731156,-2.23071921,10.9,55.372,51.379,0.41,130.0,29,40,,
T,2026-04-14 11:13:01,53.47730301,-2.23073781,10.68,54.657,51.379,2.74,222.0,29,40,,
T,2026-04-14 11:13:02,53.47729489,-2.23074318,10.65,55.299,51.379,1.31,169.0,28,40,,
T,2026-04-14 11:13:03,53.47729498,-2.230746,10.69,54.406,51.379,0.85,153.0,27,40,,
T,2026-04-14 11:13:04,53.47729477,-2.23074424,10.76,53.287,51.379,0.92,125.0,27,40,,
T,2026-04-14 11:13:05,53.47729524,-2.23073351,11.04,52.843,51.379,0.97,105.0,27,41,,
T,2026-04-14 11:13:06,53.47729904,-2.23072691,10.93,49.202,51.379,0.84,99.0,26,41,,
T,2026-04-14 11:13:07,53.47730511,-2.23071639,10.98,48.51,51.379,0.97,81.0,24,43,,
T,2026-04-14 11:13:08,53.47731535,-2.23070782,11.37,48.697,51.379,1.0,49.0,25,43,,
T,2026-04-14 11:13:09,53.47732671,-2.23070438,11.59,48.36,51.379,0.81,38.0,25,43,,
T,2026-04-14 11:13:10,53.47734006,-2.23070577,11.6,48.579,51.379,0.85,23.0,26,43,,
T,2026-04-14 11:13:11,53.47735461,-2.23071545,11.49,48.271,51.379,0.88,357.0,26,43,,
T,2026-04-14 11:13:12,53.47736751,-2.23072999,11.66,47.446,51.379,0.8,344.0,28,43,,
T,2026-04-14 11:13:13,53.47738265,-2.23074002,11.31,45.575,51.379,0.94,2.0,28,43,,
T,2026-04-14 11:13:14,53.47739702,-2.2307412,11.3,45.317,51.379,0.92,28.0,27,43,,
T,2026-04-14 11:13:15,53.4774078,-2.23073802,11.24,45.355,51.379,0.86,46.0,28,43,,
T,2026-04-14 11:13:16,53.47741843,-2.23073287,11.5,45.258,51.379,0.85,51.0,30,42,,
T,2026-04-14 11:13:17,53.47743279,-2.23073242,11.42,45.673,51.379,0.95,31.0,31,42,,
T,2026-04-14 11:13:18,53.47744508,-2.23073259,11.89,45.516,51.379,0.85,26.0,31,42,,
T,2026-04-14 11:13:19,53.4774567,-2.23072986,12.17,46.262,51.379,0.84,29.0,31,42,,
T,2026-04-14 11:13:20,53.47746862,-2.23072842,11.5,47.701,51.379,0.85,36.0,31,42,,
T,2026-04-14 11:13:21,53.47747829,-2.23072036,11.67,48.024,51.379,0.83,39.0,29,42,,
T,2026-04-14 11:13:22,53.47749095,-2.23071629,11.47,47.952,51.379,0.89,24.0,29,42,,
T,2026-04-14 11:13:23,53.47750477,-2.2307173,11.41,49.171,51.379,0.82,12.0,29,42,,
T,2026-04-14 11:13:24,53.47751739,-2.23071759,11.71,49.165,51.379,0.81,8.0,27,42,,
T,2026-04-14 11:13:25,53.47752827,-2.23071411,12.57,49.033,51.379,0.82,16.0,28,42,,
T,2026-04-14 11:13:26,53.47753967,-2.23071232,11.83,48.462,51.379,0.82,11.0,30,42,,
T,2026-04-14 11:13:27,53.47754961,-2.23071088,7.09,48.714,51.379,0.78,13.0,32,42,,
T,2026-04-14 11:13:28,53.4775585,-2.23070714,7.69,48.991,51.379,0.77,12.0,31,42,,
T,2026-04-14 11:13:29,53.47756558,-2.23070774,6.84,49.584,51.379,0.0,,32,42,,
T,2026-04-14 11:13:30,53.47756854,-2.23071124,6.69,49.332,51.379,0.0,,31,41,,
T,2026-04-14 11:13:31,53.47756894,-2.23071153,6.56,49.325,51.379,0.0,,31,40,,
T,2026-04-14 11:13:32,53.47757111,-2.23071112,6.81,49.814,51.379,0.15,345.0,30,40,,
T,2026-04-14 11:13:33,53.47757218,-2.2307085,6.47,50.197,51.379,0.0,,29,40,,
T,2026-04-14 11:13:34,53.4775722,-2.23070788,6.3,50.188,51.379,0.0,,29,40,,
T,2026-04-14 11:13:35,53.47757315,-2.23070794,6.33,50.423,51.379,0.0,,28,40,,
T,2026-04-14 11:13:36,53.477573,-2.23070835,6.12,50.442,51.379,0.0,,29,40,,
T,2026-04-14 11:13:37,53.47757302,-2.23070848,5.65,50.456,51.379,0.0,,29,40,,
T,2026-04-14 11:13:38,53.47757308,-2.2307085,5.55,50.462,51.379,0.0,,32,40,,
T,2026-04-14 11:13:39,53.47757325,-2.2307084,5.49,50.509,51.379,0.0,,30,40,,
T,2026-04-14 11:13:40,53.4775734,-2.23070857,5.38,50.489,51.379,0.0,,28,40,,
T,2026-04-14 11:13:41,53.47757354,-2.23070858,5.32,50.5,51.379,0.0,,27,41,,
T,2026-04-14 11:13:42,53.47757364,-2.23070871,5.24,50.491,51.379,0.0,,25,41,,
T,2026-04-14 11:13:43,53.47757367,-2.23070877,5.19,50.49,51.379,0.0,,24,42,,
T,2026-04-14 11:13:44,53.47757367,-2.23070935,5.02,50.448,51.379,0.0,,22,42,,
T,2026-04-14 11:13:45,53.47757367,-2.2307096,4.96,50.442,51.379,0.0,,24,42,,
T,2026-04-14 11:13:46,53.47757373,-2.2307097,4.97,50.451,51.379,0.0,,25,41,,
T,2026-04-14 11:13:47,53.47757369,-2.23070996,5.05,50.409,51.379,0.0,,29,40,,
T,2026-04-14 11:13:48,53.47757648,-2.23070952,4.91,50.978,51.379,0.0,,29,40,,
T,2026-04-14 11:13:49,53.47757781,-2.2307087,4.77,51.07,51.379,0.0,,31,40,,
T,2026-04-14 11:13:50,53.4775771,-2.23070447,4.7,51.446,51.379,0.53,345.0,35,40,,
T,2026-04-14 11:13:51,53.47757717,-2.23069382,5.03,53.285,51.379,0.55,345.0,35,41,,
T,2026-04-14 11:13:52,53.47758053,-2.23068863,4.49,53.228,51.379,0.0,,34,40,,
T,2026-04-14 11:13:53,53.47758148,-2.23068792,4.51,53.236,51.379,0.0,,32,40,,
T,2026-04-14 11:13:54,53.47758184,-2.23068793,4.52,53.269,51.379,0.0,,32,40,,
T,2026-04-14 11:13:55,53.47758196,-2.23068799,4.46,53.268,51.379,0.0,,32,40,,
T,2026-04-14 11:13:56,53.47758198,-2.23068803,4.51,53.268,51.379,0.0,,31,40,,
T,2026-04-14 11:13:57,53.47758203,-2.23068802,4.51,53.281,51.379,0.0,,28,41,,
T,2026-04-14 11:13:58,53.47758209,-2.23068803,4.48,53.292,51.379,0.0,,29,41,,
T,2026-04-14 11:13:59,53.47758211,-2.23068805,4.43,53.295,51.379,0.0,,30,41,,
T,2026-04-14 11:14:00,53.47758214,-2.23068805,4.56,53.299,51.379,0.0,,30,41,,
T,2026-04-14 11:14:01,53.47758215,-2.23068806,4.59,53.306,51.379,0.0,,29,41,,
T,2026-04-14 11:14:02,53.4775811,-2.23068713,4.64,53.617,51.379,0.16,345.0,29,41,,
T,2026-04-14 11:14:03,53.47757857,-2.23068752,5.36,53.592,51.379,0.31,345.0,29,40,,
T,2026-04-14 11:14:04,53.47758153,-2.23068414,5.13,53.389,51.379,0.51,345.0,29,41,,
T,2026-04-14 11:14:05,53.4775902,-2.2306886,5.31,52.918,51.379,0.27,345.0,31,42,,
T,2026-04-14 11:14:06,53.47760027,-2.23069965,5.25,52.1,51.379,0.85,331.0,29,42,,
T,2026-04-14 11:14:07,53.47761239,-2.23070745,5.42,50.992,51.379,0.96,357.0,30,42,,
T,2026-04-14 11:14:08,53.47762428,-2.23071832,5.92,50.292,51.379,1.22,331.0,32,42,,
T,2026-04-14 11:14:09,53.4776286,-2.23073801,5.62,47.573,51.379,1.06,289.0,31,42,,
T,2026-04-14 11:14:10,53.47762926,-2.23075533,5.67,47.077,51.379,0.74,275.0,30,41,,
T,2026-04-14 11:14:11,53.47762982,-2.23076919,5.7,46.864,51.379,0.75,265.0,29,41,,
T,2026-04-14 11:14:12,53.47763502,-2.23077915,5.29,46.272,51.379,0.91,290.0,28,41,,
T,2026-04-14 11:14:13,53.4776407,-2.23078634,5.09,44.416,51.379,0.76,303.0,27,42,,
T,2026-04-14 11:14:14,53.47764631,-2.23079419,5.41,43.479,51.38,0.76,299.0,27,42,,
T,2026-04-14 11:14:15,53.47765342,-2.23080317,5.73,42.719,51.38,0.76,301.0,27,42,,
T,2026-04-14 11:14:16,53.47765966,-2.23081136,5.54,43.601,51.38,0.77,310.0,28,42,,
T,2026-04-14 11:14:17,53.47766516,-2.23082089,5.76,43.8,51.38,0.81,300.0,29,42,,
T,2026-04-14 11:14:18,53.47766914,-2.23083214,5.96,44.363,51.38,0.8,284.0,29,42,,
T,2026-04-14 11:14:19,53.47767353,-2.23084398,5.68,45.005,51.38,0.89,288.0,28,41,,
T,2026-04-14 11:14:20,53.47767899,-2.23085514,6.15,44.686,51.38,0.91,294.0,26,41,,
T,2026-04-14 11:14:21,53.47768469,-2.23086595,6.04,43.854,51.38,0.88,301.0,26,41,,
T,2026-04-14 11:14:22,53.4776925,-2.23087541,6.13,43.572,51.38,0.89,311.0,25,41,,
T,2026-04-14 11:14:23,53.47770155,-2.23088346,6.54,43.459,51.38,0.85,318.0,22,41,,
T,2026-04-14 11:14:24,53.47770864,-2.23089361,6.87,43.826,51.38,0.91,303.0,22,40,,
T,2026-04-14 11:14:25,53.47771326,-2.23090522,7.44,43.994,51.38,0.84,290.0,20,40,,
T,2026-04-14 11:14:26,53.47771678,-2.23091689,7.22,44.419,51.38,0.85,276.0,20,40,,
T,2026-04-14 11:14:27,53.47772155,-2.23092937,7.44,43.812,51.38,0.88,285.0,20,40,,
T,2026-04-14 11:14:28,53.47772727,-2.23094015,7.43,44.565,51.38,0.87,278.0,20,41,,
T,2026-04-14 11:14:29,53.47773292,-2.23095252,7.62,44.44,51.38,0.91,285.0,20,40,,
T,2026-04-14 11:14:30,53.4777404,-2.23096319,7.62,44.638,51.38,0.88,295.0,19,40,,
T,2026-04-14 11:14:31,53.47774515,-2.23097803,7.7,44.214,51.38,1.09,271.0,18,40,,
T,2026-04-14 11:14:32,53.47774832,-2.23099062,7.64,44.406,51.38,0.89,268.0,18,42,,
T,2026-04-14 11:14:33,53.4777568,-2.23100396,7.69,44.451,51.38,1.13,301.0,18,42,,
T,2026-04-14 11:14:34,53.47776755,-2.23101292,8.41,43.729,51.38,0.88,318.0,20,41,,
T,2026-04-14 11:14:35,53.47778071,-2.23101677,9.55,43.111,51.38,0.99,343.0,19,41,,
T,2026-04-14 11:14:36,53.47779536,-2.23102336,8.63,42.942,51.38,1.04,319.0,19,40,,
T,2026-04-14 11:14:37,53.4778081,-2.23102646,8.86,42.08,51.38,0.91,341.0,19,40,,
T,2026-04-14 11:14:38,53.47781953,-2.2310287,8.95,41.866,51.38,0.87,353.0,19,40,,
T,2026-04-14 11:14:39,53.47783006,-2.23103781,9.11,42.299,51.38,0.88,338.0,19,40,,
T,2026-04-14 11:14:40,53.47783949,-2.23105057,7.58,42.248,51.38,0.89,310.0,21,40,,
T,2026-04-14 11:14:41,53.47785342,-2.23106093,7.04,44.016,51.38,1.25,0.0,21,40,,
T,2026-04-14 11:14:42,53.47786146,-2.23107661,6.57,46.61,51.38,0.86,352.0,22,41,,
T,2026-04-14 11:14:43,53.47786862,-2.23108749,6.52,46.46,51.38,0.85,352.0,24,42,,
T,2026-04-14 11:14:44,53.4778754,-2.23110111,5.87,47.698,51.38,0.84,351.0,24,42,,
T,2026-04-14 11:14:45,53.47787963,-2.23111783,5.93,47.266,51.38,0.95,323.0,25,42,,
T,2026-04-14 11:14:46,53.47788432,-2.23113111,5.67,48.158,51.38,0.86,339.0,25,42,,
T,2026-04-14 11:14:47,53.47788734,-2.23114338,5.56,46.959,51.38,0.84,329.0,25,42,,
T,2026-04-14 11:14:48,53.47789072,-2.23115449,5.5,47.293,51.38,0.85,322.0,25,42,,
T,2026-04-14 11:14:49,53.4778981,-2.23116187,5.5,46.841,51.38,0.86,336.0,23,42,,
T,2026-04-14 11:14:50,53.47790583,-2.23117005,5.53,46.535,51.38,0.85,326.0,23,42,,
T,2026-04-14 11:14:51,53.47791523,-2.23117168,5.81,46.42,51.38,0.93,352.0,28,42,,
T,2026-04-14 11:14:52,53.47792127,-2.23118538,5.69,47.414,51.38,1.19,306.0,30,42,,
T,2026-04-14 11:14:53,53.47792947,-2.23118952,5.88,48.214,51.38,0.94,337.0,31,41,,
T,2026-04-14 11:14:54,53.47793491,-2.23120055,5.63,47.003,51.38,0.97,305.0,29,42,,
T,2026-04-14 11:14:55,53.47794143,-2.23120839,5.5,45.387,51.38,0.85,320.0,29,42,,
T,2026-04-14 11:14:56,53.47795097,-2.23121128,5.5,44.592,51.38,0.94,351.0,27,42,,
T,2026-04-14 11:14:57,53.4779598,-2.23121509,5.58,44.133,51.38,0.82,343.0,27,42,,
T,2026-04-14 11:14:58,53.47796879,-2.23121963,5.67,43.997,51.38,0.91,349.0,27,42,,
T,2026-04-14 11:14:59,53.47797733,-2.23122762,5.76,42.57,51.38,0.94,344.0,20,41,,
T,2026-04-14 11:15:00,53.47798258,-2.23124708,5.52,40.459,51.38,1.17,298.0,17,41,,
T,2026-04-14 11:15:01,53.47800399,-2.23124115,5.44,40.27,51.38,2.7,9.0,17,41,,
T,2026-04-14 11:15:02,53.47800815,-2.23121747,5.36,36.821,51.38,1.48,66.0,17,41,,
T,2026-04-14 11:15:03,53.47800706,-2.23120141,5.25,35.309,51.38,0.94,79.0,16,41,,
T,2026-04-14 11:15:04,53.47800024,-2.23119523,5.1,35.0,51.38,0.0,,16,41,,
T,2026-04-14 11:15:05,53.47799829,-2.23119455,4.95,34.953,51.38,0.0,,18,41,,
T,2026-04-14 11:15:06,53.47799765,-2.23119456,5.04,34.915,51.38,0.0,,17,41,,
T,2026-04-14 11:15:07,53.47799748,-2.23119448,5.06,34.917,51.38,0.0,,18,41,,
T,2026-04-14 11:15:08,53.47799728,-2.23119457,5.07,34.948,51.38,0.0,,18,41,,
T,2026-04-14 11:15:09,53.47799722,-2.23119455,5.06,34.946,51.38,0.0,,21,41,,
T,2026-04-14 11:15:10,53.47799699,-2.2311947,5.09,34.987,51.38,0.0,,21,41,,
T,2026-04-14 11:15:11,53.47799674,-2.23119464,4.92,35.078,51.38,0.0,,21,41,,
T,2026-04-14 11:15:12,53.4779964,-2.23119482,4.9,35.127,51.38,0.0,,22,41,,
T,2026-04-14 11:15:13,53.47799618,-2.23119484,4.76,35.138,51.38,0.0,,22,40,,
T,2026-04-14 11:15:14,53.47799615,-2.23119565,4.46,35.576,51.38,0.0,,23,40,,
T,2026-04-14 11:15:15,53.47799602,-2.23119632,4.23,35.686,51.38,0.0,,22,40,,
T,2026-04-14 11:15:16,53.47799579,-2.23119692,4.03,35.783,51.38,0.0,,21,40,,
T,2026-04-14 11:15:17,53.47799562,-2.23119733,3.89,35.833,51.38,0.0,,21,40,,
T,2026-04-14 11:15:18,53.47799548,-2.2311977,3.79,35.876,51.38,0.0,,20,40,,
T,2026-04-14 11:15:19,53.47799534,-2.23119811,3.79,35.928,51.38,0.0,,22,40,,
T,2026-04-14 11:15:20,53.47799523,-2.23119843,3.79,35.965,51.38,0.0,,21,40,,
T,2026-04-14 11:15:21,53.47799508,-2.23119877,3.79,36.026,51.38,0.0,,20,40,,
T,2026-04-14 11:15:22,53.47799504,-2.23119888,3.79,36.028,51.38,0.0,,19,41,,
T,2026-04-14 11:15:23,53.47799498,-2.23119886,3.79,36.089,51.38,0.0,,20,40,,
T,2026-04-14 11:15:24,53.47799488,-2.23119901,3.83,36.115,51.38,0.0,,20,40,,
T,2026-04-14 11:15:25,53.47799497,-2.23119883,3.83,36.136,51.38,0.0,,19,40,,
T,2026-04-14 11:15:26,53.4779949,-2.23119896,3.94,36.081,51.38,0.0,,18,38,,
T,2026-04-14 11:15:27,53.47799655,-2.23120504,4.13,36.268,51.38,0.42,79.0,20,39,,
T,2026-04-14 11:15:28,53.47799664,-2.23120646,4.14,36.289,51.38,0.0,,19,38,,
T,2026-04-14 11:15:29,53.47799687,-2.23121851,4.28,36.411,51.38,0.83,267.0,18,40,,
T,2026-04-14 11:15:30,53.47799468,-2.23123397,4.43,36.116,51.38,0.98,257.0,19,41,,
T,2026-04-14 11:15:31,53.47799247,-2.23124928,4.68,35.953,51.38,0.89,261.0,17,41,,
T,2026-04-14 11:15:32,53.47799379,-2.23126102,4.53,35.265,51.38,0.68,264.0,17,42,,
T,2026-04-14 11:15:33,53.47799899,-2.23128041,5.17,35.248,51.38,1.24,291.0,15,42,,
T,2026-04-14 11:15:34,53.47800253,-2.23129115,5.72,34.318,51.38,0.84,274.0,15,41,,
T,2026-04-14 11:15:35,53.47800533,-2.23130141,5.68,33.832,51.381,0.82,287.0,15,41,,
T,2026-04-14 11:15:36,53.47800867,-2.23131558,5.83,33.159,51.381,1.0,294.0,16,42,,
T,2026-04-14 11:15:37,53.47801004,-2.23132809,5.98,32.191,51.381,0.85,295.0,17,42,,
T,2026-04-14 11:15:38,53.47802276,-2.23133018,6.03,31.635,51.381,1.61,355.0,17,42,,
T,2026-04-14 11:15:39,53.47803064,-2.23131684,6.2,31.737,51.381,1.01,41.0,17,42,,
T,2026-04-14 11:15:40,53.47803568,-2.23130839,6.25,31.479,51.381,0.75,34.0,17,42,,
T,2026-04-14 11:15:41,53.47803957,-2.23131653,6.55,30.697,51.381,0.87,321.0,17,42,,
T,2026-04-14 11:15:42,53.47803886,-2.23132623,6.64,30.279,51.381,0.61,322.0,16,42,,
T,2026-04-14 11:15:43,53.47804058,-2.23133239,6.65,28.25,51.381,0.86,289.0,16,42,,
T,2026-04-14 11:15:44,53.47806157,-2.23132274,6.34,26.769,51.381,2.58,4.0,16,42,,
T,2026-04-14 11:15:45,53.47806543,-2.23133348,6.26,25.974,51.381,1.32,309.0,17,42,,
T,2026-04-14 11:15:46,53.47806357,-2.23134867,6.11,26.84,51.381,0.89,284.0,19,42,,
T,2026-04-14 11:15:47,53.47806322,-2.23136703,6.05,25.287,51.381,0.96,283.0,20,42,,
T,2026-04-14 11:15:48,53.47806707,-2.23138262,5.98,24.53,51.381,1.11,311.0,20,42,,
T,2026-04-14 11:15:49,53.47807014,-2.23139615,5.9,24.329,51.381,0.96,306.0,21,42,,
T,2026-04-14 11:15:50,53.47807446,-2.23140638,5.83,23.841,51.381,1.0,322.0,24,42,,
T,2026-04-14 11:15:51,53.47807849,-2.23141817,5.88,23.189,51.381,0.97,322.0,23,42,,
T,2026-04-14 11:15:52,53.47808292,-2.23142946,5.92,22.371,51.381,0.97,325.0,21,42,,
T,2026-04-14 11:15:53,53.47808855,-2.23144163,5.95,22.032,51.381,1.01,314.0,21,42,,
T,2026-04-14 11:15:54,53.47809477,-2.23145339,5.96,22.475,51.381,1.03,327.0,20,42,,
T,2026-04-14 11:15:55,53.47810155,-2.23146453,6.0,22.185,51.381,1.02,331.0,20,42,,
T,2026-04-14 11:15:56,53.47810807,-2.2314804,6.03,22.568,51.381,1.07,317.0,19,42,,
T,2026-04-14 11:15:57,53.47811427,-2.23149494,6.0,23.246,51.381,1.06,316.0,20,42,,
T,2026-04-14 11:15:58,53.47812061,-2.23150967,6.08,23.809,51.381,1.07,315.0,21,40,,
T,2026-04-14 11:15:59,53.47813015,-2.23152008,6.22,25.615,51.381,1.09,317.0,22,39,,
T,2026-04-14 11:16:00,53.47813725,-2.23153461,6.19,25.756,51.381,1.1,311.0,24,39,,
T,2026-04-14 11:16:01,53.47814274,-2.23155075,6.18,25.571,51.381,1.09,306.0,24,39,,
T,2026-04-14 11:16:02,53.47814885,-2.23156457,6.25,25.767,51.381,1.1,308.0,23,39,,
T,2026-04-14 11:16:03,53.47815133,-2.23158237,6.23,25.959,51.381,1.12,291.0,23,39,,
T,2026-04-14 11:16:04,53.47815225,-2.23160435,6.21,26.558,51.381,1.11,277.0,22,39,,
T,2026-04-14 11:16:05,53.47815386,-2.2316234,6.28,26.452,51.381,1.07,283.0,21,38,,
T,2026-04-14 11:16:06,53.4781566,-2.23165074,6.28,26.343,51.381,1.25,282.0,22,38,,
T,2026-04-14 11:16:07,53.47815962,-2.23167336,6.37,26.62,51.381,1.15,290.0,23,38,,
T,2026-04-14 11:16:08,53.47817337,-2.23168444,6.09,27.733,51.381,1.79,343.0,23,38,,
T,2026-04-14 11:16:09,53.47818341,-2.23169373,6.12,28.685,51.381,1.14,343.0,24,38,,
T,2026-04-14 11:16:10,53.47818961,-2.23170691,5.98,29.707,51.381,1.12,318.0,24,38,,
T,2026-04-14 11:16:11,53.47819403,-2.23172477,5.99,30.811,51.381,1.11,306.0,23,38,,
T,2026-04-14 11:16:12,53.47819465,-2.23174457,6.1,31.09,51.381,1.09,293.0,21,38,,
T,2026-04-14 11:16:13,53.47819915,-2.23176479,5.95,31.704,51.381,1.14,311.0,20,38,,
T,2026-04-14 11:16:14,53.47820064,-2.23179142,5.86,31.548,51.381,1.3,280.0,21,38,,
T,2026-04-14 11:16:15,53.47820467,-2.2318156,6.01,32.121,51.382,1.2,300.0,19,38,,
T,2026-04-14 11:16:16,53.47821001,-2.23183802,6.06,32.983,51.382,1.15,305.0,17,38,,
T,2026-04-14 11:16:17,53.47821271,-2.23186282,5.75,33.604,51.382,1.19,290.0,18,37,,
T,2026-04-14 11:16:18,53.47821517,-2.23188694,5.62,33.835,51.382,1.17,294.0,20,37,,
T,2026-04-14 11:16:19,53.4782202,-2.23191275,5.48,33.434,51.382,1.17,299.0,21,37,,
T,2026-04-14 11:16:20,53.47822501,-2.23193426,5.39,33.174,51.382,1.16,303.0,19,38,,
T,2026-04-14 11:16:21,53.47823118,-2.23195286,5.58,32.835,51.382,1.19,312.0,22,38,,
T,2026-04-14 11:16:22,53.4782362,-2.23196902,5.57,34.791,51.382,1.16,306.0,22,38,,
T,2026-04-14 11:16:23,53.47824065,-2.23198587,5.61,35.859,51.382,1.16,309.0,23,38,,
T,2026-04-14 11:16:24,53.4782453,-2.23200348,5.41,36.006,51.382,1.12,303.0,22,39,,
T,2026-04-14 11:16:25,53.47824843,-2.23202004,5.48,36.383,51.382,1.07,302.0,23,39,,
T,2026-04-14 11:16:26,53.47825245,-2.23203632,5.6,36.529,51.382,1.11,308.0,24,38,,
T,2026-04-14 11:16:27,53.47825604,-2.23205247,5.74,36.912,51.382,1.11,307.0,24,38,,
T,2026-04-14 11:16:28,53.47825689,-2.23207027,5.63,37.257,51.382,1.12,294.0,25,38,,
T,2026-04-14 11:16:29,53.47825923,-2.23208843,5.68,37.368,51.382,1.11,306.0,24,38,,
T,2026-04-14 11:16:30,53.47826213,-2.23210627,5.63,37.287,51.382,1.08,303.0,25,38,,
T,2026-04-14 11:16:31,53.47826598,-2.23212162,5.72,36.668,51.382,1.09,317.0,26,38,,
T,2026-04-14 11:16:32,53.47827042,-2.2321377,5.75,36.142,51.382,1.09,310.0,26,38,,
T,2026-04-14 11:16:33,53.47827773,-2.2321494,5.7,35.666,51.382,1.15,329.0,25,38,,
T,2026-04-14 11:16:34,53.47828279,-2.23216481,5.71,35.495,51.382,1.12,318.0,24,38,,
T,2026-04-14 11:16:35,53.47828542,-2.2321851,5.57,35.852,51.382,1.19,299.0,23,38,,
T,2026-04-14 11:16:36,53.4782864,-2.23220508,10.84,35.647,51.382,1.17,285.0,26,38,,
T,2026-04-14 11:16:37,53.4782909,-2.23222384,10.85,36.056,51.382,1.19,301.0,27,38,,
T,2026-04-14 11:16:38,53.47829394,-2.23224466,10.84,35.921,51.382,1.17,292.0,27,38,,
T,2026-04-14 11:16:39,53.47829855,-2.23226389,10.9,35.752,51.382,1.19,307.0,26,38,,
T,2026-04-14 11:16:40,53.4783017,-2.23228645,10.83,35.465,51.382,1.22,300.0,26,37,,
T,2026-04-14 11:16:41,53.47830587,-2.23230595,10.95,35.501,51.382,1.17,310.0,25,37,,
T,2026-04-14 11:16:42,53.47830909,-2.23232556,10.88,35.554,51.382,1.16,310.0,25,37,,
T,2026-04-14 11:16:43,53.47831391,-2.2323418,10.81,35.363,51.382,1.19,323.0,23,38,,
T,2026-04-14 11:16:44,53.47831786,-2.2323576,10.79,35.749,51.383,1.16,327.0,23,39,,
T,2026-04-14 11:16:45,53.47832116,-2.23237619,10.87,36.964,51.383,1.17,318.0,23,39,,
T,2026-04-14 11:16:46,53.47832455,-2.23239644,10.88,37.543,51.383,1.17,317.0,23,38,,
T,2026-04-14 11:16:47,53.47832958,-2.23242131,10.75,37.18,51.383,1.19,317.0,24,38,,
T,2026-04-14 11:16:48,53.4783326,-2.23244823,10.72,36.648,51.383,1.21,304.0,24,38,,
T,2026-04-14 11:16:49,53.4783407,-2.23246625,10.8,36.35,51.383,1.2,314.0,24,38,,
T,2026-04-14 11:16:50,53.47834579,-2.23248838,10.75,36.412,51.383,1.19,307.0,23,38,,
T,2026-04-14 11:16:51,53.47834573,-2.23252462,10.61,37.345,51.383,1.22,297.0,22,38,,
T,2026-04-14 11:16:52,53.47834849,-2.23255802,10.52,38.214,51.383,1.2,301.0,21,38,,
T,2026-04-14 11:16:53,53.47835009,-2.23258781,10.45,38.519,51.383,1.21,288.0,21,38,,
T,2026-04-14 11:16:54,53.47835136,-2.2326206,10.58,38.244,51.383,1.23,302.0,20,38,,
T,2026-04-14 11:16:55,53.47835662,-2.23264759,10.53,38.165,51.383,1.19,305.0,21,38,,
T,2026-04-14 11:16:56,53.47835946,-2.2326726,10.5,37.483,51.383,1.2,296.0,24,37,,
T,2026-04-14 11:16:57,53.47836263,-2.23269259,10.55,36.336,51.383,1.2,302.0,20,37,,
T,2026-04-14 11:16:58,53.47836774,-2.23271242,10.64,36.668,51.383,1.23,310.0,19,37,,
T,2026-04-14 11:16:59,53.47837418,-2.23272942,10.64,36.812,51.383,1.23,314.0,18,37,,
T,2026-04-14 11:17:00,53.47837999,-2.2327493,10.67,36.202,51.383,1.24,310.0,21,36,,
T,2026-04-14 11:17:01,53.47837838,-2.23278464,10.66,35.025,51.383,1.27,298.0,18,36,,
T,2026-04-14 11:17:02,53.47837855,-2.23281211,10.7,34.242,51.383,1.25,296.0,15,36,,
T,2026-04-14 11:17:03,53.47838145,-2.23283673,10.73,33.622,51.383,1.29,311.0,17,36,,
T,2026-04-14 11:17:04,53.4783867,-2.23285904,10.73,34.348,51.383,1.26,312.0,19,36,,
T,2026-04-14 11:17:05,53.47838922,-2.23288278,10.68,33.434,51.383,1.27,298.0,20,36,,
T,2026-04-14 11:17:06,53.47839325,-2.23290412,10.72,33.111,51.384,1.22,300.0,17,37,,
T,2026-04-14 11:17:07,53.47840073,-2.23292166,10.8,32.799,51.384,1.24,308.0,18,37,,
T,2026-04-14 11:17:08,53.47840915,-2.23293734,10.83,32.793,51.384,1.24,311.0,19,37,,
T,2026-04-14 11:17:09,53.47841812,-2.23295135,10.93,32.082,51.384,1.23,315.0,17,37,,
T,2026-04-14 11:17:10,53.47842454,-2.23296763,11.09,32.467,51.384,1.23,309.0,15,36,,
T,2026-04-14 11:17:11,53.47842445,-2.23298883,11.12,32.009,51.384,1.23,287.0,14,36,,
T,2026-04-14 11:17:12,53.47841985,-2.23300862,11.06,33.314,51.384,1.25,263.0,18,35,,
T,2026-04-14 11:17:13,53.47841645,-2.23302617,10.96,32.496,51.384,1.11,263.0,19,33,,
T,2026-04-14 11:17:14,53.47841458,-2.23304376,10.78,32.303,51.384,1.28,293.0,20,33,,
T,2026-04-14 11:17:15,53.47840905,-2.23306355,10.67,32.329,51.384,1.27,265.0,21,32,,
T,2026-04-14 11:17:16,53.47840081,-2.23307782,10.55,34.287,51.384,1.11,267.0,23,33,,
T,2026-04-14 11:17:17,53.47839723,-2.23309288,10.59,35.204,51.384,1.24,292.0,24,33,,
T,2026-04-14 11:17:18,53.47840122,-2.23310361,10.67,35.762,51.384,1.23,315.0,23,34,,
T,2026-04-14 11:17:19,53.47840463,-2.23311315,10.68,36.798,51.384,1.16,303.0,22,33,,
T,2026-04-14 11:17:20,53.47841069,-2.23312061,10.71,37.353,51.384,1.14,305.0,21,33,,
T,2026-04-14 11:17:21,53.47841391,-2.23313282,10.73,37.264,51.384,1.2,291.0,23,33,,
T,2026-04-14 11:17:22,53.47841767,-2.23314587,10.72,37.562,51.384,1.18,298.0,22,31,,
T,2026-04-14 11:17:23,53.47841997,-2.23315971,10.76,38.3,51.384,1.21,284.0,19,31,,
T,2026-04-14 11:17:24,53.4784246,-2.23317152,10.94,38.341,51.384,1.15,288.0,19,33,,
T,2026-04-14 11:17:25,53.47844096,-2.23314756,10.95,38.548,51.384,0.0,,22,33,,
T,2026-04-14 11:17:26,53.47845513,-2.23313303,11.01,38.428,51.384,0.26,5.0,24,33,,
T,2026-04-14 11:17:27,53.47846004,-2.23311518,10.96,38.199,51.384,0.0,,24,34,,
T,2026-04-14 11:17:28,53.47846168,-2.23310323,10.82,38.326,51.384,0.0,,25,34,,
T,2026-04-14 11:17:29,53.47846196,-2.23310041,10.71,38.407,51.384,0.0,,27,35,,
T,2026-04-14 11:17:30,53.47846185,-2.23309995,10.71,38.452,51.384,0.0,,26,35,,
T,2026-04-14 11:17:31,53.47846165,-2.23310005,10.73,38.501,51.384,0.0,,27,35,,
T,2026-04-14 11:17:32,53.47846157,-2.23310004,10.74,38.526,51.384,0.0,,25,35,,
T,2026-04-14 11:17:33,53.47846138,-2.23310033,10.76,38.621,51.384,0.0,,25,34,,
T,2026-04-14 11:17:34,53.47846243,-2.23310307,10.73,39.005,51.384,0.23,77.0,26,35,,
T,2026-04-14 11:17:35,53.4784619,-2.23310136,10.72,39.192,51.384,0.0,,25,35,,
T,2026-04-14 11:17:36,53.47845998,-2.23310605,10.65,39.061,51.384,0.37,77.0,24,35,,
T,2026-04-14 11:17:37,53.47845884,-2.23310945,11.17,40.303,51.384,0.25,77.0,26,35,,
T,2026-04-14 11:17:38,53.47845765,-2.23310765,11.05,40.819,51.384,0.0,,26,35,,
T,2026-04-14 11:17:39,53.47845625,-2.23310675,11.6,41.516,51.384,0.0,,23,35,,
T,2026-04-14 11:17:40,53.47845224,-2.23311339,11.98,41.64,51.384,0.6,77.0,22,35,,
T,2026-04-14 11:17:41,53.47845104,-2.23311868,12.78,41.858,51.384,0.56,77.0,21,35,,
T,2026-04-14 11:17:42,53.4784246,-2.23308475,12.17,42.619,51.384,3.67,161.0,21,35,,
T,2026-04-14 11:17:43,53.47842173,-2.23305613,12.18,41.272,51.384,1.62,110.0,19,35,,
T,2026-04-14 11:17:44,53.4784239,-2.23303953,12.23,41.076,51.384,1.07,105.0,17,35,,
T,2026-04-14 11:17:45,53.47844928,-2.23302441,12.02,39.169,51.384,2.86,29.0,21,36,,
T,2026-04-14 11:17:46,53.4784653,-2.23302728,12.01,39.242,51.384,1.24,358.0,27,36,,
T,2026-04-14 11:17:47,53.47847757,-2.23302877,11.99,38.54,51.384,1.12,17.0,26,35,,
T,2026-04-14 11:17:48,53.47848957,-2.23303855,12.02,37.738,51.384,1.21,354.0,26,35,,
T,2026-04-14 11:17:49,53.47850148,-2.23305477,11.88,36.675,51.384,1.22,337.0,27,35,,
T,2026-04-14 11:17:50,53.47851769,-2.23306036,11.81,38.921,51.384,1.19,348.0,25,35,,
T,2026-04-14 11:17:51,53.47852814,-2.23306992,11.71,36.591,51.384,1.16,353.0,23,35,,
T,2026-04-14 11:17:52,53.47853402,-2.23310681,11.61,34.752,51.384,1.98,299.0,21,35,,
T,2026-04-14 11:17:53,53.47851941,-2.23314517,11.54,34.634,51.384,2.66,234.0,21,34,,
T,2026-04-14 11:17:54,53.47850782,-2.23316373,11.56,33.812,51.384,1.21,215.0,21,34,,
T,2026-04-14 11:17:55,53.47850168,-2.23318713,11.5,32.433,51.384,1.22,238.0,19,34,,
T,2026-04-14 11:17:56,53.47850501,-2.23321665,11.38,32.376,51.384,1.59,284.0,17,34,,
T,2026-04-14 11:17:57,53.47851933,-2.23323419,11.33,31.248,51.384,1.7,333.0,17,34,,
T,2026-04-14 11:17:58,53.47852878,-2.23325259,11.3,31.96,51.384,1.19,319.0,16,34,,
T,2026-04-14 11:17:59,53.47853019,-2.23328889,11.21,34.458,51.384,1.31,292.0,18,34,,
T,2026-04-14 11:18:00,53.47852606,-2.23333087,11.01,37.843,51.384,1.19,279.0,18,34,,
T,2026-04-14 11:18:01,53.47851822,-2.23336949,10.85,39.689,51.384,1.18,263.0,18,33,,
T,2026-04-14 11:18:02,53.47851395,-2.23339785,10.88,39.312,51.384,1.14,260.0,20,33,,
T,2026-04-14 11:18:03,53.47851034,-2.23342611,10.82,38.928,51.385,1.18,274.0,21,34,,
T,2026-04-14 11:18:04,53.47850546,-2.23345008,10.84,38.394,51.385,1.15,264.0,20,34,,
T,2026-04-14 11:18:05,53.47850271,-2.23347365,10.87,37.176,51.385,1.17,279.0,19,33,,
T,2026-04-14 11:18:06,53.47849691,-2.2334966,10.94,35.579,51.385,1.17,266.0,21,34,,
T,2026-04-14 11:18:07,53.47849334,-2.23351737,11.04,34.958,51.385,1.15,263.0,22,34,,
T,2026-04-14 11:18:08,53.47848411,-2.23353801,11.08,32.999,51.385,1.17,254.0,19,33,,
T,2026-04-14 11:18:09,53.47847769,-2.23355924,11.1,33.218,51.385,1.21,271.0,21,33,,
T,2026-04-14 11:18:10,53.47847565,-2.23357998,10.98,32.77,51.385,1.22,287.0,19,34,,
T,2026-04-14 11:18:11,53.47847963,-2.23359763,10.83,32.328,51.385,1.24,304.0,21,35,,
T,2026-04-14 11:18:12,53.47848411,-2.23361415,10.77,33.216,51.385,1.16,309.0,22,35,,
T,2026-04-14 11:18:13,53.4784856,-2.23363281,10.72,33.857,51.385,1.2,297.0,22,35,,
T,2026-04-14 11:18:14,53.47848926,-2.23364971,10.72,35.277,51.385,1.19,306.0,21,35,,
T,2026-04-14 11:18:15,53.47848919,-2.23367177,10.56,34.825,51.385,1.34,275.0,21,35,,
T,2026-04-14 11:18:16,53.47848335,-2.23369223,10.51,34.655,51.385,1.31,249.0,21,34,,
T,2026-04-14 11:18:17,53.47847501,-2.23370968,10.51,34.767,51.385,1.17,239.0,21,34,,
T,2026-04-14 11:18:18,53.47847044,-2.2337253,10.55,35.837,51.385,1.21,261.0,21,34,,
T,2026-04-14 11:18:19,53.47845763,-2.23373751,10.59,36.171,51.385,1.35,228.0,20,34,,
T,2026-04-14 11:18:20,53.47844586,-2.23374468,10.73,35.975,51.385,1.17,215.0,19,34,,
T,2026-04-14 11:18:21,53.47843447,-2.23375286,10.85,35.551,51.385,1.14,213.0,17,34,,
T,2026-04-14 11:18:22,53.47842185,-2.23375999,10.86,35.305,51.385,1.14,212.0,17,34,,
T,2026-04-14 11:18:23,53.47840871,-2.23376491,10.98,36.011,51.385,1.14,200.0,17,34,,
T,2026-04-14 11:18:24,53.47840264,-2.23376229,10.92,34.985,51.385,0.0,,17,35,,
T,2026-04-14 11:18:25,53.47839105,-2.23378212,11.0,38.069,51.385,1.18,216.0,20,35,,
T,2026-04-14 11:18:26,53.47838732,-2.23378996,10.95,38.535,51.385,0.0,,21,35,,
T,2026-04-14 11:18:27,53.47838611,-2.23379291,10.94,38.876,51.385,0.0,,22,35,,
T,2026-04-14 11:18:28,53.4783858,-2.23379365,10.89,38.886,51.385,0.0,,21,36,,
T,2026-04-14 11:18:29,53.47838548,-2.23379449,10.87,39.021,51.385,0.0,,22,37,,
T,2026-04-14 11:18:30,53.47838526,-2.233795,10.83,39.086,51.385,0.0,,21,37,,
T,2026-04-14 11:18:31,53.47838512,-2.23379535,10.68,39.133,51.385,0.0,,18,37,,
T,2026-04-14 11:18:32,53.47838498,-2.23379571,10.52,39.187,51.385,0.0,,20,37,,
T,2026-04-14 11:18:33,53.47838485,-2.2337961,10.44,39.252,51.385,0.0,,21,37,,
T,2026-04-14 11:18:34,53.47838477,-2.23379632,10.39,39.277,51.385,0.0,,23,37,,
T,2026-04-14 11:18:35,53.47838471,-2.23379658,10.4,39.327,51.385,0.0,,21,37,,
T,2026-04-14 11:18:36,53.47838464,-2.23379681,10.36,39.369,51.385,0.0,,22,37,,
T,2026-04-14 11:18:37,53.47838455,-2.23379714,10.32,39.424,51.385,0.0,,22,37,,
T,2026-04-14 11:18:38,53.47838439,-2.23379753,10.32,39.486,51.385,0.0,,23,37,,
T,2026-04-14 11:18:39,53.47838473,-2.23379985,10.43,39.555,51.385,0.18,217.0,22,37,,
T,2026-04-14 11:18:40,53.47838403,-2.23380213,10.56,39.379,51.385,0.0,,21,36,,
T,2026-04-14 11:18:41,53.47838194,-2.23380411,10.53,40.268,51.385,0.29,217.0,22,36,,
T,2026-04-14 11:18:42,53.47837938,-2.23380497,10.47,40.222,51.385,0.0,,23,36,,
T,2026-04-14 11:18:43,53.47837895,-2.23380934,10.55,40.032,51.385,0.28,217.0,24,35,,
T,2026-04-14 11:18:44,53.4783787,-2.23382178,10.81,40.188,51.385,0.94,266.0,20,34,,
T,2026-04-14 11:18:45,53.47837849,-2.23384422,11.42,40.325,51.385,1.34,274.0,20,34,,
T,2026-04-14 11:18:46,53.47837651,-2.23386873,10.99,40.567,51.385,1.21,268.0,20,33,,
T,2026-04-14 11:18:47,53.47837669,-2.23389397,10.9,41.021,51.385,1.2,270.0,20,33,,
T,2026-04-14 11:18:48,53.47838016,-2.23391733,10.86,42.622,51.385,1.24,285.0,19,33,,
T,2026-04-14 11:18:49,53.47838669,-2.23393368,10.84,45.198,51.385,1.17,300.0,18,33,,
T,2026-04-14 11:18:50,53.47839002,-2.23395364,10.8,47.709,51.385,1.16,288.0,20,33,,
T,2026-04-14 11:18:51,53.47839741,-2.23396952,10.77,49.103,51.385,1.25,312.0,19,33,,
T,2026-04-14 11:18:52,53.47839614,-2.2339723,10.7,48.949,51.385,0.0,,19,33,,
T,2026-04-14 11:18:53,53.47839555,-2.23397224,10.62,49.102,51.385,0.0,,18,33,,
T,2026-04-14 11:18:54,53.47839542,-2.23397227,10.57,49.119,51.385,0.0,,20,33,,
T,2026-04-14 11:18:55,53.47839541,-2.2339723,10.51,49.154,51.385,0.0,,21,33,,
T,2026-04-14 11:18:56,53.47839545,-2.2339723,10.43,49.171,51.385,0.0,,19,33,,
T,2026-04-14 11:18:57,53.47839716,-2.23398234,10.44,49.747,51.386,0.81,297.0,18,34,,
T,2026-04-14 11:18:58,53.47840035,-2.23399722,10.92,50.303,51.386,0.89,295.0,19,34,,
T,2026-04-14 11:18:59,53.47840461,-2.23401779,10.61,48.69,51.386,1.24,301.0,19,37,,
T,2026-04-14 11:19:00,53.4784111,-2.23403721,10.68,47.972,51.386,1.21,310.0,19,38,,
T,2026-04-14 11:19:01,53.47841773,-2.23405242,10.75,47.372,51.386,1.13,311.0,21,38,,
T,2026-04-14 11:19:02,53.47842512,-2.23406816,10.76,47.67,51.386,1.1,314.0,21,38,,
T,2026-04-14 11:19:03,53.47843129,-2.23408584,10.77,47.856,51.386,1.18,305.0,21,38,,
T,2026-04-14 11:19:04,53.47843653,-2.23410289,10.84,48.3,51.386,1.14,302.0,19,38,,
T,2026-04-14 11:19:05,53.47844061,-2.23411827,10.77,48.128,51.386,1.12,305.0,20,38,,
T,2026-04-14 11:19:06,53.4784424,-2.23413575,10.69,46.604,51.386,1.12,299.0,19,38,,
T,2026-04-14 11:19:07,53.47844877,-2.23414942,10.64,46.835,51.386,1.1,319.0,17,38,,
T,2026-04-14 11:19:08,53.47845525,-2.2341613,10.64,44.898,51.386,1.15,315.0,17,38,,
T,2026-04-14 11:19:09,53.47846162,-2.23417328,10.61,44.337,51.386,1.07,318.0,17,38,,
T,2026-04-14 11:19:10,53.4784665,-2.23418792,10.56,43.504,51.386,1.09,307.0,17,38,,
T,2026-04-14 11:19:11,53.47847185,-2.23420559,10.41,43.569,51.386,1.16,306.0,15,38,,
T,2026-04-14 11:19:12,53.47847767,-2.23422176,10.5,42.652,51.386,1.04,314.0,18,38,,
T,2026-04-14 11:19:13,53.47848411,-2.23423567,10.7,42.012,51.386,1.1,311.0,19,38,,
T,2026-04-14 11:19:14,53.47849102,-2.23425043,10.87,42.028,51.386,1.08,316.0,20,38,,
T,2026-04-14 11:19:15,53.47849744,-2.23426602,10.91,41.738,51.386,1.08,322.0,22,38,,
T,2026-04-14 11:19:16,53.47850241,-2.23427819,10.92,41.277,51.386,1.05,317.0,23,38,,
T,2026-04-14 11:19:17,53.47850432,-2.23429633,10.84,40.979,51.386,1.11,296.0,24,38,,
T,2026-04-14 11:19:18,53.47849599,-2.23432147,10.45,41.287,51.386,1.34,252.0,23,37,,
T,2026-04-14 11:19:19,53.47848845,-2.2343419,10.19,41.432,51.386,1.05,250.0,25,35,,
T,2026-04-14 11:19:20,53.47848333,-2.23436284,10.06,40.704,51.386,1.07,258.0,24,35,,
T,2026-04-14 11:19:21,53.47847931,-2.23438249,10.08,39.859,51.386,1.09,257.0,24,35,,
T,2026-04-14 11:19:22,53.47847687,-2.23440167,10.13,38.976,51.386,1.11,263.0,21,35,,
T,2026-04-14 11:19:23,53.47847228,-2.23442008,10.12,38.463,51.386,1.15,250.0,21,35,,
T,2026-04-14 11:19:24,53.47846759,-2.23443845,10.07,37.459,51.386,1.13,250.0,21,35,,
T,2026-04-14 11:19:25,53.47845873,-2.23445404,10.04,37.097,51.386,1.22,230.0,19,35,,
T,2026-04-14 11:19:26,53.4784508,-2.23446825,10.03,37.042,51.386,1.13,226.0,19,35,,
T,2026-04-14 11:19:27,53.47844274,-2.23448489,10.01,36.816,51.386,1.18,232.0,18,35,,
T,2026-04-14 11:19:28,53.47843461,-2.23449968,9.99,36.301,51.386,1.12,228.0,20,35,,
T,2026-04-14 11:19:29,53.4784242,-2.23451504,9.98,36.438,51.386,1.27,221.0,21,35,,
T,2026-04-14 11:19:30,53.47841503,-2.23453137,10.01,36.696,51.387,1.17,228.0,22,34,,
T,2026-04-14 11:19:31,53.47840634,-2.23454761,10.17,36.681,51.387,1.13,227.0,23,33,,
T,2026-04-14 11:19:32,53.47839806,-2.23456391,10.27,36.977,51.387,1.13,231.0,24,33,,
T,2026-04-14 11:19:33,53.47838623,-2.2345747,10.23,37.406,51.387,1.29,206.0,24,35,,
T,2026-04-14 11:19:34,53.47837715,-2.23458979,10.21,36.895,51.387,1.19,225.0,23,35,,
T,2026-04-14 11:19:35,53.47836701,-2.23460364,10.28,36.14,51.387,1.21,219.0,23,35,,
T,2026-04-14 11:19:36,53.4783574,-2.23461671,10.34,35.828,51.387,1.17,229.0,21,35,,
T,2026-04-14 11:19:37,53.4783457,-2.23462681,10.45,35.239,51.387,1.25,212.0,19,35,,
T,2026-04-14 11:19:38,53.47833527,-2.23463957,10.54,35.502,51.387,1.18,223.0,19,35,,
T,2026-04-14 11:19:39,53.4783259,-2.23465417,10.6,35.372,51.387,1.17,230.0,19,35,,
T,2026-04-14 11:19:40,53.47831628,-2.23466788,10.48,36.347,51.387,1.24,221.0,20,35,,
T,2026-04-14 11:19:41,53.4783055,-2.2346813,10.43,37.037,51.387,1.11,218.0,22,36,,
T,2026-04-14 11:19:42,53.47829569,-2.23469739,10.34,38.085,51.387,1.14,226.0,22,36,,
T,2026-04-14 11:19:43,53.4782855,-2.23471373,10.02,38.704,51.387,1.12,226.0,22,36,,
T,2026-04-14 11:19:44,53.47827519,-2.23472715,9.94,38.925,51.387,1.11,224.0,23,36,,
T,2026-04-14 11:19:45,53.47826588,-2.23474063,9.94,38.421,51.387,1.09,236.0,23,36,,
T,2026-04-14 11:19:46,53.47826002,-2.23475771,9.94,37.878,51.387,1.13,255.0,25,36,,
T,2026-04-14 11:19:47,53.47825722,-2.2347766,9.94,38.722,51.387,1.08,254.0,27,36,,
T,2026-04-14 11:19:48,53.47825159,-2.23479227,9.94,38.95,51.387,1.08,246.0,27,36,,
T,2026-04-14 11:19:49,53.47824796,-2.23480997,9.94,39.863,51.387,1.07,255.0,27,36,,
T,2026-04-14 11:19:50,53.47824958,-2.23482824,9.94,41.146,51.387,1.05,270.0,25,36,,
T,2026-04-14 11:19:51,53.4782522,-2.23484688,9.94,41.708,51.387,1.05,274.0,27,36,,
T,2026-04-14 11:19:52,53.47824795,-2.23486219,9.94,41.604,51.387,1.07,259.0,25,37,,
T,2026-04-14 11:19:53,53.4782446,-2.23487792,9.94,41.468,51.387,1.06,256.0,24,37,,
T,2026-04-14 11:19:54,53.4782408,-2.23489554,9.94,41.262,51.387,1.19,250.0,23,37,,
T,2026-04-14 11:19:55,53.47823877,-2.23491811,9.94,40.461,51.387,1.41,264.0,23,37,,
T,2026-04-14 11:19:56,53.47824075,-2.23494051,9.94,40.315,51.387,1.38,274.0,24,37,,
T,2026-04-14 11:19:57,53.47824309,-2.23496317,9.94,39.504,51.387,1.33,271.0,23,37,,
T,2026-04-14 11:19:58,53.47824033,-2.23498611,9.94,38.404,51.387,1.32,260.0,24,37,,
T,2026-04-14 11:19:59,53.47823425,-2.23500568,9.94,38.138,51.387,1.31,245.0,25,37,,
T,2026-04-14 11:20:00,53.47823162,-2.23502319,9.94,38.01,51.387,1.18,260.0,25,37,,
T,2026-04-14 11:20:01,53.47822864,-2.23503997,9.94,38.603,51.387,1.21,257.0,26,37,,
T,2026-04-14 11:20:02,53.47821389,-2.23504896,9.94,39.687,51.387,1.6,204.0,26,37,,
T,2026-04-14 11:20:03,53.47820337,-2.23505581,9.97,40.15,51.387,1.07,211.0,28,36,,
T,2026-04-14 11:20:04,53.47819474,-2.23506424,10.38,40.354,51.387,0.96,214.0,26,36,,
T,2026-04-14 11:20:05,53.47818718,-2.23507365,10.44,40.352,51.387,0.96,214.0,24,35,,
T,2026-04-14 11:20:06,53.47817929,-2.23508627,10.55,40.171,51.387,1.01,226.0,24,35,,
T,2026-04-14 11:20:07,53.47817275,-2.2351019,10.72,39.716,51.388,1.02,234.0,24,35,,
T,2026-04-14 11:20:08,53.47816502,-2.23511398,10.73,39.947,51.388,1.04,228.0,25,35,,
T,2026-04-14 11:20:09,53.47815771,-2.23512578,10.86,39.874,51.388,1.06,232.0,24,34,,
T,2026-04-14 11:20:10,53.47815157,-2.23513973,10.9,39.972,51.388,1.07,234.0,23,33,,
T,2026-04-14 11:20:11,53.47814483,-2.23515592,10.93,39.166,51.388,1.08,231.0,23,33,,
T,2026-04-14 11:20:12,53.47813855,-2.23517268,10.96,38.167,51.388,1.09,230.0,23,33,,
T,2026-04-14 11:20:13,53.47813146,-2.23518708,10.99,38.06,51.388,1.1,225.0,22,33,,
T,2026-04-14 11:20:14,53.47812429,-2.23519992,10.93,37.78,51.388,1.1,225.0,20,34,,
T,2026-04-14 11:20:15,53.47811606,-2.23521076,11.0,37.175,51.388,1.12,219.0,19,33,,
T,2026-04-14 11:20:16,53.4781071,-2.23521967,10.9,37.391,51.388,1.13,213.0,16,34,,
T,2026-04-14 11:20:17,53.47809914,-2.23523171,10.84,37.475,51.388,1.21,231.0,16,34,,
T,2026-04-14 11:20:18,53.47809043,-2.23524457,10.79,37.454,51.388,1.28,226.0,16,35,,
T,2026-04-14 11:20:19,53.47808244,-2.23525707,10.75,37.024,51.388,1.17,229.0,17,36,,
T,2026-04-14 11:20:20,53.4780732,-2.23526861,10.75,36.684,51.388,1.16,227.0,19,36,,
T,2026-04-14 11:20:21,53.4780639,-2.23527904,10.78,36.7,51.388,1.17,224.0,19,35,,
T,2026-04-14 11:20:22,53.47805472,-2.23528965,10.74,36.69,51.388,1.16,225.0,19,37,,
T,2026-04-14 11:20:23,53.47804589,-2.23530134,10.81,36.629,51.388,1.24,220.0,19,38,,
T,2026-04-14 11:20:24,53.47803668,-2.23531403,10.82,36.851,51.388,1.28,223.0,19,38,,
T,2026-04-14 11:20:25,53.47802792,-2.23532798,10.77,36.796,51.388,1.21,227.0,19,37,,
T,2026-04-14 11:20:26,53.47801973,-2.23534133,10.74,36.624,51.388,1.19,228.0,18,37,,
T,2026-04-14 11:20:27,53.47801171,-2.23535527,10.7,36.15,51.388,1.19,229.0,18,36,,
T,2026-04-14 11:20:28,53.47800371,-2.23536979,10.72,36.053,51.388,1.25,224.0,18,35,,
T,2026-04-14 11:20:29,53.47799695,-2.23538525,10.61,36.005,51.388,1.2,232.0,19,35,,
T,2026-04-14 11:20:30,53.47798862,-2.2353996,10.57,35.874,51.388,1.28,223.0,19,35,,
T,2026-04-14 11:20:31,53.47797994,-2.23541396,10.66,36.059,51.388,1.21,232.0,20,36,,
T,2026-04-14 11:20:32,53.47796911,-2.2354284,10.79,36.567,51.388,1.39,222.0,19,37,,
T,2026-04-14 11:20:33,53.47796029,-2.23544254,10.99,36.714,51.388,1.22,228.0,20,37,,
T,2026-04-14 11:20:34,53.47795122,-2.23545751,11.3,36.899,51.388,1.25,226.0,20,37,,
T,2026-04-14 11:20:35,53.47794173,-2.23547258,11.46,36.937,51.388,1.27,221.0,20,37,,
T,2026-04-14 11:20:36,53.4779328,-2.23548678,11.3,36.434,51.388,1.21,222.0,21,37,,
T,2026-04-14 11:20:37,53.47792407,-2.23550126,11.53,36.638,51.388,1.23,231.0,22,37,,
T,2026-04-14 11:20:38,53.47791488,-2.23551551,11.72,36.578,51.388,1.24,226.0,22,37,,
T,2026-04-14 11:20:39,53.47790483,-2.23552877,11.93,36.376,51.388,1.22,223.0,22,37,,
T,2026-04-14 11:20:40,53.47789579,-2.23554126,12.16,36.467,51.388,1.21,224.0,22,37,,
T,2026-04-14 11:20:41,53.47788717,-2.23555355,11.82,35.938,51.388,1.23,230.0,22,38,,
T,2026-04-14 11:20:42,53.47787858,-2.23556835,12.06,36.126,51.388,1.22,231.0,22,38,,
T,2026-04-14 11:20:43,53.47786969,-2.23558236,11.23,36.219,51.388,1.23,227.0,20,37,,
T,2026-04-14 11:20:44,53.47786175,-2.23559663,11.48,36.046,51.388,1.23,231.0,20,38,,
T,2026-04-14 11:20:45,53.47785394,-2.23561085,11.74,35.887,51.388,1.21,230.0,21,37,,
T,2026-04-14 11:20:46,53.47784497,-2.23562241,11.92,35.57,51.388,1.21,226.0,20,37,,
T,2026-04-14 11:20:47,53.47783641,-2.23563501,12.2,35.567,51.388,1.21,227.0,21,36,,
T,2026-04-14 11:20:48,53.47782693,-2.23564717,12.37,35.31,51.388,1.23,219.0,21,36,,
T,2026-04-14 11:20:49,53.47781917,-2.2356623,12.69,35.119,51.388,1.27,233.0,21,36,,
T,2026-04-14 11:20:50,53.47780669,-2.23567403,12.86,34.525,51.388,1.4,211.0,21,36,,
T,2026-04-14 11:20:51,53.47779617,-2.23569004,13.04,34.728,51.388,1.34,230.0,21,36,,
T,2026-04-14 11:20:52,53.47778351,-2.23570251,13.22,34.231,51.389,1.39,213.0,21,36,,
T,2026-04-14 11:20:53,53.47777415,-2.23571679,12.55,34.385,51.389,1.27,226.0,21,36,,
T,2026-04-14 11:20:54,53.47776388,-2.2357289,12.66,34.005,51.389,1.24,222.0,21,35,,
T,2026-04-14 11:20:55,53.47775575,-2.23574183,12.81,34.108,51.389,1.23,219.0,21,35,,
T,2026-04-14 11:20:56,53.47774786,-2.23575543,12.95,34.274,51.389,1.26,224.0,21,35,,
T,2026-04-14 11:20:57,53.47773728,-2.23576606,13.2,34.498,51.389,1.28,211.0,22,35,,
T,2026-04-14 11:20:58,53.47772831,-2.23578128,13.37,34.434,51.389,1.32,228.0,21,35,,
T,2026-04-14 11:20:59,53.47772102,-2.23579607,13.64,33.936,51.389,1.23,231.0,20,35,,
T,2026-04-14 11:21:00,53.47771298,-2.23581137,13.84,33.185,51.389,1.27,233.0,21,35,,
T,2026-04-14 11:21:01,53.47770601,-2.23582644,14.02,33.037,51.389,1.24,234.0,21,35,,
T,2026-04-14 11:21:02,53.47769676,-2.23583885,14.06,33.172,51.389,1.32,218.0,23,35,,
T,2026-04-14 11:21:03,53.47768664,-2.23584984,14.15,33.162,51.389,1.24,214.0,22,35,,
T,2026-04-14 11:21:04,53.47767645,-2.23586362,14.29,33.114,51.389,1.28,225.0,22,35,,
T,2026-04-14 11:21:05,53.47766354,-2.23587373,14.26,32.54,51.389,1.41,212.0,22,35,,
T,2026-04-14 11:21:06,53.47765622,-2.23589192,13.94,32.706,51.389,1.39,231.0,21,34,,
T,2026-04-14 11:21:07,53.47764903,-2.23591013,12.64,32.492,51.389,1.26,229.0,21,34,,
T,2026-04-14 11:21:08,53.47764045,-2.23592508,12.59,32.853,51.389,1.23,231.0,21,34,,
T,2026-04-14 11:21:09,53.47763418,-2.23593795,12.88,32.745,51.389,1.2,243.0,21,34,,
T,2026-04-14 11:21:10,53.47763059,-2.2359538,11.46,35.963,51.389,1.09,246.0,21,35,,
T,2026-04-14 11:21:11,53.47762932,-2.23595615,11.67,35.478,51.389,0.0,,22,35,,
T,2026-04-14 11:21:12,53.47762807,-2.23595957,11.88,36.323,51.389,0.0,,22,36,,
T,2026-04-14 11:21:13,53.47762766,-2.23596042,10.26,36.317,51.389,0.0,,25,36,,
T,2026-04-14 11:21:14,53.47762752,-2.23596065,10.18,36.315,51.389,0.0,,24,37,,
T,2026-04-14 11:21:15,53.47762748,-2.23596074,10.28,36.315,51.389,0.0,,22,36,,
T,2026-04-14 11:21:16,53.47762744,-2.23596079,10.33,36.313,51.389,0.0,,22,36,,
T,2026-04-14 11:21:17,53.4776274,-2.23596082,9.94,36.311,51.389,0.0,,21,36,,
T,2026-04-14 11:21:18,53.47762736,-2.23596089,9.94,36.31,51.389,0.0,,21,36,,
T,2026-04-14 11:21:19,53.47762734,-2.23596093,9.94,36.31,51.389,0.0,,20,36,,
T,2026-04-14 11:21:20,53.47762729,-2.235961,9.94,36.324,51.389,0.0,,20,36,,
T,2026-04-14 11:21:21,53.47762721,-2.23596115,10.32,36.351,51.389,0.0,,20,36,,
T,2026-04-14 11:21:22,53.47762717,-2.23596122,9.94,36.352,51.389,0.0,,20,36,,
T,2026-04-14 11:21:23,53.47762716,-2.23596124,9.94,36.351,51.389,0.0,,20,36,,
T,2026-04-14 11:21:24,53.47762714,-2.23596126,9.94,36.351,51.389,0.0,,21,37,,
T,2026-04-14 11:21:25,53.47762711,-2.23596125,9.94,36.35,51.389,0.0,,21,37,,
T,2026-04-14 11:21:26,53.47762709,-2.23596125,9.94,36.35,51.389,0.0,,20,37,,
T,2026-04-14 11:21:27,53.47762707,-2.23596124,9.94,36.349,51.389,0.0,,21,36,,
T,2026-04-14 11:21:28,53.47762706,-2.23596126,9.94,36.349,51.389,0.0,,21,36,,
T,2026-04-14 11:21:29,53.47762665,-2.23596163,10.17,36.377,51.389,0.0,,22,38,,
T,2026-04-14 11:21:30,53.47762636,-2.23596257,9.94,36.424,51.389,0.0,,21,38,,
T,2026-04-14 11:21:31,53.47762627,-2.23596285,9.94,36.425,51.389,0.0,,21,38,,
T,2026-04-14 11:21:32,53.47762623,-2.23596294,9.94,36.422,51.389,0.0,,21,38,,
T,2026-04-14 11:21:33,53.47762621,-2.23596301,9.94,36.429,51.389,0.0,,20,38,,
T,2026-04-14 11:21:34,53.47762621,-2.23596305,9.94,36.433,51.389,0.0,,19,38,,
T,2026-04-14 11:21:35,53.47762455,-2.23596622,9.94,36.756,51.389,0.32,237.0,20,38,,
T,2026-04-14 11:21:36,53.47762374,-2.23596928,9.94,36.961,51.389,0.0,,20,38,,
T,2026-04-14 11:21:37,53.47762472,-2.23598293,9.94,37.247,51.389,0.68,237.0,20,38,,
T,2026-04-14 11:21:38,53.47761878,-2.23600418,9.94,38.201,51.389,1.44,238.0,20,38,,
T,2026-04-14 11:21:39,53.47760289,-2.23602591,10.23,38.628,51.389,2.11,217.0,20,38,,
T,2026-04-14 11:21:40,53.47759504,-2.23604455,10.33,39.556,51.389,1.32,234.0,20,38,,
T,2026-04-14 11:21:41,53.47758677,-2.23605877,10.62,39.592,51.389,1.24,230.0,23,38,,
T,2026-04-14 11:21:42,53.47757518,-2.23606866,10.92,39.444,51.389,1.28,214.0,24,38,,
T,2026-04-14 11:21:43,53.47756517,-2.23607822,11.24,39.558,51.389,1.23,215.0,25,38,,
T,2026-04-14 11:21:44,53.47755768,-2.23609127,11.49,40.701,51.389,1.23,219.0,25,38,,
T,2026-04-14 11:21:45,53.47755373,-2.23611003,10.5,41.766,51.389,1.31,233.0,25,38,,
T,2026-04-14 11:21:46,53.47754495,-2.23612196,10.96,41.003,51.389,1.29,216.0,26,38,,
T,2026-04-14 11:21:47,53.47753902,-2.23613922,11.2,41.686,51.389,1.29,230.0,24,38,,
T,2026-04-14 11:21:48,53.47753119,-2.23615239,11.29,41.56,51.389,1.26,225.0,24,39,,
T,2026-04-14 11:21:49,53.47752314,-2.23616604,11.43,41.345,51.389,1.25,226.0,26,39,,
T,2026-04-14 11:21:50,53.47751527,-2.23617943,11.64,41.541,51.389,1.24,227.0,24,39,,
T,2026-04-14 11:21:51,53.47750629,-2.2361926,12.03,41.481,51.389,1.26,225.0,24,39,,
T,2026-04-14 11:21:52,53.47749667,-2.23620665,12.26,40.285,51.389,1.27,228.0,23,39,,
T,2026-04-14 11:21:53,53.47748695,-2.23621873,12.44,39.454,51.389,1.27,222.0,22,39,,
T,2026-04-14 11:21:54,53.47747723,-2.23623045,12.59,38.789,51.389,1.27,222.0,23,39,,
T,2026-04-14 11:21:55,53.47746781,-2.23624191,12.85,37.614,51.389,1.26,222.0,23,39,,
T,2026-04-14 11:21:56,53.47745765,-2.23625496,13.03,36.297,51.389,1.27,222.0,23,39,,
T,2026-04-14 11:21:57,53.4774462,-2.23626656,13.18,36.154,51.389,1.25,217.0,23,39,,
T,2026-04-14 11:21:58,53.47743501,-2.23627998,13.36,35.558,51.389,1.33,225.0,24,39,,
T,2026-04-14 11:21:59,53.47742236,-2.23629513,11.11,36.312,51.39,1.39,208.0,24,39,,
T,2026-04-14 11:22:00,53.47741207,-2.23630788,11.02,35.703,51.39,1.28,215.0,24,39,,
T,2026-04-14 11:22:01,53.47740203,-2.23632117,11.19,35.687,51.39,1.25,218.0,24,39,,
T,2026-04-14 11:22:02,53.47739215,-2.23633456,11.11,35.026,51.39,1.26,223.0,25,39,,
T,2026-04-14 11:22:03,53.47738208,-2.23634647,10.89,34.595,51.39,1.21,222.0,24,39,,
T,2026-04-14 11:22:04,53.47737296,-2.23635872,11.14,34.661,51.39,1.25,225.0,23,38,,
T,2026-04-14 11:22:05,53.47736266,-2.23636947,11.11,34.826,51.39,1.25,217.0,23,38,,
T,2026-04-14 11:22:06,53.47735371,-2.23638198,11.36,34.899,51.39,1.24,222.0,23,38,,
T,2026-04-14 11:22:07,53.47734424,-2.23639251,11.55,34.739,51.39,1.23,219.0,24,38,,
T,2026-04-14 11:22:08,53.47733499,-2.23640327,11.79,34.72,51.39,1.22,220.0,23,38,,
T,2026-04-14 11:22:09,53.47732456,-2.23641403,12.08,34.969,51.39,1.22,222.0,24,38,,
T,2026-04-14 11:22:10,53.47731508,-2.23642498,12.35,35.068,51.39,1.21,222.0,24,38,,
T,2026-04-14 11:22:11,53.47730465,-2.2364347,12.6,35.401,51.39,1.22,215.0,23,38,,
T,2026-04-14 11:22:12,53.47729515,-2.23644556,12.86,35.478,51.39,1.22,221.0,22,38,,
T,2026-04-14 11:22:13,53.47728607,-2.2364583,12.6,35.261,51.39,1.21,222.0,23,38,,
T,2026-04-14 11:22:14,53.47727895,-2.23647304,12.87,35.501,51.39,1.2,232.0,24,38,,
T,2026-04-14 11:22:15,53.47727048,-2.23648553,12.48,35.264,51.39,1.21,227.0,24,37,,
T,2026-04-14 11:22:16,53.47726067,-2.23649798,12.13,35.125,51.39,1.28,228.0,24,37,,
T,2026-04-14 11:22:17,53.47725299,-2.23651304,12.41,34.752,51.39,1.2,231.0,23,37,,
T,2026-04-14 11:22:18,53.47724472,-2.2365268,12.68,34.737,51.39,1.17,223.0,21,37,,
T,2026-04-14 11:22:19,53.4772344,-2.23653744,12.95,34.7,51.39,1.19,220.0,20,37,,
T,2026-04-14 11:22:20,53.47722629,-2.23655174,13.25,34.575,51.39,1.19,226.0,21,36,,
T,2026-04-14 11:22:21,53.4772183,-2.23656499,13.5,34.248,51.39,1.18,218.0,22,36,,
T,2026-04-14 11:22:22,53.47721129,-2.23657922,13.78,34.042,51.39,1.19,225.0,22,36,,
T,2026-04-14 11:22:23,53.47720379,-2.23659175,14.03,34.145,51.39,1.17,222.0,22,36,,
T,2026-04-14 11:22:24,53.47719658,-2.23660473,14.03,33.74,51.39,1.18,225.0,21,37,,
T,2026-04-14 11:22:25,53.47719011,-2.23662017,14.24,33.764,51.39,1.16,232.0,21,37,,
T,2026-04-14 11:22:26,53.47718235,-2.23663563,14.56,33.608,51.39,1.19,227.0,21,36,,
T,2026-04-14 11:22:27,53.47717409,-2.23664982,13.14,33.54,51.39,1.22,230.0,20,36,,
T,2026-04-14 11:22:28,53.4771652,-2.23666311,13.41,33.092,51.39,1.2,223.0,22,37,,
T,2026-04-14 11:22:29,53.47715717,-2.23667773,13.68,32.774,51.39,1.19,227.0,19,37,,
T,2026-04-14 11:22:30,53.47714738,-2.23668721,13.34,32.169,51.39,1.19,212.0,19,37,,
T,2026-04-14 11:22:31,53.47713862,-2.23670371,13.51,32.355,51.39,1.34,231.0,19,37,,
T,2026-04-14 11:22:32,53.47713064,-2.23671662,13.7,32.168,51.39,1.16,228.0,20,37,,
T,2026-04-14 11:22:33,53.47712195,-2.23672921,13.89,31.845,51.39,1.17,222.0,20,37,,
T,2026-04-14 11:22:34,53.47711422,-2.23674201,13.28,31.943,51.39,1.13,224.0,19,37,,
T,2026-04-14 11:22:35,53.47710677,-2.23675596,13.55,31.55,51.39,1.2,228.0,19,38,,
T,2026-04-14 11:22:36,53.47709847,-2.23676796,13.84,31.399,51.39,1.17,222.0,19,39,,
T,2026-04-14 11:22:37,53.47708812,-2.23677765,14.07,30.559,51.39,1.2,212.0,20,39,,
T,2026-04-14 11:22:38,53.47707659,-2.23678319,14.24,29.707,51.39,1.18,192.0,20,39,,
T,2026-04-14 11:22:39,53.47706474,-2.23679706,13.34,30.206,51.39,1.24,213.0,20,39,,
T,2026-04-14 11:22:40,53.47705529,-2.23680889,12.87,29.935,51.39,1.03,214.0,20,39,,
T,2026-04-14 11:22:41,53.47704465,-2.23682122,10.67,30.625,51.39,1.11,220.0,21,39,,
T,2026-04-14 11:22:42,53.47703597,-2.23683682,10.69,31.956,51.39,1.15,227.0,23,39,,
T,2026-04-14 11:22:43,53.47702792,-2.23685245,10.65,32.219,51.39,1.15,236.0,24,39,,
T,2026-04-14 11:22:44,53.47701352,-2.23686116,10.72,32.588,51.39,1.45,197.0,24,39,,
T,2026-04-14 11:22:45,53.47700258,-2.23687111,10.72,33.223,51.39,1.13,206.0,25,39,,
T,2026-04-14 11:22:46,53.47699228,-2.23688058,10.76,33.801,51.39,1.08,206.0,25,39,,
T,2026-04-14 11:22:47,53.47698227,-2.23688699,10.79,33.871,51.39,1.07,195.0,25,39,,
T,2026-04-14 11:22:48,53.47697317,-2.23689034,10.74,34.897,51.39,1.04,177.0,22,39,,
T,2026-04-14 11:22:49,53.47696648,-2.23688679,10.84,34.598,51.39,0.95,168.0,24,39,,
T,2026-04-14 11:22:50,53.47696064,-2.23688441,10.94,35.148,51.39,0.97,181.0,23,38,,
T,2026-04-14 11:22:51,53.47695439,-2.23688291,10.62,35.447,51.39,1.01,175.0,23,36,,
T,2026-04-14 11:22:52,53.47694887,-2.23689703,10.57,35.918,51.391,1.29,220.0,23,36,,
T,2026-04-14 11:22:53,53.47694484,-2.23691136,10.53,35.417,51.391,0.99,225.0,23,37,,
T,2026-04-14 11:22:54,53.47693963,-2.23692466,10.55,35.42,51.391,1.0,225.0,24,37,,
T,2026-04-14 11:22:55,53.4769369,-2.23694324,10.7,35.31,51.391,1.05,242.0,25,37,,
T,2026-04-14 11:22:56,53.47692754,-2.23695594,10.74,34.432,51.391,1.24,212.0,25,36,,
T,2026-04-14 11:22:57,53.47691911,-2.23697179,10.81,34.57,51.391,1.25,225.0,24,36,,
T,2026-04-14 11:22:58,53.47691262,-2.23698818,10.7,34.391,51.391,1.15,228.0,21,36,,
T,2026-04-14 11:22:59,53.47690507,-2.2370029,10.84,33.971,51.391,1.14,224.0,22,36,,
T,2026-04-14 11:23:00,53.47689681,-2.23701817,10.99,33.593,51.391,1.2,227.0,22,36,,
T,2026-04-14 11:23:01,53.47688464,-2.23702935,11.14,32.815,51.391,1.4,206.0,22,36,,
T,2026-04-14 11:23:02,53.47687696,-2.23704786,11.26,33.348,51.391,1.26,227.0,23,36,,
T,2026-04-14 11:23:03,53.4768708,-2.23706535,11.47,33.264,51.391,1.19,234.0,24,36,,
T,2026-04-14 11:23:04,53.47686388,-2.23708177,11.7,32.91,51.391,1.2,232.0,24,37,,
T,2026-04-14 11:23:05,53.47685527,-2.23709891,11.86,33.418,51.391,1.21,226.0,24,37,,
T,2026-04-14 11:23:06,53.47684713,-2.23711489,11.99,33.207,51.391,1.21,228.0,24,37,,
T,2026-04-14 11:23:07,53.47683553,-2.23712603,12.16,32.638,51.391,1.35,207.0,24,38,,
T,2026-04-14 11:23:08,53.47682588,-2.23713957,12.34,32.581,51.391,1.28,220.0,24,38,,
T,2026-04-14 11:23:09,53.47681485,-2.23715334,12.11,31.781,51.391,1.39,217.0,24,38,,
T,2026-04-14 11:23:10,53.4768056,-2.23716665,12.35,31.327,51.391,1.23,221.0,24,38,,
T,2026-04-14 11:23:11,53.47679722,-2.23718055,12.58,31.283,51.391,1.22,224.0,23,38,,
T,2026-04-14 11:23:12,53.47678862,-2.23719423,12.82,30.969,51.391,1.22,225.0,22,38,,
T,2026-04-14 11:23:13,53.47677977,-2.2372067,13.03,30.777,51.391,1.23,223.0,21,38,,
T,2026-04-14 11:23:14,53.47677036,-2.23721782,13.25,30.346,51.391,1.22,220.0,21,38,,
T,2026-04-14 11:23:15,53.47676086,-2.23722908,13.47,30.575,51.391,1.21,219.0,22,37,,
T,2026-04-14 11:23:16,53.47675103,-2.23724094,13.66,30.568,51.391,1.24,221.0,21,37,,
T,2026-04-14 11:23:17,53.47674221,-2.23725325,13.88,30.615,51.391,1.22,221.0,22,37,,
T,2026-04-14 11:23:18,53.47673508,-2.23726812,14.02,31.549,51.391,1.25,235.0,22,36,,
T,2026-04-14 11:23:19,53.47672734,-2.23728332,14.14,31.724,51.391,1.25,233.0,22,36,,
T,2026-04-14 11:23:20,53.47671919,-2.23729684,14.29,31.832,51.391,1.22,228.0,22,36,,
T,2026-04-14 11:23:21,53.47671042,-2.23731019,14.34,31.845,51.391,1.26,218.0,22,36,,
T,2026-04-14 11:23:22,53.47670299,-2.23732772,14.39,32.317,51.391,1.37,234.0,22,36,,
T,2026-04-14 11:23:23,53.47669466,-2.2373403,14.55,32.306,51.391,1.24,224.0,22,36,,
T,2026-04-14 11:23:24,53.47668807,-2.23735463,14.68,32.241,51.391,1.24,235.0,22,36,,
T,2026-04-14 11:23:25,53.47668031,-2.23736869,14.78,31.716,51.391,1.22,233.0,22,36,,
T,2026-04-14 11:23:26,53.47666988,-2.23738063,14.86,30.933,51.391,1.32,218.0,21,36,,
T,2026-04-14 11:23:27,53.47665925,-2.2373927,14.94,30.447,51.391,1.28,221.0,21,36,,
T,2026-04-14 11:23:28,53.47665052,-2.23740695,15.07,30.43,51.391,1.25,228.0,21,36,,
T,2026-04-14 11:23:29,53.47664105,-2.23741947,15.09,30.099,51.391,1.24,226.0,21,36,,
T,2026-04-14 11:23:30,53.47663018,-2.23742983,15.0,29.444,51.391,1.27,223.0,21,35,,
T,2026-04-14 11:23:31,53.47662105,-2.23744435,14.98,29.814,51.391,1.32,235.0,21,35,,
T,2026-04-14 11:23:32,53.47661008,-2.23745438,15.05,29.75,51.391,1.3,219.0,21,35,,
T,2026-04-14 11:23:33,53.47660138,-2.23746575,15.18,30.023,51.391,1.23,222.0,21,35,,
T,2026-04-14 11:23:34,53.47659133,-2.23747725,15.08,29.509,51.391,1.27,238.0,21,35,,
T,2026-04-14 11:23:35,53.47658032,-2.23748926,11.06,32.052,51.392,1.26,222.0,21,34,,
T,2026-04-14 11:23:36,53.47656935,-2.23749767,11.15,32.119,51.392,1.22,217.0,21,32,,
T,2026-04-14 11:23:37,53.47655927,-2.2375062,11.25,32.653,51.392,1.19,217.0,21,32,,
T,2026-04-14 11:23:38,53.4765497,-2.23751892,11.42,32.139,51.392,1.29,230.0,21,32,,
T,2026-04-14 11:23:39,53.47654,-2.23752904,11.63,31.973,51.392,1.18,225.0,21,32,,
T,2026-04-14 11:23:40,53.4765283,-2.23753809,11.84,31.088,51.392,1.33,214.0,21,32,,
T,2026-04-14 11:23:41,53.47651846,-2.23754912,12.05,30.923,51.392,1.21,222.0,21,34,,
T,2026-04-14 11:23:42,53.47650931,-2.23756105,12.28,30.632,51.392,1.21,223.0,21,34,,
T,2026-04-14 11:23:43,53.47650076,-2.237575,12.52,30.229,51.392,1.23,227.0,21,34,,
T,2026-04-14 11:23:44,53.47649278,-2.23758908,12.68,29.985,51.392,1.24,232.0,21,33,,
T,2026-04-14 11:23:45,53.4764824,-2.23760023,12.9,29.729,51.392,1.29,219.0,20,33,,
T,2026-04-14 11:23:46,53.47647344,-2.23761276,13.19,29.589,51.392,1.25,229.0,20,33,,
T,2026-04-14 11:23:47,53.47646236,-2.23762415,13.37,28.705,51.392,1.37,213.0,21,33,,
T,2026-04-14 11:23:48,53.47645212,-2.23763549,13.58,28.214,51.392,1.26,222.0,21,34,,
T,2026-04-14 11:23:49,53.47644244,-2.2376464,13.68,27.862,51.392,1.26,222.0,21,33,,
T,2026-04-14 11:23:50,53.47643304,-2.23765867,13.77,27.255,51.392,1.27,227.0,21,33,,
T,2026-04-14 11:23:51,53.47642341,-2.23767154,13.9,26.487,51.392,1.27,229.0,21,33,,
T,2026-04-14 11:23:52,53.4764135,-2.23768313,13.97,25.857,51.392,1.26,233.0,21,35,,
T,2026-04-14 11:23:53,53.47640423,-2.23769545,13.96,25.441,51.392,1.27,225.0,21,33,,
T,2026-04-14 11:23:54,53.47639247,-2.23770408,13.96,25.649,51.392,1.3,212.0,21,33,,
T,2026-04-14 11:23:55,53.47638418,-2.23772171,13.94,27.109,51.392,1.38,218.0,21,33,,
T,2026-04-14 11:23:56,53.47637902,-2.23774389,13.22,28.012,51.392,1.35,238.0,21,33,,
T,2026-04-14 11:23:57,53.47637335,-2.23776165,13.17,28.017,51.392,1.22,234.0,21,33,,
T,2026-04-14 11:23:58,53.47636951,-2.23778153,13.24,28.402,51.392,1.23,241.0,22,34,,
T,2026-04-14 11:23:59,53.4763651,-2.23780113,11.61,28.167,51.392,1.24,231.0,22,34,,
T,2026-04-14 11:24:00,53.47636173,-2.23782309,10.68,28.117,51.392,1.31,237.0,22,33,,
T,2026-04-14 11:24:01,53.47635914,-2.23784397,10.82,28.239,51.392,1.23,244.0,22,34,,
T,2026-04-14 11:24:02,53.47635759,-2.23786564,10.32,28.37,51.392,1.24,253.0,22,34,,
T,2026-04-14 11:24:03,53.47635647,-2.23788765,10.25,28.904,51.392,1.2,252.0,23,34,,
T,2026-04-14 11:24:04,53.47635368,-2.23790836,9.94,29.05,51.392,1.25,245.0,22,34,,
T,2026-04-14 11:24:05,53.47634721,-2.23792602,9.94,29.859,51.392,1.3,229.0,23,34,,
T,2026-04-14 11:24:06,53.47634014,-2.23794134,9.94,29.782,51.392,1.24,229.0,20,34,,
T,2026-04-14 11:24:07,53.47633338,-2.23796038,9.94,31.282,51.392,1.22,234.0,23,34,,
T,2026-04-14 11:24:08,53.4763262,-2.23797839,9.94,31.489,51.392,1.22,225.0,22,33,,
T,2026-04-14 11:24:09,53.47631987,-2.23799566,9.94,31.329,51.392,1.24,237.0,21,33,,
T,2026-04-14 11:24:10,53.4763127,-2.23801203,10.06,30.701,51.392,1.22,232.0,23,33,,
T,2026-04-14 11:24:11,53.47630458,-2.23802637,10.19,30.403,51.392,1.22,230.0,23,33,,
T,2026-04-14 11:24:12,53.47629663,-2.23804138,10.07,29.58,51.392,1.26,223.0,24,33,,
T,2026-04-14 11:24:13,53.4762924,-2.2380614,10.23,29.791,51.392,1.26,235.0,24,33,,
T,2026-04-14 11:24:14,53.47628871,-2.23808176,10.39,29.601,51.393,1.25,243.0,24,33,,
T,2026-04-14 11:24:15,53.47628151,-2.23809825,10.48,28.86,51.393,1.28,233.0,24,33,,
T,2026-04-14 11:24:16,53.4762753,-2.23811713,10.25,28.881,51.393,1.25,236.0,24,33,,
T,2026-04-14 11:24:17,53.4762693,-2.23813432,10.41,29.422,51.393,1.23,235.0,24,33,,
T,2026-04-14 11:24:18,53.47626376,-2.23815345,10.56,29.302,51.393,1.27,240.0,24,33,,
T,2026-04-14 11:24:19,53.4762584,-2.23817341,10.45,29.247,51.393,1.26,242.0,23,34,,
T,2026-04-14 11:24:20,53.47625255,-2.23819236,10.77,29.424,51.393,1.25,240.0,22,35,,
T,2026-04-14 11:24:21,53.47624539,-2.23821006,10.85,29.435,51.393,1.25,231.0,20,35,,
T,2026-04-14 11:24:22,53.47623779,-2.23822802,10.99,29.438,51.393,1.26,231.0,19,35,,
T,2026-04-14 11:24:23,53.47622965,-2.23824512,11.21,29.316,51.393,1.28,230.0,22,36,,
T,2026-04-14 11:24:24,53.47622273,-2.23826406,11.42,29.168,51.393,1.28,236.0,23,36,,
T,2026-04-14 11:24:25,53.47621688,-2.23828324,11.56,29.176,51.393,1.25,241.0,23,36,,
T,2026-04-14 11:24:26,53.47621221,-2.23830224,11.94,29.077,51.393,1.24,248.0,22,36,,
T,2026-04-14 11:24:27,53.47620651,-2.23832593,10.32,31.292,51.393,1.22,246.0,22,35,,
T,2026-04-14 11:24:28,53.47619431,-2.23834229,10.26,32.811,51.393,1.49,209.0,26,35,,
T,2026-04-14 11:24:29,53.47618486,-2.23834817,10.3,34.744,51.393,1.25,186.0,25,36,,
T,2026-04-14 11:24:30,53.47617674,-2.23834013,9.94,35.756,51.393,1.37,150.0,27,36,,
T,2026-04-14 11:24:31,53.47616807,-2.23832803,9.94,37.502,51.393,1.24,138.0,26,35,,
T,2026-04-14 11:24:32,53.47616113,-2.23831372,9.94,37.542,51.393,1.21,138.0,28,36,,
T,2026-04-14 11:24:33,53.47615573,-2.23830008,9.94,37.606,51.393,1.15,131.0,28,36,,
T,2026-04-14 11:24:34,53.47614845,-2.23828593,9.94,37.04,51.393,1.19,137.0,27,36,,
T,2026-04-14 11:24:35,53.47613884,-2.23827278,9.94,36.947,51.393,1.29,153.0,27,36,,
T,2026-04-14 11:24:36,53.47613049,-2.2382584,9.94,37.207,51.393,1.27,144.0,27,36,,
T,2026-04-14 11:24:37,53.47612349,-2.23824256,9.94,37.406,51.393,1.27,131.0,27,36,,
T,2026-04-14 11:24:38,53.4761168,-2.23822847,9.94,37.67,51.393,1.24,136.0,26,36,,
T,2026-04-14 11:24:39,53.47611068,-2.23821619,9.94,38.239,51.393,1.24,133.0,26,36,,
T,2026-04-14 11:24:40,53.4761042,-2.23820345,9.94,38.22,51.393,1.24,132.0,24,36,,
T,2026-04-14 11:24:41,53.4761025,-2.23818243,9.94,37.445,51.393,1.38,105.0,23,36,,
T,2026-04-14 11:24:42,53.47610385,-2.23816175,9.94,37.631,51.393,1.24,95.0,23,36,,
T,2026-04-14 11:24:43,53.47610805,-2.23814397,9.94,37.355,51.393,1.19,86.0,22,36,,
T,2026-04-14 11:24:44,53.47611491,-2.23812762,9.94,37.576,51.393,1.26,65.0,24,35,,
T,2026-04-14 11:24:45,53.47612093,-2.23811278,9.94,37.584,51.393,1.13,64.0,23,35,,
T,2026-04-14 11:24:46,53.47612676,-2.23809873,9.94,37.545,51.393,1.15,60.0,23,36,,
T,2026-04-14 11:24:47,53.47613509,-2.2380888,9.94,38.965,51.392,1.15,49.0,21,36,,
T,2026-04-14 11:24:48,53.47614433,-2.2380808,9.94,37.815,51.392,1.06,47.0,22,36,,
T,2026-04-14 11:24:49,53.47616224,-2.23808794,9.94,36.134,51.392,1.88,351.0,22,36,,
T,2026-04-14 11:24:50,53.4761658,-2.23809307,9.94,36.385,51.393,0.0,,20,35,,
T,2026-04-14 11:24:51,53.47616598,-2.23809483,9.94,36.383,51.393,0.0,,21,35,,
T,2026-04-14 11:24:52,53.47616614,-2.23809568,9.94,36.389,51.393,0.0,,23,35,,
T,2026-04-14 11:24:53,53.47616626,-2.23809621,9.94,36.392,51.393,0.0,,24,36,,
T,2026-04-14 11:24:54,53.4761678,-2.23810033,9.94,36.581,51.393,0.28,351.0,22,36,,
T,2026-04-14 11:24:55,53.4761686,-2.23810093,9.94,36.571,51.393,0.0,,20,36,,
T,2026-04-14 11:24:56,53.47616976,-2.23811223,9.94,36.616,51.393,0.72,351.0,21,35,,
T,2026-04-14 11:24:57,53.47616739,-2.238126,9.94,35.397,51.393,0.7,351.0,21,35,,
T,2026-04-14 11:24:58,53.47616494,-2.23813249,9.94,35.723,51.393,0.0,,20,34,,
T,2026-04-14 11:24:59,53.47616021,-2.23814587,9.94,36.089,51.393,0.58,351.0,20,34,,
T,2026-04-14 11:25:00,53.47615781,-2.23815371,9.94,36.092,51.393,0.3,351.0,21,34,,
T,2026-04-14 11:25:01,53.47615746,-2.23816035,9.94,35.359,51.393,0.23,351.0,21,34,,
T,2026-04-14 11:25:02,53.4761559,-2.23817696,9.94,35.655,51.393,1.06,269.0,20,34,,
T,2026-04-14 11:25:03,53.47615385,-2.23819992,9.94,35.758,51.393,1.11,277.0,19,34,,
T,2026-04-14 11:25:04,53.47614687,-2.23822213,9.94,36.058,51.393,1.23,251.0,19,34,,
T,2026-04-14 11:25:05,53.47614296,-2.23823833,9.94,36.856,51.393,0.97,253.0,18,33,,
T,2026-04-14 11:25:06,53.4761403,-2.23825374,9.94,37.56,51.393,1.04,250.0,20,33,,
T,2026-04-14 11:25:07,53.4761371,-2.2382691,9.94,38.161,51.393,1.01,243.0,20,32,,
T,2026-04-14 11:25:08,53.47613636,-2.23827997,9.94,38.577,51.393,0.92,255.0,21,32,,
T,2026-04-14 11:25:09,53.47613627,-2.2382961,9.94,39.244,51.393,0.98,268.0,23,32,,
T,2026-04-14 11:25:10,53.47613776,-2.23830599,9.94,38.681,51.393,0.98,275.0,23,32,,
T,2026-04-14 11:25:11,53.47613191,-2.23831354,9.94,38.583,51.393,0.0,,21,32,,
T,2026-04-14 11:25:12,53.47612913,-2.23832746,9.94,38.719,51.393,0.99,241.0,20,32,,
T,2026-04-14 11:25:13,53.47612905,-2.23834676,9.94,38.094,51.393,1.05,266.0,22,32,,
T,2026-04-14 11:25:14,53.47613333,-2.23836365,9.94,38.083,51.393,1.02,288.0,18,32,,
T,2026-04-14 11:25:15,53.47613464,-2.23836462,9.94,38.055,51.393,0.0,,16,32,,
T,2026-04-14 11:25:16,53.47613482,-2.2383641,9.94,38.045,51.393,0.0,,15,32,,
T,2026-04-14 11:25:17,53.47613486,-2.23836397,9.94,38.045,51.393,0.0,,17,32,,
T,2026-04-14 11:25:18,53.47613487,-2.23836393,9.94,38.051,51.393,0.0,,12,32,,
T,2026-04-14 11:25:19,53.47613487,-2.23836393,9.94,38.048,51.393,0.0,,10,32,,
T,2026-04-14 11:25:20,53.47613488,-2.23836394,9.94,38.037,51.393,0.0,,10,31,,
T,2026-04-14 11:25:21,53.47613487,-2.23836396,9.94,38.045,51.393,0.0,,13,30,,
T,2026-04-14 11:25:22,53.47613488,-2.23836394,9.94,38.042,51.393,0.0,,14,30,,
T,2026-04-14 11:25:23,53.47613489,-2.23836394,9.94,38.041,51.393,0.0,,12,30,,
T,2026-04-14 11:25:24,53.4761349,-2.23836393,9.94,38.039,51.393,0.0,,12,29,,
T,2026-04-14 11:25:25,53.47613491,-2.23836392,9.94,38.036,51.393,0.0,,13,29,,
T,2026-04-14 11:25:26,53.4761349,-2.23836376,9.94,38.035,51.393,0.0,,13,29,,
T,2026-04-14 11:25:27,53.4761349,-2.23836372,9.94,38.032,51.393,0.0,,11,26,,
T,2026-04-14 11:25:28,53.47613488,-2.23836364,9.94,38.03,51.393,0.0,,11,25,,
T,2026-04-14 11:25:29,53.47613487,-2.23836354,9.94,38.03,51.393,0.0,,12,24,,
T,2026-04-14 11:25:30,53.47613487,-2.2383635,9.94,38.028,51.393,0.0,,11,23,,
T,2026-04-14 11:25:31,53.47613487,-2.23836349,9.94,38.027,51.393,0.0,,11,23,,
T,2026-04-14 11:25:32,53.47613493,-2.23836351,9.94,37.965,51.393,0.0,,11,21,,
T,2026-04-14 11:25:33,53.47613508,-2.23836393,9.94,37.953,51.393,0.0,,11,20,,
T,2026-04-14 11:25:34,53.47613517,-2.23836419,9.94,37.942,51.393,0.0,,9,20,,
T,2026-04-14 11:25:35,53.47613522,-2.23836422,9.94,37.933,51.393,0.0,,9,20,,
T,2026-04-14 11:25:36,53.47613524,-2.23836423,9.94,37.932,51.393,0.0,,9,18,,
T,2026-04-14 11:25:37,53.47613526,-2.23836421,9.94,37.927,51.393,0.0,,5,17,,
T,2026-04-14 11:25:38,53.47613527,-2.2383642,9.94,37.927,51.393,0.0,,5,17,,
T,2026-04-14 11:25:39,53.47613528,-2.23836418,9.94,37.925,51.393,0.0,,6,17,,
T,2026-04-14 11:25:40,53.47613532,-2.23836412,9.94,37.919,51.393,0.0,,7,16,,
T,2026-04-14 11:25:41,53.47613533,-2.2383641,9.94,37.919,51.393,0.0,,6,15,,
T,2026-04-14 11:25:42,53.47613534,-2.2383641,9.94,37.917,51.393,0.0,,7,15,,
T,2026-04-14 11:25:43,53.47613534,-2.2383641,9.94,37.916,51.393,0.0,,7,14,,
T,2026-04-14 11:25:44,53.47613536,-2.23836407,9.94,37.912,51.393,0.0,,7,14,,
T,2026-04-14 11:25:45,53.47613538,-2.23836403,9.94,37.91,51.393,0.0,,8,14,,
T,2026-04-14 11:25:46,53.47613543,-2.23836396,9.94,37.904,51.393,0.0,,8,14,,
T,2026-04-14 11:25:47,53.47613544,-2.23836393,9.94,37.904,51.393,0.0,,8,14,,
T,2026-04-14 11:25:48,53.47613546,-2.23836389,9.94,37.901,51.393,0.0,,7,13,,
T,2026-04-14 11:25:49,53.47613521,-2.23836445,10.33,37.854,51.393,0.0,,6,13,,
T,2026-04-14 11:25:50,53.47613559,-2.23836369,10.34,37.742,51.393,0.0,,6,13,,
T,2026-04-14 11:25:51,53.47613565,-2.23836396,10.17,37.664,51.393,0.0,,5,13,,
T,2026-04-14 11:25:52,53.47613579,-2.2383638,10.17,37.679,51.393,0.0,,5,13,,
T,2026-04-14 11:25:53,53.47613599,-2.23836344,10.17,37.702,51.393,0.0,,6,14,,
T,2026-04-14 11:25:54,53.47613604,-2.23836337,10.17,37.701,51.393,0.0,,7,13,,
T,2026-04-14 11:25:55,53.47613601,-2.23836343,9.94,37.695,51.393,0.0,,7,13,,
T,2026-04-14 11:25:56,53.476136,-2.23836345,9.94,37.695,51.393,0.0,,7,13,,
T,2026-04-14 11:25:57,53.476136,-2.23836346,9.94,37.695,51.393,0.0,,7,13,,
T,2026-04-14 11:25:58,53.47613603,-2.23836281,9.94,37.667,51.393,0.0,,8,13,,
T,2026-04-14 11:25:59,53.47613616,-2.23836265,9.94,37.659,51.393,0.0,,7,13,,
T,2026-04-14 11:26:00,53.47613621,-2.23836217,9.94,37.64,51.393,0.0,,8,13,,
T,2026-04-14 11:26:01,53.47613633,-2.23836126,9.94,37.593,51.393,0.0,,8,13,,
T,2026-04-14 11:26:02,53.47613652,-2.23836077,10.04,37.555,51.393,0.0,,8,13,,
T,2026-04-14 11:26:03,53.47613698,-2.2383598,10.35,37.453,51.393,0.0,,10,13,,
T,2026-04-14 11:26:04,53.47613713,-2.23835946,10.35,37.441,51.393,0.0,,10,13,,
T,2026-04-14 11:26:05,53.4761372,-2.23835915,10.35,37.43,51.393,0.0,,10,13,,
T,2026-04-14 11:26:06,53.47613722,-2.23835906,10.4,37.428,51.393,0.0,,9,13,,
T,2026-04-14 11:26:07,53.47613725,-2.23835898,10.37,37.422,51.393,0.0,,9,13,,
T,2026-04-14 11:26:08,53.47613727,-2.23835896,10.36,37.421,51.393,0.0,,9,13,,
T,2026-04-14 11:26:09,53.47613733,-2.23835889,10.4,37.408,51.393,0.0,,7,13,,
T,2026-04-14 11:26:10,53.47613747,-2.23835877,10.37,37.384,51.393,0.0,,7,13,,
T,2026-04-14 11:26:11,53.47613763,-2.23835862,10.26,37.358,51.393,0.0,,7,13,,
T,2026-04-14 11:26:12,53.47613766,-2.2383585,9.94,37.356,51.393,0.0,,7,14,,
T,2026-04-14 11:26:13,53.47613775,-2.23835827,10.39,37.331,51.393,0.0,,8,14,,
T,2026-04-14 11:26:14,53.47613792,-2.23835801,10.24,37.297,51.393,0.0,,8,14,,
T,2026-04-14 11:26:15,53.47613797,-2.23835794,10.1,37.297,51.393,0.0,,9,14,,
T,2026-04-14 11:26:16,53.4761379,-2.23835804,10.41,37.316,51.393,0.0,,8,14,,
T,2026-04-14 11:26:17,53.47613791,-2.23835836,10.56,37.327,51.393,0.0,,8,14,,
T,2026-04-14 11:26:18,53.47613795,-2.23835851,10.49,37.325,51.393,0.0,,8,14,,
T,2026-04-14 11:26:19,53.47613799,-2.23835867,10.64,37.329,51.393,0.0,,7,14,,
T,2026-04-14 11:26:20,53.47613799,-2.23835868,10.64,37.328,51.393,0.0,,7,13,,
T,2026-04-14 11:26:21,53.47613797,-2.23835845,10.64,37.321,51.393,0.0,,6,13,,
T,2026-04-14 11:26:22,53.47613797,-2.2383584,10.64,37.321,51.393,0.0,,7,13,,
T,2026-04-14 11:26:23,53.47613798,-2.23835847,10.64,37.324,51.393,0.0,,7,13,,
T,2026-04-14 11:26:24,53.47613799,-2.23835859,10.64,37.328,51.393,0.0,,7,13,,
T,2026-04-14 11:26:25,53.476138,-2.23835862,10.64,37.328,51.393,0.0,,6,13,,
T,2026-04-14 11:26:26,53.47613775,-2.23835828,10.68,37.25,51.393,0.0,,5,13,,
T,2026-04-14 11:26:27,53.47613775,-2.23835689,10.65,37.221,51.393,0.0,,7,13,,
T,2026-04-14 11:26:28,53.47613787,-2.23835617,10.7,37.183,51.393,0.0,,6,13,,
T,2026-04-14 11:26:29,53.47613801,-2.23835592,10.45,37.162,51.393,0.0,,8,14,,
T,2026-04-14 11:26:30,53.47613805,-2.23835584,10.26,37.16,51.393,0.0,,8,14,,
T,2026-04-14 11:26:31,53.47613812,-2.23835579,10.23,37.15,51.393,0.0,,8,14,,
T,2026-04-14 11:26:32,53.47613647,-2.23835704,10.26,37.531,51.393,0.0,,8,14,,
T,2026-04-14 11:26:33,53.47613604,-2.23835739,10.38,37.534,51.393,0.0,,5,14,,
T,2026-04-14 11:26:34,53.47613598,-2.23835744,10.62,37.523,51.393,0.0,,5,14,,
T,2026-04-14 11:26:35,53.47613602,-2.23835741,10.88,37.514,51.393,0.0,,5,14,,
T,2026-04-14 11:26:36,53.47614204,-2.23835038,11.23,35.653,51.393,0.0,,5,14,,
T,2026-04-14 11:26:37,53.47614843,-2.23834323,11.61,35.433,51.393,0.0,,5,14,,
T,2026-04-14 11:26:38,53.47615042,-2.23834311,11.73,35.582,51.393,0.0,,5,14,,
T,2026-04-14 11:26:39,53.47616379,-2.2383693,11.86,35.577,51.393,0.0,,7,14,,
T,2026-04-14 11:26:40,53.47617235,-2.23838376,11.92,35.565,51.393,0.0,,7,14,,
T,2026-04-14 11:26:41,53.47617436,-2.23838837,11.87,35.565,51.393,0.0,,7,14,,
T,2026-04-14 11:26:42,53.47617478,-2.23839014,11.82,35.567,51.393,0.0,,8,14,,
T,2026-04-14 11:26:43,53.47617482,-2.23839104,11.91,35.567,51.393,0.0,,5,14,,
T,2026-04-14 11:26:44,53.47617477,-2.2383916,11.88,35.569,51.393,0.0,,5,14,,
T,2026-04-14 11:26:45,53.4761747,-2.23839205,12.1,35.571,51.393,0.0,,5,14,,
T,2026-04-14 11:26:46,53.4761747,-2.23839235,12.31,35.571,51.393,0.0,,5,13,,
T,2026-04-14 11:26:47,53.47617463,-2.23839268,12.64,35.571,51.393,0.0,,4,13,,
T,2026-04-14 11:26:48,53.47617458,-2.23839288,12.75,35.572,51.393,0.0,,4,14,,
T,2026-04-14 11:26:49,53.4761747,-2.23839301,12.74,35.556,51.393,0.0,,6,14,,
T,2026-04-14 11:26:50,53.47617473,-2.23839304,12.74,35.555,51.393,0.0,,7,14,,
T,2026-04-14 11:26:51,53.47617472,-2.23839307,12.74,35.557,51.393,0.0,,8,13,,
T,2026-04-14 11:26:52,53.47617472,-2.23839307,12.74,35.556,51.393,0.0,,6,13,,
T,2026-04-14 11:26:53,53.4761743,-2.23839381,14.67,35.583,51.393,0.0,,6,12,,
T,2026-04-14 11:26:54,53.47616235,-2.2384065,12.82,37.058,51.393,0.0,,6,12,,
T,2026-04-14 11:26:55,53.47615825,-2.23841066,12.82,37.13,51.393,0.0,,7,12,,
T,2026-04-14 11:26:56,53.47615721,-2.23841171,12.82,37.13,51.393,0.0,,6,12,,
T,2026-04-14 11:26:57,53.47615696,-2.238412,12.82,37.13,51.393,0.0,,5,12,,
T,2026-04-14 11:26:58,53.47615695,-2.23841201,12.82,37.121,51.393,0.0,,6,12,,
T,2026-04-14 11:26:59,53.47615692,-2.23841207,12.82,37.126,51.393,0.0,,5,12,,
T,2026-04-14 11:27:00,53.47615684,-2.23841217,12.82,37.139,51.393,0.0,,5,11,,
T,2026-04-14 11:27:01,53.47615681,-2.23841224,12.82,37.141,51.393,0.0,,6,11,,
T,2026-04-14 11:27:02,53.47615682,-2.23841227,12.82,37.14,51.393,0.0,,6,11,,
T,2026-04-14 11:27:03,53.47615685,-2.23841231,12.82,37.137,51.393,0.0,,7,10,,
T,2026-04-14 11:27:04,53.47615701,-2.2384121,12.89,37.086,51.393,0.0,,7,10,,
T,2026-04-14 11:27:05,53.47615691,-2.23841189,13.16,37.139,51.393,0.0,,8,10,,
T,2026-04-14 11:27:06,53.47616691,-2.2384135,13.18,36.545,51.393,0.0,,8,11,,
T,2026-04-14 11:27:07,53.47616954,-2.23841374,13.25,36.558,51.393,0.0,,8,11,,
T,2026-04-14 11:27:08,53.47617012,-2.2384138,15.59,36.558,51.393,0.0,,8,11,,
T,2026-04-14 11:27:09,53.47617787,-2.23842194,19.71,36.244,51.393,0.57,203.0,7,11,,
T,2026-04-14 11:27:10,53.47617948,-2.23842084,13.66,36.261,51.393,0.0,,5,11,,
T,2026-04-14 11:27:11,53.4761816,-2.23842313,15.98,36.234,51.393,0.0,,5,11,,
T,2026-04-14 11:27:12,53.47618594,-2.238424,18.88,35.875,51.393,0.0,,6,11,,
T,2026-04-14 11:27:13,53.47618684,-2.23842366,17.58,36.029,51.393,0.0,,6,11,,
T,2026-04-14 11:27:14,53.47618731,-2.23842007,19.53,36.046,51.393,0.0,,6,11,,
T,2026-04-14 11:27:15,53.47618598,-2.2384231,19.31,35.715,51.393,0.0,,6,11,,
T,2026-04-14 11:27:16,53.47618366,-2.23842605,19.38,35.926,51.393,0.0,,5,11,,
T,2026-04-14 11:27:17,53.4761815,-2.23842902,20.61,36.018,51.393,0.0,,5,11,,
T,2026-04-14 11:27:18,53.47618044,-2.2384304,20.46,36.14,51.393,0.0,,4,10,,
T,2026-04-14 11:27:19,53.47618154,-2.23842794,20.44,36.357,51.393,0.0,,5,10,,
T,2026-04-14 11:27:20,53.47618178,-2.23842738,20.44,36.353,51.393,0.0,,4,10,,
T,2026-04-14 11:27:21,53.47618185,-2.23842724,20.44,36.353,51.393,0.0,,5,10,,
T,2026-04-14 11:27:22,53.47618177,-2.23842732,20.44,36.349,51.393,0.0,,5,9,,
T,2026-04-14 11:27:23,53.47618174,-2.23842734,20.44,36.348,51.393,0.0,,3,9,,
T,2026-04-14 11:27:24,53.47618174,-2.23842734,20.44,36.348,51.393,0.0,,4,9,,
T,2026-04-14 11:27:25,53.47618174,-2.23842735,20.44,36.348,51.393,0.0,,3,9,,
T,2026-04-14 11:27:26,53.47618174,-2.23842735,20.44,36.348,51.393,0.0,,3,8,,
T,2026-04-14 11:27:27,53.47618173,-2.23842737,20.44,36.345,51.393,0.0,,2,8,,
T,2026-04-14 11:27:28,53.47618172,-2.23842741,20.44,36.346,51.393,0.0,,2,8,,
T,2026-04-14 11:27:29,53.47618172,-2.23842741,20.44,36.346,51.393,0.0,,3,8,,
T,2026-04-14 11:27:30,53.4761817,-2.23842742,20.44,36.347,51.393,0.0,,2,7,,
T,2026-04-14 11:27:31,53.4761817,-2.23842743,20.44,36.347,51.393,0.0,,3,7,,
T,2026-04-14 11:27:32,53.4761817,-2.23842743,20.64,36.347,51.393,0.0,,3,7,,
T,2026-04-14 11:27:33,53.47618254,-2.23842888,20.71,36.079,51.393,0.0,,4,7,,
T,2026-04-14 11:27:34,53.47618155,-2.23843138,21.9,35.958,51.393,0.0,,4,6,,
T,2026-04-14 11:27:35,53.47618091,-2.2384327,21.77,35.905,51.393,0.0,,3,6,,
T,2026-04-14 11:27:36,53.47618075,-2.23843304,21.77,35.905,51.393,0.0,,4,6,,
T,2026-04-14 11:27:37,53.47618071,-2.23843312,21.77,35.905,51.393,0.0,,3,6,,
T,2026-04-14 11:27:38,53.4761807,-2.23843314,21.77,35.905,51.393,0.0,,3,6,,
T,2026-04-14 11:27:39,53.47618168,-2.23843142,21.75,36.02,51.393,0.0,,2,6,,
T,2026-04-14 11:27:40,53.47618204,-2.23843071,21.74,36.041,51.393,0.0,,1,5,,
T,2026-04-14 11:27:41,53.47618211,-2.23843056,21.74,36.041,51.393,0.0,,1,5,,
T,2026-04-14 11:27:42,53.47618211,-2.23843047,21.74,36.05,51.393,0.0,,3,5,,
T,2026-04-14 11:27:43,53.47618072,-2.23843044,23.6,36.332,51.393,0.0,,3,5,,
T,2026-04-14 11:27:44,53.47617437,-2.23843136,22.36,37.309,51.393,0.0,,3,7,,
T,2026-04-14 11:27:45,53.47619341,-2.23840746,20.5,35.825,51.393,0.0,,4,11,,
T,2026-04-14 11:27:46,53.47619848,-2.23840135,20.49,35.802,51.393,0.0,,8,12,,
T,2026-04-14 11:27:47,53.47619985,-2.23840008,20.47,35.789,51.393,0.0,,10,14,,
T,2026-04-14 11:27:48,53.4762003,-2.23839963,20.45,35.779,51.393,0.0,,11,16,,
T,2026-04-14 11:27:49,53.47620034,-2.23839948,20.45,35.779,51.393,0.0,,12,17,,
T,2026-04-14 11:27:50,53.47620036,-2.23839941,20.44,35.778,51.393,0.0,,13,18,,
T,2026-04-14 11:27:51,53.47619939,-2.23839347,15.81,35.722,51.393,0.0,,13,18,,
T,2026-04-14 11:27:52,53.47619752,-2.23838265,14.84,35.631,51.393,0.0,,15,18,,
T,2026-04-14 11:27:53,53.4761956,-2.23837156,14.6,35.549,51.393,0.0,,15,18,,
T,2026-04-14 11:27:54,53.47619495,-2.23836744,15.78,35.542,51.393,0.0,,14,19,,
T,2026-04-14 11:27:55,53.47619489,-2.23836603,17.44,35.518,51.393,0.0,,15,19,,
T,2026-04-14 11:27:56,53.47619411,-2.23836134,18.85,35.474,51.393,0.0,,15,20,,
T,2026-04-14 11:27:57,53.47619192,-2.23834885,20.09,35.371,51.393,0.0,,15,20,,
T,2026-04-14 11:27:58,53.47619069,-2.2383415,20.56,35.328,51.393,0.0,,13,20,,
T,2026-04-14 11:27:59,53.47618915,-2.23833255,20.7,35.269,51.393,0.0,,14,20,,
T,2026-04-14 11:28:00,53.47619002,-2.23832716,20.91,35.337,51.393,0.0,,16,20,,
T,2026-04-14 11:28:01,53.47619023,-2.23832564,18.99,35.334,51.393,0.0,,16,20,,
T,2026-04-14 11:28:02,53.47619192,-2.23832131,17.45,35.428,51.393,0.0,,16,20,,
T,2026-04-14 11:28:03,53.4761928,-2.23831547,16.61,35.468,51.393,0.0,,14,20,,
T,2026-04-14 11:28:04,53.47619436,-2.2383134,15.73,35.536,51.393,0.0,,16,21,,
T,2026-04-14 11:28:05,53.47619508,-2.23831374,16.59,35.589,51.393,0.0,,16,21,,
T,2026-04-14 11:28:06,53.47619742,-2.23831372,17.36,35.707,51.393,0.0,,17,22,,
T,2026-04-14 11:28:07,53.47620206,-2.23831061,18.76,35.949,51.393,0.0,,17,22,,
T,2026-04-14 11:28:08,53.4762032,-2.23830956,19.17,35.963,51.393,0.0,,18,22,,
T,2026-04-14 11:28:09,53.47620356,-2.23830907,19.41,35.965,51.393,0.0,,18,22,,
T,2026-04-14 11:28:10,53.47620358,-2.23830887,19.62,35.979,51.393,0.0,,18,22,,
T,2026-04-14 11:28:11,53.476207,-2.23830602,19.8,36.207,51.393,0.0,,17,23,,
T,2026-04-14 11:28:12,53.47624305,-2.23824776,15.82,41.092,51.393,0.0,,19,23,,
T,2026-04-14 11:28:13,53.47626311,-2.23819607,13.77,47.326,51.393,0.0,,20,23,,
T,2026-04-14 11:28:14,53.47626659,-2.23818469,13.45,52.383,51.393,0.62,203.0,19,24,,
T,2026-04-14 11:28:15,53.47625813,-2.23813954,12.56,51.626,51.393,0.54,203.0,18,26,,
T,2026-04-14 11:28:16,53.47627613,-2.23815882,12.18,52.34,51.393,1.0,22.0,19,26,,
T,2026-04-14 11:28:17,53.47631179,-2.23819764,11.42,54.154,51.393,1.03,4.0,20,27,,
T,2026-04-14 11:28:18,53.47632464,-2.23819763,11.49,55.724,51.393,1.55,57.0,18,27,,
T,2026-04-14 11:28:19,53.47632669,-2.23819231,11.59,57.277,51.393,0.97,68.0,19,31,,
T,2026-04-14 11:28:20,53.47628997,-2.23818369,10.9,47.91,51.393,0.99,45.0,18,31,,
T,2026-04-14 11:28:21,53.47627513,-2.23817749,10.65,47.175,51.393,0.86,46.0,18,32,,
T,2026-04-14 11:28:22,53.47627219,-2.23816785,10.77,47.667,51.393,0.91,47.0,24,32,,
T,2026-04-14 11:28:23,53.47627456,-2.23816103,10.72,48.849,51.393,1.05,11.0,25,33,,
T,2026-04-14 11:28:24,53.47625672,-2.23812258,10.52,46.015,51.393,2.49,81.0,25,34,,
T,2026-04-14 11:28:25,53.4762371,-2.23810804,10.41,44.068,51.393,1.1,134.0,25,33,,
T,2026-04-14 11:28:26,53.47623104,-2.23809832,10.35,44.128,51.393,0.89,89.0,25,33,,
T,2026-04-14 11:28:27,53.47621959,-2.23808673,10.38,42.504,51.393,0.92,110.0,26,34,,
T,2026-04-14 11:28:28,53.47621289,-2.23807493,10.42,42.957,51.392,0.9,108.0,23,34,,
T,2026-04-14 11:28:29,53.47620892,-2.23806522,10.47,43.21,51.392,0.92,126.0,23,34,,
T,2026-04-14 11:28:30,53.47621958,-2.23804528,10.33,43.979,51.392,1.85,62.0,23,35,,
T,2026-04-14 11:28:31,53.47622613,-2.23803713,10.43,45.077,51.392,0.86,53.0,26,34,,
T,2026-04-14 11:28:32,53.47623126,-2.23803099,10.4,45.252,51.392,0.88,48.0,25,34,,
T,2026-04-14 11:28:33,53.47623687,-2.23802516,10.49,45.912,51.392,0.86,45.0,24,34,,
T,2026-04-14 11:28:34,53.4762432,-2.23802109,10.47,45.854,51.392,0.84,34.0,23,34,,
T,2026-04-14 11:28:35,53.47624983,-2.23801689,10.47,46.172,51.392,0.83,30.0,23,34,,
T,2026-04-14 11:28:36,53.47625561,-2.23800967,10.46,46.64,51.392,0.87,47.0,23,34,,
T,2026-04-14 11:28:37,53.47626126,-2.23800317,10.35,46.535,51.392,0.83,34.0,20,35,,
T,2026-04-14 11:28:38,53.47626782,-2.2379991,10.34,47.353,51.392,0.91,4.0,21,36,,
T,2026-04-14 11:28:39,53.47626289,-2.23795631,10.34,46.017,51.392,3.01,80.0,21,37,,
T,2026-04-14 11:28:40,53.47624427,-2.23794385,10.3,42.629,51.392,1.58,146.0,23,37,,
T,2026-04-14 11:28:41,53.47623237,-2.23794167,10.29,42.675,51.392,0.86,151.0,22,37,,
T,2026-04-14 11:28:42,53.47622822,-2.23792094,10.3,41.273,51.392,1.84,90.0,21,37,,
T,2026-04-14 11:28:43,53.47622929,-2.23791292,10.34,42.269,51.392,0.91,74.0,21,37,,
T,2026-04-14 11:28:44,53.47623459,-2.23790664,10.47,42.383,51.392,0.93,52.0,19,37,,
T,2026-04-14 11:28:45,53.47624241,-2.2379045,10.54,42.46,51.392,0.87,43.0,20,37,,
T,2026-04-14 11:28:46,53.47624907,-2.23790092,10.42,42.376,51.392,0.84,47.0,18,37,,
T,2026-04-14 11:28:47,53.47625638,-2.23789826,10.46,42.158,51.392,0.84,41.0,15,37,,
T,2026-04-14 11:28:48,53.47626359,-2.23789556,10.47,41.791,51.392,0.84,41.0,15,37,,
T,2026-04-14 11:28:49,53.47627229,-2.23789459,10.38,42.763,51.392,0.91,18.0,15,37,,
T,2026-04-14 11:28:50,53.47627883,-2.237888,10.39,43.56,51.392,0.92,39.0,16,37,,
T,2026-04-14 11:28:51,53.47628855,-2.23787871,10.28,43.588,51.392,1.25,29.0,18,37,,
T,2026-04-14 11:28:52,53.47630151,-2.23786658,10.16,44.251,51.392,1.62,33.0,20,37,,
T,2026-04-14 11:28:53,53.47630587,-2.23787312,10.38,44.409,51.392,0.64,32.0,24,37,,
T,2026-04-14 11:28:54,53.47631314,-2.23788375,10.66,44.744,51.392,0.8,332.0,24,37,,
T,2026-04-14 11:28:55,53.47631743,-2.23789046,10.62,45.233,51.392,0.51,332.0,24,37,,
T,2026-04-14 11:28:56,53.47631857,-2.23789856,11.14,44.145,51.392,0.39,332.0,22,37,,
T,2026-04-14 11:28:57,53.47631051,-2.23792124,10.37,43.123,51.392,0.0,,22,37,,
T,2026-04-14 11:28:58,53.47636534,-2.23795119,10.39,43.619,51.392,5.54,335.0,21,36,,
T,2026-04-14 11:28:59,53.47638957,-2.23792646,10.23,44.046,51.392,2.96,32.0,18,34,,
T,2026-04-14 11:29:00,53.47640257,-2.23791065,10.29,43.743,51.392,1.77,8.0,18,33,,
T,2026-04-14 11:29:01,53.47641188,-2.23790678,10.35,43.626,51.392,1.3,7.0,18,33,,
T,2026-04-14 11:29:02,53.47640647,-2.2378899,10.2,43.085,51.392,0.0,,19,33,,
T,2026-04-14 11:29:03,53.47640861,-2.23787856,10.15,41.982,51.392,0.0,,17,31,,
T,2026-04-14 11:29:04,53.47641853,-2.23786374,10.07,40.816,51.392,1.42,25.0,15,30,,
T,2026-04-14 11:29:05,53.4764125,-2.23786255,9.94,41.424,51.392,0.0,,16,30,,
T,2026-04-14 11:29:06,53.47641072,-2.23786266,9.94,41.464,51.392,0.0,,15,30,,
T,2026-04-14 11:29:07,53.47641022,-2.2378627,10.01,41.476,51.392,0.0,,15,30,,
T,2026-04-14 11:29:08,53.47641009,-2.23786271,10.16,41.474,51.392,0.0,,14,30,,
T,2026-04-14 11:29:09,53.47641005,-2.23786271,10.22,41.475,51.392,0.0,,14,30,,
T,2026-04-14 11:29:10,53.47641001,-2.23786274,10.28,41.48,51.392,0.0,,14,26,,
T,2026-04-14 11:29:11,53.47640792,-2.23786202,10.4,40.775,51.392,0.18,26.0,15,25,,
T,2026-04-14 11:29:12,53.47639806,-2.23786528,10.32,41.81,51.392,0.39,26.0,15,23,,
T,2026-04-14 11:29:13,53.47639329,-2.23786412,10.45,42.096,51.392,0.33,26.0,16,23,,
T,2026-04-14 11:29:14,53.47638947,-2.23786833,10.32,42.143,51.392,0.0,,16,26,,
T,2026-04-14 11:29:15,53.47638864,-2.23786955,10.32,42.147,51.392,0.0,,19,27,,
T,2026-04-14 11:29:16,53.47638844,-2.23786982,10.3,42.143,51.392,0.0,,20,28,,
T,2026-04-14 11:29:17,53.47638849,-2.23786801,10.37,42.218,51.392,0.38,26.0,20,28,,
T,2026-04-14 11:29:18,53.47638616,-2.23786455,10.34,40.742,51.392,0.43,26.0,20,28,,
T,2026-04-14 11:29:19,53.47637809,-2.23786737,10.38,40.665,51.392,0.0,,20,29,,
T,2026-04-14 11:29:20,53.47637643,-2.23786848,10.39,40.61,51.392,0.0,,20,30,,
T,2026-04-14 11:29:21,53.47637378,-2.23786791,10.32,40.443,51.392,0.0,,20,30,,
T,2026-04-14 11:29:22,53.47637234,-2.23786765,10.22,40.453,51.392,0.0,,19,31,,
T,2026-04-14 11:29:23,53.47637201,-2.23786761,10.25,40.454,51.392,0.0,,19,32,,
T,2026-04-14 11:29:24,53.47637191,-2.2378676,10.24,40.456,51.392,0.0,,20,32,,
T,2026-04-14 11:29:25,53.47637187,-2.23786761,10.27,40.455,51.392,0.0,,20,32,,
T,2026-04-14 11:29:26,53.47637182,-2.23786761,10.24,40.459,51.392,0.0,,20,32,,
T,2026-04-14 11:29:27,53.4763718,-2.23786764,10.25,40.462,51.392,0.0,,21,32,,
T,2026-04-14 11:29:28,53.47637177,-2.23786767,10.22,40.465,51.392,0.0,,19,32,,
T,2026-04-14 11:29:29,53.47637174,-2.23786765,10.31,40.462,51.392,0.0,,19,32,,
T,2026-04-14 11:29:30,53.47637169,-2.23786761,10.42,40.461,51.392,0.0,,19,32,,
T,2026-04-14 11:29:31,53.47637164,-2.23786759,10.38,40.461,51.392,0.0,,19,33,,
T,2026-04-14 11:29:32,53.47637156,-2.23786759,10.51,40.461,51.392,0.0,,17,34,,
T,2026-04-14 11:29:33,53.47637154,-2.23786758,10.39,40.462,51.392,0.0,,17,34,,
T,2026-04-14 11:29:34,53.47637149,-2.23786758,10.37,40.459,51.392,0.0,,16,34,,
T,2026-04-14 11:29:35,53.47637145,-2.23786755,10.51,40.454,51.392,0.0,,16,35,,
T,2026-04-14 11:29:36,53.47637139,-2.23786756,10.67,40.453,51.392,0.0,,16,35,,
T,2026-04-14 11:29:37,53.47637131,-2.23786756,10.82,40.449,51.392,0.0,,16,35,,
T,2026-04-14 11:29:38,53.47637125,-2.23786756,10.82,40.448,51.392,0.0,,16,35,,
T,2026-04-14 11:29:39,53.47637122,-2.23786754,10.78,40.444,51.392,0.0,,15,35,,
T,2026-04-14 11:29:40,53.47637121,-2.23786752,10.9,40.443,51.392,0.0,,14,34,,
T,2026-04-14 11:29:41,53.47637118,-2.23786751,11.15,40.442,51.392,0.0,,14,34,,
T,2026-04-14 11:29:42,53.47637116,-2.2378675,11.39,40.442,51.392,0.0,,15,34,,
T,2026-04-14 11:29:43,53.47637108,-2.23786743,11.31,40.439,51.392,0.0,,16,33,,
T,2026-04-14 11:29:44,53.47637102,-2.23786735,11.56,40.445,51.392,0.0,,16,33,,
T,2026-04-14 11:29:45,53.476371,-2.23786733,11.81,40.444,51.392,0.0,,16,33,,
T,2026-04-14 11:29:46,53.476371,-2.23786734,12.06,40.448,51.392,0.0,,16,33,,
T,2026-04-14 11:29:47,53.47636715,-2.23786711,10.47,41.496,51.392,0.0,,16,33,,
T,2026-04-14 11:29:48,53.47636448,-2.23786814,10.45,41.521,51.392,0.0,,17,32,,
T,2026-04-14 11:29:49,53.47636384,-2.23786841,10.61,41.521,51.392,0.0,,17,32,,
T,2026-04-14 11:29:50,53.47636367,-2.23786843,10.61,41.521,51.392,0.0,,17,32,,
T,2026-04-14 11:29:51,53.47636365,-2.23786838,10.52,41.516,51.392,0.0,,18,31,,
T,2026-04-14 11:29:52,53.47636363,-2.23786831,10.38,41.511,51.392,0.0,,18,31,,
T,2026-04-14 11:29:53,53.47636361,-2.23786827,10.38,41.508,51.392,0.0,,18,29,,
T,2026-04-14 11:29:54,53.47636359,-2.23786823,10.09,41.506,51.392,0.0,,17,29,,
T,2026-04-14 11:29:55,53.47636358,-2.2378682,10.3,41.507,51.392,0.0,,17,30,,
T,2026-04-14 11:29:56,53.47636359,-2.23786821,9.94,41.508,51.392,0.0,,18,31,,
T,2026-04-14 11:29:57,53.47636359,-2.23786822,10.07,41.507,51.392,0.0,,19,31,,
T,2026-04-14 11:29:58,53.47636359,-2.2378682,10.23,41.504,51.392,0.0,,19,32,,
T,2026-04-14 11:29:59,53.47636356,-2.23786821,9.94,41.512,51.392,0.0,,19,32,,
T,2026-04-14 11:30:00,53.47636356,-2.23786824,9.94,41.511,51.392,0.0,,22,32,,
T,2026-04-14 11:30:01,53.47636358,-2.23786829,9.94,41.521,51.392,0.0,,22,33,,
T,2026-04-14 11:30:02,53.47636359,-2.23786836,9.94,41.521,51.392,0.0,,22,34,,
T,2026-04-14 11:30:03,53.47636361,-2.23786838,9.94,41.531,51.392,0.0,,22,34,,
T,2026-04-14 11:30:04,53.47636362,-2.23786844,9.94,41.536,51.392,0.0,,22,34,,
T,2026-04-14 11:30:05,53.47636378,-2.23786866,9.94,41.553,51.392,0.0,,22,33,,
T,2026-04-14 11:30:06,53.47636382,-2.23786875,9.94,41.556,51.392,0.0,,21,33,,
T,2026-04-14 11:30:07,53.47636384,-2.23786881,9.94,41.559,51.392,0.0,,21,33,,
T,2026-04-14 11:30:08,53.47636383,-2.23786884,10.03,41.561,51.392,0.0,,20,33,,
T,2026-04-14 11:30:09,53.47636391,-2.23786901,10.04,41.552,51.392,0.0,,18,31,,
T,2026-04-14 11:30:10,53.47636391,-2.23786918,10.07,41.551,51.392,0.0,,18,31,,
T,2026-04-14 11:30:11,53.47636391,-2.23786925,10.12,41.553,51.392,0.0,,18,32,,
T,2026-04-14 11:30:12,53.4763639,-2.23786932,9.94,41.571,51.392,0.0,,17,32,,
T,2026-04-14 11:30:13,53.47636392,-2.23786933,9.94,41.578,51.392,0.0,,17,31,,
T,2026-04-14 11:30:14,53.47636394,-2.23786939,9.94,41.582,51.392,0.0,,18,30,,
T,2026-04-14 11:30:15,53.47636398,-2.23786949,9.94,41.597,51.392,0.0,,18,30,,
T,2026-04-14 11:30:16,53.476364,-2.23786954,9.94,41.6,51.392,0.0,,19,31,,
T,2026-04-14 11:30:17,53.47636401,-2.2378696,9.94,41.607,51.392,0.0,,19,32,,
T,2026-04-14 11:30:18,53.47636402,-2.23786966,9.94,41.608,51.392,0.0,,19,32,,
T,2026-04-14 11:30:19,53.47636297,-2.23787095,9.94,42.125,51.392,0.0,,19,30,,
T,2026-04-14 11:30:20,53.47636108,-2.23787393,9.94,42.087,51.392,0.29,26.0,20,30,,
T,2026-04-14 11:30:21,53.47635985,-2.2378736,9.94,42.096,51.392,0.0,,23,31,,
T,2026-04-14 11:30:22,53.47635736,-2.23787645,9.94,42.659,51.392,0.31,26.0,23,32,,
T,2026-04-14 11:30:23,53.47635234,-2.23788261,9.94,41.91,51.392,0.51,26.0,24,32,,
T,2026-04-14 11:30:24,53.47634826,-2.23788789,9.94,41.983,51.392,0.2,26.0,24,32,,
T,2026-04-14 11:30:25,53.47634108,-2.23789607,9.94,41.427,51.392,0.68,26.0,24,32,,
T,2026-04-14 11:30:26,53.4763344,-2.23790075,10.03,41.393,51.392,0.39,26.0,24,34,,
T,2026-04-14 11:30:27,53.47632665,-2.23791004,10.56,41.461,51.392,0.84,224.0,22,34,,
T,2026-04-14 11:30:28,53.47631916,-2.23791944,10.7,41.149,51.392,0.84,226.0,22,34,,
T,2026-04-14 11:30:29,53.47631184,-2.23792703,10.43,41.105,51.392,0.61,221.0,20,34,,
T,2026-04-14 11:30:30,53.47630488,-2.23793372,10.42,41.076,51.392,0.58,221.0,20,34,,
T,2026-04-14 11:30:31,53.4762991,-2.23793919,10.44,40.984,51.392,0.49,221.0,20,33,,
T,2026-04-14 11:30:32,53.47632057,-2.2379834,10.22,39.951,51.392,4.89,306.0,18,34,,
T,2026-04-14 11:30:33,53.47635434,-2.23796034,10.21,39.62,51.392,4.35,16.0,17,34,,
T,2026-04-14 11:30:34,53.4763651,-2.23794021,10.25,31.516,51.392,1.27,38.0,16,35,,
T,2026-04-14 11:30:35,53.47637839,-2.23793654,10.28,29.033,51.392,2.0,358.0,17,35,,
T,2026-04-14 11:30:36,53.47638531,-2.23794196,10.29,32.548,51.392,1.31,2.0,18,36,,
T,2026-04-14 11:30:37,53.47639209,-2.23794778,10.27,33.209,51.392,1.3,359.0,21,36,,
T,2026-04-14 11:30:38,53.47639218,-2.23796331,10.32,32.781,51.392,1.22,347.0,21,36,,
T,2026-04-14 11:30:39,53.47638964,-2.23796886,10.39,33.127,51.392,0.0,,22,38,,
T,2026-04-14 11:30:40,53.47638848,-2.23797005,10.5,33.123,51.392,0.0,,23,38,,
T,2026-04-14 11:30:41,53.47638822,-2.23797036,10.62,33.124,51.392,0.0,,23,39,,
T,2026-04-14 11:30:42,53.47638816,-2.23797046,10.77,33.12,51.392,0.0,,22,39,,
T,2026-04-14 11:30:43,53.47638816,-2.23797049,10.86,33.12,51.392,0.0,,20,40,,
T,2026-04-14 11:30:44,53.47638572,-2.2379771,10.29,34.408,51.392,0.26,335.0,19,40,,
T,2026-04-14 11:30:45,53.47637688,-2.23798493,10.28,33.781,51.392,0.0,,19,40,,
T,2026-04-14 11:30:46,53.47637451,-2.23799218,10.7,34.169,51.392,0.16,335.0,21,40,,
T,2026-04-14 11:30:47,53.47636868,-2.2379916,11.35,34.355,51.392,0.0,,21,40,,
T,2026-04-14 11:30:48,53.47634057,-2.23800393,10.74,34.329,51.392,0.0,,21,40,,
T,2026-04-14 11:30:49,53.47633149,-2.23800976,10.73,34.342,51.392,0.0,,20,40,,
T,2026-04-14 11:30:50,53.47632921,-2.23801129,10.59,34.344,51.392,0.0,,21,40,,
T,2026-04-14 11:30:51,53.47632862,-2.23801174,10.45,34.354,51.392,0.0,,20,40,,
T,2026-04-14 11:30:52,53.47632847,-2.23801198,10.43,34.353,51.392,0.0,,18,39,,
T,2026-04-14 11:30:53,53.47632847,-2.23801217,10.55,34.362,51.392,0.0,,18,39,,
T,2026-04-14 11:30:54,53.47632852,-2.23801241,10.57,34.362,51.392,0.0,,20,39,,
T,2026-04-14 11:30:55,53.47632854,-2.23801255,10.26,34.368,51.392,0.0,,21,39,,
T,2026-04-14 11:30:56,53.4763286,-2.23801273,9.94,34.377,51.392,0.0,,24,39,,
T,2026-04-14 11:30:57,53.47632865,-2.23801293,9.94,34.385,51.392,0.0,,25,39,,
T,2026-04-14 11:30:58,53.47632863,-2.23801304,10.04,34.395,51.392,0.0,,26,39,,
T,2026-04-14 11:30:59,53.47632866,-2.23801312,10.21,34.399,51.392,0.0,,25,37,,
T,2026-04-14 11:31:00,53.47632865,-2.23801319,10.27,34.409,51.392,0.0,,24,35,,
T,2026-04-14 11:31:01,53.47632864,-2.2380133,10.46,34.424,51.392,0.0,,23,35,,
T,2026-04-14 11:31:02,53.47632865,-2.23801341,10.49,34.429,51.392,0.0,,19,35,,
T,2026-04-14 11:31:03,53.47632874,-2.23801356,10.54,34.439,51.392,0.0,,17,35,,
T,2026-04-14 11:31:04,53.47632876,-2.23801366,10.57,34.447,51.392,0.0,,17,33,,
T,2026-04-14 11:31:05,53.47632878,-2.23801368,10.58,34.453,51.392,0.0,,17,33,,
T,2026-04-14 11:31:06,53.47632877,-2.23801371,10.48,34.459,51.392,0.0,,19,33,,
T,2026-04-14 11:31:07,53.47632872,-2.23801374,10.11,34.467,51.392,0.0,,21,33,,
T,2026-04-14 11:31:08,53.47632773,-2.23801672,9.94,34.697,51.392,0.0,,23,32,,
T,2026-04-14 11:31:09,53.47632942,-2.23802584,9.94,35.546,51.392,0.0,,23,31,,
T,2026-04-14 11:31:10,53.47633007,-2.23802844,9.94,35.565,51.392,0.0,,26,31,,
T,2026-04-14 11:31:11,53.47633021,-2.23802907,9.94,35.562,51.392,0.0,,26,30,,
T,2026-04-14 11:31:12,53.47633021,-2.23802921,9.94,35.564,51.392,0.0,,23,30,,
T,2026-04-14 11:31:13,53.47633021,-2.23802921,9.94,35.562,51.392,0.0,,19,30,,
T,2026-04-14 11:31:14,53.47633022,-2.23802924,9.94,35.566,51.392,0.0,,17,30,,
T,2026-04-14 11:31:15,53.47633025,-2.23802928,9.94,35.571,51.392,0.0,,16,31,,
T,2026-04-14 11:31:16,53.47633025,-2.23802933,9.94,35.577,51.392,0.0,,14,30,,
T,2026-04-14 11:31:17,53.47633028,-2.23802936,9.94,35.58,51.392,0.0,,14,30,,
T,2026-04-14 11:31:18,53.47633031,-2.23802938,9.94,35.585,51.392,0.0,,14,31,,
T,2026-04-14 11:31:19,53.4763303,-2.23802942,9.94,35.579,51.392,0.0,,16,31,,
T,2026-04-14 11:31:20,53.47633003,-2.23803231,9.94,35.79,51.392,0.22,194.0,17,31,,
T,2026-04-14 11:31:21,53.47633012,-2.23803259,9.94,35.81,51.392,0.0,,16,31,,
T,2026-04-14 11:31:22,53.47633018,-2.23803248,9.94,35.812,51.392,0.0,,18,31,,
T,2026-04-14 11:31:23,53.47633021,-2.23803242,9.94,35.819,51.392,0.0,,17,31,,
T,2026-04-14 11:31:24,53.47633025,-2.23803241,9.94,35.825,51.392,0.0,,17,31,,
T,2026-04-14 11:31:25,53.47633025,-2.23803239,9.94,35.832,51.392,0.0,,17,31,,
T,2026-04-14 11:31:26,53.47633023,-2.23803237,9.94,35.831,51.392,0.0,,16,29,,
T,2026-04-14 11:31:27,53.47633021,-2.23803235,9.94,35.83,51.392,0.0,,15,27,,
T,2026-04-14 11:31:28,53.47633018,-2.23803236,9.94,35.83,51.392,0.0,,13,27,,
T,2026-04-14 11:31:29,53.47633011,-2.23803235,9.94,35.83,51.392,0.0,,14,26,,
T,2026-04-14 11:31:30,53.47633006,-2.23803236,9.94,35.829,51.392,0.0,,14,26,,
T,2026-04-14 11:31:31,53.47633006,-2.23803241,9.94,35.833,51.392,0.0,,13,26,,
T,2026-04-14 11:31:32,53.47633006,-2.23803247,9.94,35.836,51.392,0.0,,12,26,,
T,2026-04-14 11:31:33,53.47633004,-2.23803254,9.94,35.837,51.392,0.0,,14,26,,
T,2026-04-14 11:31:34,53.47633003,-2.23803258,9.94,35.838,51.392,0.0,,16,26,,
T,2026-04-14 11:31:35,53.47633004,-2.23803263,9.94,35.842,51.392,0.0,,16,26,,
T,2026-04-14 11:31:36,53.47632764,-2.23803435,9.94,35.554,51.392,0.16,194.0,17,26,,
T,2026-04-14 11:31:37,53.47631887,-2.23803724,9.94,35.128,51.392,0.27,194.0,18,26,,
T,2026-04-14 11:31:38,53.47631529,-2.23803878,9.94,36.137,51.392,0.6,194.0,17,26,,
T,2026-04-14 11:31:39,53.47631358,-2.23804647,9.94,35.911,51.392,0.52,194.0,16,26,,
T,2026-04-14 11:31:40,53.4763107,-2.238051,9.94,36.32,51.392,0.43,194.0,14,26,,
T,2026-04-14 11:31:41,53.47630365,-2.23804555,9.94,36.752,51.392,0.36,194.0,15,27,,
T,2026-04-14 11:31:42,53.47629855,-2.23805423,9.94,36.834,51.392,0.75,244.0,16,29,,
T,2026-04-14 11:31:43,53.47629132,-2.23806351,9.94,37.123,51.392,0.84,232.0,15,29,,
T,2026-04-14 11:31:44,53.47628387,-2.23807536,9.94,37.424,51.393,0.95,238.0,16,29,,
T,2026-04-14 11:31:45,53.47627827,-2.2380876,9.99,36.911,51.393,0.98,242.0,17,29,,
T,2026-04-14 11:31:46,53.47626416,-2.23809862,10.19,38.932,51.393,1.1,223.0,18,29,,
T,2026-04-14 11:31:47,53.47625219,-2.23811536,9.94,39.227,51.393,1.29,238.0,18,29,,
T,2026-04-14 11:31:48,53.47623859,-2.23812952,9.94,41.064,51.393,1.27,227.0,18,29,,
T,2026-04-14 11:31:49,53.476228,-2.2381416,9.94,40.788,51.393,1.1,225.0,18,29,,
T,2026-04-14 11:31:50,53.47621474,-2.2381471,9.94,40.895,51.393,1.16,211.0,16,29,,
T,2026-04-14 11:31:51,53.47619971,-2.23814308,9.94,41.745,51.393,1.13,186.0,16,29,,
T,2026-04-14 11:31:52,53.47618988,-2.23813616,9.94,39.471,51.393,0.95,178.0,17,29,,
T,2026-04-14 11:31:53,53.47618524,-2.23812572,9.94,40.176,51.393,0.42,178.0,17,29,,
T,2026-04-14 11:31:54,53.47617869,-2.23811991,9.94,40.042,51.393,0.75,184.0,18,29,,
T,2026-04-14 11:31:55,53.47617512,-2.23811935,9.95,40.364,51.393,0.32,207.0,18,29,,
T,2026-04-14 11:31:56,53.4761673,-2.23811667,9.94,41.401,51.393,0.89,181.0,18,29,,
T,2026-04-14 11:31:57,53.47616068,-2.23810788,9.94,40.98,51.393,1.12,160.0,19,29,,
T,2026-04-14 11:31:58,53.47615355,-2.23809799,9.94,40.725,51.393,1.02,155.0,17,28,,
T,2026-04-14 11:31:59,53.47614428,-2.23809248,10.33,40.39,51.393,1.05,164.0,19,28,,
T,2026-04-14 11:32:00,53.4761319,-2.23810835,9.94,41.295,51.393,1.32,196.0,19,29,,
T,2026-04-14 11:32:01,53.47612329,-2.23812989,9.94,41.491,51.393,1.13,220.0,19,31,,
T,2026-04-14 11:32:02,53.47611796,-2.23815196,9.94,40.651,51.393,1.05,226.0,18,31,,
T,2026-04-14 11:32:03,53.47611421,-2.23817233,9.94,41.047,51.393,1.02,233.0,18,31,,
T,2026-04-14 11:32:04,53.47611153,-2.23819149,9.94,41.092,51.393,1.01,242.0,19,31,,
T,2026-04-14 11:32:05,53.47611016,-2.23820809,9.94,41.59,51.393,0.97,246.0,20,31,,
T,2026-04-14 11:32:06,53.47611378,-2.23822746,9.94,42.056,51.393,1.02,272.0,20,31,,
T,2026-04-14 11:32:07,53.47612083,-2.23824357,9.94,43.777,51.393,0.99,301.0,21,33,,
T,2026-04-14 11:32:08,53.4761287,-2.23825653,10.07,43.745,51.393,0.99,310.0,23,34,,
T,2026-04-14 11:32:09,53.4761351,-2.23827006,10.07,43.249,51.393,0.94,311.0,24,34,,
T,2026-04-14 11:32:10,53.47614424,-2.23828074,9.94,43.132,51.393,1.01,328.0,24,34,,
T,2026-04-14 11:32:11,53.47615472,-2.23829271,9.94,42.647,51.393,1.19,323.0,23,35,,
T,2026-04-14 11:32:12,53.47616265,-2.23830069,9.94,43.192,51.393,0.94,327.0,24,35,,
T,2026-04-14 11:32:13,53.47617174,-2.2383118,9.94,43.845,51.393,1.14,319.0,23,35,,
T,2026-04-14 11:32:14,53.47618121,-2.23832221,9.94,43.72,51.393,1.01,320.0,22,35,,
T,2026-04-14 11:32:15,53.47619033,-2.23833427,9.94,43.587,51.393,1.1,316.0,21,35,,
T,2026-04-14 11:32:16,53.47619905,-2.23834604,9.94,43.24,51.393,1.03,316.0,21,36,,
T,2026-04-14 11:32:17,53.47620709,-2.23835868,9.94,42.427,51.393,1.1,320.0,22,36,,
T,2026-04-14 11:32:18,53.47621557,-2.23837014,9.94,41.818,51.393,1.06,321.0,20,35,,
T,2026-04-14 11:32:19,53.47622215,-2.2383841,10.3,41.348,51.393,1.1,312.0,21,37,,
T,2026-04-14 11:32:20,53.47622359,-2.23840249,10.69,42.129,51.393,1.13,278.0,22,37,,
T,2026-04-14 11:32:21,53.4762313,-2.23841607,10.7,42.479,51.393,1.14,305.0,21,37,,
T,2026-04-14 11:32:22,53.47623706,-2.23842905,10.02,42.541,51.393,1.0,302.0,23,37,,
T,2026-04-14 11:32:23,53.47624624,-2.23843932,9.94,42.287,51.393,1.1,327.0,25,37,,
T,2026-04-14 11:32:24,53.4762544,-2.23844882,9.94,42.347,51.393,1.02,323.0,25,37,,
T,2026-04-14 11:32:25,53.47626287,-2.23846057,9.94,41.832,51.393,1.12,316.0,25,38,,
T,2026-04-14 11:32:26,53.4762711,-2.23847112,9.94,41.386,51.393,1.03,322.0,26,37,,
T,2026-04-14 11:32:27,53.47627753,-2.23848251,9.94,41.79,51.393,1.01,316.0,25,37,,
T,2026-04-14 11:32:28,53.476285,-2.23849334,9.94,41.562,51.393,1.01,321.0,26,38,,
T,2026-04-14 11:32:29,53.47629314,-2.23850321,9.94,41.283,51.393,1.04,328.0,25,39,,
T,2026-04-14 11:32:30,53.47630201,-2.23851074,9.94,41.228,51.393,1.03,340.0,23,38,,
T,2026-04-14 11:32:31,53.47630892,-2.23852842,9.94,41.338,51.393,1.32,303.0,23,38,,
T,2026-04-14 11:32:32,53.47631816,-2.23853929,9.94,40.863,51.393,1.18,332.0,23,38,,
T,2026-04-14 11:32:33,53.47632161,-2.2385611,9.94,40.323,51.393,1.53,285.0,21,38,,
T,2026-04-14 11:32:34,53.47633003,-2.23857389,9.94,40.074,51.393,1.24,321.0,23,38,,
T,2026-04-14 11:32:35,53.4763379,-2.23858422,9.94,41.781,51.393,1.08,333.0,24,38,,
T,2026-04-14 11:32:36,53.47634473,-2.23859839,9.94,43.073,51.393,1.12,321.0,24,39,,
T,2026-04-14 11:32:37,53.47635182,-2.23861281,9.94,42.918,51.394,1.12,316.0,22,39,,
T,2026-04-14 11:32:38,53.47635883,-2.23862532,9.94,42.783,51.394,1.03,317.0,22,38,,
T,2026-04-14 11:32:39,53.47636761,-2.23863782,9.94,42.587,51.394,1.18,322.0,22,37,,
T,2026-04-14 11:32:40,53.4763767,-2.23864978,9.94,42.542,51.394,1.15,322.0,21,37,,
T,2026-04-14 11:32:41,53.4763818,-2.23866154,9.94,42.944,51.394,0.84,313.0,22,37,,
T,2026-04-14 11:32:42,53.4763882,-2.23867508,9.94,43.71,51.394,1.08,314.0,23,37,,
T,2026-04-14 11:32:43,53.47639576,-2.23868683,9.94,43.61,51.394,1.05,320.0,23,37,,
T,2026-04-14 11:32:44,53.47640246,-2.23869988,9.94,43.537,51.394,1.05,313.0,23,37,,
T,2026-04-14 11:32:45,53.47641074,-2.23871178,9.94,43.727,51.394,1.13,323.0,21,37,,
T,2026-04-14 11:32:46,53.47641926,-2.23872289,9.94,43.807,51.394,1.11,321.0,21,37,,
T,2026-04-14 11:32:47,53.476425,-2.23873807,9.94,43.989,51.394,1.06,313.0,22,37,,
T,2026-04-14 11:32:48,53.47642936,-2.23875709,9.94,44.651,51.394,1.05,316.0,22,37,,
T,2026-04-14 11:32:49,53.47643708,-2.23876784,9.94,43.48,51.394,1.1,338.0,24,38,,
T,2026-04-14 11:32:50,53.47644208,-2.23878654,9.94,43.676,51.394,1.17,313.0,26,38,,
T,2026-04-14 11:32:51,53.47644794,-2.23880131,9.94,44.072,51.394,1.08,319.0,25,38,,
T,2026-04-14 11:32:52,53.47645508,-2.23881389,9.94,44.355,51.394,1.08,324.0,24,36,,
T,2026-04-14 11:32:53,53.47646234,-2.23882677,9.94,44.984,51.394,1.06,322.0,24,36,,
T,2026-04-14 11:32:54,53.47646891,-2.23884018,9.94,44.897,51.394,1.08,312.0,24,36,,
T,2026-04-14 11:32:55,53.47647804,-2.23885192,9.94,44.795,51.394,1.19,323.0,21,37,,
T,2026-04-14 11:32:56,53.4764864,-2.23886178,9.94,45.194,51.394,1.07,330.0,18,37,,
T,2026-04-14 11:32:57,53.47649538,-2.23886919,9.94,45.608,51.394,1.09,340.0,16,37,,
T,2026-04-14 11:32:58,53.47650465,-2.23887844,9.94,45.636,51.394,1.09,334.0,18,37,,
T,2026-04-14 11:32:59,53.47651405,-2.23889263,9.94,45.763,51.394,1.14,321.0,20,37,,
T,2026-04-14 11:33:00,53.47652186,-2.23890864,9.94,45.53,51.394,1.12,318.0,20,37,,
T,2026-04-14 11:33:01,53.47652883,-2.23892609,9.94,45.43,51.394,1.13,316.0,21,37,,
T,2026-04-14 11:33:02,53.47653582,-2.2389426,9.94,45.319,51.394,1.14,317.0,22,37,,
T,2026-04-14 11:33:03,53.476545,-2.23895497,9.94,45.64,51.394,1.13,322.0,23,37,,
T,2026-04-14 11:33:04,53.47655546,-2.23896689,9.94,46.002,51.394,1.14,323.0,23,37,,
T,2026-04-14 11:33:05,53.47656575,-2.23897824,9.94,45.953,51.394,1.16,325.0,23,36,,
T,2026-04-14 11:33:06,53.47657513,-2.23899135,9.94,45.983,51.394,1.18,320.0,23,36,,
T,2026-04-14 11:33:07,53.47658325,-2.23900628,9.94,45.748,51.394,1.19,316.0,24,36,,
T,2026-04-14 11:33:08,53.47659265,-2.23901833,9.94,45.992,51.394,1.18,323.0,25,36,,
T,2026-04-14 11:33:09,53.47660151,-2.23903085,9.94,46.115,51.394,1.16,317.0,23,35,,
T,2026-04-14 11:33:10,53.47661101,-2.23904254,9.94,46.115,51.394,1.16,323.0,21,35,,
T,2026-04-14 11:33:11,53.47661921,-2.23905519,9.94,46.129,51.394,1.15,316.0,19,35,,
T,2026-04-14 11:33:12,53.47662679,-2.2390696,9.94,46.192,51.394,1.15,314.0,17,35,,
T,2026-04-14 11:33:13,53.47663486,-2.23908293,9.94,45.918,51.394,1.16,322.0,17,35,,
T,2026-04-14 11:33:14,53.47664504,-2.23909186,9.94,46.295,51.394,1.15,327.0,17,35,,
T,2026-04-14 11:33:15,53.47665421,-2.23910285,9.94,46.247,51.394,1.14,328.0,16,35,,
T,2026-04-14 11:33:16,53.47666355,-2.23911635,9.94,46.297,51.394,1.26,323.0,15,35,,
T,2026-04-14 11:33:17,53.47667241,-2.23913113,9.94,46.182,51.395,1.27,316.0,16,35,,
T,2026-04-14 11:33:18,53.47668172,-2.23914285,9.94,46.162,51.395,1.2,326.0,16,35,,
T,2026-04-14 11:33:19,53.47669251,-2.23915159,9.94,45.944,51.395,1.2,339.0,15,35,,
T,2026-04-14 11:33:20,53.4767036,-2.23915882,9.94,45.913,51.395,1.18,339.0,17,35,,
T,2026-04-14 11:33:21,53.47671326,-2.23916881,9.94,45.662,51.395,1.18,336.0,17,35,,
T,2026-04-14 11:33:22,53.4767219,-2.23918175,9.94,45.518,51.395,1.21,323.0,17,36,,
T,2026-04-14 11:33:23,53.47672997,-2.23919693,9.94,45.404,51.395,1.25,317.0,20,36,,
T,2026-04-14 11:33:24,53.47673986,-2.23920744,9.94,45.427,51.395,1.21,333.0,20,36,,
T,2026-04-14 11:33:25,53.47675014,-2.23921408,9.94,45.724,51.395,1.15,343.0,23,35,,
T,2026-04-14 11:33:26,53.47676331,-2.23920147,9.94,46.752,51.395,1.5,24.0,24,35,,
T,2026-04-14 11:33:27,53.47677011,-2.23917045,9.94,47.299,51.395,1.72,72.0,25,35,,
T,2026-04-14 11:33:28,53.47676994,-2.23915072,9.94,46.531,51.395,1.13,78.0,27,35,,
T,2026-04-14 11:33:29,53.47676434,-2.23913631,9.94,45.579,51.395,1.25,101.0,30,35,,
T,2026-04-14 11:33:30,53.47675869,-2.2391205,9.94,45.167,51.395,1.22,107.0,30,35,,
T,2026-04-14 11:33:31,53.47675387,-2.23910349,9.94,44.974,51.394,1.22,111.0,30,35,,
T,2026-04-14 11:33:32,53.47674575,-2.23909016,9.94,44.323,51.394,1.24,123.0,28,33,,
T,2026-04-14 11:33:33,53.47674297,-2.23908978,9.94,44.151,51.394,0.0,,27,33,,
T,2026-04-14 11:33:34,53.47674256,-2.23909042,9.94,44.148,51.394,0.0,,25,33,,
T,2026-04-14 11:33:35,53.47674241,-2.23909057,9.94,44.143,51.394,0.0,,24,33,,
T,2026-04-14 11:33:36,53.47674286,-2.23908976,9.94,44.054,51.394,0.0,,24,33,,
T,2026-04-14 11:33:37,53.47674245,-2.23909173,9.94,43.737,51.394,0.0,,24,33,,
T,2026-04-14 11:33:38,53.4767423,-2.23909204,9.94,43.738,51.394,0.0,,23,33,,
T,2026-04-14 11:33:39,53.47674144,-2.23909459,9.94,43.664,51.394,0.23,124.0,23,33,,
T,2026-04-14 11:33:40,53.47673991,-2.23909585,9.94,43.658,51.394,0.0,,24,33,,
T,2026-04-14 11:33:41,53.47673961,-2.23909602,9.94,43.655,51.394,0.0,,25,33,,
T,2026-04-14 11:33:42,53.47673955,-2.23909605,9.94,43.652,51.394,0.0,,23,33,,
T,2026-04-14 11:33:43,53.47673954,-2.23909605,9.94,43.652,51.394,0.0,,24,33,,
T,2026-04-14 11:33:44,53.47673955,-2.23909603,9.94,43.649,51.394,0.0,,24,33,,
T,2026-04-14 11:33:45,53.47673956,-2.239096,9.94,43.646,51.394,0.0,,24,33,,
T,2026-04-14 11:33:46,53.47673957,-2.23909599,9.94,43.644,51.394,0.0,,19,33,,
T,2026-04-14 11:33:47,53.47673958,-2.23909599,9.94,43.642,51.394,0.0,,19,33,,
T,2026-04-14 11:33:48,53.47673959,-2.23909597,9.94,43.647,51.394,0.0,,17,32,,
T,2026-04-14 11:33:49,53.47673959,-2.23909596,9.94,43.647,51.394,0.0,,12,32,,
T,2026-04-14 11:33:50,53.4767396,-2.23909595,9.94,43.649,51.394,0.0,,12,31,,
T,2026-04-14 11:33:51,53.47673961,-2.23909594,9.94,43.647,51.394,0.0,,11,30,,
T,2026-04-14 11:33:52,53.47673961,-2.23909593,9.94,43.649,51.394,0.0,,10,30,,
T,2026-04-14 11:33:53,53.47673962,-2.23909592,9.94,43.648,51.394,0.0,,9,30,,
T,2026-04-14 11:33:54,53.47673962,-2.23909592,9.94,43.648,51.394,0.0,,8,30,,
T,2026-04-14 11:33:55,53.47673962,-2.23909593,9.94,43.65,51.394,0.0,,10,30,,
T,2026-04-14 11:33:56,53.47673962,-2.23909593,9.94,43.649,51.394,0.0,,9,30,,
T,2026-04-14 11:33:57,53.47673963,-2.23909592,9.94,43.651,51.394,0.0,,9,30,,
T,2026-04-14 11:33:58,53.47673963,-2.23909592,9.94,43.647,51.394,0.0,,8,30,,
T,2026-04-14 11:33:59,53.47673963,-2.23909591,9.94,43.65,51.394,0.0,,9,28,,
T,2026-04-14 11:34:00,53.47673964,-2.2390959,9.94,43.651,51.394,0.0,,10,26,,
T,2026-04-14 11:34:01,53.47673965,-2.23909589,9.94,43.648,51.394,0.0,,8,26,,
T,2026-04-14 11:34:02,53.47673965,-2.23909589,9.94,43.649,51.394,0.0,,9,26,,
T,2026-04-14 11:34:03,53.47673966,-2.23909587,9.94,43.649,51.394,0.0,,11,25,,
T,2026-04-14 11:34:04,53.47673965,-2.23909587,9.94,43.646,51.394,0.0,,13,25,,
T,2026-04-14 11:34:05,53.47673815,-2.23909541,9.94,43.358,51.394,0.0,,16,25,,
T,2026-04-14 11:34:06,53.47673791,-2.23909731,9.94,42.997,51.394,0.0,,19,25,,
T,2026-04-14 11:34:07,53.47673559,-2.2391048,9.94,42.597,51.394,0.49,124.0,20,27,,
T,2026-04-14 11:34:08,53.47673102,-2.23910996,9.94,42.907,51.394,0.49,124.0,21,27,,
T,2026-04-14 11:34:09,53.47672962,-2.23911122,9.94,42.813,51.395,0.0,,23,27,,
T,2026-04-14 11:34:10,53.47672979,-2.239112,9.94,42.811,51.395,0.0,,23,27,,
T,2026-04-14 11:34:11,53.4767316,-2.23912032,9.94,42.684,51.395,0.51,124.0,25,29,,
T,2026-04-14 11:34:12,53.47673422,-2.23914104,9.94,42.678,51.395,1.04,271.0,23,28,,
T,2026-04-14 11:34:13,53.47673973,-2.23915345,9.94,43.013,51.395,0.58,269.0,23,29,,
T,2026-04-14 11:34:14,53.47674623,-2.23916474,9.94,43.446,51.395,0.61,269.0,23,30,,
T,2026-04-14 11:34:15,53.47675246,-2.2391697,9.94,43.93,51.395,0.43,269.0,23,31,,
T,2026-04-14 11:34:16,53.47676286,-2.23917568,9.94,44.935,51.395,0.84,348.0,23,31,,
T,2026-04-14 11:34:17,53.47677347,-2.23918758,9.94,45.072,51.395,0.88,337.0,20,31,,
T,2026-04-14 11:34:18,53.47677162,-2.23924374,9.94,44.991,51.395,3.64,261.0,20,30,,
T,2026-04-14 11:34:19,53.47674855,-2.23925699,9.94,45.813,51.395,3.1,192.0,18,30,,
T,2026-04-14 11:34:20,53.47674007,-2.23925791,9.94,43.045,51.395,1.16,192.0,18,32,,
T,2026-04-14 11:34:21,53.47673164,-2.23925275,9.94,41.527,51.395,1.22,175.0,16,31,,
T,2026-04-14 11:34:22,53.47672462,-2.23924351,9.94,39.718,51.395,1.24,151.0,14,32,,
T,2026-04-14 11:34:23,53.47670636,-2.23929429,9.94,39.611,51.395,3.92,225.0,14,32,,
T,2026-04-14 11:34:24,53.47670795,-2.23932434,9.94,39.94,51.395,1.32,252.0,17,32,,
T,2026-04-14 11:34:25,53.47670172,-2.23933493,9.94,38.437,51.395,2.2,193.0,16,31,,
T,2026-04-14 11:34:26,53.47669342,-2.23933515,9.94,38.03,51.395,0.9,168.0,19,33,,
T,2026-04-14 11:34:27,53.47669871,-2.23934247,9.94,39.043,51.395,0.0,,24,33,,
T,2026-04-14 11:34:28,53.47670274,-2.2393508,9.94,39.412,51.395,0.22,168.0,24,33,,
T,2026-04-14 11:34:29,53.47671007,-2.23935906,9.94,39.425,51.395,0.0,,23,33,,
T,2026-04-14 11:34:30,53.47671204,-2.23936101,9.94,39.428,51.395,0.0,,23,33,,
T,2026-04-14 11:34:31,53.47671558,-2.23936327,9.94,39.56,51.395,0.0,,23,33,,
T,2026-04-14 11:34:32,53.47671883,-2.23936382,9.94,39.578,51.395,0.0,,22,33,,
T,2026-04-14 11:34:33,53.47671967,-2.23936392,9.94,39.574,51.395,0.0,,19,33,,
T,2026-04-14 11:34:34,53.47671991,-2.23936395,9.94,39.576,51.395,0.0,,21,33,,
T,2026-04-14 11:34:35,53.47672002,-2.23936398,9.94,39.573,51.395,0.0,,21,33,,
T,2026-04-14 11:34:36,53.47672006,-2.23936402,9.94,39.575,51.395,0.0,,21,33,,
T,2026-04-14 11:34:37,53.47672008,-2.23936406,9.94,39.575,51.395,0.0,,21,33,,
T,2026-04-14 11:34:38,53.4767201,-2.23936409,9.94,39.571,51.395,0.0,,20,33,,
T,2026-04-14 11:34:39,53.47672012,-2.23936412,9.94,39.566,51.395,0.0,,19,32,,
T,2026-04-14 11:34:40,53.47672014,-2.23936415,9.94,39.566,51.395,0.0,,18,31,,
T,2026-04-14 11:34:41,53.47672016,-2.23936417,9.94,39.565,51.395,0.0,,17,31,,
T,2026-04-14 11:34:42,53.47672018,-2.23936418,9.94,39.564,51.395,0.0,,17,30,,
T,2026-04-14 11:34:43,53.47672019,-2.23936421,9.94,39.564,51.395,0.0,,16,30,,
T,2026-04-14 11:34:44,53.47672024,-2.23936419,9.94,39.559,51.395,0.0,,15,30,,
T,2026-04-14 11:34:45,53.4767203,-2.23936422,9.94,39.557,51.395,0.0,,17,30,,
T,2026-04-14 11:34:46,53.47672034,-2.23936426,9.94,39.557,51.395,0.0,,17,29,,
T,2026-04-14 11:34:47,53.47672038,-2.23936425,9.94,39.551,51.395,0.0,,19,30,,
T,2026-04-14 11:34:48,53.47672041,-2.23936428,9.94,39.544,51.395,0.0,,20,30,,
T,2026-04-14 11:34:49,53.47672044,-2.23936428,9.94,39.541,51.395,0.0,,20,30,,
T,2026-04-14 11:34:50,53.47672049,-2.23936431,9.94,39.539,51.395,0.0,,23,30,,
T,2026-04-14 11:34:51,53.47672054,-2.23936429,9.94,39.535,51.395,0.0,,23,30,,
T,2026-04-14 11:34:52,53.47672056,-2.23936429,9.94,39.532,51.395,0.0,,23,30,,
T,2026-04-14 11:34:53,53.47672058,-2.23936434,9.94,39.526,51.395,0.0,,22,30,,
T,2026-04-14 11:34:54,53.47672061,-2.23936437,9.94,39.524,51.395,0.0,,22,29,,
T,2026-04-14 11:34:55,53.47672066,-2.23936442,9.94,39.524,51.395,0.0,,22,29,,
T,2026-04-14 11:34:56,53.47672069,-2.23936445,9.94,39.519,51.395,0.0,,19,29,,
T,2026-04-14 11:34:57,53.47672071,-2.23936448,9.94,39.515,51.395,0.0,,19,29,,
T,2026-04-14 11:34:58,53.47672073,-2.23936451,9.94,39.51,51.395,0.0,,18,29,,
T,2026-04-14 11:34:59,53.47672076,-2.23936455,9.94,39.504,51.395,0.0,,16,29,,
T,2026-04-14 11:35:00,53.47672081,-2.23936455,9.94,39.505,51.395,0.0,,16,29,,
T,2026-04-14 11:35:01,53.47672086,-2.23936458,9.94,39.504,51.395,0.0,,15,29,,
T,2026-04-14 11:35:02,53.47672414,-2.23936608,9.94,39.263,51.395,0.24,168.0,18,28,,
T,2026-04-14 11:35:03,53.47672617,-2.2393665,9.94,39.253,51.395,0.0,,19,27,,
T,2026-04-14 11:35:04,53.47672665,-2.23936644,9.94,39.26,51.395,0.0,,19,27,,
T,2026-04-14 11:35:05,53.4767268,-2.2393664,9.94,39.259,51.395,0.0,,19,27,,
T,2026-04-14 11:35:06,53.47672688,-2.23936637,9.94,39.26,51.395,0.0,,19,27,,
T,2026-04-14 11:35:07,53.47672986,-2.2393661,9.94,39.344,51.395,0.18,168.0,20,27,,
T,2026-04-14 11:35:08,53.47673636,-2.23936483,9.94,39.097,51.395,0.56,168.0,19,27,,
T,2026-04-14 11:35:09,53.47674536,-2.23937252,9.94,38.7,51.395,0.97,328.0,18,25,,
T,2026-04-14 11:35:10,53.47677168,-2.239343,9.94,39.298,51.395,3.58,32.0,18,26,,
T,2026-04-14 11:35:11,53.47676668,-2.23929704,9.94,37.856,51.395,3.18,102.0,17,28,,
T,2026-04-14 11:35:12,53.47676707,-2.23927677,9.94,37.142,51.395,1.25,77.0,17,31,,
T,2026-04-14 11:35:13,53.4767722,-2.23926282,9.94,36.521,51.395,1.15,63.0,15,32,,
T,2026-04-14 11:35:14,53.47678179,-2.239251,9.94,36.619,51.395,1.3,43.0,14,31,,
T,2026-04-14 11:35:15,53.47679369,-2.23924393,9.94,36.342,51.395,1.13,32.0,13,32,,
T,2026-04-14 11:35:16,53.47680671,-2.23924102,9.94,36.975,51.395,1.15,24.0,14,33,,
T,2026-04-14 11:35:17,53.47682177,-2.23924569,9.94,37.333,51.395,1.19,7.0,17,33,,
T,2026-04-14 11:35:18,53.47683398,-2.23924749,9.94,37.531,51.395,1.13,2.0,20,33,,
T,2026-04-14 11:35:19,53.47684769,-2.23924764,10.06,37.759,51.395,1.15,10.0,20,33,,
T,2026-04-14 11:35:20,53.47686104,-2.23924834,10.22,37.65,51.395,1.16,6.0,21,33,,
T,2026-04-14 11:35:21,53.47687473,-2.23925479,10.25,37.896,51.395,1.16,357.0,22,34,,
T,2026-04-14 11:35:22,53.47688913,-2.23927136,10.19,38.675,51.395,1.3,335.0,23,34,,
T,2026-04-14 11:35:23,53.47690984,-2.23930604,10.06,39.912,51.395,1.19,329.0,21,34,,
T,2026-04-14 11:35:24,53.47692371,-2.23933345,10.07,39.788,51.395,1.21,318.0,21,34,,
T,2026-04-14 11:35:25,53.47694066,-2.2393855,9.94,40.369,51.395,1.2,334.0,23,34,,
T,2026-04-14 11:35:26,53.47695518,-2.23942034,9.94,40.851,51.395,1.24,350.0,25,34,,
T,2026-04-14 11:35:27,53.47697009,-2.23944661,9.94,41.559,51.395,1.23,332.0,26,34,,
T,2026-04-14 11:35:28,53.47698589,-2.23946854,9.94,42.298,51.395,1.19,327.0,27,34,,
T,2026-04-14 11:35:29,53.47700012,-2.23948712,9.94,42.673,51.395,1.18,320.0,27,34,,
T,2026-04-14 11:35:30,53.47701827,-2.23949817,9.94,43.307,51.395,1.33,347.0,27,34,,
T,2026-04-14 11:35:31,53.47703236,-2.23952064,9.94,43.549,51.395,1.45,312.0,26,33,,
T,2026-04-14 11:35:32,53.47704774,-2.23953497,9.94,44.368,51.395,1.24,335.0,26,34,,
T,2026-04-14 11:35:33,53.47706056,-2.23954565,9.94,44.704,51.395,1.15,330.0,26,36,,
T,2026-04-14 11:35:34,53.47707196,-2.2395554,9.94,44.453,51.395,1.09,328.0,25,36,,
T,2026-04-14 11:35:35,53.47708438,-2.23956654,9.94,44.372,51.395,1.18,341.0,21,36,,
T,2026-04-14 11:35:36,53.47709841,-2.23957516,9.94,44.355,51.395,1.17,347.0,15,36,,
T,2026-04-14 11:35:37,53.47711018,-2.23958896,9.94,44.153,51.395,1.25,327.0,17,36,,
T,2026-04-14 11:35:38,53.47712105,-2.23960135,9.94,44.133,51.395,1.18,336.0,17,36,,
T,2026-04-14 11:35:39,53.47713206,-2.23961748,9.94,44.198,51.396,1.21,323.0,15,36,,
T,2026-04-14 11:35:40,53.47714547,-2.23962608,9.94,44.907,51.396,1.34,352.0,16,36,,
T,2026-04-14 11:35:41,53.47715557,-2.23964518,9.94,44.954,51.396,1.4,317.0,16,36,,
T,2026-04-14 11:35:42,53.47716697,-2.23965624,9.94,45.4,51.396,1.37,346.0,16,36,,
T,2026-04-14 11:35:43,53.47717514,-2.23966994,9.94,45.512,51.396,1.24,328.0,15,35,,
T,2026-04-14 11:35:44,53.47718087,-2.23969106,9.94,44.986,51.396,1.45,299.0,16,35,,
T,2026-04-14 11:35:45,53.477189,-2.23970503,9.94,45.0,51.396,1.24,321.0,17,35,,
T,2026-04-14 11:35:46,53.47719692,-2.23971847,9.94,45.12,51.396,1.17,317.0,16,35,,
T,2026-04-14 11:35:47,53.47720663,-2.23972996,9.94,45.289,51.396,1.16,324.0,17,35,,
T,2026-04-14 11:35:48,53.47721783,-2.2397389,9.94,45.416,51.396,1.15,334.0,18,35,,
T,2026-04-14 11:35:49,53.47722785,-2.2397505,9.94,45.254,51.396,1.18,323.0,17,35,,
T,2026-04-14 11:35:50,53.47724008,-2.23975462,9.94,45.521,51.396,1.23,347.0,17,35,,
T,2026-04-14 11:35:51,53.47725308,-2.2397554,9.94,45.838,51.396,1.14,346.0,19,34,,
T,2026-04-14 11:35:52,53.47726492,-2.23975936,9.94,45.797,51.396,1.13,330.0,22,34,,
T,2026-04-14 11:35:53,53.47727349,-2.23977194,9.94,45.542,51.396,1.24,304.0,22,34,,
T,2026-04-14 11:35:54,53.47727441,-2.23979173,9.94,48.373,51.396,1.71,255.0,22,33,,
T,2026-04-14 11:35:55,53.47724686,-2.23979279,9.94,49.608,51.396,3.6,181.0,22,33,,
T,2026-04-14 11:35:56,53.47723578,-2.23976344,9.94,50.493,51.396,2.06,122.0,22,33,,
T,2026-04-14 11:35:57,53.47723882,-2.23974192,9.94,50.463,51.396,1.27,89.0,22,33,,
T,2026-04-14 11:35:58,53.47724808,-2.23972324,9.94,50.626,51.396,1.35,59.0,22,33,,
T,2026-04-14 11:35:59,53.47725553,-2.23970476,9.94,50.555,51.396,1.34,63.0,21,33,,
T,2026-04-14 11:36:00,53.47726341,-2.23968432,9.94,50.443,51.396,1.33,60.0,19,33,,
T,2026-04-14 11:36:01,53.47727126,-2.23966223,9.94,50.161,51.396,1.31,63.0,20,31,,
T,2026-04-14 11:36:02,53.47727742,-2.23964066,9.94,50.603,51.396,1.28,66.0,18,31,,
T,2026-04-14 11:36:03,53.47728365,-2.23962232,9.95,43.463,51.396,1.06,60.0,16,31,,
T,2026-04-14 11:36:04,53.47728622,-2.23961781,10.19,41.16,51.396,0.23,60.0,16,31,,
T,2026-04-14 11:36:05,53.47726917,-2.23957457,9.94,40.043,51.395,4.87,119.0,15,31,,
T,2026-04-14 11:36:06,53.47725432,-2.23954617,9.94,39.974,51.395,0.0,,19,31,,
T,2026-04-14 11:36:07,53.47723006,-2.2395182,11.08,38.716,51.395,2.84,145.0,19,31,,
T,2026-04-14 11:36:08,53.47721717,-2.23950994,11.26,39.175,51.395,1.6,150.0,21,31,,
T,2026-04-14 11:36:09,53.47722066,-2.23952068,11.5,40.448,51.395,0.7,154.0,20,30,,
T,2026-04-14 11:36:10,53.47723026,-2.23952536,11.46,40.623,51.395,0.0,,21,29,,
T,2026-04-14 11:36:11,53.47723402,-2.2395246,11.73,40.973,51.395,0.0,,21,29,,
T,2026-04-14 11:36:12,53.47724007,-2.23952134,11.69,41.196,51.395,0.0,,19,28,,
T,2026-04-14 11:36:13,53.47724256,-2.23951921,11.73,41.34,51.395,0.0,,18,28,,
T,2026-04-14 11:36:14,53.4772442,-2.23951776,11.72,41.444,51.395,0.0,,15,28,,
T,2026-04-14 11:36:15,53.4772455,-2.23951643,11.73,41.552,51.395,0.0,,13,28,,
T,2026-04-14 11:36:16,53.4772469,-2.23951509,11.73,41.666,51.395,0.0,,12,28,,
T,2026-04-14 11:36:17,53.47724826,-2.23951374,11.74,41.779,51.395,0.0,,11,28,,
T,2026-04-14 11:36:18,53.47724937,-2.23951271,11.71,41.858,51.395,0.0,,13,27,,
T,2026-04-14 11:36:19,53.47725051,-2.23951171,11.71,41.94,51.395,0.0,,14,25,,
T,2026-04-14 11:36:20,53.4772516,-2.23951056,11.6,42.031,51.395,0.0,,14,24,,
T,2026-04-14 11:36:21,53.47725246,-2.23950976,11.47,42.096,51.395,0.0,,13,23,,
T,2026-04-14 11:36:22,53.47725326,-2.23950904,11.34,42.158,51.395,0.0,,14,22,,
T,2026-04-14 11:36:23,53.47725398,-2.23950833,11.24,42.218,51.395,0.0,,15,22,,
T,2026-04-14 11:36:24,53.47725452,-2.23950747,11.22,42.291,51.395,0.0,,12,22,,
T,2026-04-14 11:36:25,53.47725515,-2.2395067,11.18,42.354,51.395,0.0,,12,22,,
T,2026-04-14 11:36:26,53.47725578,-2.23950584,11.18,42.424,51.395,0.0,,12,22,,
T,2026-04-14 11:36:27,53.47725632,-2.23950497,11.18,42.488,51.395,0.0,,15,21,,
T,2026-04-14 11:36:28,53.47725669,-2.23950416,11.12,42.538,51.395,0.0,,14,21,,
T,2026-04-14 11:36:29,53.47725717,-2.23950387,11.12,42.584,51.395,0.0,,13,21,,
T,2026-04-14 11:36:30,53.47725752,-2.23950379,10.97,42.599,51.395,0.0,,13,21,,
T,2026-04-14 11:36:31,53.47726439,-2.23950291,10.84,43.829,51.395,0.2,154.0,13,21,,
T,2026-04-14 11:36:32,53.47729474,-2.23952959,10.77,44.859,51.395,0.0,,15,21,,
T,2026-04-14 11:36:33,53.47732037,-2.23954871,10.56,46.064,51.395,0.2,154.0,18,21,,
T,2026-04-14 11:36:34,53.47733235,-2.23956031,10.48,44.99,51.395,0.0,,19,21,,
T,2026-04-14 11:36:35,53.47732957,-2.23956052,10.58,45.489,51.395,0.34,154.0,19,21,,
T,2026-04-14 11:36:36,53.47732901,-2.23956009,10.29,45.9,51.395,0.0,,19,22,,
T,2026-04-14 11:36:37,53.47732401,-2.23956578,10.32,45.577,51.395,0.24,154.0,19,22,,
T,2026-04-14 11:36:38,53.47732422,-2.23957669,10.34,44.791,51.395,0.0,,20,23,,
T,2026-04-14 11:36:39,53.47732236,-2.23957863,10.28,45.03,51.395,0.0,,19,24,,
T,2026-04-14 11:36:40,53.4773175,-2.23957713,10.36,44.32,51.395,0.17,154.0,20,24,,
T,2026-04-14 11:36:41,53.47731107,-2.23957314,10.56,43.864,51.395,0.24,154.0,20,24,,
T,2026-04-14 11:36:42,53.47730753,-2.23957294,10.36,42.554,51.395,0.35,154.0,19,25,,
T,2026-04-14 11:36:43,53.47730851,-2.23957684,10.48,41.724,51.395,0.32,154.0,20,25,,
T,2026-04-14 11:36:44,53.47730947,-2.23960435,10.39,41.315,51.396,1.39,275.0,20,30,,
T,2026-04-14 11:36:45,53.47731,-2.23963739,10.43,42.15,51.396,1.3,291.0,22,32,,
T,2026-04-14 11:36:46,53.47730685,-2.23967554,10.3,45.254,51.396,1.65,333.0,23,32,,
T,2026-04-14 11:36:47,53.47730921,-2.23970559,10.26,44.448,51.396,1.41,300.0,23,33,,
T,2026-04-14 11:36:48,53.47731929,-2.23972127,10.25,43.836,51.396,1.36,330.0,23,33,,
T,2026-04-14 11:36:49,53.47732925,-2.23973458,10.22,43.881,51.396,1.19,326.0,21,33,,
T,2026-04-14 11:36:50,53.47733914,-2.23975002,9.94,44.471,51.396,1.19,319.0,18,33,,
T,2026-04-14 11:36:51,53.47734947,-2.23976364,9.94,44.245,51.396,1.2,325.0,21,33,,
T,2026-04-14 11:36:52,53.47735813,-2.23977721,9.97,44.46,51.396,1.19,316.0,18,32,,
T,2026-04-14 11:36:53,53.47736691,-2.23979113,9.94,44.009,51.396,1.17,311.0,18,31,,
T,2026-04-14 11:36:54,53.4773799,-2.23980537,9.94,44.2,51.396,1.23,330.0,18,31,,
T,2026-04-14 11:36:55,53.47738779,-2.23983179,9.94,42.482,51.396,1.24,323.0,19,31,,
T,2026-04-14 11:36:56,53.4773954,-2.23985973,9.94,43.171,51.396,1.16,327.0,19,31,,
T,2026-04-14 11:36:57,53.47740313,-2.23988704,9.94,42.175,51.396,1.16,329.0,18,31,,
T,2026-04-14 11:36:58,53.47741084,-2.23990851,9.94,42.395,51.396,1.13,321.0,17,33,,
T,2026-04-14 11:36:59,53.47741985,-2.23992527,9.94,41.983,51.396,1.16,329.0,16,33,,
T,2026-04-14 11:37:00,53.4774281,-2.23994033,10.01,42.536,51.396,1.19,309.0,16,34,,
T,2026-04-14 11:37:01,53.47743834,-2.23994973,10.06,42.696,51.396,1.21,327.0,16,35,,
T,2026-04-14 11:37:02,53.47744761,-2.23995964,10.03,43.133,51.396,1.17,322.0,16,35,,
T,2026-04-14 11:37:03,53.47745679,-2.23996967,9.96,43.188,51.396,1.18,322.0,16,34,,
T,2026-04-14 11:37:04,53.47746612,-2.23997958,9.94,43.378,51.396,1.19,326.0,14,34,,
T,2026-04-14 11:37:05,53.47747607,-2.23998832,9.94,43.889,51.396,1.22,335.0,15,34,,
T,2026-04-14 11:37:06,53.47748559,-2.24000008,9.94,44.111,51.396,1.21,339.0,15,35,,
T,2026-04-14 11:37:07,53.47749845,-2.24000334,9.94,44.838,51.396,1.2,340.0,16,35,,
T,2026-04-14 11:37:08,53.47751115,-2.24000109,9.94,44.706,51.396,1.23,355.0,17,35,,
T,2026-04-14 11:37:09,53.47752378,-2.23999666,9.94,45.447,51.396,1.2,8.0,16,34,,
T,2026-04-14 11:37:10,53.47753435,-2.23999078,9.94,43.625,51.396,1.09,26.0,18,33,,
T,2026-04-14 11:37:11,53.47754673,-2.2399985,9.94,43.483,51.396,1.41,345.0,19,35,,
T,2026-04-14 11:37:12,53.47755513,-2.24001563,9.94,45.36,51.396,1.36,305.0,16,34,,
T,2026-04-14 11:37:13,53.47755539,-2.24002503,9.94,45.495,51.396,0.0,,16,33,,
T,2026-04-14 11:37:14,53.47755529,-2.24002441,9.94,45.67,51.396,0.0,,17,33,,
T,2026-04-14 11:37:15,53.47755483,-2.24002361,9.94,45.686,51.396,0.0,,16,33,,
T,2026-04-14 11:37:16,53.47755471,-2.2400234,9.94,45.691,51.396,0.0,,15,33,,
T,2026-04-14 11:37:17,53.47755694,-2.24002527,9.94,46.087,51.396,0.46,305.0,14,34,,
T,2026-04-14 11:37:18,53.47755855,-2.24002578,9.94,46.334,51.396,0.0,,12,34,,
T,2026-04-14 11:37:19,53.47755791,-2.2400233,9.94,46.972,51.396,0.0,,11,34,,
T,2026-04-14 11:37:20,53.47755785,-2.24002255,9.94,47.008,51.396,0.0,,10,34,,
T,2026-04-14 11:37:21,53.47755782,-2.24002235,9.94,47.013,51.396,0.0,,10,34,,
T,2026-04-14 11:37:22,53.4775578,-2.24002231,9.98,47.012,51.396,0.0,,10,34,,
T,2026-04-14 11:37:23,53.47755778,-2.2400223,9.98,47.013,51.396,0.0,,10,34,,
T,2026-04-14 11:37:24,53.47755775,-2.24002228,10.03,47.014,51.396,0.0,,11,34,,
T,2026-04-14 11:37:25,53.47755772,-2.24002227,9.94,47.014,51.396,0.0,,10,33,,
T,2026-04-14 11:37:26,53.47755769,-2.24002227,9.94,47.014,51.396,0.0,,18,33,,
T,2026-04-14 11:37:27,53.47755766,-2.24002227,9.94,47.018,51.396,0.0,,18,33,,
T,2026-04-14 11:37:28,53.47755764,-2.24002225,9.94,47.016,51.396,0.0,,18,33,,
T,2026-04-14 11:37:29,53.47755761,-2.24002224,9.94,47.014,51.396,0.0,,18,33,,
T,2026-04-14 11:37:30,53.4775576,-2.24002223,9.94,47.015,51.396,0.0,,18,33,,
T,2026-04-14 11:37:31,53.4775576,-2.24002223,9.94,47.014,51.396,0.0,,18,33,,
T,2026-04-14 11:37:32,53.47755759,-2.24002221,9.94,47.014,51.396,0.0,,10,33,,
T,2026-04-14 11:37:33,53.47755759,-2.24002221,9.94,47.016,51.396,0.0,,9,33,,
T,2026-04-14 11:37:34,53.47755758,-2.2400222,9.94,47.019,51.396,0.0,,9,33,,
T,2026-04-14 11:37:35,53.47755758,-2.24002219,9.94,47.019,51.396,0.0,,9,33,,
T,2026-04-14 11:37:36,53.47755756,-2.24002218,9.98,47.02,51.396,0.0,,9,31,,
T,2026-04-14 11:37:37,53.47755756,-2.24002218,9.94,47.023,51.396,0.0,,9,28,,
T,2026-04-14 11:37:38,53.477557,-2.24002278,9.94,47.248,51.396,0.0,,18,26,,
T,2026-04-14 11:37:39,53.47755511,-2.24003034,10.26,46.308,51.396,0.34,305.0,20,27,,
T,2026-04-14 11:37:40,53.47756534,-2.24005128,9.94,47.993,51.396,1.46,316.0,20,28,,
T,2026-04-14 11:37:41,53.4775769,-2.2400619,9.94,48.909,51.396,1.29,338.0,22,32,,
T,2026-04-14 11:37:42,53.47759026,-2.24006622,9.94,48.161,51.396,1.21,338.0,24,32,,
T,2026-04-14 11:37:43,53.47760343,-2.24007612,9.94,48.574,51.396,1.22,323.0,28,33,,
T,2026-04-14 11:37:44,53.47761366,-2.24009004,9.94,48.672,51.396,1.24,308.0,26,33,,
T,2026-04-14 11:37:45,53.47762212,-2.24010642,9.94,48.407,51.397,1.25,308.0,26,34,,
T,2026-04-14 11:37:46,53.4776319,-2.24012261,9.94,47.903,51.397,1.33,325.0,28,34,,
T,2026-04-14 11:37:47,53.47763947,-2.24013971,9.94,47.964,51.397,1.21,312.0,29,34,,
T,2026-04-14 11:37:48,53.4776436,-2.2401595,9.94,47.927,51.397,1.08,302.0,28,34,,
T,2026-04-14 11:37:49,53.47764953,-2.24017856,9.94,48.279,51.397,1.26,304.0,29,35,,
T,2026-04-14 11:37:50,53.47765408,-2.24019529,9.94,48.63,51.397,1.1,298.0,28,35,,
T,2026-04-14 11:37:51,53.47765343,-2.24021018,9.94,50.298,51.397,0.98,267.0,28,35,,
T,2026-04-14 11:37:52,53.47765741,-2.24022493,9.94,50.864,51.397,1.25,296.0,27,35,,
T,2026-04-14 11:37:53,53.47766553,-2.2402358,9.94,51.117,51.397,1.28,317.0,28,35,,
T,2026-04-14 11:37:54,53.47767531,-2.24024648,9.94,51.483,51.397,1.34,326.0,28,35,,
T,2026-04-14 11:37:55,53.4776826,-2.24025876,9.94,51.383,51.397,1.14,313.0,25,35,,
T,2026-04-14 11:37:56,53.47769135,-2.24026892,9.94,51.394,51.397,1.15,327.0,26,35,,
T,2026-04-14 11:37:57,53.47770001,-2.24028246,9.94,50.762,51.397,1.16,313.0,25,35,,
T,2026-04-14 11:37:58,53.47770936,-2.24029284,9.94,50.868,51.397,1.16,328.0,23,33,,
T,2026-04-14 11:37:59,53.47771726,-2.24030709,9.94,51.066,51.397,1.18,311.0,22,34,,
T,2026-04-14 11:38:00,53.4777254,-2.24031972,9.94,51.283,51.397,1.14,318.0,21,33,,
T,2026-04-14 11:38:01,53.47773251,-2.24033409,9.94,51.291,51.397,1.15,311.0,23,33,,
T,2026-04-14 11:38:02,53.47774114,-2.24034615,9.94,51.471,51.397,1.15,318.0,25,33,,
T,2026-04-14 11:38:03,53.4777524,-2.24035528,9.94,50.81,51.397,1.21,333.0,25,33,,
T,2026-04-14 11:38:04,53.47776029,-2.24037403,9.94,50.823,51.397,1.38,300.0,24,34,,
T,2026-04-14 11:38:05,53.47776446,-2.24039248,9.94,50.599,51.397,1.21,282.0,26,34,,
T,2026-04-14 11:38:06,53.477771,-2.24040817,9.94,50.357,51.397,1.21,302.0,26,34,,
T,2026-04-14 11:38:07,53.47778047,-2.24042412,9.94,48.883,51.397,1.37,314.0,26,35,,
T,2026-04-14 11:38:08,53.47778787,-2.24043623,9.94,46.939,51.397,1.14,311.0,27,36,,
T,2026-04-14 11:38:09,53.4777966,-2.24044887,9.94,46.475,51.397,1.21,322.0,27,36,,
T,2026-04-14 11:38:10,53.4778067,-2.2404586,9.94,45.362,51.397,1.23,329.0,23,35,,
T,2026-04-14 11:38:11,53.47781543,-2.24047284,9.94,46.524,51.397,1.24,319.0,22,36,,
T,2026-04-14 11:38:12,53.47782225,-2.2404899,9.94,45.282,51.397,1.19,304.0,26,36,,
T,2026-04-14 11:38:13,53.47782958,-2.24050438,9.94,45.059,51.397,1.14,308.0,26,36,,
T,2026-04-14 11:38:14,53.47783636,-2.24051947,9.96,44.799,51.397,1.12,306.0,24,36,,
T,2026-04-14 11:38:15,53.47784292,-2.24053432,10.31,44.699,51.397,1.14,307.0,24,35,,
T,2026-04-14 11:38:16,53.47785204,-2.24054893,10.53,44.552,51.397,1.25,317.0,24,35,,
T,2026-04-14 11:38:17,53.47785926,-2.2405644,10.15,43.06,51.397,1.15,308.0,23,34,,
T,2026-04-14 11:38:18,53.47786594,-2.24058122,10.84,42.67,51.397,1.17,302.0,24,35,,
T,2026-04-14 11:38:19,53.47787409,-2.24059714,10.96,42.632,51.397,1.18,309.0,25,35,,
T,2026-04-14 11:38:20,53.47788118,-2.24061397,10.95,42.359,51.398,1.18,308.0,26,35,,
T,2026-04-14 11:38:21,53.47789054,-2.24062787,10.6,42.341,51.398,1.22,321.0,26,35,,
T,2026-04-14 11:38:22,53.47790353,-2.2406339,10.14,43.331,51.398,1.29,344.0,25,35,,
T,2026-04-14 11:38:23,53.477914,-2.2406471,9.94,43.708,51.398,1.25,324.0,25,35,,
T,2026-04-14 11:38:24,53.47792317,-2.24066073,9.94,44.272,51.398,1.18,323.0,23,34,,
T,2026-04-14 11:38:25,53.47793192,-2.24067341,9.94,44.401,51.398,1.18,324.0,23,34,,
T,2026-04-14 11:38:26,53.47794235,-2.24068065,9.94,44.392,51.398,1.1,335.0,22,34,,
T,2026-04-14 11:38:27,53.4779546,-2.24067071,9.94,42.262,51.398,1.49,33.0,22,35,,
T,2026-04-14 11:38:28,53.47798049,-2.2407177,9.94,41.743,51.398,4.63,317.0,21,35,,
T,2026-04-14 11:38:29,53.47797325,-2.24075318,9.94,44.43,51.398,1.94,258.0,20,35,,
T,2026-04-14 11:38:30,53.47797179,-2.24076855,9.94,45.233,51.398,1.26,277.0,20,35,,
T,2026-04-14 11:38:31,53.47797864,-2.2407808,9.94,47.044,51.398,1.32,308.0,20,35,,
T,2026-04-14 11:38:32,53.47798342,-2.24079359,9.94,47.783,51.398,1.15,295.0,21,35,,
T,2026-04-14 11:38:33,53.47799111,-2.24080526,9.94,47.998,51.398,1.21,315.0,20,35,,
T,2026-04-14 11:38:34,53.4779965,-2.24082044,9.94,47.836,51.398,1.23,299.0,18,35,,
T,2026-04-14 11:38:35,53.47800507,-2.24083229,9.94,47.337,51.398,1.26,321.0,20,35,,
T,2026-04-14 11:38:36,53.47801386,-2.24084496,9.94,47.34,51.398,1.34,321.0,19,35,,
T,2026-04-14 11:38:37,53.47802085,-2.24085717,9.94,47.473,51.398,1.13,314.0,19,34,,
T,2026-04-14 11:38:38,53.47802649,-2.24087063,9.94,48.409,51.398,1.09,319.0,19,34,,
T,2026-04-14 11:38:39,53.47803308,-2.24088387,9.94,48.335,51.398,1.07,317.0,19,35,,
T,2026-04-14 11:38:40,53.47803955,-2.24089735,9.94,47.67,51.398,1.12,314.0,20,36,,
T,2026-04-14 11:38:41,53.47804575,-2.24091018,9.94,47.568,51.398,1.08,313.0,19,35,,
T,2026-04-14 11:38:42,53.47805392,-2.2409196,9.94,46.966,51.398,1.1,324.0,21,35,,
T,2026-04-14 11:38:43,53.47806102,-2.24093115,9.94,47.091,51.398,1.11,314.0,21,35,,
T,2026-04-14 11:38:44,53.47806814,-2.2409434,10.11,47.21,51.398,1.06,311.0,21,35,,
T,2026-04-14 11:38:45,53.47807494,-2.2409558,10.15,47.21,51.398,1.08,312.0,23,35,,
T,2026-04-14 11:38:46,53.47808537,-2.24096608,10.16,47.059,51.398,1.29,327.0,22,34,,
T,2026-04-14 11:38:47,53.47809171,-2.24098171,10.35,47.584,51.398,1.2,304.0,21,35,,
T,2026-04-14 11:38:48,53.47809811,-2.24099503,10.35,47.405,51.398,1.17,314.0,21,35,,
T,2026-04-14 11:38:49,53.47810405,-2.24100993,10.27,47.409,51.398,1.14,315.0,19,35,,
T,2026-04-14 11:38:50,53.47810964,-2.24102955,9.94,47.211,51.398,1.35,299.0,18,35,,
T,2026-04-14 11:38:51,53.47811409,-2.24104575,9.94,46.359,51.398,1.1,286.0,16,35,,
T,2026-04-14 11:38:52,53.47812327,-2.24106094,9.94,44.938,51.398,1.18,311.0,15,35,,
T,2026-04-14 11:38:53,53.47813117,-2.24107633,9.94,44.578,51.398,1.12,318.0,16,35,,
T,2026-04-14 11:38:54,53.47813915,-2.24108914,10.11,44.41,51.398,1.12,312.0,16,34,,
T,2026-04-14 11:38:55,53.47814559,-2.24110341,10.11,43.835,51.398,1.17,296.0,16,35,,
T,2026-04-14 11:38:56,53.47815561,-2.2411133,10.02,43.291,51.398,1.26,324.0,16,35,,
T,2026-04-14 11:38:57,53.47816357,-2.24112413,10.0,43.184,51.399,1.15,314.0,16,36,,
T,2026-04-14 11:38:58,53.47817125,-2.24113615,9.94,43.614,51.399,1.19,322.0,16,36,,
T,2026-04-14 11:38:59,53.47817644,-2.24115374,10.06,44.331,51.399,1.25,296.0,16,36,,
T,2026-04-14 11:39:00,53.47818318,-2.24116887,10.0,43.817,51.399,1.18,307.0,15,36,,
T,2026-04-14 11:39:01,53.4781922,-2.2411796,9.94,44.249,51.399,1.19,325.0,15,36,,
T,2026-04-14 11:39:02,53.47819989,-2.2411927,9.94,44.498,51.399,1.15,311.0,17,36,,
T,2026-04-14 11:39:03,53.47821006,-2.24120129,9.94,45.083,51.399,1.2,330.0,18,36,,
T,2026-04-14 11:39:04,53.47821779,-2.24121735,9.94,44.162,51.399,1.22,313.0,18,36,,
T,2026-04-14 11:39:05,53.47822836,-2.24122638,9.94,43.986,51.399,1.26,337.0,20,36,,
T,2026-04-14 11:39:06,53.47823826,-2.24123463,9.97,43.865,51.399,1.15,332.0,21,36,,
T,2026-04-14 11:39:07,53.47824843,-2.24123951,10.3,44.057,51.399,1.14,340.0,21,36,,
T,2026-04-14 11:39:08,53.47825747,-2.24124747,10.25,44.271,51.399,1.15,322.0,20,36,,
T,2026-04-14 11:39:09,53.47826458,-2.24125866,9.94,43.961,51.399,1.14,306.0,20,35,,
T,2026-04-14 11:39:10,53.47827399,-2.24126187,9.94,45.038,51.399,1.49,347.0,20,35,,
T,2026-04-14 11:39:11,53.4782777,-2.24126094,9.94,44.837,51.399,0.0,,20,35,,
T,2026-04-14 11:39:12,53.47828168,-2.24127117,9.94,44.59,51.399,0.82,314.0,19,35,,
T,2026-04-14 11:39:13,53.47828997,-2.24128611,9.94,44.366,51.399,1.2,304.0,19,34,,
T,2026-04-14 11:39:14,53.47829405,-2.24130204,9.94,44.581,51.399,1.17,299.0,21,33,,
T,2026-04-14 11:39:15,53.47830077,-2.24131641,10.18,42.358,51.399,1.22,309.0,22,34,,
T,2026-04-14 11:39:16,53.478306,-2.24133228,10.73,42.991,51.399,1.25,297.0,23,34,,
T,2026-04-14 11:39:17,53.47831366,-2.24134644,11.14,42.523,51.399,1.33,314.0,23,34,,
T,2026-04-14 11:39:18,53.47831687,-2.24136625,10.98,45.403,51.399,1.27,304.0,23,34,,
T,2026-04-14 11:39:19,53.47832102,-2.24138496,10.68,45.441,51.399,1.26,312.0,24,34,,
T,2026-04-14 11:39:20,53.4783261,-2.24140363,10.82,45.439,51.399,1.24,307.0,24,34,,
T,2026-04-14 11:39:21,53.4783445,-2.2414041,10.64,45.518,51.399,1.95,358.0,22,34,,
T,2026-04-14 11:39:22,53.47835681,-2.24140268,10.8,44.203,51.399,1.23,4.0,21,34,,
T,2026-04-14 11:39:23,53.47836752,-2.24139958,10.69,44.489,51.399,1.2,9.0,22,34,,
T,2026-04-14 11:39:24,53.4783775,-2.24139934,10.58,44.382,51.399,1.22,359.0,22,34,,
T,2026-04-14 11:39:25,53.47838714,-2.24140565,10.82,44.16,51.399,1.19,342.0,22,35,,
T,2026-04-14 11:39:26,53.47839528,-2.24142037,10.74,43.966,51.399,1.22,322.0,20,34,,
T,2026-04-14 11:39:27,53.47840153,-2.24143669,10.93,43.852,51.399,1.13,314.0,21,35,,
T,2026-04-14 11:39:28,53.47840617,-2.24146256,10.88,43.606,51.399,1.14,305.0,20,34,,
T,2026-04-14 11:39:29,53.4784154,-2.24148144,10.89,43.927,51.399,1.2,326.0,19,34,,
T,2026-04-14 11:39:30,53.47842253,-2.2414974,10.92,43.809,51.399,1.15,315.0,20,34,,
T,2026-04-14 11:39:31,53.47842851,-2.24151432,10.9,43.101,51.399,1.15,308.0,17,34,,
T,2026-04-14 11:39:32,53.47843534,-2.24152812,10.89,43.305,51.399,1.15,311.0,17,36,,
T,2026-04-14 11:39:33,53.4784429,-2.24154064,10.79,43.113,51.399,1.15,313.0,17,36,,
T,2026-04-14 11:39:34,53.4784445,-2.24158019,10.97,38.893,51.399,1.22,296.0,17,35,,
T,2026-04-14 11:39:35,53.47844941,-2.24160054,11.02,42.292,51.399,1.32,291.0,18,35,,
T,2026-04-14 11:39:36,53.47845547,-2.24161148,10.95,41.997,51.399,1.15,289.0,22,34,,
T,2026-04-14 11:39:37,53.47846382,-2.24162288,10.91,41.908,51.4,1.2,305.0,23,34,,
T,2026-04-14 11:39:38,53.47847429,-2.24163508,10.92,42.187,51.4,1.21,317.0,23,35,,
T,2026-04-14 11:39:39,53.47847922,-2.24165417,10.98,41.777,51.4,1.37,286.0,23,35,,
T,2026-04-14 11:39:40,53.47848815,-2.24166818,10.89,41.466,51.4,1.31,311.0,23,33,,
T,2026-04-14 11:39:41,53.47849745,-2.24167922,10.91,41.165,51.4,1.21,320.0,23,33,,
T,2026-04-14 11:39:42,53.47850631,-2.24169164,10.95,40.806,51.4,1.19,318.0,21,33,,
T,2026-04-14 11:39:43,53.47851538,-2.24170694,11.01,40.175,51.4,1.2,319.0,22,33,,
T,2026-04-14 11:39:44,53.47852425,-2.24172451,11.08,41.028,51.4,1.26,307.0,20,33,,
T,2026-04-14 11:39:45,53.47853093,-2.24174209,11.16,39.892,51.4,1.24,295.0,20,34,,
T,2026-04-14 11:39:46,53.47853914,-2.24176144,11.08,38.47,51.4,1.25,311.0,20,34,,
T,2026-04-14 11:39:47,53.47854678,-2.24177856,11.28,38.089,51.4,1.21,310.0,19,35,,
T,2026-04-14 11:39:48,53.47855407,-2.24179409,11.42,37.882,51.4,1.21,310.0,17,35,,
T,2026-04-14 11:39:49,53.47856298,-2.2418099,11.53,37.999,51.4,1.22,311.0,18,36,,
T,2026-04-14 11:39:50,53.47857272,-2.24182682,11.48,37.882,51.4,1.23,313.0,19,34,,
T,2026-04-14 11:39:51,53.4785827,-2.24184148,11.55,38.798,51.4,1.2,317.0,17,33,,
T,2026-04-14 11:39:52,53.47859161,-2.2418581,11.71,38.891,51.4,1.2,311.0,18,35,,
T,2026-04-14 11:39:53,53.47860013,-2.24187276,11.77,39.293,51.4,1.13,315.0,18,35,,
T,2026-04-14 11:39:54,53.47860784,-2.24188705,11.91,39.304,51.4,1.16,312.0,19,35,,
T,2026-04-14 11:39:55,53.47861217,-2.24190704,12.0,38.1,51.4,1.27,286.0,19,34,,
T,2026-04-14 11:39:56,53.47861949,-2.24192208,12.03,37.423,51.4,1.21,306.0,20,34,,
T,2026-04-14 11:39:57,53.47862824,-2.24193472,12.16,37.777,51.4,1.14,312.0,22,34,,
T,2026-04-14 11:39:58,53.47863408,-2.24194996,12.27,37.257,51.4,1.16,300.0,22,34,,
T,2026-04-14 11:39:59,53.47864068,-2.24196357,12.5,36.866,51.4,1.14,306.0,22,34,,
T,2026-04-14 11:40:00,53.47864922,-2.24197687,12.62,36.823,51.4,1.14,312.0,20,35,,
T,2026-04-14 11:40:01,53.47865719,-2.24199064,12.87,36.56,51.4,1.14,311.0,20,35,,
T,2026-04-14 11:40:02,53.47866347,-2.24200495,12.95,36.785,51.4,1.14,304.0,21,35,,
T,2026-04-14 11:40:03,53.47867194,-2.24201919,12.46,35.853,51.4,1.09,308.0,19,35,,
T,2026-04-14 11:40:04,53.47868147,-2.24203275,12.44,36.394,51.4,1.17,323.0,23,35,,
T,2026-04-14 11:40:05,53.47869004,-2.242046,8.39,35.443,51.4,1.15,327.0,22,36,,
T,2026-04-14 11:40:06,53.47869792,-2.24205949,7.48,36.75,51.4,1.14,327.0,22,35,,
T,2026-04-14 11:40:07,53.47869737,-2.24209519,5.97,43.753,51.4,1.14,331.0,23,34,,
T,2026-04-14 11:40:08,53.47870253,-2.24210792,5.34,45.935,51.4,1.55,24.0,24,34,,
T,2026-04-14 11:40:09,53.47871197,-2.24213009,5.59,44.934,51.4,1.67,336.0,25,35,,
T,2026-04-14 11:40:10,53.47871983,-2.24214757,5.91,41.75,51.401,1.15,345.0,24,35,,
T,2026-04-14 11:40:11,53.47872312,-2.24218551,5.86,40.298,51.401,2.0,289.0,24,35,,
T,2026-04-14 11:40:12,53.47871184,-2.24221706,5.17,41.15,51.401,1.82,237.0,24,35,,
T,2026-04-14 11:40:13,53.47870529,-2.24223955,5.42,45.586,51.401,1.23,254.0,24,36,,
T,2026-04-14 11:40:14,53.47870246,-2.24226253,5.68,48.043,51.401,1.23,254.0,24,36,,
T,2026-04-14 11:40:15,53.47871492,-2.24228904,5.73,48.489,51.401,1.96,307.0,24,37,,
T,2026-04-14 11:40:16,53.47872374,-2.24230557,6.04,48.486,51.401,1.19,314.0,25,37,,
T,2026-04-14 11:40:17,53.47873519,-2.24231137,5.99,45.772,51.401,1.43,356.0,25,37,,
T,2026-04-14 11:40:18,53.47874521,-2.24231242,6.23,43.733,51.401,1.11,360.0,25,37,,
T,2026-04-14 11:40:19,53.47875516,-2.24230726,5.57,43.857,51.401,1.15,25.0,24,35,,
T,2026-04-14 11:40:20,53.47877026,-2.24232537,5.87,42.754,51.401,2.11,325.0,24,35,,
T,2026-04-14 11:40:21,53.47878472,-2.24232068,4.05,39.2,51.401,1.36,7.0,23,35,,
T,2026-04-14 11:40:22,53.4787962,-2.24233685,4.16,38.402,51.401,1.82,312.0,23,35,,
T,2026-04-14 11:40:23,53.47880165,-2.24234885,4.48,37.861,51.401,1.07,302.0,23,35,,
T,2026-04-14 11:40:24,53.47880604,-2.2423609,4.24,37.21,51.401,1.09,317.0,23,35,,
T,2026-04-14 11:40:25,53.47881008,-2.24237169,4.11,37.263,51.401,1.04,321.0,23,35,,
T,2026-04-14 11:40:26,53.47881372,-2.24238598,3.95,37.147,51.401,1.08,306.0,22,36,,
T,2026-04-14 11:40:27,53.4788181,-2.24240021,4.08,37.03,51.401,1.05,303.0,21,35,,
T,2026-04-14 11:40:28,53.47882419,-2.24241097,3.79,36.948,51.401,1.09,316.0,21,35,,
T,2026-04-14 11:40:29,53.47882986,-2.2424205,3.79,37.01,51.401,1.05,314.0,21,35,,
T,2026-04-14 11:40:30,53.47883285,-2.242433,3.79,36.705,51.401,1.11,295.0,16,35,,
T,2026-04-14 11:40:31,53.4788348,-2.24244566,4.79,36.2,51.401,1.05,302.0,17,36,,
T,2026-04-14 11:40:32,53.4788308,-2.2424629,5.43,35.67,51.401,1.27,260.0,18,36,,
T,2026-04-14 11:40:33,53.47882864,-2.24247811,5.62,36.118,51.401,1.1,282.0,18,36,,
T,2026-04-14 11:40:34,53.47882624,-2.2424914,6.01,36.204,51.401,1.03,281.0,20,36,,
T,2026-04-14 11:40:35,53.47882329,-2.24250552,6.09,36.153,51.401,1.04,268.0,20,36,,
T,2026-04-14 11:40:36,53.47882592,-2.24252059,6.08,36.663,51.401,1.16,296.0,20,36,,
T,2026-04-14 11:40:37,53.47883249,-2.24253189,6.17,37.101,51.401,1.09,316.0,19,36,,
T,2026-04-14 11:40:38,53.47883899,-2.24254135,6.0,37.306,51.401,1.01,323.0,20,37,,
T,2026-04-14 11:40:39,53.47884457,-2.24255216,5.79,37.349,51.401,1.0,315.0,21,38,,
T,2026-04-14 11:40:40,53.47885122,-2.24256312,5.3,38.034,51.401,1.04,317.0,20,38,,
T,2026-04-14 11:40:41,53.47885832,-2.24257642,4.78,38.272,51.401,1.2,311.0,19,38,,
T,2026-04-14 11:40:42,53.47886648,-2.24258902,4.54,37.924,51.401,1.21,315.0,19,37,,
T,2026-04-14 11:40:43,53.47887392,-2.24260156,4.4,37.983,51.401,1.09,308.0,19,37,,
T,2026-04-14 11:40:44,53.47888182,-2.24261346,4.16,38.735,51.401,1.1,304.0,19,37,,
T,2026-04-14 11:40:45,53.47889067,-2.24262446,3.94,39.031,51.401,1.15,312.0,19,37,,
T,2026-04-14 11:40:46,53.47890055,-2.2426354,3.81,39.519,51.401,1.18,308.0,19,38,,
T,2026-04-14 11:40:47,53.47891079,-2.24264593,3.79,39.02,51.401,1.21,323.0,19,38,,
T,2026-04-14 11:40:48,53.4789188,-2.24266293,3.79,39.461,51.402,1.3,301.0,19,39,,
T,2026-04-14 11:40:49,53.47892955,-2.24267667,3.79,38.402,51.402,1.36,318.0,19,39,,
T,2026-04-14 11:40:50,53.47893793,-2.24269426,3.79,39.935,51.402,1.39,308.0,20,39,,
T,2026-04-14 11:40:51,53.47894586,-2.24270979,3.79,39.751,51.402,1.25,312.0,20,39,,
T,2026-04-14 11:40:52,53.47895146,-2.24272584,3.79,40.662,51.402,1.21,301.0,18,38,,
T,2026-04-14 11:40:53,53.4789582,-2.24274128,3.79,40.95,51.402,1.19,309.0,18,38,,
T,2026-04-14 11:40:54,53.47896509,-2.2427571,3.79,41.267,51.402,1.2,302.0,20,39,,
T,2026-04-14 11:40:55,53.47897281,-2.24277121,3.79,41.665,51.402,1.15,304.0,19,38,,
T,2026-04-14 11:40:56,53.47897851,-2.24278765,3.79,41.635,51.402,1.18,289.0,18,37,,
T,2026-04-14 11:40:57,53.47898539,-2.24280252,3.79,40.995,51.402,1.17,304.0,18,37,,
T,2026-04-14 11:40:58,53.47899383,-2.2428159,3.79,40.548,51.402,1.2,314.0,18,38,,
T,2026-04-14 11:40:59,53.47900156,-2.24282828,3.79,41.186,51.402,1.13,319.0,20,38,,
T,2026-04-14 11:41:00,53.47900796,-2.24283964,3.79,40.914,51.402,1.07,320.0,19,38,,
T,2026-04-14 11:41:01,53.47899629,-2.24287361,3.79,50.57,51.402,2.62,241.0,20,37,,
T,2026-04-14 11:41:02,53.47898721,-2.24288487,3.79,55.919,51.402,1.14,236.0,21,37,,
T,2026-04-14 11:41:03,53.47897914,-2.24289778,3.79,58.913,51.402,1.15,247.0,22,38,,
T,2026-04-14 11:41:04,53.47897606,-2.24291571,3.79,60.188,51.402,1.15,262.0,20,35,,
T,2026-04-14 11:41:05,53.47897825,-2.2429326,3.79,61.926,51.402,1.14,281.0,20,36,,
T,2026-04-14 11:41:06,53.47898214,-2.24294902,3.79,62.519,51.402,1.12,290.0,19,37,,
T,2026-04-14 11:41:07,53.47898825,-2.2429629,3.79,63.067,51.402,1.08,295.0,19,37,,
T,2026-04-14 11:41:08,53.47899866,-2.24297237,3.79,63.285,51.402,1.16,322.0,21,37,,
T,2026-04-14 11:41:09,53.47900764,-2.2429816,3.79,63.577,51.402,1.04,320.0,21,37,,
T,2026-04-14 11:41:10,53.47902652,-2.24297779,3.79,56.158,51.402,1.04,336.0,22,38,,
T,2026-04-14 11:41:11,53.47903806,-2.24298651,3.79,56.332,51.402,1.07,309.0,23,38,,
T,2026-04-14 11:41:12,53.47905001,-2.24298975,3.79,56.307,51.402,1.1,349.0,24,39,,
T,2026-04-14 11:41:13,53.4790581,-2.24299896,3.79,56.342,51.402,1.01,321.0,24,40,,
T,2026-04-14 11:41:14,53.47906312,-2.24301803,3.79,57.025,51.402,1.24,306.0,24,40,,
T,2026-04-14 11:41:15,53.47906552,-2.24304267,4.09,56.836,51.402,1.27,289.0,25,40,,
T,2026-04-14 11:41:16,53.47906822,-2.24306219,4.28,56.601,51.402,1.21,291.0,24,40,,
T,2026-04-14 11:41:17,53.47907125,-2.24308137,4.33,56.189,51.402,1.21,290.0,24,40,,
T,2026-04-14 11:41:18,53.4790759,-2.24309888,4.52,56.126,51.402,1.18,296.0,23,40,,
T,2026-04-14 11:41:19,53.47908409,-2.24311531,10.93,50.924,51.402,1.22,310.0,23,40,,
T,2026-04-14 11:41:20,53.47909215,-2.24312906,10.88,50.909,51.402,1.17,315.0,24,40,,
T,2026-04-14 11:41:21,53.47909506,-2.24315019,10.87,49.06,51.402,1.17,302.0,23,40,,
T,2026-04-14 11:41:22,53.47910104,-2.24316483,10.86,48.129,51.402,1.2,314.0,21,40,,
T,2026-04-14 11:41:23,53.4791105,-2.243179,10.83,47.084,51.403,1.23,323.0,20,40,,
T,2026-04-14 11:41:24,53.47912061,-2.24319441,10.83,45.505,51.403,1.15,322.0,18,40,,
T,2026-04-14 11:41:25,53.47912978,-2.24320758,10.85,45.426,51.403,1.16,320.0,18,40,,
T,2026-04-14 11:41:26,53.47913912,-2.24322061,10.77,44.984,51.403,1.17,316.0,19,40,,
T,2026-04-14 11:41:27,53.47914795,-2.2432328,10.74,45.228,51.403,1.17,320.0,20,39,,
T,2026-04-14 11:41:28,53.47915818,-2.24324188,10.72,44.765,51.403,1.18,326.0,20,39,,
T,2026-04-14 11:41:29,53.47916772,-2.24325282,10.63,44.947,51.403,1.17,325.0,21,39,,
T,2026-04-14 11:41:30,53.47917701,-2.24326345,10.84,45.311,51.403,1.18,323.0,20,39,,
T,2026-04-14 11:41:31,53.47918497,-2.24327613,10.66,45.468,51.403,1.18,319.0,19,39,,
T,2026-04-14 11:41:32,53.47919237,-2.24328902,10.59,46.305,51.403,1.19,316.0,17,40,,
T,2026-04-14 11:41:33,53.47919976,-2.24330195,10.58,46.518,51.403,1.19,316.0,17,40,,
T,2026-04-14 11:41:34,53.47920754,-2.24331434,10.6,46.427,51.403,1.19,316.0,18,40,,
T,2026-04-14 11:41:35,53.47921558,-2.24332633,10.63,46.348,51.403,1.2,325.0,17,40,,
T,2026-04-14 11:41:36,53.47922303,-2.24333946,10.63,46.344,51.403,1.21,314.0,17,39,,
T,2026-04-14 11:41:37,53.47923084,-2.24335145,10.58,46.651,51.403,1.19,320.0,14,39,,
T,2026-04-14 11:41:38,53.47923843,-2.24336904,10.65,45.818,51.403,1.21,315.0,14,39,,
T,2026-04-14 11:41:39,53.47924628,-2.24338459,10.6,47.272,51.403,1.19,316.0,14,39,,
T,2026-04-14 11:41:40,53.47925449,-2.24339794,10.66,47.593,51.403,1.19,319.0,16,40,,
T,2026-04-14 11:41:41,53.47926063,-2.24341496,10.71,47.069,51.403,1.31,295.0,16,40,,
T,2026-04-14 11:41:42,53.47927003,-2.24342628,10.69,46.941,51.403,1.27,317.0,16,40,,
T,2026-04-14 11:41:43,53.47927762,-2.24343879,10.64,46.417,51.403,1.22,305.0,16,40,,
T,2026-04-14 11:41:44,53.47928576,-2.24345089,10.7,45.991,51.403,1.2,316.0,15,40,,
T,2026-04-14 11:41:45,53.4792937,-2.24346272,10.68,45.918,51.403,1.18,316.0,15,40,,
T,2026-04-14 11:41:46,53.47930206,-2.24347352,10.62,46.276,51.403,1.17,318.0,13,40,,
T,2026-04-14 11:41:47,53.47930975,-2.24348559,10.58,46.117,51.403,1.17,312.0,13,40,,
T,2026-04-14 11:41:48,53.47931963,-2.24349947,10.58,45.959,51.403,1.17,319.0,13,40,,
T,2026-04-14 11:41:49,53.4793304,-2.24350845,10.58,45.859,51.403,1.18,314.0,13,40,,
T,2026-04-14 11:41:50,53.47934231,-2.24351891,10.64,45.771,51.403,1.23,335.0,13,40,,
T,2026-04-14 11:41:51,53.47935205,-2.24353252,10.63,46.149,51.403,1.18,320.0,13,40,,
T,2026-04-14 11:41:52,53.47936271,-2.24354767,10.63,46.867,51.403,1.13,323.0,13,40,,
T,2026-04-14 11:41:53,53.4793718,-2.24356255,10.65,46.693,51.403,1.13,318.0,15,40,,
T,2026-04-14 11:41:54,53.47938085,-2.24358004,10.79,46.555,51.403,1.13,320.0,16,40,,
T,2026-04-14 11:41:55,53.47938904,-2.24359522,10.8,46.521,51.403,1.13,317.0,16,41,,
T,2026-04-14 11:41:56,53.47939799,-2.24361059,10.8,46.272,51.403,1.12,318.0,16,41,,
T,2026-04-14 11:41:57,53.47940142,-2.24363478,10.66,44.517,51.403,1.12,301.0,16,41,,
T,2026-04-14 11:41:58,53.47940165,-2.24365889,10.94,44.401,51.403,1.2,282.0,17,41,,
T,2026-04-14 11:41:59,53.47940735,-2.24367734,10.9,44.937,51.403,1.17,304.0,17,40,,
T,2026-04-14 11:42:00,53.47941315,-2.24369406,10.92,45.168,51.404,1.1,320.0,16,40,,
T,2026-04-14 11:42:01,53.47941971,-2.24370809,10.86,45.434,51.404,1.09,314.0,16,39,,
T,2026-04-14 11:42:02,53.47942806,-2.24372113,10.85,45.252,51.404,1.17,320.0,20,39,,
T,2026-04-14 11:42:03,53.4794376,-2.24373172,10.79,44.918,51.404,1.13,327.0,22,38,,
T,2026-04-14 11:42:04,53.47944667,-2.24374292,10.84,44.843,51.404,1.11,321.0,22,37,,
T,2026-04-14 11:42:05,53.47945615,-2.24375729,10.85,44.612,51.404,1.26,318.0,22,38,,
T,2026-04-14 11:42:06,53.47946611,-2.24377189,10.9,45.006,51.404,1.3,320.0,24,37,,
T,2026-04-14 11:42:07,53.47947469,-2.24378584,10.93,45.292,51.404,1.16,316.0,24,37,,
T,2026-04-14 11:42:08,53.47948575,-2.24379834,11.0,45.725,51.404,1.26,326.0,24,37,,
T,2026-04-14 11:42:09,53.4794943,-2.24381403,11.09,46.024,51.404,1.27,307.0,23,37,,
T,2026-04-14 11:42:10,53.47950367,-2.24382673,11.05,46.328,51.404,1.16,320.0,22,38,,
T,2026-04-14 11:42:11,53.47951198,-2.24383954,10.97,46.54,51.404,1.16,320.0,24,40,,
T,2026-04-14 11:42:12,53.47952157,-2.24385021,10.83,47.408,51.404,1.18,323.0,24,40,,
T,2026-04-14 11:42:13,53.47953256,-2.24385776,10.83,48.209,51.404,1.18,329.0,24,41,,
T,2026-04-14 11:42:14,53.47953998,-2.24387346,10.79,48.537,51.404,1.27,305.0,25,41,,
T,2026-04-14 11:42:15,53.47954979,-2.2438861,10.98,49.067,51.404,1.28,330.0,26,41,,
T,2026-04-14 11:42:16,53.47954641,-2.24392679,11.0,48.993,51.404,2.68,265.0,26,41,,
T,2026-04-14 11:42:17,53.47953953,-2.24394675,10.77,49.02,51.404,1.22,248.0,25,41,,
T,2026-04-14 11:42:18,53.47955552,-2.24395837,10.63,49.756,51.404,1.4,300.0,25,41,,
T,2026-04-14 11:42:19,53.4795649,-2.24397574,10.83,49.819,51.404,1.39,305.0,25,40,,
T,2026-04-14 11:42:20,53.47957624,-2.24399054,10.67,49.761,51.404,1.42,320.0,22,40,,
T,2026-04-14 11:42:21,53.47958853,-2.24399732,10.56,49.541,51.404,1.32,344.0,20,38,,
T,2026-04-14 11:42:22,53.47959844,-2.24399883,10.52,48.967,51.404,1.17,357.0,19,38,,
T,2026-04-14 11:42:23,53.47960392,-2.24400312,10.56,48.711,51.404,0.69,357.0,19,38,,
T,2026-04-14 11:42:24,53.47961289,-2.24401257,10.76,49.006,51.404,1.0,341.0,21,38,,
T,2026-04-14 11:42:25,53.47962153,-2.24402777,10.56,49.523,51.404,0.79,340.0,22,38,,
T,2026-04-14 11:42:26,53.47962893,-2.24404595,10.61,49.995,51.404,0.93,318.0,21,39,,
T,2026-04-14 11:42:27,53.47963715,-2.2440682,10.73,49.083,51.404,1.16,311.0,21,39,,
T,2026-04-14 11:42:28,53.47964208,-2.24409156,10.78,49.454,51.404,0.99,303.0,22,39,,
T,2026-04-14 11:42:29,53.47964664,-2.24411042,10.77,50.424,51.404,0.91,302.0,26,39,,
T,2026-04-14 11:42:30,53.47965416,-2.24412703,10.73,51.855,51.404,1.13,329.0,28,39,,
T,2026-04-14 11:42:31,53.47966252,-2.24413686,10.61,52.075,51.404,0.95,335.0,31,39,,
T,2026-04-14 11:42:32,53.47966967,-2.24414577,10.57,51.686,51.404,0.94,333.0,32,38,,
T,2026-04-14 11:42:33,53.47967663,-2.24415721,10.69,52.14,51.404,1.06,314.0,31,38,,
T,2026-04-14 11:42:34,53.47968479,-2.2441675,10.84,51.654,51.404,1.09,325.0,29,38,,
T,2026-04-14 11:42:35,53.47969285,-2.24417499,10.98,50.243,51.404,0.96,329.0,26,38,,
T,2026-04-14 11:42:36,53.47969967,-2.24418445,10.81,48.551,51.404,0.94,325.0,24,38,,
T,2026-04-14 11:42:37,53.47970656,-2.24419537,10.7,49.133,51.405,0.97,316.0,20,38,,
T,2026-04-14 11:42:38,53.47971293,-2.2442263,10.52,48.991,51.405,1.06,304.0,20,37,,
T,2026-04-14 11:42:39,53.47972084,-2.24424419,10.67,48.754,51.405,1.08,321.0,20,37,,
T,2026-04-14 11:42:40,53.47972769,-2.24425953,10.78,48.785,51.405,1.06,312.0,20,37,,
T,2026-04-14 11:42:41,53.47973513,-2.24427242,10.84,48.221,51.405,1.06,314.0,19,37,,
T,2026-04-14 11:42:42,53.47974323,-2.2442837,10.95,48.188,51.405,1.07,317.0,16,38,,
T,2026-04-14 11:42:43,53.47975031,-2.24429528,11.06,47.924,51.405,1.07,312.0,17,38,,
T,2026-04-14 11:42:44,53.4797576,-2.2443067,11.13,47.201,51.405,1.09,302.0,17,38,,
T,2026-04-14 11:42:45,53.4797593,-2.24432087,10.86,48.655,51.405,1.04,304.0,15,38,,
T,2026-04-14 11:42:46,53.47976145,-2.24433476,10.61,49.277,51.405,1.03,300.0,15,38,,
T,2026-04-14 11:42:47,53.47976969,-2.2443496,10.51,49.066,51.405,1.11,314.0,14,38,,
T,2026-04-14 11:42:48,53.47977768,-2.24436206,10.52,48.66,51.405,1.07,316.0,15,37,,
T,2026-04-14 11:42:49,53.47978549,-2.24437449,10.33,48.554,51.405,1.07,309.0,15,38,,
T,2026-04-14 11:42:50,53.47979474,-2.24438792,10.44,48.525,51.405,1.07,300.0,15,37,,
T,2026-04-14 11:42:51,53.47980439,-2.24440606,10.34,48.623,51.405,1.12,295.0,14,37,,
T,2026-04-14 11:42:52,53.47981226,-2.24442321,10.25,49.12,51.405,1.11,293.0,14,37,,
T,2026-04-14 11:42:53,53.47982163,-2.2444381,10.16,49.272,51.405,1.16,305.0,12,38,,
T,2026-04-14 11:42:54,53.47982809,-2.24445741,9.94,49.546,51.405,1.15,285.0,13,39,,
T,2026-04-14 11:42:55,53.47983105,-2.24447729,9.94,49.929,51.405,1.17,278.0,11,39,,
T,2026-04-14 11:42:56,53.47983555,-2.24449585,9.94,49.607,51.405,1.19,288.0,11,39,,
T,2026-04-14 11:42:57,53.47984347,-2.24454029,10.28,51.256,51.405,1.32,308.0,12,38,,
T,2026-04-14 11:42:58,53.47985044,-2.24457169,10.31,50.627,51.405,1.3,297.0,13,38,,
T,2026-04-14 11:42:59,53.47985865,-2.24459382,10.42,50.473,51.405,1.3,307.0,14,38,,
T,2026-04-14 11:43:00,53.47986392,-2.24462103,10.42,50.849,51.405,1.32,295.0,15,38,,
T,2026-04-14 11:43:01,53.47987038,-2.24464369,10.43,51.327,51.405,1.34,295.0,16,39,,
T,2026-04-14 11:43:02,53.47987464,-2.24466356,10.38,51.407,51.405,1.34,289.0,16,38,,
T,2026-04-14 11:43:03,53.47988417,-2.24468129,10.37,51.388,51.405,1.42,306.0,18,38,,
T,2026-04-14 11:43:04,53.47989206,-2.24469914,10.32,51.381,51.405,1.36,298.0,16,38,,
T,2026-04-14 11:43:05,53.47989919,-2.24471615,10.26,51.463,51.406,1.35,298.0,16,38,,
T,2026-04-14 11:43:06,53.47990111,-2.24473993,10.26,51.677,51.406,1.35,285.0,17,38,,
T,2026-04-14 11:43:07,53.4799065,-2.2447074,10.06,47.645,51.405,1.15,288.0,17,38,,
T,2026-04-14 11:43:08,53.47991512,-2.2446993,10.19,47.817,51.405,1.24,303.0,21,38,,
T,2026-04-14 11:43:09,53.47992324,-2.24470362,10.37,47.763,51.405,1.2,307.0,21,37,,
T,2026-04-14 11:43:10,53.47992957,-2.24471426,10.62,47.907,51.406,1.21,299.0,22,38,,
T,2026-04-14 11:43:11,53.47993775,-2.24471178,10.42,47.436,51.406,1.2,311.0,22,37,,
T,2026-04-14 11:43:12,53.4799422,-2.24472205,10.44,47.418,51.406,1.22,298.0,23,37,,
T,2026-04-14 11:43:13,53.47995232,-2.2447328,10.48,46.606,51.406,1.24,308.0,23,38,,
T,2026-04-14 11:43:14,53.47995867,-2.24474044,10.48,46.562,51.406,1.15,309.0,21,38,,
T,2026-04-14 11:43:15,53.47996495,-2.24475357,10.56,46.46,51.406,1.2,303.0,19,38,,
T,2026-04-14 11:43:16,53.47997044,-2.24476669,10.57,46.597,51.406,1.14,301.0,19,37,,
T,2026-04-14 11:43:17,53.47997579,-2.24478444,10.59,46.507,51.406,1.22,299.0,19,37,,
T,2026-04-14 11:43:18,53.47998102,-2.24479747,10.63,46.915,51.406,1.12,306.0,19,37,,
T,2026-04-14 11:43:19,53.47998766,-2.2448117,10.69,47.205,51.406,1.15,309.0,20,37,,
T,2026-04-14 11:43:20,53.47999324,-2.24482745,10.74,47.393,51.406,1.14,301.0,19,37,,
T,2026-04-14 11:43:21,53.47999835,-2.24484219,10.75,46.079,51.406,1.1,292.0,19,37,,
T,2026-04-14 11:43:22,53.4800018,-2.24485592,10.79,45.522,51.406,1.12,287.0,19,38,,
T,2026-04-14 11:43:23,53.48000229,-2.24487575,10.84,45.914,51.406,1.15,284.0,19,38,,
T,2026-04-14 11:43:24,53.48000543,-2.2448911,10.87,46.169,51.406,1.12,299.0,19,38,,
T,2026-04-14 11:43:25,53.48000966,-2.24490555,10.89,45.878,51.406,1.11,296.0,18,37,,
T,2026-04-14 11:43:26,53.48001314,-2.24491973,11.01,45.812,51.406,1.14,297.0,18,37,,
T,2026-04-14 11:43:27,53.48001595,-2.24493305,11.01,45.627,51.406,1.09,294.0,19,37,,
T,2026-04-14 11:43:28,53.48002262,-2.24494586,10.86,45.789,51.406,1.28,311.0,19,37,,
T,2026-04-14 11:43:29,53.48002624,-2.24496251,11.01,46.039,51.406,1.14,295.0,19,37,,
T,2026-04-14 11:43:30,53.48002843,-2.24498058,10.98,45.437,51.406,1.16,287.0,19,37,,
T,2026-04-14 11:43:31,53.48002836,-2.24499581,11.06,46.347,51.406,1.06,273.0,20,37,,
T,2026-04-14 11:43:32,53.48003458,-2.24501069,10.99,46.654,51.406,1.37,308.0,20,37,,
T,2026-04-14 11:43:33,53.48004046,-2.24502411,11.0,47.045,51.406,1.18,303.0,20,37,,
T,2026-04-14 11:43:34,53.48004956,-2.24503495,10.93,46.918,51.406,1.25,314.0,20,37,,
T,2026-04-14 11:43:35,53.48005825,-2.24504412,10.96,47.877,51.406,1.15,312.0,20,37,,
T,2026-04-14 11:43:36,53.48006435,-2.24505502,10.96,47.48,51.406,1.15,300.0,20,37,,
T,2026-04-14 11:43:37,53.48006185,-2.24504786,10.91,48.828,51.406,0.69,238.0,20,36,,
T,2026-04-14 11:43:38,53.48005684,-2.2450492,10.89,51.361,51.406,1.04,232.0,19,36,,
T,2026-04-14 11:43:39,53.48005381,-2.24506046,10.89,51.745,51.406,0.78,258.0,19,38,,
T,2026-04-14 11:43:40,53.48005233,-2.24506852,10.95,52.329,51.406,0.52,257.0,19,37,,
T,2026-04-14 11:43:41,53.48005186,-2.24506807,10.95,52.32,51.406,0.0,,19,37,,
T,2026-04-14 11:43:42,53.48005189,-2.24506731,4.83,52.284,51.406,0.0,,19,38,,
T,2026-04-14 11:43:43,53.48005181,-2.24506632,4.97,52.216,51.406,0.0,,21,38,,
T,2026-04-14 11:43:44,53.4800519,-2.24506559,5.08,52.165,51.406,0.0,,22,38,,
T,2026-04-14 11:43:45,53.48005185,-2.24506625,5.22,52.28,51.406,0.0,,22,38,,
T,2026-04-14 11:43:46,53.48005183,-2.24506638,5.27,52.276,51.406,0.0,,22,39,,
T,2026-04-14 11:43:47,53.48005182,-2.24506535,5.37,52.153,51.406,0.0,,22,39,,
T,2026-04-14 11:43:48,53.48005179,-2.24506475,5.44,52.18,51.406,0.0,,22,39,,
T,2026-04-14 11:43:49,53.48005177,-2.24506442,5.52,52.196,51.406,0.0,,20,39,,
T,2026-04-14 11:43:50,53.48005176,-2.24506424,5.57,52.212,51.406,0.0,,20,39,,
T,2026-04-14 11:43:51,53.48005174,-2.24506418,5.55,52.217,51.406,0.0,,20,39,,
T,2026-04-14 11:43:52,53.48005171,-2.24506399,5.51,52.232,51.406,0.0,,20,38,,
T,2026-04-14 11:43:53,53.4800517,-2.24506395,5.5,52.232,51.406,0.0,,20,39,,
T,2026-04-14 11:43:54,53.48005158,-2.24506412,5.44,52.243,51.406,0.0,,19,39,,
T,2026-04-14 11:43:55,53.48004825,-2.24507225,5.88,51.547,51.406,1.03,238.0,19,39,,
T,2026-04-14 11:43:56,53.48004404,-2.24507925,6.46,49.049,51.406,1.42,235.0,21,38,,
T,2026-04-14 11:43:57,53.4800446,-2.24507915,4.84,47.765,51.406,1.31,261.0,20,38,,
T,2026-04-14 11:43:58,53.48003819,-2.24508296,4.85,47.211,51.406,1.27,235.0,22,37,,
T,2026-04-14 11:43:59,53.48003167,-2.24508447,4.29,45.824,51.406,1.19,231.0,23,37,,
T,2026-04-14 11:44:00,53.4800231,-2.24508945,4.04,45.1,51.406,1.3,221.0,23,37,,
T,2026-04-14 11:44:01,53.48001274,-2.24509516,3.83,45.404,51.406,1.21,218.0,23,37,,
T,2026-04-14 11:44:02,53.48000322,-2.24510058,3.79,44.901,51.406,1.22,216.0,23,37,,
T,2026-04-14 11:44:03,53.47999228,-2.24510626,3.79,44.4,51.406,1.32,208.0,22,37,,
T,2026-04-14 11:44:04,53.47998202,-2.2451158,3.8,44.943,51.406,1.33,216.0,22,38,,
T,2026-04-14 11:44:05,53.47997259,-2.24512609,3.9,45.479,51.406,1.23,221.0,21,38,,
T,2026-04-14 11:44:06,53.47996332,-2.24513496,4.03,45.202,51.406,1.16,224.0,21,39,,
T,2026-04-14 11:44:07,53.4799552,-2.24514416,4.19,45.385,51.406,1.13,223.0,21,39,,
T,2026-04-14 11:44:08,53.47994632,-2.24515552,4.35,45.704,51.406,1.18,230.0,21,39,,
T,2026-04-14 11:44:09,53.47993731,-2.24516557,4.56,45.94,51.406,1.17,218.0,20,39,,
T,2026-04-14 11:44:10,53.47993275,-2.24518175,4.14,45.961,51.406,1.21,241.0,21,37,,
T,2026-04-14 11:44:11,53.47993005,-2.24519727,3.84,46.621,51.406,1.09,248.0,21,38,,
T,2026-04-14 11:44:12,53.4799348,-2.2452123,3.79,44.394,51.406,1.36,299.0,23,39,,
T,2026-04-14 11:44:13,53.47991272,-2.24524552,3.79,43.272,51.406,4.27,222.0,24,39,,
T,2026-04-14 11:44:14,53.47989349,-2.24521903,3.79,42.454,51.406,2.95,151.0,25,39,,
T,2026-04-14 11:44:15,53.4799019,-2.24519157,3.79,41.209,51.406,0.0,,24,38,,
T,2026-04-14 11:44:16,53.47990843,-2.24517812,3.85,41.093,51.406,0.0,,24,38,,
T,2026-04-14 11:44:17,53.47991004,-2.24517439,3.98,41.046,51.406,0.0,,25,39,,
T,2026-04-14 11:44:18,53.47991253,-2.24517296,4.18,41.006,51.406,0.0,,25,39,,
T,2026-04-14 11:44:19,53.47991403,-2.24517183,4.03,40.994,51.406,0.0,,25,39,,
T,2026-04-14 11:44:20,53.47991214,-2.24516746,4.07,40.71,51.406,0.53,123.0,25,38,,
T,2026-04-14 11:44:21,53.47991025,-2.24516415,3.96,40.585,51.406,0.43,123.0,25,39,,
T,2026-04-14 11:44:22,53.47991316,-2.24516173,3.97,40.531,51.406,0.0,,25,39,,
T,2026-04-14 11:44:23,53.47991404,-2.24516088,3.79,40.531,51.406,0.0,,25,38,,
T,2026-04-14 11:44:24,53.47991425,-2.24516102,3.79,40.579,51.406,0.0,,23,38,,
T,2026-04-14 11:44:25,53.47991429,-2.24516112,3.79,40.591,51.406,0.0,,23,38,,
T,2026-04-14 11:44:26,53.47991409,-2.24515601,3.81,40.276,51.406,0.39,123.0,22,38,,
T,2026-04-14 11:44:27,53.47991446,-2.24515335,3.79,40.171,51.406,0.0,,21,38,,
T,2026-04-14 11:44:28,53.4799147,-2.24515284,3.87,40.218,51.406,0.0,,22,38,,
T,2026-04-14 11:44:29,53.47991485,-2.2451526,3.89,40.21,51.406,0.0,,22,38,,
T,2026-04-14 11:44:30,53.47991495,-2.24515242,3.95,40.205,51.406,0.0,,22,37,,
T,2026-04-14 11:44:31,53.47991497,-2.24515225,4.02,40.205,51.406,0.0,,22,37,,
T,2026-04-14 11:44:32,53.479915,-2.24515214,4.14,40.188,51.406,0.0,,22,37,,
T,2026-04-14 11:44:33,53.47991702,-2.24514919,3.97,39.716,51.406,0.21,123.0,21,37,,
T,2026-04-14 11:44:34,53.47991919,-2.24514862,3.97,39.708,51.406,0.0,,21,37,,
T,2026-04-14 11:44:35,53.47991971,-2.2451485,4.07,39.706,51.406,0.0,,21,37,,
T,2026-04-14 11:44:36,53.4799199,-2.24514832,4.06,39.724,51.406,0.0,,22,37,,
T,2026-04-14 11:44:37,53.47991996,-2.24514826,4.09,39.724,51.406,0.0,,23,37,,
T,2026-04-14 11:44:38,53.47992011,-2.24514803,4.09,39.717,51.406,0.0,,23,37,,
T,2026-04-14 11:44:39,53.47992029,-2.24514824,3.88,39.676,51.406,0.0,,24,37,,
T,2026-04-14 11:44:40,53.47992036,-2.24514831,3.79,39.664,51.406,0.0,,24,37,,
T,2026-04-14 11:44:41,53.47992026,-2.24514811,3.79,39.64,51.406,0.0,,24,37,,
T,2026-04-14 11:44:42,53.47992196,-2.24515303,3.79,39.689,51.406,0.43,123.0,24,37,,
T,2026-04-14 11:44:43,53.47992073,-2.24515886,3.79,39.74,51.406,0.42,123.0,23,37,,
T,2026-04-14 11:44:44,53.47991928,-2.24516593,3.79,39.791,51.406,0.46,123.0,23,37,,
T,2026-04-14 11:44:45,53.47991767,-2.24517036,3.79,39.975,51.406,0.38,123.0,22,37,,
T,2026-04-14 11:44:46,53.47991784,-2.2451693,3.84,39.939,51.406,0.0,,22,37,,
T,2026-04-14 11:44:47,53.47992024,-2.2451662,4.17,39.583,51.406,0.2,123.0,22,38,,
T,2026-04-14 11:44:48,53.47992282,-2.24516367,3.79,39.579,51.406,0.0,,22,38,,
T,2026-04-14 11:44:49,53.47992341,-2.24516312,3.79,39.575,51.406,0.0,,21,38,,
T,2026-04-14 11:44:50,53.47992357,-2.24516298,3.79,39.574,51.406,0.0,,21,38,,
T,2026-04-14 11:44:51,53.47992362,-2.24516295,3.79,39.573,51.406,0.0,,22,39,,
T,2026-04-14 11:44:52,53.47992377,-2.2451627,3.79,39.557,51.406,0.0,,23,40,,
T,2026-04-14 11:44:53,53.47992397,-2.24516248,3.79,39.543,51.406,0.0,,24,40,,
T,2026-04-14 11:44:54,53.47992443,-2.2451622,3.79,39.329,51.406,0.0,,24,40,,
T,2026-04-14 11:44:55,53.47992429,-2.24516245,3.79,39.34,51.406,0.0,,24,40,,
T,2026-04-14 11:44:56,53.47992428,-2.24516248,3.79,39.336,51.406,0.0,,24,40,,
T,2026-04-14 11:44:57,53.4799243,-2.24516249,3.79,39.333,51.406,0.0,,24,40,,
T,2026-04-14 11:44:58,53.47992431,-2.24516244,3.79,39.33,51.406,0.0,,24,40,,
T,2026-04-14 11:44:59,53.47992433,-2.24516241,3.79,39.328,51.406,0.0,,21,39,,
T,2026-04-14 11:45:00,53.47992435,-2.24516237,3.79,39.325,51.406,0.0,,21,39,,
T,2026-04-14 11:45:01,53.47992437,-2.24516237,3.79,39.322,51.406,0.0,,21,39,,
T,2026-04-14 11:45:02,53.4799245,-2.24516167,3.79,39.272,51.406,0.0,,21,38,,
T,2026-04-14 11:45:03,53.47992473,-2.2451611,3.79,39.21,51.406,0.0,,23,38,,
T,2026-04-14 11:45:04,53.47992482,-2.2451608,3.79,39.176,51.406,0.0,,23,38,,
T,2026-04-14 11:45:05,53.47992481,-2.24516078,3.79,39.192,51.406,0.0,,23,38,,
T,2026-04-14 11:45:06,53.47992487,-2.24516068,3.79,39.211,51.406,0.0,,23,37,,
T,2026-04-14 11:45:07,53.47992519,-2.24516049,3.79,39.181,51.406,0.0,,22,37,,
T,2026-04-14 11:45:08,53.47992531,-2.24516043,3.79,39.177,51.406,0.0,,23,37,,
T,2026-04-14 11:45:09,53.47992566,-2.24516026,3.79,39.148,51.406,0.0,,22,37,,
T,2026-04-14 11:45:10,53.47992601,-2.24516016,3.79,39.129,51.406,0.0,,24,38,,
T,2026-04-14 11:45:11,53.47992994,-2.24516983,3.79,38.733,51.406,0.78,320.0,24,38,,
T,2026-04-14 11:45:12,53.47993388,-2.24518193,3.79,38.852,51.406,0.73,291.0,24,37,,
T,2026-04-14 11:45:13,53.47993943,-2.24519841,3.79,38.889,51.406,1.06,296.0,24,38,,
T,2026-04-14 11:45:14,53.47994554,-2.2452162,3.79,39.005,51.406,0.99,297.0,25,39,,
T,2026-04-14 11:45:15,53.47992943,-2.24524561,3.79,40.406,51.406,3.02,224.0,28,40,,
T,2026-04-14 11:45:16,53.47992173,-2.24524689,3.79,41.23,51.406,1.14,267.0,27,40,,
T,2026-04-14 11:45:17,53.47993266,-2.24526892,3.79,40.995,51.407,1.07,296.0,27,40,,
T,2026-04-14 11:45:18,53.47993624,-2.24529223,3.79,41.401,51.407,1.03,273.0,26,40,,
T,2026-04-14 11:45:19,53.47993534,-2.24530972,3.79,41.031,51.407,0.97,257.0,26,40,,
T,2026-04-14 11:45:20,53.47993254,-2.24532305,3.94,40.839,51.407,0.94,251.0,26,40,,
T,2026-04-14 11:45:21,53.47992747,-2.24533365,4.08,40.834,51.407,0.95,238.0,25,40,,
T,2026-04-14 11:45:22,53.47992078,-2.24534255,4.16,41.055,51.407,0.94,227.0,25,39,,
T,2026-04-14 11:45:23,53.47991616,-2.24535204,4.27,41.264,51.407,0.88,240.0,24,39,,
T,2026-04-14 11:45:24,53.47991119,-2.24536193,4.42,41.589,51.407,0.93,239.0,22,39,,
T,2026-04-14 11:45:25,53.47990223,-2.24536936,4.49,41.713,51.407,1.07,210.0,20,38,,
T,2026-04-14 11:45:26,53.47989525,-2.2453793,4.64,41.919,51.407,1.0,227.0,20,38,,
T,2026-04-14 11:45:27,53.4798864,-2.24538356,4.85,41.503,51.407,1.02,204.0,18,38,,
T,2026-04-14 11:45:28,53.47987834,-2.24538943,4.78,40.692,51.407,0.95,209.0,17,38,,
T,2026-04-14 11:45:29,53.47987356,-2.24539702,4.73,40.233,51.407,1.04,230.0,18,38,,
T,2026-04-14 11:45:30,53.47986869,-2.24540488,4.69,40.404,51.407,0.96,234.0,18,38,,
T,2026-04-14 11:45:31,53.47986016,-2.2454098,4.78,40.426,51.407,0.99,216.0,19,38,,
T,2026-04-14 11:45:32,53.47985276,-2.2454158,5.06,40.196,51.407,0.95,224.0,19,38,,
T,2026-04-14 11:45:33,53.47984561,-2.24542414,5.23,40.055,51.407,0.99,225.0,19,38,,
T,2026-04-14 11:45:34,53.47983817,-2.24542984,5.47,40.064,51.407,0.99,212.0,19,38,,
T,2026-04-14 11:45:35,53.479832,-2.24543995,5.46,39.884,51.407,1.05,233.0,18,37,,
T,2026-04-14 11:45:36,53.4798273,-2.24545083,5.5,40.236,51.407,1.01,243.0,19,37,,
T,2026-04-14 11:45:37,53.47981776,-2.24545667,5.65,40.091,51.407,1.16,210.0,17,37,,
T,2026-04-14 11:45:38,53.47980929,-2.24546241,5.36,40.221,51.407,1.0,212.0,19,37,,
T,2026-04-14 11:45:39,53.47980077,-2.24546726,5.1,40.225,51.407,0.99,206.0,19,37,,
T,2026-04-14 11:45:40,53.47979272,-2.24547383,5.11,39.956,51.407,1.0,217.0,19,37,,
T,2026-04-14 11:45:41,53.47978409,-2.24548168,4.97,39.77,51.407,1.0,219.0,18,37,,
T,2026-04-14 11:45:42,53.47977703,-2.24549004,4.82,39.559,51.407,1.0,226.0,18,37,,
T,2026-04-14 11:45:43,53.47977021,-2.24550109,4.64,39.563,51.407,1.04,239.0,19,37,,
T,2026-04-14 11:45:44,53.47976219,-2.24550985,10.82,39.364,51.407,1.03,224.0,21,38,,
T,2026-04-14 11:45:45,53.47975502,-2.24552022,10.73,39.432,51.407,1.08,240.0,21,38,,
T,2026-04-14 11:45:46,53.47974371,-2.24552515,10.71,39.525,51.407,1.19,214.0,21,38,,
T,2026-04-14 11:45:47,53.47973219,-2.24552977,10.78,40.063,51.407,1.01,215.0,21,38,,
T,2026-04-14 11:45:48,53.47972096,-2.2455336,10.75,40.127,51.407,1.04,214.0,21,38,,
T,2026-04-14 11:45:49,53.4797107,-2.24554021,10.69,40.718,51.407,1.02,217.0,20,38,,
T,2026-04-14 11:45:50,53.47970131,-2.2455462,10.68,40.897,51.407,1.02,206.0,20,38,,
T,2026-04-14 11:45:51,53.47968927,-2.24555253,10.57,40.231,51.407,0.99,205.0,20,39,,
T,2026-04-14 11:45:52,53.47967682,-2.24556114,10.52,40.289,51.407,1.07,205.0,20,39,,
T,2026-04-14 11:45:53,53.47966499,-2.2455735,10.55,39.772,51.407,1.08,218.0,20,39,,
T,2026-04-14 11:45:54,53.4796531,-2.24558577,10.52,38.987,51.407,1.04,215.0,21,39,,
T,2026-04-14 11:45:55,53.47964166,-2.24559422,10.52,38.553,51.407,1.06,202.0,25,39,,
T,2026-04-14 11:45:56,53.47963052,-2.24560342,10.49,38.513,51.407,1.05,211.0,25,38,,
T,2026-04-14 11:45:57,53.47961831,-2.24560874,10.49,38.012,51.407,1.06,195.0,25,38,,
T,2026-04-14 11:45:58,53.47960628,-2.24561556,10.5,37.568,51.407,1.02,198.0,25,38,,
T,2026-04-14 11:45:59,53.47959443,-2.24561674,10.55,37.024,51.407,1.05,178.0,26,38,,
T,2026-04-14 11:46:00,53.47958385,-2.24562467,10.42,36.932,51.407,1.1,205.0,26,40,,
T,2026-04-14 11:46:01,53.47957175,-2.24561711,10.52,35.527,51.407,1.47,152.0,25,40,,
T,2026-04-14 11:46:02,53.47956047,-2.24562413,10.54,35.094,51.407,1.32,193.0,26,39,,
T,2026-04-14 11:46:03,53.47955273,-2.2456349,10.68,35.2,51.407,1.05,214.0,27,39,,
T,2026-04-14 11:46:04,53.47954508,-2.2456436,10.89,35.238,51.407,0.98,208.0,27,39,,
T,2026-04-14 11:46:05,53.47953629,-2.24564928,10.87,35.008,51.407,1.0,198.0,26,38,,
T,2026-04-14 11:46:06,53.4795275,-2.2456565,10.93,35.121,51.407,1.02,207.0,25,38,,
T,2026-04-14 11:46:07,53.47951807,-2.24566172,11.01,35.069,51.407,1.02,196.0,25,38,,
T,2026-04-14 11:46:08,53.47950837,-2.24566897,10.78,34.81,51.407,0.98,205.0,23,38,,
T,2026-04-14 11:46:09,53.47949934,-2.24567782,11.04,34.847,51.407,0.98,209.0,23,38,,
T,2026-04-14 11:46:10,53.47949209,-2.24569126,11.17,35.035,51.407,1.07,233.0,22,38,,
T,2026-04-14 11:46:11,53.4794831,-2.24569954,11.35,34.972,51.407,1.03,214.0,20,38,,
T,2026-04-14 11:46:12,53.4794756,-2.24571073,11.36,35.167,51.407,1.02,232.0,20,38,,
T,2026-04-14 11:46:13,53.47946371,-2.24571404,11.44,34.967,51.407,1.3,191.0,19,38,,
T,2026-04-14 11:46:14,53.47945495,-2.24572238,11.51,34.84,51.407,1.03,211.0,18,38,,
T,2026-04-14 11:46:15,53.4794473,-2.24572997,11.4,34.756,51.407,0.94,208.0,20,38,,
T,2026-04-14 11:46:16,53.47943688,-2.24573627,10.8,34.431,51.407,0.98,206.0,20,38,,
T,2026-04-14 11:46:17,53.47942729,-2.24574519,10.96,33.97,51.407,1.06,217.0,20,38,,
T,2026-04-14 11:46:18,53.47942027,-2.2457578,11.15,34.045,51.407,1.04,235.0,20,38,,
T,2026-04-14 11:46:19,53.47940414,-2.24575885,10.68,33.686,51.407,1.49,188.0,21,38,,
T,2026-04-14 11:46:20,53.47939427,-2.24576447,10.86,33.587,51.407,1.06,211.0,21,38,,
T,2026-04-14 11:46:21,53.47938536,-2.2457709,10.92,32.767,51.407,1.03,208.0,21,38,,
T,2026-04-14 11:46:22,53.47937667,-2.24577795,11.01,32.562,51.407,1.02,207.0,20,39,,
T,2026-04-14 11:46:23,53.47936705,-2.24578192,11.07,32.281,51.407,1.02,194.0,21,38,,
T,2026-04-14 11:46:24,53.47935783,-2.24578933,11.04,32.367,51.407,1.01,202.0,22,38,,
T,2026-04-14 11:46:25,53.47935023,-2.24579838,11.08,32.342,51.407,1.03,213.0,20,38,,
T,2026-04-14 11:46:26,53.47934138,-2.24580504,11.31,31.858,51.407,1.01,208.0,18,37,,
T,2026-04-14 11:46:27,53.47933271,-2.24581632,10.66,31.98,51.407,1.08,227.0,20,37,,
T,2026-04-14 11:46:28,53.47932101,-2.24582143,10.68,31.885,51.407,1.18,198.0,21,37,,
T,2026-04-14 11:46:29,53.47931082,-2.24582749,10.68,31.868,51.407,1.03,206.0,20,37,,
T,2026-04-14 11:46:30,53.47930086,-2.24583178,10.87,31.844,51.407,1.02,200.0,19,37,,
T,2026-04-14 11:46:31,53.47928943,-2.24583712,10.64,31.285,51.407,1.03,202.0,19,36,,
T,2026-04-14 11:46:32,53.47927863,-2.24584443,10.7,31.18,51.407,1.05,207.0,21,36,,
T,2026-04-14 11:46:33,53.47926867,-2.24584945,10.65,31.094,51.407,1.05,199.0,21,36,,
T,2026-04-14 11:46:34,53.47925598,-2.24585379,10.68,30.752,51.407,1.11,201.0,20,36,,
T,2026-04-14 11:46:35,53.47924348,-2.24586043,10.77,30.841,51.407,1.05,202.0,20,36,,
T,2026-04-14 11:46:36,53.47923231,-2.24586978,10.83,30.622,51.407,1.08,208.0,23,36,,
T,2026-04-14 11:46:37,53.47922116,-2.24587832,10.88,30.499,51.407,1.07,206.0,23,36,,
T,2026-04-14 11:46:38,53.47921177,-2.2458886,10.77,29.997,51.407,1.08,215.0,24,36,,
T,2026-04-14 11:46:39,53.4792021,-2.24589615,10.7,29.429,51.407,1.08,210.0,24,35,,
T,2026-04-14 11:46:40,53.47919098,-2.2459019,10.7,28.707,51.408,1.11,195.0,24,35,,
T,2026-04-14 11:46:41,53.47918107,-2.2459094,10.63,28.613,51.408,1.09,205.0,23,35,,
T,2026-04-14 11:46:42,53.47917218,-2.24591855,10.64,28.474,51.408,1.09,215.0,21,35,,
T,2026-04-14 11:46:43,53.47916021,-2.2459235,10.61,28.24,51.408,1.13,197.0,21,35,,
T,2026-04-14 11:46:44,53.47914911,-2.24592393,10.49,27.884,51.408,1.11,183.0,19,35,,
T,2026-04-14 11:46:45,53.47913802,-2.24592613,10.53,28.38,51.408,1.04,185.0,19,34,,
T,2026-04-14 11:46:46,53.47912697,-2.24592772,10.56,28.451,51.408,1.06,185.0,24,34,,
T,2026-04-14 11:46:47,53.47911465,-2.24592818,10.54,28.676,51.408,1.07,175.0,24,35,,
T,2026-04-14 11:46:48,53.47910239,-2.24592793,10.47,28.821,51.408,1.09,174.0,24,35,,
T,2026-04-14 11:46:49,53.47909227,-2.24592766,10.18,29.265,51.408,1.05,170.0,25,35,,
T,2026-04-14 11:46:50,53.4790819,-2.2459255,9.94,28.932,51.408,1.04,167.0,25,35,,
T,2026-04-14 11:46:51,53.47907309,-2.24591871,9.94,28.716,51.408,1.07,150.0,26,35,,
T,2026-04-14 11:46:52,53.47906251,-2.24591753,9.94,28.48,51.408,1.12,168.0,25,35,,
T,2026-04-14 11:46:53,53.47905271,-2.24590712,9.94,28.489,51.407,1.13,144.0,25,35,,
T,2026-04-14 11:46:54,53.47904389,-2.2459008,9.94,28.906,51.407,1.04,151.0,25,35,,
T,2026-04-14 11:46:55,53.47903633,-2.24589477,9.94,29.25,51.407,1.01,149.0,25,35,,
T,2026-04-14 11:46:56,53.47902982,-2.24588337,9.94,29.866,51.407,1.04,136.0,23,35,,
T,2026-04-14 11:46:57,53.47902343,-2.24587406,9.94,30.6,51.407,1.0,133.0,24,35,,
T,2026-04-14 11:46:58,53.47901587,-2.24586605,9.94,31.102,51.407,1.01,148.0,24,36,,
T,2026-04-14 11:46:59,53.4790082,-2.24585818,9.94,31.244,51.407,0.97,151.0,22,36,,
T,2026-04-14 11:47:00,53.47900254,-2.24584467,9.94,31.106,51.407,1.08,125.0,22,36,,
T,2026-04-14 11:47:01,53.47899802,-2.24583088,9.94,31.058,51.407,1.0,117.0,22,36,,
T,2026-04-14 11:47:02,53.47899326,-2.24581708,9.94,31.025,51.407,0.99,120.0,23,36,,
T,2026-04-14 11:47:03,53.47898873,-2.24580478,9.94,31.427,51.407,1.01,119.0,23,36,,
T,2026-04-14 11:47:04,53.47898435,-2.24579175,10.08,31.362,51.407,1.02,119.0,22,36,,
T,2026-04-14 11:47:05,53.47897976,-2.2457793,10.1,31.954,51.407,1.02,124.0,22,36,,
T,2026-04-14 11:47:06,53.4789759,-2.24576537,10.13,31.804,51.407,1.04,117.0,21,37,,
T,2026-04-14 11:47:07,53.47897346,-2.24574996,10.27,31.591,51.407,1.05,107.0,21,37,,
T,2026-04-14 11:47:08,53.47897117,-2.24573301,10.29,31.742,51.407,1.04,104.0,20,37,,
T,2026-04-14 11:47:09,53.47896882,-2.24571664,10.32,31.27,51.407,1.04,106.0,24,38,,
T,2026-04-14 11:47:10,53.47896661,-2.24570075,10.32,30.758,51.407,1.09,97.0,23,38,,
T,2026-04-14 11:47:11,53.47896535,-2.24567966,10.37,30.457,51.407,1.05,98.0,23,38,,
T,2026-04-14 11:47:12,53.47896076,-2.24566198,10.41,29.868,51.407,1.11,116.0,22,38,,
T,2026-04-14 11:47:13,53.47895749,-2.24564105,10.43,29.616,51.407,1.06,113.0,19,38,,
T,2026-04-14 11:47:14,53.47895458,-2.24562099,10.45,29.291,51.407,1.06,112.0,19,38,,
T,2026-04-14 11:47:15,53.47895255,-2.24560014,10.44,29.214,51.407,1.05,111.0,16,38,,
T,2026-04-14 11:47:16,53.47894923,-2.24558236,10.46,29.41,51.407,1.06,115.0,14,38,,
T,2026-04-14 11:47:17,53.47894571,-2.24556222,10.45,30.155,51.407,1.07,117.0,15,38,,
T,2026-04-14 11:47:18,53.47894375,-2.24553974,10.42,30.664,51.407,1.08,107.0,14,38,,
T,2026-04-14 11:47:19,53.47894318,-2.24551762,10.41,30.748,51.407,1.04,109.0,14,38,,
T,2026-04-14 11:47:20,53.47894179,-2.24549872,10.41,30.643,51.407,1.06,109.0,14,37,,
T,2026-04-14 11:47:21,53.4789423,-2.24547974,10.44,30.504,51.407,1.09,96.0,13,37,,
T,2026-04-14 11:47:22,53.47894186,-2.24546164,10.44,29.948,51.407,1.06,96.0,14,38,,
T,2026-04-14 11:47:23,53.47894057,-2.24544293,10.46,29.596,51.407,1.05,100.0,15,38,,
T,2026-04-14 11:47:24,53.47894104,-2.24542526,10.46,29.919,51.407,1.06,88.0,15,38,,
T,2026-04-14 11:47:25,53.47894083,-2.24540761,10.43,30.29,51.407,1.04,94.0,16,38,,
T,2026-04-14 11:47:26,53.47894055,-2.24539062,10.37,30.104,51.407,1.02,96.0,15,38,,
T,2026-04-14 11:47:27,53.47893764,-2.24537296,10.31,29.953,51.406,1.04,107.0,15,37,,
T,2026-04-14 11:47:28,53.47892851,-2.24535884,10.26,29.361,51.406,1.15,141.0,15,37,,
T,2026-04-14 11:47:29,53.47892102,-2.2453457,10.22,29.206,51.406,1.05,128.0,13,37,,
T,2026-04-14 11:47:30,53.47891206,-2.24533591,10.2,28.647,51.406,1.06,144.0,12,37,,
T,2026-04-14 11:47:31,53.47889949,-2.24533289,10.14,26.546,51.406,1.25,177.0,13,37,,
T,2026-04-14 11:47:32,53.47889056,-2.24532334,10.09,27.235,51.406,1.09,149.0,14,38,,
T,2026-04-14 11:47:33,53.4788805,-2.24531879,10.03,26.528,51.406,1.05,166.0,13,37,,
T,2026-04-14 11:47:34,53.47887191,-2.24531441,9.95,26.685,51.406,1.01,166.0,12,37,,
T,2026-04-14 11:47:35,53.47886322,-2.24531222,9.94,26.895,51.406,1.01,174.0,12,37,,
T,2026-04-14 11:47:36,53.47885423,-2.24531085,9.94,26.604,51.406,1.02,177.0,13,37,,
T,2026-04-14 11:47:37,53.47884554,-2.2453076,9.94,26.289,51.406,1.02,172.0,13,37,,
T,2026-04-14 11:47:38,53.47883617,-2.24530413,9.94,26.236,51.406,1.03,173.0,13,37,,
T,2026-04-14 11:47:39,53.47882599,-2.24530139,9.94,25.39,51.406,1.05,176.0,13,37,,
T,2026-04-14 11:47:40,53.47881641,-2.24529647,9.94,25.225,51.406,1.06,169.0,13,37,,
T,2026-04-14 11:47:41,53.47880761,-2.24528924,9.94,25.659,51.406,1.07,160.0,14,37,,
T,2026-04-14 11:47:42,53.47879875,-2.24528294,9.94,26.524,51.406,1.06,162.0,13,36,,
T,2026-04-14 11:47:43,53.47878934,-2.24527622,9.94,26.332,51.406,1.08,157.0,14,36,,
T,2026-04-14 11:47:44,53.47877983,-2.24526831,9.94,27.16,51.406,1.07,151.0,15,36,,
T,2026-04-14 11:47:45,53.47876959,-2.24526193,9.94,27.433,51.406,1.09,160.0,15,35,,
T,2026-04-14 11:47:46,53.47875945,-2.24525407,9.94,28.137,51.406,1.09,162.0,17,35,,
T,2026-04-14 11:47:47,53.47875004,-2.24524129,9.94,27.962,51.406,1.16,143.0,16,35,,
T,2026-04-14 11:47:48,53.47874028,-2.24523204,9.94,27.344,51.406,1.11,152.0,16,36,,
T,2026-04-14 11:47:49,53.47872968,-2.24522188,9.94,27.504,51.406,1.07,150.0,16,36,,
T,2026-04-14 11:47:50,53.47872171,-2.24520943,9.94,27.24,51.406,1.11,138.0,18,36,,
T,2026-04-14 11:47:51,53.47871326,-2.245196,9.94,28.152,51.406,1.1,136.0,18,36,,
T,2026-04-14 11:47:52,53.4787046,-2.24518121,9.94,28.09,51.406,1.1,134.0,19,35,,
T,2026-04-14 11:47:53,53.47869556,-2.24516848,9.94,28.21,51.406,1.1,141.0,18,35,,
T,2026-04-14 11:47:54,53.47868494,-2.24516434,9.94,29.019,51.406,1.16,163.0,16,35,,
T,2026-04-14 11:47:55,53.47867445,-2.24516598,9.94,29.149,51.406,1.11,179.0,15,35,,
T,2026-04-14 11:47:56,53.47866447,-2.24517029,9.94,29.484,51.406,1.09,187.0,15,35,,
T,2026-04-14 11:47:57,53.47865474,-2.24517498,9.94,31.064,51.406,1.08,191.0,18,35,,
T,2026-04-14 11:47:58,53.47864578,-2.24518262,9.94,32.136,51.406,1.1,205.0,18,35,,
T,2026-04-14 11:47:59,53.47863694,-2.24518953,9.94,32.217,51.406,1.07,199.0,20,35,,
T,2026-04-14 11:48:00,53.47862874,-2.24519877,9.94,32.7,51.406,1.07,215.0,21,34,,
T,2026-04-14 11:48:01,53.47861817,-2.24519926,9.94,32.935,51.406,1.15,189.0,23,34,,
T,2026-04-14 11:48:02,53.47860752,-2.2451943,9.94,33.351,51.406,1.03,173.0,23,34,,
T,2026-04-14 11:48:03,53.47859623,-2.24519571,9.94,33.091,51.406,1.14,199.0,22,34,,
T,2026-04-14 11:48:04,53.47858581,-2.24520041,9.94,33.547,51.406,1.08,217.0,21,34,,
T,2026-04-14 11:48:05,53.47857503,-2.2452025,9.94,32.942,51.406,1.01,210.0,19,34,,
T,2026-04-14 11:48:06,53.47856267,-2.24519867,9.98,32.7,51.406,1.19,181.0,21,34,,
T,2026-04-14 11:48:07,53.47855248,-2.24519434,10.05,32.786,51.406,1.05,175.0,21,34,,
T,2026-04-14 11:48:08,53.47854126,-2.24518592,10.04,32.536,51.406,1.05,168.0,21,36,,
T,2026-04-14 11:48:09,53.47853016,-2.24517733,10.05,31.76,51.406,1.06,160.0,21,36,,
T,2026-04-14 11:48:10,53.47851772,-2.24518048,10.09,30.798,51.406,1.24,191.0,22,36,,
T,2026-04-14 11:48:11,53.47850502,-2.24517965,9.94,30.778,51.406,1.09,181.0,24,36,,
T,2026-04-14 11:48:12,53.47849334,-2.24517523,9.94,31.08,51.406,1.14,163.0,22,36,,
T,2026-04-14 11:48:13,53.47848004,-2.24518006,10.03,31.87,51.406,1.3,198.0,21,36,,
T,2026-04-14 11:48:14,53.47846929,-2.24518262,10.01,32.07,51.406,1.09,192.0,22,36,,
T,2026-04-14 11:48:15,53.47845787,-2.2451793,10.0,31.735,51.406,1.12,177.0,23,36,,
T,2026-04-14 11:48:16,53.47844813,-2.24517838,9.94,31.168,51.406,1.11,186.0,24,36,,
T,2026-04-14 11:48:17,53.47843927,-2.24518336,9.96,30.233,51.406,1.1,199.0,23,36,,
T,2026-04-14 11:48:18,53.478429,-2.24518467,10.01,30.56,51.406,1.06,187.0,23,36,,
T,2026-04-14 11:48:19,53.47841747,-2.24518161,10.01,31.396,51.406,1.04,175.0,23,36,,
T,2026-04-14 11:48:20,53.47840535,-2.24518308,10.04,31.627,51.406,1.11,197.0,23,37,,
T,2026-04-14 11:48:21,53.47839471,-2.24518318,10.23,31.575,51.406,1.05,187.0,23,37,,
T,2026-04-14 11:48:22,53.47838499,-2.2451857,10.36,31.71,51.406,1.03,192.0,23,37,,
T,2026-04-14 11:48:23,53.47837481,-2.24518754,10.31,31.52,51.406,1.01,191.0,23,37,,
T,2026-04-14 11:48:24,53.47836489,-2.24519069,10.3,31.167,51.406,1.03,195.0,22,38,,
T,2026-04-14 11:48:25,53.47835512,-2.24519962,10.26,30.755,51.406,1.11,218.0,23,38,,
T,2026-04-14 11:48:26,53.47834383,-2.24520446,10.27,30.445,51.406,1.05,205.0,22,38,,
T,2026-04-14 11:48:27,53.47833334,-2.24521131,10.3,30.773,51.406,1.07,219.0,21,38,,
T,2026-04-14 11:48:28,53.47832074,-2.24521194,10.3,30.336,51.406,1.2,191.0,23,38,,
T,2026-04-14 11:48:29,53.47830983,-2.245212,10.3,29.975,51.406,1.06,192.0,22,37,,
T,2026-04-14 11:48:30,53.4782995,-2.24521426,10.23,29.496,51.406,1.07,191.0,21,37,,
T,2026-04-14 11:48:31,53.47828929,-2.24521705,10.32,29.585,51.406,1.06,191.0,20,37,,
T,2026-04-14 11:48:32,53.47827947,-2.24522155,10.33,29.953,51.406,1.06,195.0,20,37,,
T,2026-04-14 11:48:33,53.47827042,-2.24522929,10.29,30.601,51.406,1.12,212.0,20,37,,
T,2026-04-14 11:48:34,53.47826005,-2.24523154,10.44,31.068,51.406,1.13,192.0,18,37,,
T,2026-04-14 11:48:35,53.47824998,-2.24523365,10.44,31.322,51.406,1.06,194.0,18,37,,
T,2026-04-14 11:48:36,53.4782406,-2.24523642,10.39,30.943,51.406,1.06,192.0,19,37,,
T,2026-04-14 11:48:37,53.47823112,-2.24524029,10.38,31.558,51.406,1.07,196.0,19,37,,
T,2026-04-14 11:48:38,53.47822131,-2.24524403,10.43,32.238,51.406,1.08,195.0,19,37,,
T,2026-04-14 11:48:39,53.47821139,-2.24524758,10.48,32.837,51.406,1.08,195.0,19,37,,
T,2026-04-14 11:48:40,53.47820164,-2.24525209,10.45,32.957,51.406,1.09,197.0,19,37,,
T,2026-04-14 11:48:41,53.47819163,-2.24525566,10.48,32.892,51.406,1.1,191.0,18,37,,
T,2026-04-14 11:48:42,53.47818146,-2.24526069,10.43,33.012,51.406,1.11,195.0,15,37,,
T,2026-04-14 11:48:43,53.47817106,-2.2452642,10.38,33.389,51.406,1.12,187.0,15,37,,
T,2026-04-14 11:48:44,53.47816107,-2.24526914,10.22,33.93,51.406,1.13,195.0,16,37,,
T,2026-04-14 11:48:45,53.47815126,-2.2452737,10.12,34.264,51.406,1.11,195.0,17,36,,
T,2026-04-14 11:48:46,53.47814115,-2.24527773,10.15,34.49,51.406,1.11,192.0,17,36,,
T,2026-04-14 11:48:47,53.47813102,-2.24528241,10.31,34.952,51.406,1.11,193.0,17,36,,
T,2026-04-14 11:48:48,53.47812086,-2.24528677,10.46,35.062,51.406,1.13,191.0,17,36,,
T,2026-04-14 11:48:49,53.47810978,-2.24527959,10.24,34.805,51.406,1.14,174.0,19,36,,
T,2026-04-14 11:48:50,53.47809908,-2.24527618,10.25,35.127,51.406,1.14,171.0,20,36,,
T,2026-04-14 11:48:51,53.47808851,-2.24527523,10.17,35.13,51.406,1.14,177.0,20,36,,
T,2026-04-14 11:48:52,53.47807579,-2.245272,10.4,35.244,51.406,1.14,175.0,20,37,,
T,2026-04-14 11:48:53,53.478064,-2.24527569,10.33,35.648,51.406,1.15,186.0,22,37,,
T,2026-04-14 11:48:54,53.47805089,-2.24528117,10.33,35.901,51.406,1.13,188.0,22,37,,
T,2026-04-14 11:48:55,53.47803873,-2.24528381,10.34,35.86,51.406,1.14,188.0,21,37,,
T,2026-04-14 11:48:56,53.47802737,-2.24528543,10.29,35.656,51.406,1.13,187.0,20,37,,
T,2026-04-14 11:48:57,53.47801699,-2.24528637,10.27,34.5,51.406,1.14,188.0,19,37,,
T,2026-04-14 11:48:58,53.47800666,-2.24528349,10.16,33.247,51.406,1.15,186.0,20,37,,
T,2026-04-14 11:48:59,53.47799691,-2.24528194,10.19,32.749,51.406,1.15,187.0,18,37,,
T,2026-04-14 11:49:00,53.47798709,-2.24528129,10.06,32.025,51.406,1.15,187.0,18,37,,
T,2026-04-14 11:49:01,53.4779766,-2.24528022,10.01,31.707,51.406,1.15,177.0,17,37,,
T,2026-04-14 11:49:02,53.4779657,-2.24527869,10.01,30.727,51.406,1.14,176.0,14,37,,
T,2026-04-14 11:49:03,53.47795694,-2.24527116,9.99,30.093,51.406,1.15,168.0,14,37,,
T,2026-04-14 11:49:04,53.47794643,-2.24526435,9.99,29.077,51.406,1.14,168.0,13,37,,
T,2026-04-14 11:49:05,53.47793677,-2.24525846,9.97,28.751,51.406,1.15,177.0,13,37,,
T,2026-04-14 11:49:06,53.47792739,-2.24525691,9.99,28.836,51.406,1.14,180.0,14,38,,
T,2026-04-14 11:49:07,53.47791732,-2.24524925,10.0,28.358,51.406,1.24,157.0,16,38,,
T,2026-04-14 11:49:08,53.47790937,-2.24524087,10.02,27.682,51.406,1.14,164.0,16,38,,
T,2026-04-14 11:49:09,53.4779014,-2.24523403,10.05,27.888,51.406,1.14,163.0,17,38,,
T,2026-04-14 11:49:10,53.47789175,-2.24522604,10.08,27.654,51.406,1.14,159.0,16,37,,
T,2026-04-14 11:49:11,53.47788226,-2.24521733,10.07,27.634,51.406,1.15,153.0,14,37,,
T,2026-04-14 11:49:12,53.47787398,-2.24520432,10.14,27.592,51.406,1.17,139.0,14,37,,
T,2026-04-14 11:49:13,53.47786717,-2.24518738,10.16,26.437,51.406,1.15,127.0,16,37,,
T,2026-04-14 11:49:14,53.47786454,-2.2451661,10.18,25.375,51.406,1.19,112.0,20,37,,
T,2026-04-14 11:49:15,53.47786116,-2.24514005,10.18,25.298,51.406,1.13,110.0,20,37,,
T,2026-04-14 11:49:16,53.47785635,-2.24510608,10.13,25.275,51.406,1.14,101.0,20,37,,
T,2026-04-14 11:49:17,53.47785194,-2.24507409,10.13,25.385,51.406,1.11,96.0,20,37,,
T,2026-04-14 11:49:18,53.47784264,-2.24503906,10.16,24.954,51.406,1.2,116.0,20,37,,
T,2026-04-14 11:49:19,53.47784821,-2.2450039,10.11,24.288,51.406,2.69,48.0,18,37,,
T,2026-04-14 11:49:20,53.47786554,-2.24501491,10.12,23.867,51.406,1.83,338.0,16,37,,
T,2026-04-14 11:49:21,53.47788383,-2.24501867,10.08,23.771,51.406,0.0,,17,37,,
T,2026-04-14 11:49:22,53.47789279,-2.24502321,10.87,24.285,51.406,1.19,343.0,19,37,,
T,2026-04-14 11:49:23,53.4778976,-2.24500215,11.57,22.673,51.406,1.14,2.0,18,35,,
T,2026-04-14 11:49:24,53.47790841,-2.24498099,10.78,21.198,51.406,1.49,46.0,19,35,,
T,2026-04-14 11:49:25,53.47791946,-2.24495084,12.04,20.349,51.405,1.7,55.0,20,35,,
T,2026-04-14 11:49:26,53.47791858,-2.24492342,10.79,20.868,51.405,1.38,84.0,22,35,,
T,2026-04-14 11:49:27,53.47791588,-2.2449029,10.76,21.293,51.405,1.22,94.0,23,35,,
T,2026-04-14 11:49:28,53.47791309,-2.24488487,10.85,21.298,51.405,1.18,96.0,23,35,,
T,2026-04-14 11:49:29,53.47790945,-2.2448663,10.64,22.322,51.405,1.18,105.0,23,35,,
T,2026-04-14 11:49:30,53.47790885,-2.24484877,10.65,22.563,51.405,1.25,84.0,22,35,,
T,2026-04-14 11:49:31,53.477908,-2.24483216,11.09,22.982,51.405,1.17,87.0,22,35,,
T,2026-04-14 11:49:32,53.47790532,-2.24478866,10.39,26.286,51.405,1.32,107.0,21,35,,
T,2026-04-14 11:49:33,53.47790074,-2.24474646,10.18,30.067,51.405,1.2,99.0,20,35,,
T,2026-04-14 11:49:34,53.47789625,-2.24471345,10.18,30.872,51.405,1.18,101.0,20,35,,
T,2026-04-14 11:49:35,53.47789264,-2.24468917,10.27,30.94,51.405,1.19,101.0,22,35,,
T,2026-04-14 11:49:36,53.47788932,-2.24466858,10.35,30.906,51.405,1.19,103.0,24,35,,
T,2026-04-14 11:49:37,53.47788323,-2.24464961,10.33,30.659,51.405,1.18,107.0,24,35,,
T,2026-04-14 11:49:38,53.47787953,-2.24463145,10.36,30.707,51.405,1.17,102.0,25,35,,
T,2026-04-14 11:49:39,53.47787276,-2.24461524,10.27,30.371,51.405,1.15,111.0,25,35,,
T,2026-04-14 11:49:40,53.47786445,-2.24459347,10.14,30.794,51.405,1.15,112.0,24,35,,
T,2026-04-14 11:49:41,53.47785472,-2.24457926,10.15,31.047,51.405,1.2,113.0,23,35,,
T,2026-04-14 11:49:42,53.47784988,-2.24456277,10.25,31.535,51.405,1.2,100.0,25,34,,
T,2026-04-14 11:49:43,53.47785154,-2.24454218,10.32,32.265,51.405,1.25,79.0,25,34,,
T,2026-04-14 11:49:44,53.47785242,-2.2445226,10.37,33.001,51.405,1.15,85.0,25,34,,
T,2026-04-14 11:49:45,53.47784969,-2.24450188,10.29,34.321,51.405,1.18,95.0,25,36,,
T,2026-04-14 11:49:46,53.47784369,-2.24448083,10.24,35.332,51.405,1.14,97.0,25,36,,
T,2026-04-14 11:49:47,53.4778416,-2.24446131,10.28,35.782,51.405,1.18,85.0,26,36,,
T,2026-04-14 11:49:48,53.47783528,-2.24444221,10.33,35.857,51.405,1.3,113.0,26,36,,
T,2026-04-14 11:49:49,53.4778292,-2.24442596,10.4,36.408,51.404,1.14,115.0,26,37,,
T,2026-04-14 11:49:50,53.47782494,-2.24440869,10.47,37.16,51.404,1.19,107.0,26,37,,
T,2026-04-14 11:49:51,53.47781865,-2.24439289,10.58,37.463,51.404,1.19,120.0,25,37,,
T,2026-04-14 11:49:52,53.47781291,-2.24437752,10.56,37.549,51.404,1.17,117.0,24,37,,
T,2026-04-14 11:49:53,53.47780097,-2.24436446,10.61,36.517,51.404,1.18,129.0,22,37,,
T,2026-04-14 11:49:54,53.47778779,-2.24435344,10.53,35.559,51.404,1.17,136.0,22,37,,
T,2026-04-14 11:49:55,53.47777315,-2.24434429,5.25,34.663,51.404,1.18,143.0,22,37,,
T,2026-04-14 11:49:56,53.47775752,-2.24433413,4.73,33.151,51.404,1.17,142.0,22,37,,
T,2026-04-14 11:49:57,53.47774669,-2.24431887,4.66,32.245,51.404,1.18,135.0,24,37,,
T,2026-04-14 11:49:58,53.47773405,-2.24430496,4.29,30.812,51.404,1.2,134.0,25,37,,
T,2026-04-14 11:49:59,53.47772105,-2.24429242,4.42,29.391,51.404,1.19,144.0,25,37,,
T,2026-04-14 11:50:00,53.47771036,-2.24427981,4.82,28.875,51.404,1.18,139.0,25,37,,
T,2026-04-14 11:50:01,53.47770162,-2.24426517,5.04,28.151,51.404,1.18,131.0,23,37,,
T,2026-04-14 11:50:02,53.47769339,-2.24425016,5.18,27.243,51.404,1.16,127.0,23,37,,
T,2026-04-14 11:50:03,53.47768391,-2.24423695,5.01,27.309,51.404,1.17,135.0,24,37,,
T,2026-04-14 11:50:04,53.47767558,-2.24422362,5.18,27.155,51.404,1.16,131.0,25,37,,
T,2026-04-14 11:50:05,53.47766796,-2.24420695,5.14,26.768,51.404,1.16,124.0,25,37,,
T,2026-04-14 11:50:06,53.47765807,-2.24419434,5.35,26.428,51.404,1.25,144.0,25,37,,
T,2026-04-14 11:50:07,53.47764899,-2.24418086,5.58,25.774,51.404,1.19,131.0,24,37,,
T,2026-04-14 11:50:08,53.47764304,-2.24416417,5.64,25.371,51.404,1.16,125.0,24,37,,
T,2026-04-14 11:50:09,53.47763659,-2.24414788,5.05,24.834,51.404,1.19,129.0,23,37,,
T,2026-04-14 11:50:10,53.4776297,-2.24413256,4.97,24.763,51.404,1.16,130.0,22,37,,
T,2026-04-14 11:50:11,53.47762303,-2.2441176,4.87,24.63,51.404,1.15,127.0,21,37,,
T,2026-04-14 11:50:12,53.4776165,-2.24410189,4.67,24.155,51.404,1.15,121.0,18,38,,
T,2026-04-14 11:50:13,53.47760985,-2.24408636,4.34,23.637,51.404,1.15,122.0,19,38,,
T,2026-04-14 11:50:14,53.47760295,-2.24407195,4.28,23.376,51.404,1.15,122.0,20,38,,
T,2026-04-14 11:50:15,53.47759552,-2.24405834,4.42,23.101,51.404,1.15,129.0,20,37,,
T,2026-04-14 11:50:16,53.47758671,-2.24404614,4.62,23.005,51.404,1.14,130.0,20,36,,
T,2026-04-14 11:50:17,53.47757904,-2.2440325,4.68,22.608,51.404,1.14,129.0,20,36,,
T,2026-04-14 11:50:18,53.47757299,-2.24401746,4.99,22.352,51.404,1.15,123.0,18,36,,
T,2026-04-14 11:50:19,53.47756764,-2.24400137,5.29,21.861,51.404,1.14,121.0,18,36,,
T,2026-04-14 11:50:20,53.47755951,-2.2439884,4.78,21.988,51.404,1.16,133.0,18,36,,
T,2026-04-14 11:50:21,53.47755083,-2.24397674,5.18,21.994,51.404,1.13,135.0,17,36,,
T,2026-04-14 11:50:22,53.47754521,-2.24396138,5.6,21.767,51.404,1.13,125.0,18,37,,
T,2026-04-14 11:50:23,53.47753929,-2.24394685,6.02,21.756,51.404,1.1,124.0,18,37,,
T,2026-04-14 11:50:24,53.47753218,-2.2439337,6.45,21.406,51.404,1.11,131.0,18,37,,
T,2026-04-14 11:50:25,53.47752672,-2.24391868,7.29,21.007,51.403,1.09,124.0,18,37,,
T,2026-04-14 11:50:26,53.47752094,-2.24390523,7.63,20.909,51.403,1.09,130.0,19,37,,
T,2026-04-14 11:50:27,53.47751737,-2.24388862,8.23,20.376,51.403,1.1,118.0,17,37,,
T,2026-04-14 11:50:28,53.47751129,-2.24387615,8.16,20.734,51.403,1.1,136.0,19,37,,
T,2026-04-14 11:50:29,53.47750266,-2.24386956,7.91,21.634,51.403,1.02,148.0,19,37,,
T,2026-04-14 11:50:30,53.47749661,-2.24387083,5.63,21.017,51.403,0.0,,19,37,,
T,2026-04-14 11:50:31,53.47749057,-2.24385492,5.38,22.663,51.403,1.04,124.0,17,37,,
T,2026-04-14 11:50:32,53.47749096,-2.24385656,5.25,21.835,51.403,0.0,,13,37,,
T,2026-04-14 11:50:33,53.47749123,-2.24385728,4.55,21.853,51.403,0.0,,13,37,,
T,2026-04-14 11:50:34,53.47749134,-2.24385773,4.13,21.835,51.403,0.0,,14,37,,
T,2026-04-14 11:50:35,53.47749135,-2.24385781,4.46,21.835,51.403,0.0,,14,37,,
T,2026-04-14 11:50:36,53.47749108,-2.24385808,4.77,21.847,51.403,0.0,,14,37,,
T,2026-04-14 11:50:37,53.47748987,-2.24385826,5.51,21.787,51.403,0.15,124.0,14,37,,
T,2026-04-14 11:50:38,53.47748979,-2.24385818,5.37,21.775,51.403,0.0,,16,37,,
T,2026-04-14 11:50:39,53.47748984,-2.24385813,5.63,21.777,51.403,0.0,,16,37,,
T,2026-04-14 11:50:40,53.47748984,-2.24385813,6.03,21.779,51.403,0.0,,11,37,,
T,2026-04-14 11:50:41,53.47748984,-2.24385813,6.93,21.783,51.403,0.0,,12,37,,
T,2026-04-14 11:50:42,53.47748985,-2.24385812,6.59,21.785,51.403,0.0,,14,36,,
T,2026-04-14 11:50:43,53.47748984,-2.24385812,6.65,21.788,51.403,0.0,,14,36,,
T,2026-04-14 11:50:44,53.47748985,-2.24385811,5.98,21.79,51.403,0.0,,13,36,,
T,2026-04-14 11:50:45,53.47748985,-2.24385811,5.82,21.793,51.403,0.0,,13,36,,
T,2026-04-14 11:50:46,53.47748984,-2.24385802,4.76,21.798,51.403,0.0,,13,36,,
T,2026-04-14 11:50:47,53.47748985,-2.24385797,4.6,21.794,51.403,0.0,,12,36,,
T,2026-04-14 11:50:48,53.47748986,-2.24385795,4.43,21.795,51.403,0.0,,17,36,,
T,2026-04-14 11:50:49,53.47748988,-2.24385793,4.31,21.791,51.403,0.0,,16,36,,
T,2026-04-14 11:50:50,53.47748988,-2.2438579,4.42,21.787,51.403,0.0,,16,36,,
T,2026-04-14 11:50:51,53.47748989,-2.24385776,4.28,21.789,51.403,0.0,,17,36,,
T,2026-04-14 11:50:52,53.47748985,-2.24385758,4.2,21.797,51.403,0.0,,17,36,,
T,2026-04-14 11:50:53,53.4774898,-2.2438574,4.28,21.8,51.403,0.0,,18,36,,
T,2026-04-14 11:50:54,53.4774897,-2.24385741,4.62,21.768,51.403,0.0,,18,36,,
T,2026-04-14 11:50:55,53.47748971,-2.24385722,5.01,21.81,51.403,0.0,,19,36,,
T,2026-04-14 11:50:56,53.47748968,-2.24385703,5.13,21.817,51.403,0.0,,18,36,,
T,2026-04-14 11:50:57,53.47748966,-2.243857,5.31,21.824,51.403,0.0,,18,36,,
T,2026-04-14 11:50:58,53.47748965,-2.243857,5.21,21.829,51.403,0.0,,18,36,,
T,2026-04-14 11:50:59,53.47748965,-2.24385701,5.06,21.835,51.403,0.0,,18,36,,
T,2026-04-14 11:51:00,53.47748971,-2.24385688,4.46,21.952,51.403,0.0,,17,36,,
T,2026-04-14 11:51:01,53.47748955,-2.24385684,4.86,21.969,51.403,0.0,,16,36,,
T,2026-04-14 11:51:02,53.47748951,-2.24385684,5.2,21.974,51.403,0.0,,13,37,,
T,2026-04-14 11:51:03,53.4774895,-2.24385685,4.94,21.979,51.403,0.0,,14,37,,
T,2026-04-14 11:51:04,53.4774895,-2.24385685,5.71,21.98,51.403,0.0,,14,37,,
T,2026-04-14 11:51:05,53.47748949,-2.24385686,5.96,21.981,51.403,0.0,,14,37,,
T,2026-04-14 11:51:06,53.47748949,-2.24385685,6.14,21.982,51.403,0.0,,14,37,,
T,2026-04-14 11:51:07,53.47748947,-2.24385678,6.12,21.985,51.403,0.0,,14,37,,
T,2026-04-14 11:51:08,53.47748943,-2.24385663,6.43,21.988,51.403,0.0,,13,37,,
T,2026-04-14 11:51:09,53.47748942,-2.24385604,6.8,22.032,51.403,0.0,,13,37,,
T,2026-04-14 11:51:10,53.47748912,-2.24385419,6.59,22.16,51.403,0.0,,14,37,,
T,2026-04-14 11:51:11,53.47748903,-2.24385361,6.57,22.165,51.403,0.0,,14,37,,
T,2026-04-14 11:51:12,53.47748899,-2.2438534,6.77,22.17,51.403,0.0,,15,37,,
T,2026-04-14 11:51:13,53.47748898,-2.24385334,7.17,22.17,51.403,0.0,,16,36,,
T,2026-04-14 11:51:14,53.47748895,-2.24385322,7.29,22.176,51.403,0.0,,16,36,,
T,2026-04-14 11:51:15,53.47748893,-2.24385311,7.59,22.18,51.403,0.0,,16,37,,
T,2026-04-14 11:51:16,53.47748892,-2.24385304,7.23,22.178,51.403,0.0,,16,37,,
T,2026-04-14 11:51:17,53.47748891,-2.24385299,6.51,22.182,51.403,0.0,,15,37,,
T,2026-04-14 11:51:18,53.47748891,-2.24385296,6.64,22.184,51.403,0.0,,14,37,,
T,2026-04-14 11:51:19,53.47748889,-2.24385294,6.84,22.186,51.403,0.0,,14,37,,
T,2026-04-14 11:51:20,53.47748457,-2.2438482,7.05,23.039,51.403,0.29,124.0,15,37,,
T,2026-04-14 11:51:21,53.47747581,-2.24383937,6.37,24.432,51.403,0.77,215.0,15,37,,
T,2026-04-14 11:51:22,53.47746449,-2.24384081,6.8,24.505,51.403,1.15,217.0,14,37,,
T,2026-04-14 11:51:23,53.47745386,-2.24383989,7.61,24.971,51.403,0.99,207.0,16,37,,
T,2026-04-14 11:51:24,53.47743046,-2.24381706,7.22,26.307,51.403,1.74,188.0,17,37,,
T,2026-04-14 11:51:25,53.47741546,-2.24380753,7.84,26.698,51.403,1.23,192.0,17,37,,
T,2026-04-14 11:51:26,53.47740708,-2.24380898,7.55,26.269,51.403,1.08,200.0,17,37,,
T,2026-04-14 11:51:27,53.47739554,-2.24381648,6.46,26.59,51.403,1.15,211.0,17,37,,
T,2026-04-14 11:51:28,53.47738181,-2.24382289,6.15,27.439,51.403,1.14,202.0,17,37,,
T,2026-04-14 11:51:29,53.47736989,-2.24383012,6.13,27.635,51.403,1.16,207.0,17,37,,
T,2026-04-14 11:51:30,53.47735773,-2.24383212,6.19,27.71,51.403,1.2,192.0,15,37,,
T,2026-04-14 11:51:31,53.47735166,-2.24382875,6.22,28.034,51.403,1.2,177.0,15,37,,
T,2026-04-14 11:51:32,53.47734855,-2.24382226,6.22,28.002,51.403,1.17,170.0,15,37,,
T,2026-04-14 11:51:33,53.47734381,-2.24381061,6.45,27.768,51.403,1.23,150.0,16,37,,
T,2026-04-14 11:51:34,53.47733985,-2.24379564,6.4,28.423,51.403,1.19,138.0,16,37,,
T,2026-04-14 11:51:35,53.47733258,-2.2437852,6.4,28.318,51.403,1.17,147.0,16,37,,
T,2026-04-14 11:51:36,53.47732433,-2.24377563,6.56,28.363,51.403,1.16,147.0,15,37,,
T,2026-04-14 11:51:37,53.47731592,-2.24376525,6.74,28.393,51.403,1.18,145.0,15,37,,
T,2026-04-14 11:51:38,53.47730736,-2.24375448,6.81,28.377,51.403,1.18,144.0,13,37,,
T,2026-04-14 11:51:39,53.47729892,-2.24374327,6.8,28.54,51.403,1.19,142.0,12,37,,
T,2026-04-14 11:51:40,53.4772904,-2.24373207,6.91,28.535,51.403,1.2,142.0,8,37,,
T,2026-04-14 11:51:41,53.47728261,-2.24371927,6.58,28.546,51.403,1.21,137.0,8,36,,
T,2026-04-14 11:51:42,53.47727545,-2.24370539,6.62,28.604,51.403,1.21,128.0,7,36,,
T,2026-04-14 11:51:43,53.47726652,-2.24369415,6.51,28.181,51.403,1.24,143.0,8,36,,
T,2026-04-14 11:51:44,53.47725878,-2.2436812,6.32,27.975,51.403,1.22,132.0,7,36,,
T,2026-04-14 11:51:45,53.47724747,-2.24366566,5.92,27.323,51.403,1.2,131.0,8,36,,
T,2026-04-14 11:51:46,53.47723438,-2.24364991,5.62,27.898,51.403,1.22,136.0,10,36,,
T,2026-04-14 11:51:47,53.47722287,-2.24363498,5.53,26.849,51.403,1.21,136.0,11,35,,
T,2026-04-14 11:51:48,53.47721253,-2.24362269,5.68,26.824,51.403,1.22,142.0,12,35,,
T,2026-04-14 11:51:49,53.47720419,-2.2436091,5.45,25.502,51.403,1.23,135.0,12,35,,
T,2026-04-14 11:51:50,53.47719597,-2.24359614,5.25,25.492,51.403,1.22,137.0,12,35,,
T,2026-04-14 11:51:51,53.47718783,-2.24358212,5.38,24.243,51.403,1.22,133.0,11,35,,
T,2026-04-14 11:51:52,53.47717929,-2.24356932,5.53,24.565,51.403,1.22,138.0,11,35,,
T,2026-04-14 11:51:53,53.47717021,-2.24355815,5.75,24.358,51.403,1.22,142.0,10,36,,
T,2026-04-14 11:51:54,53.47716137,-2.24354712,5.84,24.418,51.403,1.21,142.0,9,36,,
T,2026-04-14 11:51:55,53.47715264,-2.24353595,5.93,23.95,51.403,1.21,142.0,9,33,,
T,2026-04-14 11:51:56,53.47714296,-2.24352694,5.82,23.484,51.403,1.22,151.0,9,33,,
T,2026-04-14 11:51:57,53.47713391,-2.24351694,5.82,23.598,51.403,1.2,146.0,9,33,,
T,2026-04-14 11:51:58,53.47712459,-2.24350773,5.95,23.58,51.403,1.2,149.0,8,33,,
T,2026-04-14 11:51:59,53.47711498,-2.24349949,6.1,24.136,51.403,1.2,152.0,6,34,,
T,2026-04-14 11:52:00,53.47710567,-2.24349108,6.25,24.866,51.403,1.18,151.0,6,34,,
T,2026-04-14 11:52:01,53.47710113,-2.2434729,6.18,24.731,51.403,1.2,121.0,7,34,,
T,2026-04-14 11:52:02,53.47709583,-2.24345648,5.82,24.778,51.403,1.16,130.0,8,34,,
T,2026-04-14 11:52:03,53.47708707,-2.24344596,5.45,24.749,51.403,1.16,147.0,9,34,,
T,2026-04-14 11:52:04,53.47707394,-2.2434422,5.51,24.632,51.403,1.17,166.0,9,34,,
T,2026-04-14 11:52:05,53.47706299,-2.24343768,4.72,24.585,51.402,1.1,161.0,9,35,,
T,2026-04-14 11:52:06,53.47705292,-2.24343407,4.67,24.145,51.402,1.12,167.0,9,35,,
T,2026-04-14 11:52:07,53.47704313,-2.24342659,4.92,23.837,51.402,1.18,155.0,9,35,,
T,2026-04-14 11:52:08,53.47703369,-2.24341826,5.16,23.295,51.402,1.19,155.0,9,35,,
T,2026-04-14 11:52:09,53.47702279,-2.24341225,5.1,23.501,51.402,1.24,165.0,9,36,,
T,2026-04-14 11:52:10,53.4770126,-2.24340273,5.26,23.119,51.402,1.25,153.0,11,36,,
T,2026-04-14 11:52:11,53.47700436,-2.24339244,4.8,22.921,51.402,1.23,149.0,12,36,,
T,2026-04-14 11:52:12,53.47699493,-2.24338411,5.2,22.532,51.402,1.23,155.0,13,36,,
T,2026-04-14 11:52:13,53.47698556,-2.24337394,5.12,21.911,51.402,1.24,148.0,13,36,,
T,2026-04-14 11:52:14,53.4769755,-2.24336571,4.9,21.817,51.402,1.24,151.0,12,35,,
T,2026-04-14 11:52:15,53.47696543,-2.24335778,4.3,21.417,51.402,1.23,150.0,14,35,,
T,2026-04-14 11:52:16,53.4769549,-2.24335085,4.17,21.474,51.402,1.24,152.0,14,36,,
T,2026-04-14 11:52:17,53.47694463,-2.24334344,4.23,21.347,51.402,1.23,149.0,13,35,,
T,2026-04-14 11:52:18,53.47693449,-2.24333636,4.38,21.214,51.402,1.21,152.0,11,34,,
T,2026-04-14 11:52:19,53.4769246,-2.24332889,4.28,21.02,51.402,1.2,152.0,12,34,,
T,2026-04-14 11:52:20,53.4769146,-2.24332131,4.13,20.84,51.402,1.21,153.0,11,34,,
T,2026-04-14 11:52:21,53.47690498,-2.24331264,3.89,21.073,51.402,1.22,150.0,11,35,,
T,2026-04-14 11:52:22,53.47689494,-2.24330552,9.94,20.984,51.402,1.21,155.0,11,35,,
T,2026-04-14 11:52:23,53.47688504,-2.24329896,9.94,21.428,51.402,1.19,156.0,10,34,,
T,2026-04-14 11:52:24,53.47687526,-2.24329232,9.94,21.976,51.402,1.18,156.0,9,34,,
T,2026-04-14 11:52:25,53.47686555,-2.24328543,9.94,21.919,51.402,1.17,154.0,7,35,,
T,2026-04-14 11:52:26,53.47685649,-2.2432773,9.94,22.747,51.402,1.16,150.0,6,35,,
T,2026-04-14 11:52:27,53.4768454,-2.2432737,9.94,22.761,51.402,1.3,176.0,6,35,,
T,2026-04-14 11:52:28,53.47683585,-2.24326348,9.94,22.855,51.402,1.27,152.0,6,35,,
T,2026-04-14 11:52:29,53.47682701,-2.24325571,9.94,22.787,51.402,1.14,154.0,6,34,,
T,2026-04-14 11:52:30,53.47681758,-2.24324988,9.94,22.569,51.402,1.14,160.0,6,34,,
T,2026-04-14 11:52:31,53.47680864,-2.24324127,10.05,22.491,51.402,1.16,149.0,7,34,,
T,2026-04-14 11:52:32,53.47679901,-2.24323515,10.08,22.547,51.402,1.15,157.0,8,34,,
T,2026-04-14 11:52:33,53.47678924,-2.24322838,10.09,22.49,51.402,1.17,159.0,9,34,,
T,2026-04-14 11:52:34,53.47677991,-2.24322066,10.18,22.355,51.402,1.16,154.0,9,34,,
T,2026-04-14 11:52:35,53.47677056,-2.24321295,10.19,22.131,51.402,1.16,150.0,9,34,,
T,2026-04-14 11:52:36,53.4767612,-2.2432052,10.05,22.149,51.402,1.16,152.0,9,34,,
T,2026-04-14 11:52:37,53.47675091,-2.24319798,9.94,22.12,51.402,1.16,153.0,8,36,,
T,2026-04-14 11:52:38,53.47674044,-2.24319174,9.94,22.207,51.402,1.16,156.0,8,36,,
T,2026-04-14 11:52:39,53.47672974,-2.24318472,9.94,21.724,51.402,1.16,156.0,8,36,,
T,2026-04-14 11:52:40,53.47671786,-2.24317824,10.09,21.59,51.402,1.19,162.0,8,36,,
T,2026-04-14 11:52:41,53.47670781,-2.2431687,10.23,21.093,51.402,1.21,147.0,8,36,,
T,2026-04-14 11:52:42,53.47669767,-2.24316077,10.26,20.961,51.402,1.18,154.0,8,36,,
T,2026-04-14 11:52:43,53.4766867,-2.24315265,10.1,20.787,51.402,1.23,154.0,10,36,,
T,2026-04-14 11:52:44,53.47667738,-2.24314488,10.18,20.836,51.402,1.13,154.0,11,36,,
T,2026-04-14 11:52:45,53.47666819,-2.24313743,10.3,20.851,51.402,1.13,156.0,11,36,,
T,2026-04-14 11:52:46,53.47665776,-2.24312935,10.41,20.884,51.402,1.18,156.0,11,36,,
T,2026-04-14 11:52:47,53.47664839,-2.24312,10.01,20.511,51.402,1.15,151.0,11,36,,
T,2026-04-14 11:52:48,53.47663817,-2.24311172,10.05,19.796,51.402,1.19,157.0,11,36,,
T,2026-04-14 11:52:49,53.47662854,-2.24310461,10.23,19.705,51.402,1.16,164.0,9,36,,
T,2026-04-14 11:52:50,53.47661923,-2.24309502,10.18,19.561,51.402,1.17,153.0,9,36,,
T,2026-04-14 11:52:51,53.4766099,-2.24308526,10.07,19.291,51.402,1.17,153.0,9,36,,
T,2026-04-14 11:52:52,53.47660065,-2.24307562,10.17,19.386,51.402,1.16,152.0,9,36,,
T,2026-04-14 11:52:53,53.47659469,-2.24305348,10.3,21.049,51.402,1.93,98.0,9,36,,
T,2026-04-14 11:52:54,53.47660978,-2.24303611,10.39,21.49,51.402,2.11,35.0,11,36,,
T,2026-04-14 11:52:55,53.47662968,-2.2430472,10.47,18.736,51.402,0.0,,13,36,,
T,2026-04-14 11:52:56,53.47663408,-2.24305111,10.39,18.751,51.402,0.0,,13,36,,
T,2026-04-14 11:52:57,53.47663191,-2.24305353,10.49,19.313,51.402,0.15,35.0,13,36,,
T,2026-04-14 11:52:58,53.47663656,-2.2430173,10.29,17.771,51.402,1.49,95.0,13,36,,
T,2026-04-14 11:52:59,53.47663388,-2.24299388,10.44,17.503,51.402,1.28,112.0,13,36,,
T,2026-04-14 11:53:00,53.47662313,-2.24298216,10.4,17.68,51.402,1.41,146.0,11,36,,
T,2026-04-14 11:53:01,53.47661341,-2.24297607,10.38,17.387,51.402,1.16,154.0,11,36,,
T,2026-04-14 11:53:02,53.47660513,-2.24296729,10.16,16.845,51.402,1.14,144.0,11,36,,
T,2026-04-14 11:53:03,53.4765979,-2.24295993,9.94,16.357,51.402,0.98,147.0,11,36,,
T,2026-04-14 11:53:04,53.47659123,-2.24295274,9.94,15.801,51.401,0.93,146.0,11,36,,
T,2026-04-14 11:53:05,53.47658365,-2.24294662,9.94,15.083,51.401,0.95,152.0,8,36,,
T,2026-04-14 11:53:06,53.47657569,-2.24294053,9.94,14.498,51.401,0.95,154.0,8,36,,
T,2026-04-14 11:53:07,53.47656757,-2.24293431,9.94,14.009,51.401,0.97,154.0,8,36,,
T,2026-04-14 11:53:08,53.47655972,-2.2429271,9.94,13.454,51.401,0.98,149.0,8,36,,
T,2026-04-14 11:53:09,53.47655288,-2.24291599,9.94,13.803,51.401,1.0,134.0,8,36,,
T,2026-04-14 11:53:10,53.47654735,-2.24290027,9.94,13.71,51.401,1.05,117.0,9,36,,
T,2026-04-14 11:53:11,53.47653981,-2.24288805,9.94,13.195,51.401,1.17,144.0,9,36,,
T,2026-04-14 11:53:12,53.47653229,-2.24287821,9.94,12.985,51.401,1.09,148.0,9,35,,
T,2026-04-14 11:53:13,53.47652568,-2.24286726,9.94,12.377,51.401,1.06,139.0,9,35,,
T,2026-04-14 11:53:14,53.47651818,-2.24285932,9.94,12.369,51.401,1.03,153.0,9,35,,
T,2026-04-14 11:53:15,53.47651049,-2.24285059,9.94,11.939,51.401,1.04,151.0,10,35,,
T,2026-04-14 11:53:16,53.47650244,-2.24284225,9.94,11.716,51.401,1.04,155.0,10,35,,
T,2026-04-14 11:53:17,53.47649442,-2.24283095,9.94,11.595,51.401,1.07,137.0,8,35,,
T,2026-04-14 11:53:18,53.47648227,-2.24282742,9.94,11.703,51.401,1.09,157.0,10,35,,
T,2026-04-14 11:53:19,53.47647065,-2.24282597,9.94,11.287,51.401,1.03,156.0,12,34,,
T,2026-04-14 11:53:20,53.47645806,-2.24282652,9.94,11.459,51.401,1.05,166.0,13,34,,
T,2026-04-14 11:53:21,53.47644571,-2.24282474,9.94,12.057,51.401,1.03,169.0,14,35,,
T,2026-04-14 11:53:22,53.47643226,-2.24282254,9.94,12.064,51.401,1.07,167.0,14,35,,
T,2026-04-14 11:53:23,53.47641574,-2.24282498,10.26,12.927,51.401,1.21,176.0,23,35,,
T,2026-04-14 11:53:24,53.47639963,-2.24282882,10.41,13.373,51.401,1.11,195.0,23,36,,
T,2026-04-14 11:53:25,53.47638012,-2.24282257,10.39,14.62,51.401,1.4,171.0,26,38,,
T,2026-04-14 11:53:26,53.47636102,-2.24282147,10.39,14.659,51.401,1.44,192.0,30,38,,
T,2026-04-14 11:53:27,53.47634311,-2.24281329,10.28,15.922,51.401,1.37,179.0,31,38,,
T,2026-04-14 11:53:28,53.47632646,-2.24280686,10.42,16.553,51.401,1.33,178.0,32,37,,
T,2026-04-14 11:53:29,53.47632049,-2.24280578,10.39,14.886,51.401,0.0,,31,36,,
T,2026-04-14 11:53:30,53.47630698,-2.24276782,10.37,16.437,51.401,2.36,112.0,31,36,,
T,2026-04-14 11:53:31,53.47630899,-2.24276338,10.35,15.044,51.401,0.0,,30,36,,
T,2026-04-14 11:53:32,53.47631004,-2.24276313,10.39,15.086,51.401,0.0,,29,36,,
T,2026-04-14 11:53:33,53.47631033,-2.24276252,10.4,15.125,51.401,0.0,,28,37,,
T,2026-04-14 11:53:34,53.47631043,-2.24276201,10.33,15.15,51.401,0.0,,25,37,,
T,2026-04-14 11:53:35,53.47631045,-2.24276162,10.24,15.174,51.401,0.0,,24,37,,
T,2026-04-14 11:53:36,53.47631045,-2.2427613,9.99,15.195,51.401,0.0,,24,37,,
T,2026-04-14 11:53:37,53.47631044,-2.24276103,9.94,15.215,51.401,0.0,,24,37,,
T,2026-04-14 11:53:38,53.4763104,-2.2427608,9.98,15.242,51.401,0.0,,24,37,,
T,2026-04-14 11:53:39,53.47631038,-2.24276061,10.2,15.261,51.401,0.0,,22,37,,
T,2026-04-14 11:53:40,53.47631035,-2.2427604,10.31,15.287,51.401,0.0,,23,37,,
T,2026-04-14 11:53:41,53.47631036,-2.24276024,10.37,15.294,51.401,0.0,,25,36,,
T,2026-04-14 11:53:42,53.47631032,-2.24276008,10.34,15.316,51.401,0.0,,23,37,,
T,2026-04-14 11:53:43,53.47631029,-2.24275991,10.36,15.341,51.401,0.0,,23,37,,
T,2026-04-14 11:53:44,53.47631022,-2.24275977,10.45,15.368,51.401,0.0,,25,37,,
T,2026-04-14 11:53:45,53.47631021,-2.24275965,10.36,15.379,51.401,0.0,,25,37,,
T,2026-04-14 11:53:46,53.47631019,-2.24275954,10.38,15.392,51.401,0.0,,25,37,,
T,2026-04-14 11:53:47,53.47631018,-2.24275939,10.33,15.406,51.401,0.0,,24,37,,
T,2026-04-14 11:53:48,53.47631005,-2.2427591,10.19,15.456,51.401,0.0,,23,36,,
T,2026-04-14 11:53:49,53.47630994,-2.24275878,9.94,15.49,51.401,0.0,,24,36,,
T,2026-04-14 11:53:50,53.4763098,-2.24275846,9.94,15.528,51.401,0.0,,23,36,,
T,2026-04-14 11:53:51,53.47630974,-2.24275827,9.94,15.543,51.401,0.0,,23,36,,
T,2026-04-14 11:53:52,53.47630976,-2.24275815,9.94,15.543,51.401,0.0,,24,36,,
T,2026-04-14 11:53:53,53.47630977,-2.24275805,9.94,15.547,51.401,0.0,,24,36,,
T,2026-04-14 11:53:54,53.47630977,-2.24275797,9.94,15.558,51.401,0.0,,24,36,,
T,2026-04-14 11:53:55,53.47630977,-2.24275787,9.94,15.561,51.401,0.0,,23,36,,
T,2026-04-14 11:53:56,53.47630979,-2.2427578,9.94,15.566,51.401,0.0,,23,36,,
T,2026-04-14 11:53:57,53.47630981,-2.24275771,10.1,15.566,51.401,0.0,,23,36,,
T,2026-04-14 11:53:58,53.47630984,-2.24275763,10.3,15.567,51.401,0.0,,23,36,,
T,2026-04-14 11:53:59,53.47630987,-2.24275755,10.33,15.567,51.401,0.0,,22,36,,
T,2026-04-14 11:54:00,53.47630987,-2.24275749,10.42,15.573,51.401,0.0,,22,36,,
T,2026-04-14 11:54:01,53.47630982,-2.2427574,10.35,15.589,51.401,0.0,,21,36,,
T,2026-04-14 11:54:02,53.47630976,-2.24275732,10.43,15.605,51.401,0.0,,22,35,,
T,2026-04-14 11:54:03,53.4763096,-2.2427571,10.45,15.656,51.401,0.0,,22,36,,
T,2026-04-14 11:54:04,53.47630935,-2.24275668,10.34,15.732,51.401,0.0,,25,35,,
T,2026-04-14 11:54:05,53.47630923,-2.24275651,10.39,15.748,51.401,0.0,,24,35,,
T,2026-04-14 11:54:06,53.47630914,-2.24275638,10.39,15.769,51.401,0.0,,23,35,,
T,2026-04-14 11:54:07,53.47630903,-2.24275627,10.45,15.796,51.401,0.0,,25,34,,
T,2026-04-14 11:54:08,53.47630893,-2.24275619,10.43,15.821,51.401,0.0,,25,34,,
T,2026-04-14 11:54:09,53.47630883,-2.2427561,10.33,15.844,51.401,0.0,,25,34,,
T,2026-04-14 11:54:10,53.47630877,-2.24275601,10.46,15.854,51.401,0.0,,25,34,,
T,2026-04-14 11:54:11,53.47630873,-2.24275593,10.63,15.861,51.401,0.0,,24,34,,
T,2026-04-14 11:54:12,53.4763087,-2.24275587,10.8,15.87,51.401,0.0,,24,35,,
T,2026-04-14 11:54:13,53.47630867,-2.2427558,10.56,15.878,51.401,0.0,,23,35,,
T,2026-04-14 11:54:14,53.47630866,-2.24275574,10.75,15.881,51.401,0.0,,23,36,,
T,2026-04-14 11:54:15,53.47630864,-2.2427557,10.46,15.889,51.401,0.0,,24,35,,
T,2026-04-14 11:54:16,53.47630863,-2.24275565,10.32,15.893,51.401,0.0,,24,35,,
T,2026-04-14 11:54:17,53.47630862,-2.2427556,10.34,15.899,51.401,0.0,,24,35,,
T,2026-04-14 11:54:18,53.4763086,-2.24275555,10.49,15.909,51.401,0.0,,23,35,,
T,2026-04-14 11:54:19,53.4763086,-2.24275551,10.42,15.913,51.401,0.0,,23,35,,
T,2026-04-14 11:54:20,53.4763086,-2.24275547,10.43,15.916,51.401,0.0,,23,35,,
T,2026-04-14 11:54:21,53.47630857,-2.24275542,10.36,15.925,51.401,0.0,,22,35,,
T,2026-04-14 11:54:22,53.47630851,-2.24275536,10.45,15.94,51.401,0.0,,22,35,,
T,2026-04-14 11:54:23,53.47630844,-2.2427553,10.66,15.957,51.401,0.0,,23,35,,
T,2026-04-14 11:54:24,53.47630836,-2.24275526,10.87,15.973,51.401,0.0,,24,35,,
T,2026-04-14 11:54:25,53.47630829,-2.2427552,11.08,15.986,51.401,0.0,,24,35,,
T,2026-04-14 11:54:26,53.47630821,-2.24275514,10.65,16.005,51.401,0.0,,25,35,,
T,2026-04-14 11:54:27,53.47630813,-2.24275506,10.87,16.021,51.401,0.0,,25,36,,
T,2026-04-14 11:54:28,53.47630803,-2.24275499,11.09,16.038,51.401,0.0,,24,36,,
T,2026-04-14 11:54:29,53.47630435,-2.24274861,11.44,16.486,51.401,0.48,112.0,25,36,,
T,2026-04-14 11:54:30,53.47630011,-2.2427397,12.2,17.608,51.401,0.63,112.0,25,36,,
T,2026-04-14 11:54:31,53.47628687,-2.24271856,10.37,19.024,51.401,1.44,130.0,25,37,,
T,2026-04-14 11:54:32,53.47627471,-2.24269908,9.94,19.911,51.401,1.34,128.0,25,37,,
T,2026-04-14 11:54:33,53.47626089,-2.24268384,9.94,20.894,51.401,1.32,138.0,25,37,,
T,2026-04-14 11:54:34,53.47624898,-2.24266896,9.94,22.099,51.401,1.29,130.0,24,37,,
T,2026-04-14 11:54:35,53.4762364,-2.24265637,9.94,23.35,51.401,1.3,143.0,23,37,,
T,2026-04-14 11:54:36,53.47622352,-2.24264732,9.94,23.674,51.401,1.24,146.0,24,37,,
T,2026-04-14 11:54:37,53.47621545,-2.2426279,9.94,24.788,51.401,1.47,110.0,23,37,,
T,2026-04-14 11:54:38,53.47620857,-2.24261211,9.94,25.663,51.401,1.18,114.0,23,37,,
T,2026-04-14 11:54:39,53.47619755,-2.2425993,9.94,26.393,51.401,1.22,131.0,24,38,,
T,2026-04-14 11:54:40,53.47618456,-2.24258884,9.94,26.388,51.401,1.13,135.0,23,38,,
T,2026-04-14 11:54:41,53.47617304,-2.24257939,9.94,26.928,51.401,1.1,138.0,23,38,,
T,2026-04-14 11:54:42,53.47615991,-2.24257326,10.08,27.659,51.401,1.14,156.0,24,38,,
T,2026-04-14 11:54:43,53.47614616,-2.24256964,10.08,27.644,51.401,1.09,160.0,24,38,,
T,2026-04-14 11:54:44,53.47613341,-2.24256723,10.15,27.732,51.401,1.1,166.0,22,38,,
T,2026-04-14 11:54:45,53.47612175,-2.24256157,10.21,28.316,51.401,1.14,155.0,21,38,,
T,2026-04-14 11:54:46,53.47610758,-2.2425592,10.23,28.222,51.401,1.16,172.0,22,38,,
T,2026-04-14 11:54:47,53.47609511,-2.24255548,10.31,28.629,51.401,1.12,168.0,21,38,,
T,2026-04-14 11:54:48,53.47608423,-2.24254576,10.29,28.409,51.401,1.17,151.0,22,38,,
T,2026-04-14 11:54:49,53.47607505,-2.24253731,10.29,27.896,51.401,1.13,154.0,22,38,,
T,2026-04-14 11:54:50,53.47606594,-2.24252771,10.28,27.579,51.401,1.14,148.0,21,38,,
T,2026-04-14 11:54:51,53.47605597,-2.24251968,10.29,27.233,51.401,1.14,151.0,20,38,,
T,2026-04-14 11:54:52,53.47604583,-2.24251227,10.3,26.874,51.401,1.14,153.0,17,38,,
T,2026-04-14 11:54:53,53.4760358,-2.24250474,10.31,26.404,51.401,1.15,154.0,12,36,,
T,2026-04-14 11:54:54,53.47602638,-2.24249566,10.26,26.092,51.401,1.16,149.0,7,36,,
T,2026-04-14 11:54:55,53.47601729,-2.24248678,10.19,26.306,51.401,1.16,150.0,7,36,,
T,2026-04-14 11:54:56,53.47600708,-2.24248003,10.14,25.882,51.4,1.16,156.0,9,37,,
T,2026-04-14 11:54:57,53.47599736,-2.24247183,10.14,25.536,51.4,1.15,152.0,9,37,,
T,2026-04-14 11:54:58,53.47598758,-2.24246397,10.06,24.919,51.4,1.14,154.0,9,37,,
T,2026-04-14 11:54:59,53.47597804,-2.24245498,10.04,24.64,51.4,1.14,148.0,9,37,,
T,2026-04-14 11:55:00,53.47596868,-2.24244643,9.94,24.37,51.4,1.12,149.0,10,37,,
T,2026-04-14 11:55:01,53.47595872,-2.24243984,9.94,24.516,51.4,1.14,157.0,10,38,,
T,2026-04-14 11:55:02,53.47594978,-2.24243137,9.94,24.848,51.4,1.13,151.0,10,38,,
T,2026-04-14 11:55:03,53.4759408,-2.24242307,9.94,24.747,51.4,1.12,153.0,10,38,,
T,2026-04-14 11:55:04,53.4759316,-2.2424153,9.94,24.644,51.4,1.12,156.0,9,38,,
T,2026-04-14 11:55:05,53.47592267,-2.24240617,9.94,24.717,51.4,1.12,151.0,9,38,,
T,2026-04-14 11:55:06,53.47591394,-2.2423967,9.94,24.926,51.4,1.13,148.0,10,38,,
T,2026-04-14 11:55:07,53.47590442,-2.24238892,10.08,24.986,51.4,1.13,155.0,11,38,,
T,2026-04-14 11:55:08,53.47589494,-2.24238138,10.08,24.762,51.4,1.13,156.0,10,38,,
T,2026-04-14 11:55:09,53.47588617,-2.24237181,9.94,24.991,51.4,1.14,148.0,11,37,,
T,2026-04-14 11:55:10,53.47587757,-2.24236165,9.94,24.051,51.4,1.14,150.0,11,36,,
T,2026-04-14 11:55:11,53.47586869,-2.24235187,9.94,23.446,51.4,1.14,150.0,11,36,,
T,2026-04-14 11:55:12,53.47585931,-2.24234346,9.94,23.069,51.4,1.15,153.0,10,36,,
T,2026-04-14 11:55:13,53.47584999,-2.24233471,9.94,22.915,51.4,1.15,153.0,9,36,,
T,2026-04-14 11:55:14,53.47584018,-2.24232778,9.94,22.609,51.4,1.16,157.0,9,36,,
T,2026-04-14 11:55:15,53.47583106,-2.24231855,9.94,22.423,51.4,1.16,149.0,8,36,,
T,2026-04-14 11:55:16,53.47582205,-2.24230945,9.94,22.31,51.4,1.15,149.0,9,36,,
T,2026-04-14 11:55:17,53.47581555,-2.24229521,9.94,21.776,51.4,1.15,137.0,6,36,,
T,2026-04-14 11:55:18,53.47580977,-2.24227881,9.94,21.645,51.4,1.15,140.0,6,36,,
T,2026-04-14 11:55:19,53.47580177,-2.24226681,9.94,21.099,51.4,1.16,148.0,7,36,,
T,2026-04-14 11:55:20,53.4757929,-2.24225745,9.94,21.134,51.4,1.15,150.0,8,36,,
T,2026-04-14 11:55:21,53.4757835,-2.24224605,9.94,21.263,51.4,1.15,152.0,9,36,,
T,2026-04-14 11:55:22,53.47577414,-2.24223662,10.11,21.053,51.4,1.13,153.0,10,37,,
T,2026-04-14 11:55:23,53.47576468,-2.24222871,10.16,20.883,51.4,1.13,154.0,11,37,,
T,2026-04-14 11:55:24,53.47575559,-2.24221998,10.17,20.86,51.4,1.12,150.0,11,37,,
T,2026-04-14 11:55:25,53.475747,-2.2422097,10.06,20.624,51.4,1.13,145.0,11,37,,
T,2026-04-14 11:55:26,53.47574191,-2.2421926,10.08,20.24,51.4,1.13,125.0,11,37,,
T,2026-04-14 11:55:27,53.47573785,-2.24217129,9.94,20.179,51.4,1.13,125.0,14,36,,
T,2026-04-14 11:55:28,53.47572959,-2.24214716,9.94,20.274,51.4,1.16,134.0,13,35,,
T,2026-04-14 11:55:29,53.47571902,-2.24212145,9.94,20.731,51.4,1.16,139.0,13,35,,
T,2026-04-14 11:55:30,53.47570887,-2.24210621,9.94,21.035,51.4,1.16,146.0,13,35,,
T,2026-04-14 11:55:31,53.4756998,-2.24209458,9.94,20.694,51.4,1.16,144.0,14,35,,
T,2026-04-14 11:55:32,53.47569098,-2.24208197,9.94,20.986,51.4,1.15,143.0,15,35,,
T,2026-04-14 11:55:33,53.47568342,-2.2420682,9.94,21.66,51.4,1.17,134.0,14,35,,
T,2026-04-14 11:55:34,53.47567566,-2.24205319,9.94,21.317,51.4,1.16,135.0,14,35,,
T,2026-04-14 11:55:35,53.47566605,-2.24204301,9.94,21.287,51.4,1.18,148.0,14,35,,
T,2026-04-14 11:55:36,53.47565626,-2.2420349,9.94,20.426,51.4,1.16,152.0,13,35,,
T,2026-04-14 11:55:37,53.47564699,-2.24202586,9.94,20.205,51.4,1.16,148.0,13,35,,
T,2026-04-14 11:55:38,53.47563691,-2.24201874,9.94,19.807,51.4,1.19,158.0,12,35,,
T,2026-04-14 11:55:39,53.47562669,-2.24201358,9.94,19.657,51.4,1.18,162.0,12,35,,
T,2026-04-14 11:55:40,53.47561597,-2.24201237,9.94,19.287,51.4,1.19,175.0,10,34,,
T,2026-04-14 11:55:41,53.47560629,-2.24200283,9.94,18.594,51.4,1.25,153.0,8,35,,
T,2026-04-14 11:55:42,53.47559827,-2.24199103,9.94,18.314,51.4,1.16,144.0,8,35,,
T,2026-04-14 11:55:43,53.47558979,-2.24198089,9.94,17.832,51.399,1.14,147.0,7,35,,
T,2026-04-14 11:55:44,53.47558084,-2.24197229,9.94,18.219,51.399,1.14,152.0,7,35,,
T,2026-04-14 11:55:45,53.47557156,-2.24196457,9.94,18.242,51.399,1.13,153.0,7,35,,
T,2026-04-14 11:55:46,53.47556163,-2.24195882,9.94,17.942,51.399,1.14,161.0,7,35,,
T,2026-04-14 11:55:47,53.47555244,-2.24195099,9.94,17.907,51.399,1.13,153.0,6,35,,
T,2026-04-14 11:55:48,53.47554353,-2.24194147,9.94,17.909,51.399,1.13,150.0,6,35,,
T,2026-04-14 11:55:49,53.4755337,-2.24193462,9.94,18.079,51.399,1.18,166.0,7,34,,
T,2026-04-14 11:55:50,53.47552532,-2.24192295,9.94,18.095,51.399,1.18,151.0,7,34,,
T,2026-04-14 11:55:51,53.47551902,-2.24190769,9.94,17.582,51.399,1.17,132.0,7,34,,
T,2026-04-14 11:55:52,53.47551103,-2.2418969,9.94,17.401,51.399,1.13,145.0,8,34,,
T,2026-04-14 11:55:53,53.47550301,-2.24188711,9.99,17.343,51.399,1.09,146.0,9,34,,
T,2026-04-14 11:55:54,53.47549447,-2.24187848,10.03,17.326,51.399,1.1,153.0,9,34,,
T,2026-04-14 11:55:55,53.47548673,-2.2418679,9.97,17.596,51.399,1.1,144.0,8,34,,
T,2026-04-14 11:55:56,53.47547759,-2.24186091,9.94,17.483,51.399,1.11,157.0,8,33,,
T,2026-04-14 11:55:57,53.47546831,-2.24185508,9.94,17.451,51.399,1.07,159.0,8,33,,
T,2026-04-14 11:55:58,53.47545977,-2.24184661,9.94,17.34,51.399,1.08,151.0,7,33,,
T,2026-04-14 11:55:59,53.47545136,-2.24183802,9.94,17.061,51.399,1.06,150.0,7,33,,
T,2026-04-14 11:56:00,53.47544409,-2.24182639,9.94,16.626,51.399,1.14,128.0,7,31,,
T,2026-04-14 11:56:01,53.47543527,-2.24181867,9.94,16.694,51.399,1.1,146.0,7,33,,
T,2026-04-14 11:56:02,53.47542469,-2.24181874,9.94,16.689,51.399,1.05,165.0,7,33,,
T,2026-04-14 11:56:03,53.47541381,-2.24182099,9.94,16.578,51.399,1.05,166.0,8,33,,
T,2026-04-14 11:56:04,53.47540366,-2.2418198,10.03,16.6,51.399,1.05,162.0,8,33,,
T,2026-04-14 11:56:05,53.47539385,-2.2418175,10.08,16.288,51.399,1.05,164.0,8,33,,
T,2026-04-14 11:56:06,53.47538476,-2.24181119,10.09,16.475,51.399,1.08,152.0,8,33,,
T,2026-04-14 11:56:07,53.47537599,-2.24180449,10.16,16.693,51.399,1.06,151.0,8,33,,
T,2026-04-14 11:56:08,53.47536716,-2.24179749,10.18,16.912,51.399,1.06,151.0,7,33,,
T,2026-04-14 11:56:09,53.47535765,-2.24179185,10.25,16.715,51.399,1.09,156.0,6,34,,
T,2026-04-14 11:56:10,53.47534817,-2.24178644,10.32,16.663,51.399,1.07,158.0,7,34,,
T,2026-04-14 11:56:11,53.47533887,-2.24177993,10.27,16.551,51.399,1.08,154.0,8,34,,
T,2026-04-14 11:56:12,53.47532999,-2.24177236,10.28,16.816,51.399,1.08,150.0,9,34,,
T,2026-04-14 11:56:13,53.47532052,-2.2417668,10.37,16.757,51.399,1.08,157.0,10,34,,
T,2026-04-14 11:56:14,53.47531107,-2.24176083,10.35,16.43,51.399,1.08,160.0,10,34,,
T,2026-04-14 11:56:15,53.47530097,-2.24175748,10.39,16.683,51.399,1.1,177.0,9,33,,
T,2026-04-14 11:56:16,53.47529133,-2.24174667,10.23,16.384,51.399,1.25,146.0,11,33,,
T,2026-04-14 11:56:17,53.4752824,-2.24173871,10.22,16.195,51.399,1.09,155.0,11,33,,
T,2026-04-14 11:56:18,53.47527381,-2.24172966,10.12,15.755,51.399,1.1,146.0,12,33,,
T,2026-04-14 11:56:19,53.47526465,-2.24172226,9.94,15.218,51.399,1.09,152.0,12,34,,
T,2026-04-14 11:56:20,53.47525485,-2.24171336,9.94,15.749,51.399,1.09,154.0,12,34,,
T,2026-04-14 11:56:21,53.47524223,-2.24171035,10.01,16.43,51.399,1.16,173.0,12,36,,
T,2026-04-14 11:56:22,53.47523418,-2.24174424,10.06,16.464,51.399,2.57,255.0,12,36,,
T,2026-04-14 11:56:23,53.47526128,-2.24176809,10.04,15.688,51.399,3.36,328.0,16,37,,
T,2026-04-14 11:56:24,53.4752716,-2.24176267,10.02,15.928,51.399,1.14,342.0,17,37,,
T,2026-04-14 11:56:25,53.47527715,-2.24176956,10.03,15.985,51.399,1.34,309.0,19,37,,
T,2026-04-14 11:56:26,53.47527508,-2.24178462,10.06,16.126,51.399,1.19,276.0,20,37,,
T,2026-04-14 11:56:27,53.47527255,-2.24180102,10.07,15.729,51.399,1.13,265.0,20,37,,
T,2026-04-14 11:56:28,53.4752736,-2.24181797,10.04,13.98,51.399,1.11,274.0,19,35,,
T,2026-04-14 11:56:29,53.4752745,-2.2418344,10.05,13.466,51.399,1.15,273.0,19,35,,
T,2026-04-14 11:56:30,53.47527585,-2.24185163,10.08,12.674,51.399,1.19,268.0,19,36,,
T,2026-04-14 11:56:31,53.47527426,-2.24187005,10.1,11.259,51.399,1.27,248.0,17,36,,
T,2026-04-14 11:56:32,53.47528172,-2.24189129,10.18,11.489,51.399,1.64,294.0,16,35,,
T,2026-04-14 11:56:33,53.47527944,-2.24190958,10.2,12.867,51.399,1.39,260.0,15,35,,
T,2026-04-14 11:56:34,53.47527387,-2.24192901,10.21,13.068,51.399,1.48,247.0,14,35,,
T,2026-04-14 11:56:35,53.47526949,-2.24195001,10.23,13.656,51.399,1.51,247.0,14,35,,
T,2026-04-14 11:56:36,53.47526496,-2.24196807,10.24,13.946,51.399,1.31,245.0,14,35,,
T,2026-04-14 11:56:37,53.475259,-2.24198021,10.18,14.288,51.399,1.13,229.0,13,34,,
T,2026-04-14 11:56:38,53.47525363,-2.24199394,10.14,14.079,51.399,1.1,237.0,10,35,,
T,2026-04-14 11:56:39,53.47524897,-2.24200949,10.12,13.834,51.399,1.09,245.0,9,34,,
T,2026-04-14 11:56:40,53.47524345,-2.24202495,10.17,13.743,51.399,1.08,238.0,10,35,,
T,2026-04-14 11:56:41,53.47523692,-2.24204025,10.23,13.536,51.4,1.09,243.0,12,33,,
T,2026-04-14 11:56:42,53.47522913,-2.24205505,10.27,12.896,51.4,1.08,236.0,12,33,,
T,2026-04-14 11:56:43,53.47522385,-2.24207166,10.29,12.63,51.4,1.1,249.0,14,33,,
T,2026-04-14 11:56:44,53.475218,-2.24208755,10.3,11.74,51.4,1.08,241.0,14,34,,
T,2026-04-14 11:56:45,53.47521505,-2.24210492,10.36,12.388,51.4,1.14,262.0,14,33,,
T,2026-04-14 11:56:46,53.47520968,-2.24212019,10.4,13.654,51.4,1.13,245.0,13,33,,
T,2026-04-14 11:56:47,53.47520834,-2.24213774,10.46,12.898,51.4,1.19,269.0,14,33,,
T,2026-04-14 11:56:48,53.47520583,-2.24215497,10.66,12.658,51.4,1.1,262.0,16,34,,
T,2026-04-14 11:56:49,53.47520045,-2.2421714,10.67,12.511,51.4,1.13,248.0,15,34,,
T,2026-04-14 11:56:50,53.47519647,-2.24218865,10.95,12.467,51.4,1.13,260.0,17,34,,
T,2026-04-14 11:56:51,53.47519134,-2.24220573,11.0,11.917,51.4,1.16,251.0,18,34,,
T,2026-04-14 11:56:52,53.47518627,-2.24222267,11.11,11.651,51.4,1.16,250.0,19,35,,
T,2026-04-14 11:56:53,53.47517762,-2.24223809,11.08,11.34,51.4,1.22,235.0,20,34,,
T,2026-04-14 11:56:54,53.47517112,-2.24225403,10.81,12.227,51.4,1.19,247.0,20,35,,
T,2026-04-14 11:56:55,53.47516238,-2.24226939,10.82,13.199,51.4,1.21,239.0,20,35,,
T,2026-04-14 11:56:56,53.47515237,-2.24228337,10.8,15.772,51.4,1.21,240.0,17,35,,
T,2026-04-14 11:56:57,53.47514448,-2.24229717,10.59,17.376,51.4,1.22,248.0,16,35,,
T,2026-04-14 11:56:58,53.47513995,-2.24231048,10.46,19.596,51.4,1.18,247.0,16,36,,
T,2026-04-14 11:56:59,53.47513579,-2.24232874,10.35,19.477,51.4,1.23,251.0,16,36,,
T,2026-04-14 11:57:00,53.47512911,-2.24234731,10.3,19.468,51.4,1.23,239.0,16,36,,
T,2026-04-14 11:57:01,53.47512073,-2.24236542,10.25,18.974,51.4,1.27,237.0,18,36,,
T,2026-04-14 11:57:02,53.47512248,-2.24236896,10.25,17.13,51.4,0.0,,19,37,,
T,2026-04-14 11:57:03,53.47513519,-2.24240529,10.18,17.889,51.4,3.55,308.0,19,35,,
T,2026-04-14 11:57:04,53.47515385,-2.24239528,10.11,20.397,51.4,2.69,11.0,20,35,,
T,2026-04-14 11:57:05,53.47516008,-2.24238296,10.03,22.49,51.4,1.32,10.0,20,35,,
T,2026-04-14 11:57:06,53.4751612,-2.24236972,10.0,24.744,51.4,1.34,18.0,21,36,,
T,2026-04-14 11:57:07,53.47516605,-2.24235493,9.98,24.678,51.4,1.51,43.0,21,36,,
T,2026-04-14 11:57:08,53.47517562,-2.24234071,10.02,24.273,51.4,1.37,44.0,21,36,,
T,2026-04-14 11:57:09,53.47518863,-2.24236066,10.01,23.063,51.4,1.49,330.0,21,36,,
T,2026-04-14 11:57:10,53.47519086,-2.24237082,10.11,22.788,51.4,0.26,323.0,20,36,,
T,2026-04-14 11:57:11,53.47519136,-2.24237236,10.46,22.818,51.4,0.0,,20,36,,
T,2026-04-14 11:57:12,53.47519023,-2.24237449,10.13,22.95,51.4,0.0,,20,36,,
T,2026-04-14 11:57:13,53.47518988,-2.24237508,10.13,22.94,51.4,0.0,,19,36,,
T,2026-04-14 11:57:14,53.47518979,-2.24237523,10.16,22.94,51.4,0.0,,16,36,,
T,2026-04-14 11:57:15,53.47518976,-2.24237527,10.2,22.933,51.4,0.0,,15,36,,
T,2026-04-14 11:57:16,53.47518975,-2.24237528,10.24,22.931,51.4,0.0,,15,36,,
T,2026-04-14 11:57:17,53.47518974,-2.2423753,10.28,22.931,51.4,0.0,,15,36,,
T,2026-04-14 11:57:18,53.47518973,-2.2423753,10.35,22.934,51.4,0.0,,16,36,,
T,2026-04-14 11:57:19,53.47518972,-2.24237529,10.35,22.933,51.4,0.0,,17,36,,
T,2026-04-14 11:57:20,53.47518878,-2.24237519,10.2,23.062,51.4,0.18,323.0,18,36,,
T,2026-04-14 11:57:21,53.47518654,-2.24237745,10.59,21.757,51.4,0.22,323.0,19,36,,
T,2026-04-14 11:57:22,53.47518773,-2.24240266,10.15,23.309,51.4,1.59,282.0,20,34,,
T,2026-04-14 11:57:23,53.47518874,-2.24241668,10.11,23.278,51.4,0.0,,20,35,,
T,2026-04-14 11:57:24,53.47518876,-2.242419,10.06,23.297,51.4,0.0,,19,34,,
T,2026-04-14 11:57:25,53.4751887,-2.24241959,10.05,23.312,51.4,0.0,,19,34,,
T,2026-04-14 11:57:26,53.47518864,-2.24241979,10.01,23.314,51.4,0.0,,19,33,,
T,2026-04-14 11:57:27,53.47518859,-2.24241986,10.0,23.316,51.4,0.0,,19,34,,
T,2026-04-14 11:57:28,53.47518855,-2.24241992,9.98,23.319,51.4,0.0,,16,33,,
T,2026-04-14 11:57:29,53.47518851,-2.24241997,9.97,23.32,51.4,0.0,,16,36,,
T,2026-04-14 11:57:30,53.47518848,-2.24242002,9.94,23.324,51.4,0.0,,14,37,,
T,2026-04-14 11:57:31,53.4751846,-2.24241712,9.94,23.47,51.4,0.0,,14,36,,
T,2026-04-14 11:57:32,53.47518433,-2.24241657,3.79,23.275,51.4,0.0,,14,35,,
T,2026-04-14 11:57:33,53.47518414,-2.24241564,3.79,23.333,51.4,0.0,,15,35,,
T,2026-04-14 11:57:34,53.47518405,-2.24241453,3.79,23.963,51.4,0.25,282.0,16,35,,
T,2026-04-14 11:57:35,53.47518217,-2.24241218,3.79,23.982,51.4,0.0,,17,34,,
T,2026-04-14 11:57:36,53.47518158,-2.24241151,3.79,23.997,51.4,0.0,,18,34,,
T,2026-04-14 11:57:37,53.47518132,-2.24241119,3.79,23.986,51.4,0.0,,18,34,,
T,2026-04-14 11:57:38,53.47518132,-2.24241116,3.79,24.019,51.4,0.0,,18,34,,
T,2026-04-14 11:57:39,53.4751813,-2.24241112,3.79,24.029,51.4,0.0,,18,34,,
T,2026-04-14 11:57:40,53.47518114,-2.24241094,3.79,24.017,51.4,0.0,,17,34,,
T,2026-04-14 11:57:41,53.4751812,-2.24241096,3.79,24.056,51.4,0.0,,17,35,,
T,2026-04-14 11:57:42,53.47518092,-2.24241061,3.79,24.017,51.4,0.0,,15,34,,
T,2026-04-14 11:57:43,53.47518081,-2.24241046,3.79,24.027,51.4,0.0,,15,34,,
T,2026-04-14 11:57:44,53.47518064,-2.2424102,3.81,24.022,51.4,0.0,,16,34,,
T,2026-04-14 11:57:45,53.47518051,-2.24240998,3.79,24.017,51.4,0.0,,16,35,,
T,2026-04-14 11:57:46,53.47518045,-2.24240987,3.88,24.021,51.4,0.0,,16,34,,
T,2026-04-14 11:57:47,53.47518039,-2.2424098,3.87,24.027,51.4,0.0,,16,34,,
T,2026-04-14 11:57:48,53.47518034,-2.24240977,3.79,24.038,51.4,0.0,,16,34,,
T,2026-04-14 11:57:49,53.47518001,-2.24240928,3.79,23.964,51.4,0.0,,16,36,,
T,2026-04-14 11:57:50,53.47517557,-2.24240851,3.79,23.891,51.4,0.0,,16,35,,
T,2026-04-14 11:57:51,53.47516991,-2.24240811,3.79,24.365,51.4,0.45,282.0,16,35,,
T,2026-04-14 11:57:52,53.47516182,-2.24240597,3.79,27.174,51.4,0.48,282.0,17,36,,
T,2026-04-14 11:57:53,53.47515601,-2.24240509,3.79,27.671,51.4,0.27,282.0,17,36,,
T,2026-04-14 11:57:54,53.47514936,-2.24240686,3.79,29.608,51.4,0.5,282.0,18,36,,
T,2026-04-14 11:57:55,53.47514435,-2.24240958,3.79,30.072,51.4,0.33,282.0,18,37,,
T,2026-04-14 11:57:56,53.47513931,-2.24240639,3.79,30.143,51.4,0.0,,18,36,,
T,2026-04-14 11:57:57,53.47513778,-2.24240537,3.79,30.099,51.4,0.0,,19,36,,
T,2026-04-14 11:57:58,53.47513854,-2.24240424,3.79,29.835,51.4,0.0,,18,35,,
T,2026-04-14 11:57:59,53.47513933,-2.24240202,3.79,29.826,51.4,0.0,,18,36,,
T,2026-04-14 11:58:00,53.47513975,-2.24240044,3.79,29.736,51.4,0.0,,19,36,,
T,2026-04-14 11:58:01,53.47513992,-2.24239972,3.79,29.748,51.4,0.0,,19,34,,
T,2026-04-14 11:58:02,53.47514013,-2.24239949,3.79,29.633,51.4,0.0,,18,34,,
T,2026-04-14 11:58:03,53.47514016,-2.24239954,3.79,29.636,51.4,0.0,,19,36,,
T,2026-04-14 11:58:04,53.47514014,-2.24239965,3.79,29.637,51.4,0.0,,19,36,,
T,2026-04-14 11:58:05,53.47514019,-2.24239967,3.79,29.614,51.4,0.0,,21,36,,
T,2026-04-14 11:58:06,53.47514015,-2.24240007,3.79,29.553,51.4,0.0,,21,36,,
T,2026-04-14 11:58:07,53.47514002,-2.24240056,3.79,29.53,51.4,0.0,,21,35,,
T,2026-04-14 11:58:08,53.47513997,-2.24240067,3.79,29.528,51.4,0.0,,21,35,,
T,2026-04-14 11:58:09,53.47514001,-2.24240086,3.79,29.557,51.4,0.0,,20,35,,
T,2026-04-14 11:58:10,53.47514004,-2.24240097,3.79,29.525,51.4,0.0,,19,34,,
T,2026-04-14 11:58:11,53.47513987,-2.24240103,3.79,29.478,51.4,0.0,,17,35,,
T,2026-04-14 11:58:12,53.47513985,-2.24240127,3.79,29.463,51.4,0.0,,18,35,,
T,2026-04-14 11:58:13,53.4751398,-2.24240135,3.79,29.466,51.4,0.0,,19,35,,
T,2026-04-14 11:58:14,53.47513973,-2.24240161,3.79,29.446,51.4,0.0,,20,35,,
T,2026-04-14 11:58:15,53.47513936,-2.24240131,3.79,29.433,51.4,0.0,,20,34,,
T,2026-04-14 11:58:16,53.47513932,-2.24240134,3.79,29.455,51.4,0.0,,20,35,,
T,2026-04-14 11:58:17,53.47513916,-2.2424009,3.79,29.53,51.4,0.0,,19,37,,
T,2026-04-14 11:58:18,53.47513911,-2.24240058,3.79,29.531,51.4,0.0,,20,37,,
T,2026-04-14 11:58:19,53.47513914,-2.2424008,3.79,29.546,51.4,0.0,,20,36,,
T,2026-04-14 11:58:20,53.4751389,-2.24240086,3.79,29.513,51.4,0.0,,21,36,,
T,2026-04-14 11:58:21,53.4751386,-2.24240076,3.79,29.492,51.4,0.0,,21,36,,
T,2026-04-14 11:58:22,53.47513874,-2.24240049,3.79,29.383,51.4,0.0,,21,36,,
T,2026-04-14 11:58:23,53.47513852,-2.24240045,3.79,29.292,51.4,0.0,,21,37,,
T,2026-04-14 11:58:24,53.47513829,-2.2424003,3.79,29.298,51.4,0.0,,20,36,,
T,2026-04-14 11:58:25,53.47513823,-2.24240046,3.79,29.275,51.4,0.0,,20,36,,
T,2026-04-14 11:58:26,53.4751381,-2.24240044,3.79,29.258,51.4,0.0,,20,36,,
T,2026-04-14 11:58:27,53.47513808,-2.24240043,3.79,29.25,51.4,0.0,,20,36,,
T,2026-04-14 11:58:28,53.4751378,-2.24240021,3.79,29.219,51.4,0.0,,20,36,,
T,2026-04-14 11:58:29,53.47513787,-2.24240035,3.79,29.248,51.4,0.0,,20,36,,
T,2026-04-14 11:58:30,53.47513769,-2.24240021,3.79,29.21,51.4,0.0,,20,36,,
T,2026-04-14 11:58:31,53.47513757,-2.24239993,3.79,29.201,51.4,0.0,,18,36,,
T,2026-04-14 11:58:32,53.4751376,-2.24240005,3.79,29.227,51.4,0.0,,17,36,,
T,2026-04-14 11:58:33,53.4751377,-2.24240034,3.79,29.253,51.4,0.0,,17,36,,
T,2026-04-14 11:58:34,53.47513752,-2.24240054,3.79,29.175,51.4,0.0,,17,36,,
T,2026-04-14 11:58:35,53.4751376,-2.2424009,3.79,29.211,51.4,0.0,,18,36,,
T,2026-04-14 11:58:36,53.47513752,-2.24240095,3.79,29.189,51.4,0.0,,17,36,,
T,2026-04-14 11:58:37,53.47516001,-2.24242265,3.79,29.578,51.4,3.27,330.0,17,36,,
T,2026-04-14 11:58:38,53.4751701,-2.24243261,3.79,29.595,51.4,0.0,,18,36,,
T,2026-04-14 11:58:39,53.47517146,-2.24243362,3.79,29.667,51.4,0.0,,21,36,,
T,2026-04-14 11:58:40,53.4751719,-2.24243378,3.79,29.713,51.4,0.0,,22,36,,
T,2026-04-14 11:58:41,53.47518751,-2.2424428,3.79,30.24,51.4,2.01,344.0,22,36,,
T,2026-04-14 11:58:42,53.47520067,-2.24245495,3.79,30.641,51.4,1.88,337.0,23,37,,
T,2026-04-14 11:58:43,53.47521392,-2.24246537,3.79,32.29,51.4,1.84,342.0,23,36,,
T,2026-04-14 11:58:44,53.47521246,-2.24246809,3.79,32.599,51.4,0.0,,23,36,,
T,2026-04-14 11:58:45,53.47520668,-2.24247004,3.79,33.145,51.4,0.35,343.0,23,37,,
T,2026-04-14 11:58:46,53.47521984,-2.2424834,3.79,33.583,51.4,0.0,,23,37,,
T,2026-04-14 11:58:47,53.47522327,-2.24248688,3.79,33.602,51.4,0.0,,23,36,,
T,2026-04-14 11:58:48,53.47523708,-2.24250725,3.79,33.648,51.4,2.16,321.0,21,36,,
T,2026-04-14 11:58:49,53.47523966,-2.24251161,3.79,33.683,51.4,0.0,,22,35,,
T,2026-04-14 11:58:50,53.47523932,-2.24251145,3.79,33.636,51.4,0.0,,22,35,,
T,2026-04-14 11:58:51,53.47523756,-2.24250944,3.79,34.23,51.4,0.0,,22,35,,
T,2026-04-14 11:58:52,53.47523677,-2.24250968,3.79,34.328,51.4,0.0,,21,35,,
T,2026-04-14 11:58:53,53.47523633,-2.24250967,3.79,34.321,51.4,0.0,,23,36,,
T,2026-04-14 11:58:54,53.47523596,-2.24250894,3.79,34.332,51.4,0.0,,24,35,,
T,2026-04-14 11:58:55,53.4752358,-2.24250863,3.79,34.35,51.4,0.0,,24,36,,
T,2026-04-14 11:58:56,53.47523576,-2.24250768,3.79,34.324,51.4,0.0,,24,36,,
T,2026-04-14 11:58:57,53.47523576,-2.24250721,3.79,34.319,51.4,0.0,,24,36,,
T,2026-04-14 11:58:58,53.47523532,-2.24250731,3.79,34.452,51.4,0.0,,24,36,,
T,2026-04-14 11:58:59,53.4752354,-2.24250476,3.79,35.407,51.4,0.25,321.0,24,36,,
T,2026-04-14 11:59:00,53.47523416,-2.24250317,3.79,35.559,51.4,0.0,,23,36,,
T,2026-04-14 11:59:01,53.47523164,-2.24250996,3.79,36.774,51.4,0.52,321.0,23,36,,
T,2026-04-14 11:59:02,53.47522505,-2.2425139,3.79,36.955,51.4,0.44,321.0,23,36,,
T,2026-04-14 11:59:03,53.47522255,-2.24251341,3.79,37.218,51.4,0.32,321.0,23,36,,
T,2026-04-14 11:59:04,53.47522363,-2.24251049,3.79,37.602,51.4,0.29,321.0,22,36,,
T,2026-04-14 11:59:05,53.47522092,-2.24250675,3.79,37.598,51.4,0.0,,21,36,,
T,2026-04-14 11:59:06,53.47522041,-2.24250603,3.79,37.65,51.4,0.0,,21,36,,
T,2026-04-14 11:59:07,53.47522026,-2.24250579,3.79,37.651,51.4,0.0,,21,36,,
T,2026-04-14 11:59:08,53.47522016,-2.24250562,3.79,37.642,51.4,0.0,,19,35,,
T,2026-04-14 11:59:09,53.47522011,-2.24250556,3.79,37.639,51.4,0.0,,20,35,,
T,2026-04-14 11:59:10,53.47522004,-2.24250545,3.79,37.638,51.4,0.0,,20,35,,
T,2026-04-14 11:59:11,53.47521989,-2.24250522,3.79,37.624,51.4,0.0,,20,36,,
T,2026-04-14 11:59:12,53.47521958,-2.24250502,3.79,37.61,51.4,0.0,,20,36,,
T,2026-04-14 11:59:13,53.47521896,-2.2425044,3.79,37.614,51.4,0.0,,20,36,,
T,2026-04-14 11:59:14,53.47521868,-2.24250421,3.79,37.603,51.4,0.0,,19,36,,
T,2026-04-14 11:59:15,53.4752186,-2.24250422,3.79,37.601,51.4,0.0,,19,36,,
T,2026-04-14 11:59:16,53.47521839,-2.24250414,3.79,37.593,51.4,0.0,,19,36,,
T,2026-04-14 11:59:17,53.47521829,-2.24250407,3.79,37.593,51.4,0.0,,20,35,,
T,2026-04-14 11:59:18,53.47521808,-2.24250398,3.79,37.585,51.4,0.0,,22,35,,
T,2026-04-14 11:59:19,53.47521786,-2.24250382,3.79,37.58,51.4,0.0,,22,35,,
T,2026-04-14 11:59:20,53.47521764,-2.24250364,3.79,37.577,51.4,0.0,,22,35,,
T,2026-04-14 11:59:21,53.47521717,-2.24250322,3.79,37.55,51.4,0.0,,22,35,,
T,2026-04-14 11:59:22,53.4752168,-2.24250287,3.79,37.542,51.4,0.0,,21,35,,
T,2026-04-14 11:59:23,53.47521663,-2.24250271,3.89,37.533,51.4,0.0,,21,35,,
T,2026-04-14 11:59:24,53.47521412,-2.24250034,3.79,37.48,51.4,0.0,,21,33,,
T,2026-04-14 11:59:25,53.47521144,-2.24249826,3.79,37.468,51.4,0.0,,21,33,,
T,2026-04-14 11:59:26,53.47521062,-2.24249759,3.79,37.478,51.4,0.0,,22,33,,
T,2026-04-14 11:59:27,53.47521031,-2.24249736,3.79,37.467,51.4,0.0,,22,33,,
T,2026-04-14 11:59:28,53.4752101,-2.24249743,3.79,37.446,51.4,0.0,,22,33,,
T,2026-04-14 11:59:29,53.47520825,-2.24249612,3.79,37.483,51.4,0.0,,22,34,,
T,2026-04-14 11:59:30,53.4752065,-2.24249558,3.79,37.463,51.4,0.0,,22,34,,
T,2026-04-14 11:59:31,53.47520587,-2.2424952,3.79,37.482,51.4,0.0,,22,34,,
T,2026-04-14 11:59:32,53.47520569,-2.24249509,3.79,37.48,51.4,0.0,,22,32,,
T,2026-04-14 11:59:33,53.47520552,-2.24249477,3.79,37.514,51.4,0.0,,22,32,,
T,2026-04-14 11:59:34,53.47520542,-2.24249469,3.79,37.522,51.4,0.0,,22,32,,
T,2026-04-14 11:59:35,53.47520523,-2.24249476,3.79,37.518,51.4,0.0,,23,33,,
T,2026-04-14 11:59:36,53.47520522,-2.24249468,3.79,37.523,51.4,0.0,,24,33,,
T,2026-04-14 11:59:37,53.4752052,-2.24249468,3.79,37.523,51.4,0.0,,25,33,,
T,2026-04-14 11:59:38,53.47520501,-2.24249474,3.79,37.512,51.4,0.0,,25,33,,
T,2026-04-14 11:59:39,53.47520491,-2.24249479,3.79,37.509,51.4,0.0,,25,33,,
T,2026-04-14 11:59:40,53.47520483,-2.24249479,3.79,37.506,51.4,0.0,,24,33,,
T,2026-04-14 11:59:41,53.47520449,-2.24249508,3.79,37.462,51.4,0.0,,21,33,,
T,2026-04-14 11:59:42,53.47520428,-2.24249543,3.79,37.446,51.4,0.0,,19,33,,
T,2026-04-14 11:59:43,53.47520411,-2.24249568,3.79,37.439,51.4,0.0,,19,33,,
T,2026-04-14 11:59:44,53.47520394,-2.24249576,3.79,37.437,51.4,0.0,,20,33,,
T,2026-04-14 11:59:45,53.47520389,-2.24249577,3.79,37.438,51.4,0.0,,20,32,,
T,2026-04-14 11:59:46,53.47520385,-2.24249578,3.79,37.434,51.4,0.0,,20,31,,
T,2026-04-14 11:59:47,53.47520381,-2.24249576,3.79,37.433,51.4,0.0,,22,31,,
T,2026-04-14 11:59:48,53.47520376,-2.24249573,3.79,37.431,51.4,0.0,,23,31,,
T,2026-04-14 11:59:49,53.47520372,-2.24249571,3.82,37.429,51.4,0.0,,23,31,,
T,2026-04-14 11:59:50,53.47520198,-2.24249369,3.85,37.748,51.4,0.0,,22,31,,
T,2026-04-14 11:59:51,53.47520035,-2.24249069,4.0,38.297,51.4,0.17,321.0,23,31,,
T,2026-04-14 11:59:52,53.47519503,-2.24249601,3.99,38.127,51.4,0.0,,23,33,,
T,2026-04-14 11:59:53,53.47519446,-2.24249639,4.07,37.754,51.4,0.16,321.0,21,33,,
T,2026-04-14 11:59:54,53.47519309,-2.24249712,3.95,37.768,51.4,0.0,,21,33,,
T,2026-04-14 11:59:55,53.47519253,-2.24249674,3.87,37.757,51.4,0.0,,21,33,,
T,2026-04-14 11:59:56,53.47518839,-2.2424967,3.83,37.902,51.4,0.23,321.0,22,33,,
T,2026-04-14 11:59:57,53.47518539,-2.24249416,3.84,37.887,51.4,0.0,,22,33,,
T,2026-04-14 11:59:58,53.47518464,-2.24249326,3.81,37.893,51.4,0.0,,22,33,,
T,2026-04-14 11:59:59,53.4751844,-2.24249285,3.79,37.893,51.4,0.0,,22,33,,
T,2026-04-14 12:00:00,53.47518022,-2.24248561,4.11,38.027,51.4,0.4,321.0,22,33,,
T,2026-04-14 12:00:01,53.47517676,-2.24247465,4.99,38.704,51.4,0.61,321.0,22,33,,
T,2026-04-14 12:00:02,53.47517408,-2.24246322,10.34,38.609,51.4,0.47,321.0,22,33,,
T,2026-04-14 12:00:03,53.47517831,-2.24243332,10.41,42.262,51.4,1.61,71.0,22,33,,
T,2026-04-14 12:00:04,53.47518631,-2.24240402,10.47,43.294,51.4,1.63,60.0,22,33,,
T,2026-04-14 12:00:05,53.47519601,-2.24237911,10.46,44.131,51.4,1.46,48.0,22,33,,
T,2026-04-14 12:00:06,53.47520159,-2.24235701,10.5,46.29,51.4,1.36,53.0,22,33,,
T,2026-04-14 12:00:07,53.47519983,-2.24233184,10.53,47.744,51.4,1.46,80.0,22,33,,
T,2026-04-14 12:00:08,53.4752054,-2.24231367,10.45,46.031,51.4,2.26,22.0,21,33,,
T,2026-04-14 12:00:09,53.47520513,-2.24229911,10.41,46.59,51.4,1.3,39.0,21,33,,
T,2026-04-14 12:00:10,53.47520682,-2.24228737,10.38,47.259,51.4,1.25,43.0,21,32,,
T,2026-04-14 12:00:11,53.47520947,-2.24227023,10.45,48.104,51.4,1.31,57.0,22,32,,
T,2026-04-14 12:00:12,53.475208,-2.24224973,10.4,48.403,51.4,1.27,70.0,23,32,,
T,2026-04-14 12:00:13,53.47520843,-2.2422295,10.53,48.639,51.4,1.23,69.0,24,32,,
T,2026-04-14 12:00:14,53.47521189,-2.24221152,10.5,49.215,51.4,1.24,61.0,24,32,,
T,2026-04-14 12:00:15,53.47520925,-2.24219085,10.4,48.395,51.4,1.18,69.0,24,32,,
T,2026-04-14 12:00:16,53.47520857,-2.24216939,10.42,48.352,51.4,1.24,79.0,23,32,,
T,2026-04-14 12:00:17,53.47520661,-2.24214937,10.36,48.702,51.4,1.25,94.0,21,32,,
T,2026-04-14 12:00:18,53.47520235,-2.24212858,10.34,47.322,51.4,1.22,88.0,20,32,,
T,2026-04-14 12:00:19,53.4752057,-2.24211117,10.28,47.605,51.4,1.34,63.0,23,31,,
T,2026-04-14 12:00:20,53.47520886,-2.2420938,10.35,47.119,51.4,1.21,70.0,24,32,,
T,2026-04-14 12:00:21,53.47521066,-2.24207625,10.31,47.101,51.4,1.24,87.0,25,32,,
T,2026-04-14 12:00:22,53.4752163,-2.24206168,10.26,47.786,51.4,1.29,63.0,26,32,,
T,2026-04-14 12:00:23,53.47521826,-2.24204455,10.22,46.79,51.4,1.24,84.0,27,32,,
T,2026-04-14 12:00:24,53.47521802,-2.24202588,10.24,46.328,51.399,1.15,97.0,27,32,,
T,2026-04-14 12:00:25,53.47522441,-2.2420068,10.17,45.931,51.399,1.31,68.0,25,32,,
T,2026-04-14 12:00:26,53.47523384,-2.24199421,10.23,46.637,51.399,1.28,43.0,23,32,,
T,2026-04-14 12:00:27,53.47523908,-2.24197073,10.21,46.473,51.399,1.44,80.0,22,32,,
T,2026-04-14 12:00:28,53.47524346,-2.2419542,10.16,44.71,51.399,1.16,77.0,23,32,,
T,2026-04-14 12:00:29,53.47524894,-2.24193946,10.2,45.006,51.399,1.18,66.0,23,31,,
T,2026-04-14 12:00:30,53.47525419,-2.24192259,10.18,44.741,51.399,1.18,68.0,22,31,,
T,2026-04-14 12:00:31,53.47526223,-2.24190661,10.13,43.905,51.399,1.23,49.0,22,31,,
T,2026-04-14 12:00:32,53.47526882,-2.24189595,10.02,43.905,51.399,1.17,35.0,23,31,,
T,2026-04-14 12:00:33,53.47527546,-2.24188626,9.94,44.284,51.399,1.17,29.0,24,31,,
T,2026-04-14 12:00:34,53.4752812,-2.24187769,9.94,45.379,51.399,1.17,28.0,24,31,,
T,2026-04-14 12:00:35,53.47528809,-2.24186312,9.94,45.395,51.399,1.19,46.0,24,31,,
T,2026-04-14 12:00:36,53.47529422,-2.24184601,9.94,44.941,51.399,1.17,49.0,25,31,,
T,2026-04-14 12:00:37,53.47529947,-2.24182655,10.06,43.841,51.399,1.16,56.0,27,31,,
T,2026-04-14 12:00:38,53.47530471,-2.24180905,10.21,43.613,51.399,1.16,60.0,25,31,,
T,2026-04-14 12:00:39,53.47530988,-2.24179027,10.25,44.611,51.399,1.18,64.0,24,33,,
T,2026-04-14 12:00:40,53.47531878,-2.24177481,10.22,42.16,51.399,1.34,33.0,25,33,,
T,2026-04-14 12:00:41,53.47532337,-2.241755,10.22,41.351,51.399,1.34,66.0,25,33,,
T,2026-04-14 12:00:42,53.47532395,-2.24173487,10.26,41.376,51.399,1.2,80.0,24,33,,
T,2026-04-14 12:00:43,53.4753166,-2.24171146,10.24,33.841,51.399,1.16,93.0,22,33,,
T,2026-04-14 12:00:44,53.47530778,-2.24168968,10.29,30.05,51.399,1.13,105.0,23,33,,
T,2026-04-14 12:00:45,53.47529466,-2.24167434,10.27,25.7,51.399,1.2,129.0,22,34,,
T,2026-04-14 12:00:46,53.47528243,-2.24166293,10.23,23.515,51.399,1.09,128.0,19,36,,
T,2026-04-14 12:00:47,53.47526889,-2.24165564,10.19,22.566,51.399,1.15,145.0,19,36,,
T,2026-04-14 12:00:48,53.4752561,-2.24165016,10.15,21.598,51.399,1.1,148.0,18,36,,
T,2026-04-14 12:00:49,53.47524299,-2.24164823,10.07,20.597,51.399,1.12,163.0,17,36,,
T,2026-04-14 12:00:50,53.47522977,-2.24164864,10.03,19.909,51.399,1.09,169.0,16,36,,
T,2026-04-14 12:00:51,53.47521706,-2.24164867,10.02,19.122,51.399,1.08,172.0,15,36,,
T,2026-04-14 12:00:52,53.47520483,-2.24164577,10.08,18.684,51.399,1.08,167.0,14,36,,
T,2026-04-14 12:00:53,53.47519286,-2.24163902,10.09,17.786,51.399,1.1,156.0,13,36,,
T,2026-04-14 12:00:54,53.47517922,-2.24163859,10.09,17.723,51.399,1.14,177.0,14,36,,
T,2026-04-14 12:00:55,53.47516692,-2.24163236,10.11,17.061,51.399,1.14,159.0,14,36,,
T,2026-04-14 12:00:56,53.4751544,-2.24162543,10.1,16.327,51.399,1.1,159.0,14,36,,
T,2026-04-14 12:00:57,53.47514104,-2.24161872,10.05,15.732,51.399,1.14,161.0,12,36,,
T,2026-04-14 12:00:58,53.47512759,-2.24161256,9.94,14.761,51.399,1.17,165.0,13,36,,
T,2026-04-14 12:00:59,53.47511442,-2.24160603,10.01,14.407,51.399,1.19,160.0,12,36,,
T,2026-04-14 12:01:00,53.47510334,-2.24159533,10.12,13.083,51.399,1.22,149.0,12,36,,
T,2026-04-14 12:01:01,53.47509218,-2.2415868,10.11,12.209,51.399,1.21,155.0,13,36,,
T,2026-04-14 12:01:02,53.47508119,-2.24157834,10.1,11.446,51.399,1.21,156.0,13,36,,
T,2026-04-14 12:01:03,53.47507032,-2.24156999,10.09,11.093,51.399,1.21,154.0,13,36,,
T,2026-04-14 12:01:04,53.47506059,-2.24155811,10.16,10.581,51.399,1.21,139.0,13,36,,
T,2026-04-14 12:01:05,53.4750496,-2.24155048,10.19,10.577,51.399,1.25,152.0,13,36,,
T,2026-04-14 12:01:06,53.475039,-2.24154157,9.94,9.631,51.399,1.22,148.0,8,37,,
T,2026-04-14 12:01:07,53.47502791,-2.24153388,10.14,8.695,51.399,1.23,154.0,7,37,,
T,2026-04-14 12:01:08,53.4750152,-2.24152921,9.96,9.076,51.399,1.23,156.0,8,38,,
T,2026-04-14 12:01:09,53.4750017,-2.2415238,10.27,9.419,51.399,1.25,150.0,11,38,,
T,2026-04-14 12:01:10,53.47498679,-2.24152125,10.42,10.123,51.398,1.27,165.0,11,38,,
T,2026-04-14 12:01:11,53.47497167,-2.24151746,10.2,11.113,51.398,1.26,158.0,11,38,,
T,2026-04-14 12:01:12,53.47495683,-2.24151431,9.94,11.27,51.398,1.35,164.0,12,38,,
T,2026-04-14 12:01:13,53.47494406,-2.24150883,9.94,11.606,51.398,1.26,164.0,12,38,,
T,2026-04-14 12:01:14,53.47492968,-2.24150966,9.94,11.408,51.398,1.19,175.0,12,39,,
T,2026-04-14 12:01:15,53.47491631,-2.24150759,9.94,11.562,51.398,1.16,173.0,13,40,,
T,2026-04-14 12:01:16,53.47490183,-2.24150964,9.94,12.213,51.398,1.15,180.0,13,39,,
T,2026-04-14 12:01:17,53.47488681,-2.24151198,9.94,12.502,51.398,1.06,178.0,14,39,,
T,2026-04-14 12:01:18,53.47487395,-2.24151414,9.94,14.383,51.398,0.94,184.0,14,39,,
T,2026-04-14 12:01:19,53.47486321,-2.24151326,3.79,15.7,51.398,0.0,,14,39,,
T,2026-04-14 12:01:20,53.47485858,-2.24151267,3.79,16.877,51.398,0.0,,14,39,,
T,2026-04-14 12:01:21,53.47485734,-2.24151237,3.79,16.885,51.398,0.0,,14,39,,
T,2026-04-14 12:01:22,53.47485698,-2.24151243,3.81,16.88,51.398,0.0,,14,41,,
T,2026-04-14 12:01:23,53.47485685,-2.24151245,3.8,16.878,51.398,0.0,,14,42,,
T,2026-04-14 12:01:24,53.4748569,-2.24151244,3.83,16.865,51.398,0.0,,15,42,,
T,2026-04-14 12:01:25,53.47485676,-2.24151247,3.9,16.879,51.398,0.0,,14,42,,
T,2026-04-14 12:01:26,53.47485669,-2.24151249,3.98,16.878,51.398,0.0,,15,42,,
T,2026-04-14 12:01:27,53.47485665,-2.2415125,4.02,16.878,51.398,0.0,,15,42,,
T,2026-04-14 12:01:28,53.47485661,-2.24151248,4.13,16.883,51.398,0.0,,14,42,,
T,2026-04-14 12:01:29,53.47484829,-2.24151178,4.31,17.03,51.398,0.9,177.0,15,42,,
T,2026-04-14 12:01:30,53.47483558,-2.24150231,4.2,17.632,51.398,1.22,151.0,15,42,,
T,2026-04-14 12:01:31,53.47482265,-2.24149663,4.14,17.776,51.398,1.15,163.0,15,42,,
T,2026-04-14 12:01:32,53.47481179,-2.24148512,4.23,17.665,51.398,1.17,149.0,15,42,,
T,2026-04-14 12:01:33,53.47480207,-2.2414735,4.29,17.877,51.398,1.16,144.0,15,42,,
T,2026-04-14 12:01:34,53.4747908,-2.24146615,4.3,17.919,51.398,1.22,163.0,16,42,,
T,2026-04-14 12:01:35,53.47477998,-2.2414591,4.44,18.059,51.398,1.19,152.0,15,42,,
T,2026-04-14 12:01:36,53.47476963,-2.24145256,4.53,17.93,51.398,1.18,158.0,15,42,,
T,2026-04-14 12:01:37,53.47475922,-2.24144682,4.74,18.195,51.398,1.17,157.0,15,42,,
T,2026-04-14 12:01:38,53.47474844,-2.24144071,4.19,18.371,51.398,1.17,163.0,15,42,,
T,2026-04-14 12:01:39,53.47473795,-2.24143248,4.28,17.877,51.398,1.18,161.0,16,42,,
T,2026-04-14 12:01:40,53.47472585,-2.24141945,4.39,18.755,51.398,1.2,151.0,17,42,,
T,2026-04-14 12:01:41,53.47471458,-2.2414034,4.41,19.065,51.398,1.22,138.0,18,42,,
T,2026-04-14 12:01:42,53.47470413,-2.24138919,4.48,19.514,51.398,1.19,141.0,23,42,,
T,2026-04-14 12:01:43,53.47469357,-2.24137508,4.55,20.415,51.398,1.18,137.0,23,42,,
T,2026-04-14 12:01:44,53.47468536,-2.24135872,4.45,21.317,51.398,1.2,123.0,23,42,,
T,2026-04-14 12:01:45,53.47467623,-2.2413447,4.46,21.576,51.398,1.16,135.0,21,42,,
T,2026-04-14 12:01:46,53.47466732,-2.24133092,4.48,20.927,51.398,1.11,130.0,23,42,,
T,2026-04-14 12:01:47,53.47465693,-2.24131884,4.41,21.478,51.398,1.13,143.0,23,42,,
T,2026-04-14 12:01:48,53.47464814,-2.24130556,4.69,21.299,51.398,1.11,137.0,23,42,,
T,2026-04-14 12:01:49,53.47463968,-2.24129306,4.29,21.38,51.398,1.13,138.0,23,42,,
T,2026-04-14 12:01:50,53.47463205,-2.24128065,4.0,21.346,51.398,1.12,136.0,23,42,,
T,2026-04-14 12:01:51,53.47462382,-2.2412691,3.83,20.932,51.398,1.13,140.0,21,42,,
T,2026-04-14 12:01:52,53.47461452,-2.24126115,3.79,21.646,51.398,1.18,151.0,20,42,,
T,2026-04-14 12:01:53,53.47460524,-2.24125248,3.79,21.376,51.398,1.14,150.0,20,42,,
T,2026-04-14 12:01:54,53.47459639,-2.24124314,3.79,21.447,51.398,1.14,150.0,20,42,,
T,2026-04-14 12:01:55,53.47458746,-2.24123334,3.79,20.724,51.398,1.15,145.0,18,42,,
T,2026-04-14 12:01:56,53.47457745,-2.24122582,3.79,20.193,51.398,1.15,153.0,20,42,,
T,2026-04-14 12:01:57,53.47456763,-2.24121702,3.79,19.741,51.398,1.14,149.0,18,42,,
T,2026-04-14 12:01:58,53.47455814,-2.2412083,3.79,19.898,51.398,1.15,150.0,18,42,,
T,2026-04-14 12:01:59,53.47454775,-2.2412005,3.79,19.123,51.398,1.16,154.0,17,42,,
T,2026-04-14 12:02:00,53.4745377,-2.24119253,3.79,19.095,51.398,1.15,153.0,17,41,,
T,2026-04-14 12:02:01,53.47452702,-2.24118439,3.79,18.545,51.398,1.16,152.0,16,40,,
T,2026-04-14 12:02:02,53.47451717,-2.2411754,3.79,17.889,51.398,1.16,150.0,15,40,,
T,2026-04-14 12:02:03,53.4745075,-2.24116699,3.79,17.751,51.398,1.16,152.0,14,40,,
T,2026-04-14 12:02:04,53.47449754,-2.24115723,3.79,17.411,51.398,1.16,146.0,12,39,,
T,2026-04-14 12:02:05,53.47448733,-2.24114916,3.79,16.91,51.398,1.17,155.0,9,39,,
T,2026-04-14 12:02:06,53.47447931,-2.24113821,3.79,16.271,51.398,1.17,145.0,8,38,,
T,2026-04-14 12:02:07,53.474469,-2.24113412,3.89,16.903,51.398,1.15,165.0,8,38,,
T,2026-04-14 12:02:08,53.47445809,-2.24113007,4.1,16.875,51.398,1.16,153.0,11,38,,
T,2026-04-14 12:02:09,53.47444637,-2.24112874,4.2,16.483,51.398,1.21,168.0,12,38,,
T,2026-04-14 12:02:10,53.47443556,-2.24112455,4.36,16.664,51.398,1.18,163.0,12,38,,
T,2026-04-14 12:02:11,53.47442732,-2.24111845,4.49,16.037,51.398,1.18,160.0,12,38,,
T,2026-04-14 12:02:12,53.47441778,-2.24111059,4.56,15.626,51.398,1.18,155.0,12,38,,
T,2026-04-14 12:02:13,53.47440785,-2.24110282,4.63,15.559,51.398,1.18,156.0,13,38,,
T,2026-04-14 12:02:14,53.47439708,-2.24109734,4.06,15.193,51.398,1.2,162.0,10,38,,
T,2026-04-14 12:02:15,53.47438679,-2.24108995,4.1,14.331,51.398,1.19,159.0,11,38,,
T,2026-04-14 12:02:16,53.47437649,-2.24108212,4.36,14.181,51.398,1.21,162.0,11,38,,
T,2026-04-14 12:02:17,53.47436709,-2.24106993,4.54,14.297,51.398,1.26,145.0,11,38,,
T,2026-04-14 12:02:18,53.47435666,-2.24106091,4.66,14.285,51.398,1.23,154.0,12,38,,
T,2026-04-14 12:02:19,53.47434643,-2.24105198,4.72,13.993,51.397,1.23,152.0,12,37,,
T,2026-04-14 12:02:20,53.4743368,-2.24104104,4.73,14.082,51.397,1.24,149.0,11,37,,
T,2026-04-14 12:02:21,53.47432692,-2.24103099,4.84,14.316,51.397,1.25,150.0,10,37,,
T,2026-04-14 12:02:22,53.47431671,-2.24102198,4.64,14.472,51.397,1.25,152.0,11,36,,
T,2026-04-14 12:02:23,53.47430618,-2.24101421,4.18,14.5,51.397,1.26,156.0,11,35,,
T,2026-04-14 12:02:24,53.47429589,-2.24100608,4.2,14.524,51.397,1.25,154.0,11,34,,
T,2026-04-14 12:02:25,53.47428624,-2.24099542,4.3,14.799,51.397,1.26,147.0,10,33,,
T,2026-04-14 12:02:26,53.47427589,-2.24098553,4.27,14.153,51.397,1.27,151.0,10,33,,
T,2026-04-14 12:02:27,53.47426542,-2.24097517,4.02,13.242,51.397,1.28,150.0,11,33,,
T,2026-04-14 12:02:28,53.47425482,-2.24096516,3.95,13.066,51.397,1.28,150.0,10,33,,
T,2026-04-14 12:02:29,53.47424417,-2.24095529,4.1,12.93,51.397,1.28,150.0,10,33,,
T,2026-04-14 12:02:30,53.47423304,-2.24094699,4.37,12.676,51.397,1.29,156.0,10,34,,
T,2026-04-14 12:02:31,53.47422263,-2.24093612,4.44,12.206,51.397,1.29,148.0,10,34,,
T,2026-04-14 12:02:32,53.47421182,-2.24092708,4.24,12.236,51.397,1.28,153.0,9,34,,
T,2026-04-14 12:02:33,53.47420138,-2.24091569,4.04,11.21,51.397,1.28,153.0,8,34,,
T,2026-04-14 12:02:34,53.47419075,-2.24090627,4.27,11.373,51.397,1.27,154.0,7,34,,
T,2026-04-14 12:02:35,53.47417789,-2.24089366,5.15,12.179,51.397,1.27,157.0,7,36,,
T,2026-04-14 12:02:36,53.47416453,-2.24088294,5.83,11.471,51.397,1.29,150.0,10,36,,
T,2026-04-14 12:02:37,53.47415167,-2.24086959,6.37,10.328,51.397,1.28,145.0,11,36,,
T,2026-04-14 12:02:38,53.4741393,-2.24085945,6.5,10.139,51.397,1.3,152.0,11,36,,
T,2026-04-14 12:02:39,53.4741244,-2.24085802,6.57,10.728,51.397,1.46,180.0,12,36,,
T,2026-04-14 12:02:40,53.47411158,-2.24084692,6.43,10.666,51.397,1.44,151.0,12,35,,
T,2026-04-14 12:02:41,53.47409822,-2.24084348,6.41,11.107,51.397,1.3,169.0,12,36,,
T,2026-04-14 12:02:42,53.47408363,-2.24084168,6.32,10.82,51.397,1.27,166.0,12,36,,
T,2026-04-14 12:02:43,53.47407105,-2.24083813,6.46,10.838,51.397,1.26,166.0,12,36,,
T,2026-04-14 12:02:44,53.47406035,-2.24082864,11.36,10.778,51.397,1.28,151.0,11,36,,
T,2026-04-14 12:02:45,53.47404867,-2.24081344,11.37,11.533,51.397,1.23,151.0,11,36,,
T,2026-04-14 12:02:46,53.47403769,-2.24079741,11.41,11.868,51.397,1.23,150.0,18,36,,
T,2026-04-14 12:02:47,53.47402693,-2.24078326,11.3,12.046,51.397,1.23,150.0,17,36,,
T,2026-04-14 12:02:48,53.47401592,-2.2407709,11.27,9.88,51.397,1.23,157.0,17,37,,
T,2026-04-14 12:02:49,53.47400547,-2.24075888,11.24,9.87,51.397,1.21,154.0,18,37,,
T,2026-04-14 12:02:50,53.4739947,-2.24074623,11.12,9.357,51.397,1.19,153.0,18,37,,
T,2026-04-14 12:02:51,53.47398525,-2.24073462,11.17,9.654,51.397,1.19,151.0,18,37,,
T,2026-04-14 12:02:52,53.4739763,-2.2407238,11.2,9.155,51.397,1.19,149.0,15,37,,
T,2026-04-14 12:02:53,53.47396912,-2.24070794,11.24,8.999,51.397,1.19,137.0,10,37,,
T,2026-04-14 12:02:54,53.47396268,-2.24069091,11.28,8.363,51.397,1.18,139.0,10,37,,
T,2026-04-14 12:02:55,53.47395337,-2.24068007,11.26,9.371,51.397,1.19,148.0,10,37,,
T,2026-04-14 12:02:56,53.47394297,-2.24067272,11.24,9.518,51.397,1.19,152.0,9,37,,
T,2026-04-14 12:02:57,53.47393219,-2.24066692,11.23,9.752,51.397,1.19,159.0,8,37,,
T,2026-04-14 12:02:58,53.47392198,-2.24065896,11.17,10.771,51.397,1.19,152.0,7,37,,
T,2026-04-14 12:02:59,53.47391135,-2.2406543,11.24,10.901,51.397,1.2,164.0,7,38,,
T,2026-04-14 12:03:00,53.47390273,-2.24064285,11.21,10.832,51.397,1.29,136.0,7,38,,
T,2026-04-14 12:03:01,53.47389337,-2.24063473,11.11,10.317,51.397,1.14,148.0,8,38,,
T,2026-04-14 12:03:02,53.47388427,-2.2406277,11.13,10.071,51.397,1.13,159.0,10,38,,
T,2026-04-14 12:03:03,53.47387668,-2.24061569,11.19,10.361,51.397,1.17,140.0,11,38,,
T,2026-04-14 12:03:04,53.47386537,-2.24060788,11.35,10.491,51.397,1.2,156.0,11,37,,
T,2026-04-14 12:03:05,53.47385257,-2.24060334,11.45,10.463,51.397,1.22,167.0,17,37,,
T,2026-04-14 12:03:06,53.47383882,-2.2406004,11.56,11.069,51.397,1.21,173.0,18,37,,
T,2026-04-14 12:03:07,53.47382622,-2.24058998,11.49,11.734,51.397,1.31,148.0,21,37,,
T,2026-04-14 12:03:08,53.47381422,-2.24058019,11.35,12.377,51.397,1.2,149.0,22,37,,
T,2026-04-14 12:03:09,53.47380222,-2.24056903,11.19,12.472,51.396,1.2,149.0,23,37,,
T,2026-04-14 12:03:10,53.47379132,-2.24055875,10.99,12.585,51.396,1.19,149.0,25,36,,
T,2026-04-14 12:03:11,53.47378129,-2.24054826,11.0,13.406,51.396,1.18,147.0,25,36,,
T,2026-04-14 12:03:12,53.47377284,-2.24053437,10.79,13.631,51.396,1.22,132.0,25,36,,
T,2026-04-14 12:03:13,53.47376401,-2.24052257,10.91,13.598,51.396,1.19,141.0,22,36,,
T,2026-04-14 12:03:14,53.47375416,-2.24051341,10.69,13.671,51.396,1.19,149.0,19,36,,
T,2026-04-14 12:03:15,53.47374365,-2.24050743,10.81,13.919,51.396,1.19,154.0,17,36,,
T,2026-04-14 12:03:16,53.4737334,-2.24049947,11.27,13.757,51.396,1.19,151.0,10,36,,
T,2026-04-14 12:03:17,53.47372379,-2.24048985,11.42,13.791,51.396,1.2,145.0,11,36,,
T,2026-04-14 12:03:18,53.47371361,-2.24048153,11.58,13.355,51.396,1.22,153.0,9,36,,
T,2026-04-14 12:03:19,53.47370354,-2.24047326,11.81,13.493,51.396,1.21,153.0,9,37,,
T,2026-04-14 12:03:20,53.47369264,-2.24046531,11.99,13.896,51.396,1.2,158.0,15,37,,
T,2026-04-14 12:03:21,53.47368259,-2.24045481,12.21,13.74,51.396,1.23,148.0,18,37,,
T,2026-04-14 12:03:22,53.47367269,-2.24044517,12.26,13.619,51.396,1.22,150.0,18,39,,
T,2026-04-14 12:03:23,53.47366309,-2.24043553,12.25,13.809,51.396,1.21,150.0,17,39,,
T,2026-04-14 12:03:24,53.47365387,-2.24042514,12.28,13.736,51.396,1.2,144.0,16,38,,
T,2026-04-14 12:03:25,53.47364336,-2.24041787,12.14,13.646,51.396,1.2,155.0,16,38,,
T,2026-04-14 12:03:26,53.47363352,-2.24040997,12.21,13.269,51.396,1.16,152.0,14,38,,
T,2026-04-14 12:03:27,53.47362465,-2.2404002,12.29,13.315,51.396,1.15,146.0,8,37,,
T,2026-04-14 12:03:28,53.47361603,-2.24039109,12.35,13.512,51.396,1.12,147.0,8,37,,
T,2026-04-14 12:03:29,53.47360385,-2.24038895,12.04,13.609,51.396,1.36,179.0,8,37,,
T,2026-04-14 12:03:30,53.47359379,-2.24037871,12.15,13.282,51.396,1.28,152.0,8,37,,
T,2026-04-14 12:03:31,53.47358432,-2.24036976,12.4,13.064,51.396,1.17,157.0,9,37,,
T,2026-04-14 12:03:32,53.47357565,-2.24035855,12.57,13.087,51.396,1.2,146.0,9,37,,
T,2026-04-14 12:03:33,53.47356545,-2.24034893,12.33,12.758,51.396,1.19,151.0,9,38,,
T,2026-04-14 12:03:34,53.47355532,-2.24033985,12.58,12.308,51.396,1.2,153.0,8,38,,
T,2026-04-14 12:03:35,53.47354464,-2.24033055,12.22,11.999,51.396,1.22,153.0,8,38,,
T,2026-04-14 12:03:36,53.47353515,-2.24031852,11.86,11.974,51.396,1.24,146.0,8,38,,
T,2026-04-14 12:03:37,53.47352438,-2.24031023,11.68,12.46,51.396,1.23,151.0,9,38,,
T,2026-04-14 12:03:38,53.47351326,-2.24030216,11.65,12.786,51.396,1.23,153.0,9,38,,
T,2026-04-14 12:03:39,53.47350144,-2.24029372,11.63,13.463,51.396,1.23,149.0,9,37,,
T,2026-04-14 12:03:40,53.47349068,-2.24028435,11.57,13.46,51.396,1.24,149.0,9,37,,
T,2026-04-14 12:03:41,53.47347917,-2.24027614,11.35,12.922,51.396,1.24,154.0,9,36,,
T,2026-04-14 12:03:42,53.47346605,-2.24026877,11.17,12.985,51.396,1.25,157.0,11,37,,
T,2026-04-14 12:03:43,53.47345428,-2.24026036,11.01,12.759,51.396,1.24,157.0,12,37,,
T,2026-04-14 12:03:44,53.47344349,-2.24024868,11.1,12.909,51.396,1.26,145.0,12,37,,
T,2026-04-14 12:03:45,53.47343377,-2.24023533,6.16,12.301,51.396,1.23,146.0,12,37,,
T,2026-04-14 12:03:46,53.47342396,-2.24022352,6.07,12.595,51.396,1.22,144.0,12,37,,
T,2026-04-14 12:03:47,53.47341303,-2.24021527,6.18,12.544,51.396,1.21,154.0,12,37,,
T,2026-04-14 12:03:48,53.47340302,-2.24020738,6.06,12.599,51.396,1.18,152.0,12,38,,
T,2026-04-14 12:03:49,53.4733942,-2.24019718,5.78,12.619,51.396,1.18,145.0,11,38,,
T,2026-04-14 12:03:50,53.47338357,-2.24018982,5.71,12.16,51.396,1.2,157.0,11,38,,
T,2026-04-14 12:03:51,53.47337408,-2.24018047,5.79,12.042,51.396,1.19,149.0,10,38,,
T,2026-04-14 12:03:52,53.47336481,-2.2401713,5.79,11.997,51.396,1.18,150.0,10,38,,
T,2026-04-14 12:03:53,53.47335538,-2.24016277,5.68,11.706,51.396,1.18,151.0,9,36,,
T,2026-04-14 12:03:54,53.47334689,-2.24015194,5.68,12.46,51.396,1.2,138.0,9,36,,
T,2026-04-14 12:03:55,53.47333713,-2.24014398,5.41,12.758,51.396,1.2,152.0,10,36,,
T,2026-04-14 12:03:56,53.47332666,-2.24010454,5.09,13.665,51.396,1.28,125.0,11,36,,
T,2026-04-14 12:03:57,53.47332737,-2.24003954,4.89,16.414,51.395,2.02,69.0,10,36,,
T,2026-04-14 12:03:58,53.47333309,-2.240002,5.0,17.438,51.395,1.26,50.0,17,36,,
T,2026-04-14 12:03:59,53.47333879,-2.23997616,4.94,18.262,51.395,1.25,48.0,17,37,,
T,2026-04-14 12:04:00,53.4733425,-2.23994704,4.86,19.791,51.395,1.33,63.0,17,37,,
T,2026-04-14 12:04:01,53.47334537,-2.23991891,4.81,20.489,51.395,1.31,60.0,18,37,,
T,2026-04-14 12:04:02,53.47334906,-2.23989358,4.97,20.994,51.395,1.34,62.0,18,38,,
T,2026-04-14 12:04:03,53.47335293,-2.23987012,5.09,20.582,51.395,1.36,69.0,19,38,,
T,2026-04-14 12:04:04,53.47335484,-2.23984271,5.01,20.053,51.395,1.37,68.0,18,38,,
T,2026-04-14 12:04:05,53.4733527,-2.2398095,4.97,19.682,51.395,1.4,77.0,17,38,,
T,2026-04-14 12:04:06,53.47334649,-2.23977962,5.02,18.432,51.395,1.53,105.0,16,38,,
T,2026-04-14 12:04:07,53.47333744,-2.23975341,5.17,17.618,51.395,1.4,115.0,15,37,,
T,2026-04-14 12:04:08,53.47332481,-2.23973448,5.26,16.701,51.395,1.45,136.0,13,37,,
T,2026-04-14 12:04:09,53.47331373,-2.23972007,5.26,15.852,51.395,1.28,138.0,15,37,,
T,2026-04-14 12:04:10,53.47330397,-2.23971099,5.39,15.27,51.395,1.13,149.0,15,37,,
T,2026-04-14 12:04:11,53.4732964,-2.239697,5.23,15.611,51.395,1.19,127.0,15,37,,
T,2026-04-14 12:04:12,53.47327862,-2.23968766,5.1,17.286,51.395,1.53,172.0,15,37,,
T,2026-04-14 12:04:13,53.47326868,-2.23966119,4.89,16.244,51.395,1.61,122.0,16,36,,
T,2026-04-14 12:04:14,53.47326286,-2.23964598,4.98,16.898,51.395,0.95,128.0,15,36,,
T,2026-04-14 12:04:15,53.47325442,-2.23963123,5.01,15.647,51.395,1.1,141.0,14,37,,
T,2026-04-14 12:04:16,53.47324773,-2.23961629,5.19,15.999,51.395,1.1,130.0,14,37,,
T,2026-04-14 12:04:17,53.4732407,-2.23960189,5.27,15.876,51.395,1.08,132.0,15,36,,
T,2026-04-14 12:04:18,53.47323101,-2.2395924,5.3,15.198,51.395,1.15,151.0,15,36,,
T,2026-04-14 12:04:19,53.47322234,-2.23958222,5.36,15.468,51.395,1.1,145.0,15,36,,
T,2026-04-14 12:04:20,53.47321411,-2.23957097,5.45,15.891,51.395,1.13,141.0,17,36,,
T,2026-04-14 12:04:21,53.47320419,-2.23956018,5.56,15.725,51.394,1.17,152.0,17,36,,
T,2026-04-14 12:04:22,53.47319294,-2.23954946,5.62,16.435,51.394,1.22,171.0,19,36,,
T,2026-04-14 12:04:23,53.47318168,-2.23953605,4.85,17.004,51.394,1.25,152.0,19,35,,
T,2026-04-14 12:04:24,53.47317178,-2.23952227,5.4,16.876,51.394,1.2,147.0,22,35,,
T,2026-04-14 12:04:25,53.47315942,-2.23951262,5.55,17.295,51.394,1.24,161.0,22,36,,
T,2026-04-14 12:04:26,53.4731474,-2.23950559,5.67,17.775,51.394,1.22,162.0,22,36,,
T,2026-04-14 12:04:27,53.47313657,-2.239496,6.37,18.043,51.394,1.23,155.0,23,37,,
T,2026-04-14 12:04:28,53.47312707,-2.23948284,6.24,18.162,51.394,1.25,143.0,23,38,,
T,2026-04-14 12:04:29,53.47311742,-2.23947318,6.5,17.22,51.394,1.24,152.0,23,38,,
T,2026-04-14 12:04:30,53.4731083,-2.23946144,6.25,17.422,51.394,1.24,143.0,22,38,,
T,2026-04-14 12:04:31,53.47309726,-2.23945211,6.42,18.001,51.394,1.27,156.0,22,38,,
T,2026-04-14 12:04:32,53.47308714,-2.23944301,6.29,17.412,51.394,1.24,150.0,20,38,,
T,2026-04-14 12:04:33,53.47307644,-2.23943303,6.31,18.766,51.394,1.25,152.0,20,38,,
T,2026-04-14 12:04:34,53.47306489,-2.23942319,6.61,18.747,51.394,1.26,156.0,19,38,,
T,2026-04-14 12:04:35,53.47305384,-2.23941262,6.92,18.728,51.394,1.26,156.0,19,38,,
T,2026-04-14 12:04:36,53.47304359,-2.23939924,7.23,18.92,51.394,1.28,147.0,18,38,,
T,2026-04-14 12:04:37,53.47303263,-2.23938998,7.65,18.735,51.394,1.27,155.0,18,37,,
T,2026-04-14 12:04:38,53.47302144,-2.23938056,7.92,18.964,51.394,1.26,161.0,18,37,,
T,2026-04-14 12:04:39,53.47301018,-2.23937068,7.73,19.837,51.394,1.26,160.0,18,34,,
T,2026-04-14 12:04:40,53.47299973,-2.23935857,7.72,20.13,51.394,1.27,153.0,17,33,,
T,2026-04-14 12:04:41,53.4729884,-2.23934603,7.43,20.433,51.394,1.27,151.0,16,33,,
T,2026-04-14 12:04:42,53.4729766,-2.23933071,7.77,21.386,51.394,1.3,144.0,17,33,,
T,2026-04-14 12:04:43,53.47296469,-2.23932153,8.0,21.571,51.394,1.3,155.0,17,33,,
T,2026-04-14 12:04:44,53.47295114,-2.23931309,8.64,22.249,51.394,1.28,159.0,17,33,,
T,2026-04-14 12:04:45,53.4729367,-2.23929832,8.11,21.273,51.394,1.33,147.0,18,33,,
T,2026-04-14 12:04:46,53.47292644,-2.23927927,8.49,20.396,51.394,1.37,123.0,18,33,,
T,2026-04-14 12:04:47,53.4729152,-2.23926526,9.1,20.326,51.394,1.33,144.0,18,33,,
T,2026-04-14 12:04:48,53.47290456,-2.23925294,12.21,20.594,51.394,1.26,140.0,18,33,,
T,2026-04-14 12:04:49,53.4728935,-2.23924346,12.61,20.746,51.394,1.27,147.0,17,33,,
T,2026-04-14 12:04:50,53.47287901,-2.23924139,12.43,19.294,51.394,1.42,175.0,17,33,,
T,2026-04-14 12:04:51,53.4728659,-2.23923054,12.75,17.984,51.394,1.41,152.0,16,34,,
T,2026-04-14 12:04:52,53.4728503,-2.23922457,13.04,17.371,51.394,1.29,158.0,16,34,,
T,2026-04-14 12:04:53,53.47283601,-2.23921731,13.36,17.734,51.394,1.27,156.0,16,34,,
T,2026-04-14 12:04:54,53.47282336,-2.23920538,13.68,17.994,51.394,1.27,149.0,16,35,,
T,2026-04-14 12:04:55,53.47281172,-2.2391948,14.01,17.812,51.394,1.26,151.0,16,36,,
T,2026-04-14 12:04:56,53.47280013,-2.239188,14.04,17.983,51.394,1.27,156.0,16,37,,
T,2026-04-14 12:04:57,53.47278921,-2.23917975,14.27,17.957,51.394,1.29,153.0,17,36,,
T,2026-04-14 12:04:58,53.47277851,-2.23916588,14.61,17.942,51.394,1.31,148.0,17,36,,
T,2026-04-14 12:04:59,53.4727692,-2.23914886,14.7,17.758,51.394,1.38,131.0,16,36,,
T,2026-04-14 12:05:00,53.47275694,-2.23913732,14.04,17.401,51.394,1.38,149.0,16,36,,
T,2026-04-14 12:05:01,53.47274528,-2.23912342,10.74,16.423,51.394,1.32,145.0,19,36,,
T,2026-04-14 12:05:02,53.47273606,-2.23910018,6.98,15.909,51.394,1.48,118.0,21,36,,
T,2026-04-14 12:05:03,53.47272525,-2.23908169,7.21,16.721,51.394,1.34,126.0,22,37,,
T,2026-04-14 12:05:04,53.47270767,-2.23906982,6.69,15.55,51.393,1.41,147.0,24,37,,
T,2026-04-14 12:05:05,53.47269288,-2.23905875,6.9,15.157,51.393,1.29,146.0,26,37,,
T,2026-04-14 12:05:06,53.47267434,-2.23905313,6.4,18.17,51.393,1.31,154.0,26,37,,
T,2026-04-14 12:05:07,53.47265773,-2.2390446,6.31,16.584,51.393,1.31,151.0,25,37,,
T,2026-04-14 12:05:08,53.47264329,-2.23903428,5.98,17.388,51.393,1.3,153.0,22,37,,
T,2026-04-14 12:05:09,53.47262776,-2.23902929,5.93,18.108,51.393,1.31,148.0,20,37,,
T,2026-04-14 12:05:10,53.47261432,-2.2390231,6.29,17.588,51.393,1.32,157.0,22,37,,
T,2026-04-14 12:05:11,53.47260224,-2.2390155,6.6,17.627,51.393,1.3,157.0,22,37,,
T,2026-04-14 12:05:12,53.47259074,-2.23900776,6.76,17.315,51.393,1.3,154.0,22,37,,
T,2026-04-14 12:05:13,53.47257924,-2.23900136,6.71,16.606,51.393,1.31,155.0,23,37,,
T,2026-04-14 12:05:14,53.47256708,-2.2389947,6.36,17.68,51.393,1.31,156.0,22,37,,
T,2026-04-14 12:05:15,53.47255536,-2.23898748,6.44,17.391,51.393,1.31,156.0,21,37,,
T,2026-04-14 12:05:16,53.47254507,-2.23897621,6.64,17.528,51.393,1.31,147.0,21,36,,
T,2026-04-14 12:05:17,53.47253428,-2.23896717,6.61,18.102,51.393,1.3,144.0,19,36,,
T,2026-04-14 12:05:18,53.47252153,-2.23895878,6.66,18.399,51.393,1.3,145.0,20,36,,
T,2026-04-14 12:05:19,53.47250857,-2.2389517,6.66,19.167,51.393,1.3,150.0,20,36,,
T,2026-04-14 12:05:20,53.47249545,-2.23894479,6.45,19.404,51.393,1.3,151.0,20,36,,
T,2026-04-14 12:05:21,53.47248287,-2.2389377,5.94,19.547,51.393,1.31,145.0,20,36,,
T,2026-04-14 12:05:22,53.47247104,-2.23892974,5.96,20.39,51.393,1.31,144.0,20,36,,
T,2026-04-14 12:05:23,53.47245936,-2.23892157,6.27,21.077,51.393,1.32,141.0,20,36,,
T,2026-04-14 12:05:24,53.47244568,-2.23891446,6.4,21.572,51.393,1.34,150.0,21,36,,
T,2026-04-14 12:05:25,53.47243298,-2.2389053,6.66,21.989,51.393,1.33,149.0,22,36,,
T,2026-04-14 12:05:26,53.47242052,-2.23889753,6.92,22.582,51.393,1.33,151.0,21,36,,
T,2026-04-14 12:05:27,53.4724047,-2.23889733,6.95,22.152,51.393,1.34,157.0,21,36,,
T,2026-04-14 12:05:28,53.47238966,-2.23889592,5.7,22.751,51.393,1.35,153.0,21,36,,
T,2026-04-14 12:05:29,53.47237488,-2.23889477,6.12,22.997,51.393,1.35,159.0,21,36,,
T,2026-04-14 12:05:30,53.47236184,-2.23888895,6.51,23.991,51.393,1.35,152.0,21,36,,
T,2026-04-14 12:05:31,53.47235105,-2.23888032,6.78,24.708,51.393,1.33,153.0,21,37,,
T,2026-04-14 12:05:32,53.47234137,-2.2388723,5.79,26.154,51.393,1.33,157.0,22,37,,
T,2026-04-14 12:05:33,53.47233089,-2.23886695,5.24,27.179,51.393,1.32,165.0,25,37,,
T,2026-04-14 12:05:34,53.47231826,-2.23886138,5.51,27.794,51.393,1.33,162.0,25,37,,
T,2026-04-14 12:05:35,53.47230399,-2.23885607,5.07,27.496,51.393,1.34,158.0,25,37,,
T,2026-04-14 12:05:36,53.47228985,-2.23885099,4.69,27.537,51.393,1.36,165.0,26,37,,
T,2026-04-14 12:05:37,53.47227813,-2.2388417,4.53,28.3,51.393,1.37,153.0,25,37,,
T,2026-04-14 12:05:38,53.47226529,-2.23883555,4.62,29.098,51.393,1.31,159.0,24,37,,
T,2026-04-14 12:05:39,53.47225388,-2.23882639,4.7,29.256,51.393,1.34,146.0,25,37,,
T,2026-04-14 12:05:40,53.4722436,-2.23881772,5.03,29.875,51.393,1.3,148.0,25,38,,
T,2026-04-14 12:05:41,53.47223379,-2.23880926,5.26,30.288,51.393,1.28,141.0,25,38,,
T,2026-04-14 12:05:42,53.47222386,-2.23880069,5.25,31.019,51.393,1.28,146.0,25,39,,
T,2026-04-14 12:05:43,53.47221433,-2.23879101,4.72,31.167,51.393,1.26,142.0,25,39,,
T,2026-04-14 12:05:44,53.47220588,-2.23877944,5.01,31.71,51.393,1.24,138.0,23,39,,
T,2026-04-14 12:05:45,53.47219618,-2.23876484,4.79,31.428,51.393,1.25,148.0,21,39,,
T,2026-04-14 12:05:46,53.47218713,-2.23874108,4.68,29.729,51.393,1.4,126.0,20,39,,
T,2026-04-14 12:05:47,53.47217682,-2.23872621,5.09,29.49,51.393,1.29,143.0,22,39,,
T,2026-04-14 12:05:48,53.47216499,-2.23871851,5.39,29.307,51.393,1.28,157.0,23,39,,
T,2026-04-14 12:05:49,53.47215092,-2.23871764,5.26,29.11,51.393,1.25,172.0,24,39,,
T,2026-04-14 12:05:50,53.47213763,-2.23871494,5.57,29.04,51.393,1.34,164.0,24,39,,
T,2026-04-14 12:05:51,53.47212393,-2.23871394,6.09,29.565,51.393,1.39,170.0,23,39,,
T,2026-04-14 12:05:52,53.47211128,-2.23870891,6.26,29.839,51.393,1.4,163.0,21,39,,
T,2026-04-14 12:05:53,53.47209873,-2.23870277,6.44,30.661,51.393,1.4,159.0,21,39,,
T,2026-04-14 12:05:54,53.47208723,-2.238693,6.65,30.457,51.393,1.4,154.0,20,39,,
T,2026-04-14 12:05:55,53.47207537,-2.23868555,6.63,30.676,51.393,1.37,157.0,19,39,,
T,2026-04-14 12:05:56,53.47206439,-2.23867482,6.81,30.566,51.393,1.39,150.0,18,39,,
T,2026-04-14 12:05:57,53.47205315,-2.2386659,7.25,30.475,51.393,1.38,153.0,18,39,,
T,2026-04-14 12:05:58,53.47204226,-2.23865526,7.41,30.539,51.393,1.38,149.0,20,39,,
T,2026-04-14 12:05:59,53.47202965,-2.23864772,7.84,30.733,51.393,1.39,155.0,21,38,,
T,2026-04-14 12:06:00,53.472019,-2.23863854,7.78,30.312,51.393,1.33,153.0,21,38,,
T,2026-04-14 12:06:01,53.47200875,-2.23862722,7.91,30.517,51.393,1.38,152.0,22,38,,
T,2026-04-14 12:06:02,53.47199291,-2.23859719,5.26,31.429,51.392,1.39,143.0,22,38,,
T,2026-04-14 12:06:03,53.47197888,-2.23857927,5.77,31.17,51.392,1.37,151.0,23,38,,
T,2026-04-14 12:06:04,53.47196662,-2.23856418,5.07,31.298,51.392,1.33,163.0,23,38,,
T,2026-04-14 12:06:05,53.47195494,-2.23854836,5.63,31.493,51.392,1.4,144.0,24,38,,
T,2026-04-14 12:06:06,53.47194472,-2.23853497,6.01,31.534,51.392,1.35,151.0,24,38,,
T,2026-04-14 12:06:07,53.47192935,-2.23853135,5.81,31.778,51.392,1.5,178.0,26,38,,
T,2026-04-14 12:06:08,53.47191488,-2.23852224,6.14,31.88,51.392,1.41,163.0,26,38,,
T,2026-04-14 12:06:09,53.47190206,-2.23851024,6.45,32.132,51.392,1.4,153.0,26,38,,
T,2026-04-14 12:06:10,53.47189005,-2.23849922,7.04,32.256,51.392,1.39,155.0,26,38,,
T,2026-04-14 12:06:11,53.47187822,-2.23848789,7.45,32.454,51.392,1.39,153.0,24,38,,
T,2026-04-14 12:06:12,53.47186697,-2.23847488,7.8,32.847,51.392,1.4,150.0,24,38,,
T,2026-04-14 12:06:13,53.4718554,-2.23846146,5.61,33.039,51.392,1.38,145.0,24,38,,
T,2026-04-14 12:06:14,53.47184442,-2.23844872,5.87,33.066,51.392,1.4,150.0,22,38,,
T,2026-04-14 12:06:15,53.47183246,-2.23843994,5.99,33.167,51.392,1.39,154.0,23,38,,
T,2026-04-14 12:06:16,53.47181991,-2.23842919,5.1,33.867,51.392,1.37,151.0,24,38,,
T,2026-04-14 12:06:17,53.4718068,-2.2384154,5.19,35.79,51.392,1.36,148.0,23,38,,
T,2026-04-14 12:06:18,53.47179613,-2.23839952,5.12,36.198,51.392,1.35,137.0,24,38,,
T,2026-04-14 12:06:19,53.47178619,-2.23838417,5.08,36.544,51.392,1.35,139.0,26,38,,
T,2026-04-14 12:06:20,53.47177316,-2.23837427,5.16,36.843,51.392,1.42,157.0,26,38,,
T,2026-04-14 12:06:21,53.47176182,-2.23836257,5.26,37.463,51.392,1.39,148.0,26,38,,
T,2026-04-14 12:06:22,53.47175118,-2.23835016,5.43,37.612,51.392,1.35,141.0,25,38,,
T,2026-04-14 12:06:23,53.471741,-2.23833896,5.71,36.997,51.392,1.33,139.0,24,38,,
T,2026-04-14 12:06:24,53.47172802,-2.23833639,5.79,37.6,51.392,1.51,168.0,24,38,,
T,2026-04-14 12:06:25,53.47171519,-2.23833745,5.95,38.153,51.392,1.38,180.0,25,37,,
T,2026-04-14 12:06:26,53.471703,-2.23833998,6.12,38.286,51.392,1.33,187.0,25,37,,
T,2026-04-14 12:06:27,53.47169076,-2.23833966,6.14,38.18,51.392,1.33,184.0,27,37,,
T,2026-04-14 12:06:28,53.47167888,-2.23833446,6.18,38.292,51.392,1.36,170.0,26,37,,
T,2026-04-14 12:06:29,53.47166629,-2.23832658,6.27,38.122,51.392,1.31,165.0,28,37,,
T,2026-04-14 12:06:30,53.47165293,-2.23832589,6.32,39.036,51.392,1.4,186.0,28,38,,
T,2026-04-14 12:06:31,53.47163886,-2.23832092,6.36,40.207,51.392,1.38,170.0,28,38,,
T,2026-04-14 12:06:32,53.47162647,-2.23831018,6.23,41.331,51.392,1.36,156.0,28,38,,
T,2026-04-14 12:06:33,53.47161369,-2.23829997,6.43,41.463,51.392,1.33,153.0,26,38,,
T,2026-04-14 12:06:34,53.47160005,-2.23829848,6.23,42.747,51.392,1.36,173.0,28,38,,
T,2026-04-14 12:06:35,53.47158682,-2.23828757,6.08,42.959,51.392,1.42,147.0,28,38,,
T,2026-04-14 12:06:36,53.47157244,-2.23828143,5.99,42.85,51.392,1.34,162.0,27,40,,
T,2026-04-14 12:06:37,53.47155747,-2.23827528,6.0,43.072,51.392,1.32,157.0,26,40,,
T,2026-04-14 12:06:38,53.47154378,-2.23826316,5.43,41.846,51.392,1.29,154.0,28,40,,
T,2026-04-14 12:06:39,53.47153063,-2.23825633,5.32,42.302,51.392,1.45,185.0,31,40,,
T,2026-04-14 12:06:40,53.47151867,-2.23824093,5.18,42.398,51.392,1.32,166.0,31,40,,
T,2026-04-14 12:06:41,53.47151114,-2.23821857,5.0,40.989,51.392,1.3,148.0,30,40,,
T,2026-04-14 12:06:42,53.47150275,-2.23820004,5.01,41.222,51.392,1.23,149.0,31,40,,
T,2026-04-14 12:06:43,53.47149356,-2.23817966,4.99,41.422,51.392,1.22,145.0,32,40,,
T,2026-04-14 12:06:44,53.47148136,-2.23816683,4.77,40.473,51.392,1.24,158.0,31,41,,
T,2026-04-14 12:06:45,53.47147104,-2.23815458,4.62,40.737,51.392,1.23,153.0,28,41,,
T,2026-04-14 12:06:46,53.4714614,-2.23814289,4.57,39.277,51.391,1.22,163.0,28,41,,
T,2026-04-14 12:06:47,53.47144818,-2.23812702,4.42,38.712,51.391,1.21,160.0,26,41,,
T,2026-04-14 12:06:48,53.47143498,-2.2381076,4.62,38.553,51.391,1.29,150.0,24,41,,
T,2026-04-14 12:06:49,53.47142354,-2.23809184,4.91,38.413,51.391,1.28,148.0,24,41,,
T,2026-04-14 12:06:50,53.47141243,-2.2380795,5.15,38.127,51.391,1.28,151.0,24,41,,
T,2026-04-14 12:06:51,53.47140187,-2.23806609,6.25,37.609,51.391,1.27,148.0,24,41,,
T,2026-04-14 12:06:52,53.47139082,-2.23805599,5.74,37.72,51.391,1.27,157.0,21,41,,
T,2026-04-14 12:06:53,53.4713809,-2.23804327,5.52,36.854,51.391,1.33,141.0,22,41,,
T,2026-04-14 12:06:54,53.47137066,-2.23803041,5.6,36.251,51.391,1.28,145.0,21,41,,
T,2026-04-14 12:06:55,53.47135874,-2.23802042,5.44,35.035,51.391,1.29,153.0,20,40,,
T,2026-04-14 12:06:56,53.47134763,-2.23801125,5.57,34.508,51.391,1.28,152.0,19,40,,
T,2026-04-14 12:06:57,53.47133649,-2.2379995,5.51,34.312,51.391,1.28,148.0,19,40,,
T,2026-04-14 12:06:58,53.4713255,-2.23798719,5.61,33.706,51.391,1.28,148.0,19,40,,
T,2026-04-14 12:06:59,53.4713161,-2.2379729,5.72,34.417,51.391,1.32,131.0,19,40,,
T,2026-04-14 12:07:00,53.47130372,-2.23796356,5.76,34.547,51.391,1.39,156.0,19,40,,
T,2026-04-14 12:07:01,53.47129294,-2.23795447,5.86,33.756,51.391,1.29,152.0,19,40,,
T,2026-04-14 12:07:02,53.47128297,-2.23794467,5.74,33.783,51.391,1.3,145.0,18,41,,
T,2026-04-14 12:07:03,53.47127174,-2.23793518,6.07,34.066,51.391,1.3,150.0,17,41,,
T,2026-04-14 12:07:04,53.47126219,-2.23792356,6.31,33.64,51.391,1.3,154.0,19,41,,
T,2026-04-14 12:07:05,53.47125222,-2.23791297,6.34,33.698,51.391,1.29,151.0,24,41,,
T,2026-04-14 12:07:06,53.47123723,-2.23791256,5.83,35.324,51.391,1.29,156.0,24,41,,
T,2026-04-14 12:07:07,53.47122372,-2.23791088,5.7,34.988,51.391,1.3,158.0,25,42,,
T,2026-04-14 12:07:08,53.47121176,-2.23790563,5.71,34.89,51.391,1.28,151.0,27,42,,
T,2026-04-14 12:07:09,53.47119892,-2.23790067,5.83,35.143,51.391,1.26,157.0,27,42,,
T,2026-04-14 12:07:10,53.47118795,-2.23789296,6.25,36.093,51.391,1.25,152.0,27,42,,
T,2026-04-14 12:07:11,53.47117766,-2.23788734,6.2,34.966,51.391,1.29,167.0,26,42,,
T,2026-04-14 12:07:12,53.4711661,-2.23787649,4.49,34.268,51.391,1.26,156.0,27,42,,
T,2026-04-14 12:07:13,53.47115491,-2.23786947,4.57,34.475,51.391,1.27,160.0,27,42,,
T,2026-04-14 12:07:14,53.47114376,-2.23786391,4.7,34.347,51.391,1.27,159.0,29,42,,
T,2026-04-14 12:07:15,53.47113222,-2.23785815,4.91,34.348,51.391,1.26,158.0,30,42,,
T,2026-04-14 12:07:16,53.47112045,-2.23784889,5.08,33.887,51.391,1.26,152.0,31,42,,
T,2026-04-14 12:07:17,53.47110866,-2.2378421,5.07,33.633,51.391,1.3,161.0,31,42,,
T,2026-04-14 12:07:18,53.47109839,-2.23783079,4.34,33.147,51.391,1.28,149.0,31,42,,
T,2026-04-14 12:07:19,53.47108813,-2.23781953,3.99,33.156,51.391,1.28,151.0,31,41,,
T,2026-04-14 12:07:20,53.47107729,-2.23780805,3.81,33.005,51.391,1.29,153.0,29,41,,
T,2026-04-14 12:07:21,53.47106633,-2.237795,3.79,32.661,51.391,1.29,150.0,28,41,,
T,2026-04-14 12:07:22,53.47105693,-2.2377765,3.79,32.926,51.391,1.4,129.0,26,41,,
T,2026-04-14 12:07:23,53.47104679,-2.23776434,3.79,32.885,51.391,1.19,145.0,21,41,,
T,2026-04-14 12:07:24,53.47103639,-2.23775315,3.79,32.89,51.391,1.27,146.0,21,41,,
T,2026-04-14 12:07:25,53.47102541,-2.23774442,3.79,32.874,51.391,1.28,151.0,15,41,,
T,2026-04-14 12:07:26,53.47101522,-2.23773417,3.79,32.8,51.391,1.27,152.0,15,41,,
T,2026-04-14 12:07:27,53.47100533,-2.23772305,3.79,32.269,51.391,1.24,155.0,16,41,,
T,2026-04-14 12:07:28,53.47099502,-2.23771522,3.79,32.022,51.391,1.22,161.0,16,41,,
T,2026-04-14 12:07:29,53.47098459,-2.23770582,3.83,32.085,51.391,1.25,151.0,16,40,,
T,2026-04-14 12:07:30,53.47097407,-2.23769725,4.08,32.165,51.391,1.25,155.0,16,40,,
T,2026-04-14 12:07:31,53.47096402,-2.23768782,4.47,31.882,51.391,1.26,152.0,16,40,,
T,2026-04-14 12:07:32,53.47095407,-2.23767442,5.01,30.869,51.391,1.26,152.0,16,40,,
T,2026-04-14 12:07:33,53.47094283,-2.23765842,3.99,30.039,51.39,1.29,148.0,15,40,,
T,2026-04-14 12:07:34,53.47093148,-2.23764751,4.27,29.823,51.39,1.28,154.0,16,40,,
T,2026-04-14 12:07:35,53.47092164,-2.23763537,4.41,29.876,51.39,1.28,146.0,16,40,,
T,2026-04-14 12:07:36,53.47091019,-2.23762515,4.29,30.628,51.39,1.31,151.0,16,40,,
T,2026-04-14 12:07:37,53.4708985,-2.23761721,4.63,30.463,51.39,1.28,159.0,15,40,,
T,2026-04-14 12:07:38,53.47088699,-2.23760445,4.68,29.677,51.39,1.26,155.0,16,40,,
T,2026-04-14 12:07:39,53.47087551,-2.23759308,4.81,29.793,51.39,1.27,159.0,16,39,,
T,2026-04-14 12:07:40,53.47086478,-2.23757873,5.29,29.558,51.39,1.32,147.0,17,38,,
T,2026-04-14 12:07:41,53.47085308,-2.23756552,5.19,30.749,51.39,1.3,151.0,17,39,,
T,2026-04-14 12:07:42,53.47084017,-2.23755875,5.68,30.294,51.39,1.34,164.0,17,39,,
T,2026-04-14 12:07:43,53.47082915,-2.23754975,6.47,30.353,51.39,1.31,156.0,18,39,,
T,2026-04-14 12:07:44,53.47081818,-2.23754167,6.71,30.495,51.39,1.3,158.0,18,39,,
T,2026-04-14 12:07:45,53.47080813,-2.23752973,7.46,30.557,51.39,1.33,147.0,18,40,,
T,2026-04-14 12:07:46,53.47079749,-2.23751941,7.64,30.642,51.39,1.31,153.0,18,41,,
T,2026-04-14 12:07:47,53.47078727,-2.23750769,7.86,30.422,51.39,1.31,152.0,17,41,,
T,2026-04-14 12:07:48,53.47077653,-2.23749821,7.99,30.595,51.39,1.31,151.0,18,41,,
T,2026-04-14 12:07:49,53.47076567,-2.23748741,6.1,30.256,51.39,1.31,148.0,18,41,,
T,2026-04-14 12:07:50,53.47075516,-2.2374763,6.28,30.184,51.39,1.3,147.0,19,41,,
T,2026-04-14 12:07:51,53.47074426,-2.23746527,6.07,30.732,51.39,1.3,150.0,19,41,,
T,2026-04-14 12:07:52,53.47073435,-2.23745108,6.14,30.193,51.39,1.35,140.0,19,41,,
T,2026-04-14 12:07:53,53.47072336,-2.23744059,6.43,30.393,51.39,1.35,154.0,20,41,,
T,2026-04-14 12:07:54,53.4707122,-2.23743139,6.6,30.626,51.39,1.31,155.0,20,41,,
T,2026-04-14 12:07:55,53.47070159,-2.23742171,6.49,30.379,51.39,1.3,152.0,19,41,,
T,2026-04-14 12:07:56,53.47069052,-2.23741483,6.72,30.413,51.39,1.3,155.0,18,41,,
T,2026-04-14 12:07:57,53.47067982,-2.23740561,6.96,30.703,51.39,1.3,148.0,18,41,,
T,2026-04-14 12:07:58,53.47066879,-2.23739642,6.47,30.895,51.39,1.29,153.0,19,41,,
T,2026-04-14 12:07:59,53.47065807,-2.23738486,6.61,31.49,51.39,1.3,143.0,19,41,,
T,2026-04-14 12:08:00,53.47064715,-2.23737631,6.39,31.798,51.39,1.34,155.0,20,41,,
T,2026-04-14 12:08:01,53.47063603,-2.23737039,6.17,31.272,51.39,1.32,161.0,20,41,,
T,2026-04-14 12:08:02,53.4706253,-2.23736213,6.53,30.707,51.39,1.31,159.0,18,41,,
T,2026-04-14 12:08:03,53.47061126,-2.23734999,6.33,31.562,51.39,1.31,152.0,19,41,,
T,2026-04-14 12:08:04,53.47059849,-2.23733791,6.85,31.502,51.39,1.3,152.0,20,41,,
T,2026-04-14 12:08:05,53.47058667,-2.23732671,7.05,31.5,51.39,1.29,153.0,20,41,,
T,2026-04-14 12:08:06,53.47057545,-2.23731632,7.56,31.921,51.39,1.29,150.0,19,41,,
T,2026-04-14 12:08:07,53.47056399,-2.23730788,8.04,32.542,51.39,1.28,155.0,19,41,,
T,2026-04-14 12:08:08,53.47055284,-2.23729745,8.06,31.972,51.39,1.28,151.0,19,41,,
T,2026-04-14 12:08:09,53.47053975,-2.23728829,7.49,32.988,51.39,1.28,149.0,20,41,,
T,2026-04-14 12:08:10,53.47052764,-2.2372792,7.57,32.883,51.39,1.28,152.0,18,41,,
T,2026-04-14 12:08:11,53.47051649,-2.23726771,7.98,33.591,51.39,1.26,146.0,18,41,,
T,2026-04-14 12:08:12,53.47050532,-2.2372579,8.16,33.644,51.39,1.3,154.0,18,41,,
T,2026-04-14 12:08:13,53.47049313,-2.23724811,8.03,33.926,51.39,1.29,153.0,19,41,,
T,2026-04-14 12:08:14,53.47048061,-2.23723809,8.04,34.089,51.39,1.29,155.0,19,41,,
T,2026-04-14 12:08:15,53.47046853,-2.23723028,7.86,33.738,51.39,1.28,154.0,19,41,,
T,2026-04-14 12:08:16,53.47045717,-2.23722242,7.78,34.091,51.39,1.27,154.0,21,41,,
T,2026-04-14 12:08:17,53.47044499,-2.2372159,7.14,34.27,51.39,1.27,157.0,20,41,,
T,2026-04-14 12:08:18,53.47043678,-2.2372058,6.76,34.088,51.39,1.26,155.0,20,41,,
T,2026-04-14 12:08:19,53.47042792,-2.23719512,6.1,33.853,51.39,1.26,148.0,20,41,,
T,2026-04-14 12:08:20,53.47041781,-2.23718406,6.32,33.694,51.39,1.25,150.0,20,41,,
T,2026-04-14 12:08:21,53.47040769,-2.23717339,5.88,34.773,51.389,1.24,149.0,20,41,,
T,2026-04-14 12:08:22,53.47039741,-2.23716583,6.35,34.505,51.389,1.24,152.0,22,41,,
T,2026-04-14 12:08:23,53.47038711,-2.23715972,6.14,34.081,51.389,1.24,156.0,22,41,,
T,2026-04-14 12:08:24,53.47037713,-2.23714834,5.83,34.174,51.389,1.25,149.0,21,40,,
T,2026-04-14 12:08:25,53.47036638,-2.23713895,6.11,34.256,51.389,1.24,154.0,21,41,,
T,2026-04-14 12:08:26,53.470355,-2.23713304,6.2,34.256,51.389,1.24,159.0,22,40,,
T,2026-04-14 12:08:27,53.4703433,-2.23712903,5.97,34.072,51.389,1.26,161.0,22,40,,
T,2026-04-14 12:08:28,53.47033087,-2.23712374,5.63,34.465,51.389,1.27,158.0,20,41,,
T,2026-04-14 12:08:29,53.47031951,-2.2371165,5.46,34.915,51.389,1.28,155.0,21,41,,
T,2026-04-14 12:08:30,53.47030992,-2.23710568,5.26,35.201,51.389,1.29,153.0,22,41,,
T,2026-04-14 12:08:31,53.47029675,-2.2370992,5.48,35.016,51.389,1.3,154.0,23,41,,
T,2026-04-14 12:08:32,53.47028616,-2.23709158,5.61,34.821,51.389,1.3,157.0,23,41,,
T,2026-04-14 12:08:33,53.47027329,-2.23708851,6.13,34.441,51.389,1.31,165.0,24,41,,
T,2026-04-14 12:08:34,53.47026143,-2.23708082,6.55,34.237,51.389,1.33,154.0,24,41,,
T,2026-04-14 12:08:35,53.47024944,-2.23707418,6.56,34.228,51.389,1.3,158.0,24,41,,
T,2026-04-14 12:08:36,53.4702378,-2.23706362,7.0,34.773,51.389,1.31,157.0,26,41,,
T,2026-04-14 12:08:37,53.47022576,-2.23705364,7.31,34.74,51.389,1.31,160.0,27,41,,
T,2026-04-14 12:08:38,53.47021494,-2.23704242,7.85,34.523,51.389,1.31,153.0,29,41,,
T,2026-04-14 12:08:39,53.47020471,-2.23702944,8.41,34.957,51.389,1.3,153.0,29,41,,
T,2026-04-14 12:08:40,53.47019461,-2.23701853,8.9,34.884,51.389,1.31,154.0,28,42,,
T,2026-04-14 12:08:41,53.47018053,-2.23701268,5.47,36.122,51.389,1.31,157.0,29,42,,
T,2026-04-14 12:08:42,53.47016661,-2.2370046,4.31,36.415,51.389,1.41,157.0,30,42,,
T,2026-04-14 12:08:43,53.4701544,-2.23699551,4.71,36.267,51.389,1.31,155.0,32,42,,
T,2026-04-14 12:08:44,53.47014298,-2.23698659,4.84,36.015,51.389,1.3,156.0,32,42,,
T,2026-04-14 12:08:45,53.47013194,-2.23697741,4.96,36.006,51.389,1.3,155.0,32,42,,
T,2026-04-14 12:08:46,53.47012156,-2.23696672,5.34,35.592,51.389,1.3,153.0,32,42,,
T,2026-04-14 12:08:47,53.47011139,-2.23695558,5.7,35.287,51.389,1.29,151.0,32,42,,
T,2026-04-14 12:08:48,53.47010167,-2.23694441,5.68,34.643,51.389,1.29,152.0,31,42,,
T,2026-04-14 12:08:49,53.47009083,-2.23693409,5.92,33.966,51.389,1.29,158.0,28,42,,
T,2026-04-14 12:08:50,53.47007926,-2.2369259,4.54,34.408,51.389,1.28,158.0,25,42,,
T,2026-04-14 12:08:51,53.47006882,-2.23691849,4.64,34.359,51.389,1.29,152.0,22,42,,
T,2026-04-14 12:08:52,53.47005648,-2.23691161,4.41,35.365,51.389,1.28,151.0,22,42,,
T,2026-04-14 12:08:53,53.47004373,-2.23690492,4.33,36.218,51.389,1.27,154.0,21,41,,
T,2026-04-14 12:08:54,53.47003141,-2.23690001,4.2,35.687,51.389,1.26,158.0,20,42,,
T,2026-04-14 12:08:55,53.47001681,-2.23689444,4.09,35.89,51.389,1.28,169.0,19,42,,
T,2026-04-14 12:08:56,53.47000533,-2.23688643,4.09,36.129,51.389,1.3,154.0,19,41,,
T,2026-04-14 12:08:57,53.46999219,-2.23687666,4.14,37.493,51.389,1.26,152.0,19,41,,
T,2026-04-14 12:08:58,53.46997888,-2.23686711,4.08,38.002,51.389,1.27,155.0,19,41,,
T,2026-04-14 12:08:59,53.46996657,-2.23685548,4.01,37.392,51.389,1.27,150.0,18,41,,
T,2026-04-14 12:09:00,53.46995283,-2.2368462,3.88,38.89,51.389,1.27,156.0,18,41,,
T,2026-04-14 12:09:01,53.46993975,-2.23684063,3.86,38.952,51.389,1.28,166.0,17,41,,
T,2026-04-14 12:09:02,53.46992752,-2.23683423,4.11,38.772,51.389,1.29,159.0,17,40,,
T,2026-04-14 12:09:03,53.46991544,-2.23682748,3.98,38.879,51.389,1.28,156.0,20,40,,
T,2026-04-14 12:09:04,53.46990332,-2.23681859,4.0,37.736,51.389,1.29,152.0,25,40,,
T,2026-04-14 12:09:05,53.46989185,-2.23681058,4.04,37.726,51.389,1.29,151.0,25,40,,
T,2026-04-14 12:09:06,53.4698804,-2.236803,4.33,37.453,51.389,1.29,154.0,25,39,,
T,2026-04-14 12:09:07,53.46986855,-2.23679397,4.1,36.41,51.389,1.27,146.0,24,39,,
T,2026-04-14 12:09:08,53.46985702,-2.23678536,4.19,35.967,51.389,1.29,149.0,28,39,,
T,2026-04-14 12:09:09,53.46984603,-2.23677618,4.41,35.779,51.389,1.27,149.0,28,39,,
T,2026-04-14 12:09:10,53.46983575,-2.23676701,4.47,35.794,51.389,1.26,145.0,29,40,,
T,2026-04-14 12:09:11,53.46982458,-2.23675842,4.4,35.759,51.389,1.26,133.0,29,40,,
T,2026-04-14 12:09:12,53.46981457,-2.23674621,4.53,35.72,51.389,1.27,142.0,29,40,,
T,2026-04-14 12:09:13,53.4698056,-2.23673274,4.52,36.083,51.389,1.33,123.0,29,41,,
T,2026-04-14 12:09:14,53.46979786,-2.23671912,4.64,35.987,51.389,1.27,119.0,29,41,,
T,2026-04-14 12:09:15,53.46978647,-2.236709,4.95,35.856,51.388,1.39,142.0,29,40,,
T,2026-04-14 12:09:16,53.4697753,-2.23669986,5.19,35.667,51.388,1.28,147.0,30,40,,
T,2026-04-14 12:09:17,53.46976399,-2.23669143,4.86,34.753,51.388,1.28,150.0,28,40,,
T,2026-04-14 12:09:18,53.46975346,-2.23668007,4.42,34.396,51.388,1.29,145.0,28,39,,
T,2026-04-14 12:09:19,53.46974509,-2.23666305,4.32,34.952,51.388,1.32,141.0,28,39,,
T,2026-04-14 12:09:20,53.46973435,-2.23665125,4.08,34.292,51.388,1.33,156.0,27,39,,
T,2026-04-14 12:09:21,53.4697239,-2.23664027,4.54,34.241,51.388,1.3,150.0,28,39,,
T,2026-04-14 12:09:22,53.46971212,-2.23663381,4.0,34.458,51.388,1.29,161.0,28,39,,
T,2026-04-14 12:09:23,53.46970061,-2.23662542,4.05,34.481,51.388,1.33,153.0,29,40,,
T,2026-04-14 12:09:24,53.46968948,-2.23661639,4.37,34.788,51.388,1.31,157.0,29,40,,
T,2026-04-14 12:09:25,53.4696781,-2.23660579,4.24,34.061,51.388,1.32,150.0,27,40,,
T,2026-04-14 12:09:26,53.46967092,-2.23659135,3.96,34.258,51.388,1.3,142.0,29,41,,
T,2026-04-14 12:09:27,53.46966227,-2.23658047,3.96,33.91,51.388,1.31,149.0,28,42,,
T,2026-04-14 12:09:28,53.46965418,-2.23656613,4.05,33.435,51.388,1.35,132.0,28,42,,
T,2026-04-14 12:09:29,53.46964816,-2.23655055,3.97,33.793,51.388,1.26,129.0,28,40,,
T,2026-04-14 12:09:30,53.46963939,-2.23653855,3.98,33.733,51.388,1.29,143.0,28,41,,
T,2026-04-14 12:09:31,53.46963173,-2.23652871,4.12,33.557,51.388,1.22,147.0,28,41,,
T,2026-04-14 12:09:32,53.46962723,-2.23651518,4.07,32.393,51.388,1.23,139.0,25,41,,
T,2026-04-14 12:09:33,53.46962229,-2.23650007,4.14,31.659,51.388,1.25,124.0,26,42,,
T,2026-04-14 12:09:34,53.46961309,-2.23649137,4.42,32.299,51.388,1.23,141.0,26,41,,
T,2026-04-14 12:09:35,53.46960197,-2.23648702,4.65,33.097,51.388,1.28,163.0,25,41,,
T,2026-04-14 12:09:36,53.46959137,-2.23648182,4.79,34.05,51.388,1.23,155.0,23,41,,
T,2026-04-14 12:09:37,53.46958385,-2.23647338,4.52,33.79,51.388,1.23,156.0,23,41,,
T,2026-04-14 12:09:38,53.46957719,-2.23646408,4.45,33.616,51.388,1.19,158.0,24,40,,
T,2026-04-14 12:09:39,53.46956885,-2.23645377,4.47,34.185,51.388,1.25,151.0,24,40,,
T,2026-04-14 12:09:40,53.4695617,-2.23644001,4.19,34.211,51.388,1.26,138.0,24,40,,
T,2026-04-14 12:09:41,53.46955347,-2.23642862,4.3,34.176,51.388,1.26,148.0,24,40,,
T,2026-04-14 12:09:42,53.46954578,-2.23641614,4.43,34.346,51.388,1.25,140.0,24,40,,
T,2026-04-14 12:09:43,53.46953656,-2.23640667,4.64,34.089,51.388,1.27,149.0,24,41,,
T,2026-04-14 12:09:44,53.46952643,-2.23639701,4.96,34.277,51.388,1.26,150.0,25,41,,
T,2026-04-14 12:09:45,53.46951597,-2.23638779,5.11,33.961,51.388,1.28,152.0,25,41,,
T,2026-04-14 12:09:46,53.4695046,-2.23638259,5.19,34.019,51.388,1.29,160.0,25,41,,
T,2026-04-14 12:09:47,53.46949226,-2.2363812,5.07,34.46,51.388,1.29,159.0,25,40,,
T,2026-04-14 12:09:48,53.46948023,-2.23637659,5.27,34.062,51.388,1.29,160.0,19,40,,
T,2026-04-14 12:09:49,53.46946863,-2.23637202,5.55,34.054,51.388,1.3,162.0,17,40,,
T,2026-04-14 12:09:50,53.46945806,-2.23636207,5.75,33.212,51.388,1.34,148.0,17,40,,
T,2026-04-14 12:09:51,53.46944544,-2.23635566,4.54,32.732,51.388,1.4,170.0,17,40,,
T,2026-04-14 12:09:52,53.46943233,-2.23634145,4.15,32.838,51.388,1.32,152.0,16,40,,
T,2026-04-14 12:09:53,53.46942109,-2.23632934,4.4,31.947,51.388,1.3,148.0,16,40,,
T,2026-04-14 12:09:54,53.46941014,-2.23631898,4.46,32.159,51.388,1.24,153.0,16,40,,
T,2026-04-14 12:09:55,53.46939815,-2.23631885,4.46,34.004,51.388,1.26,174.0,16,40,,
T,2026-04-14 12:09:56,53.46939583,-2.23632388,4.27,33.084,51.388,0.0,,16,40,,
T,2026-04-14 12:09:57,53.4693957,-2.23632489,4.24,33.03,51.388,0.0,,16,40,,
T,2026-04-14 12:09:58,53.46939563,-2.23632505,4.11,33.046,51.388,0.0,,17,40,,
T,2026-04-14 12:09:59,53.46939562,-2.23632517,4.08,33.058,51.388,0.0,,17,40,,
T,2026-04-14 12:10:00,53.46939569,-2.23632559,3.81,33.09,51.388,0.0,,16,39,,
T,2026-04-14 12:10:01,53.46939557,-2.23632511,3.8,33.039,51.388,0.0,,15,40,,
T,2026-04-14 12:10:02,53.46939549,-2.23632475,3.79,33.05,51.388,0.0,,14,40,,
T,2026-04-14 12:10:03,53.46939494,-2.23632417,3.79,32.916,51.388,0.17,174.0,16,40,,
T,2026-04-14 12:10:04,53.46939511,-2.23632509,3.79,32.931,51.388,0.0,,17,41,,
T,2026-04-14 12:10:05,53.46939513,-2.23632517,3.79,32.904,51.388,0.0,,16,41,,
T,2026-04-14 12:10:06,53.46939505,-2.23632491,3.79,32.901,51.388,0.0,,16,41,,
T,2026-04-14 12:10:07,53.46939503,-2.23632482,3.79,32.903,51.388,0.0,,16,42,,
T,2026-04-14 12:10:08,53.46939488,-2.23632452,3.79,32.823,51.388,0.0,,16,42,,
T,2026-04-14 12:10:09,53.46939648,-2.23632431,3.79,32.774,51.388,0.26,174.0,14,42,,
T,2026-04-14 12:10:10,53.46939722,-2.23632364,3.79,32.69,51.388,0.21,174.0,15,42,,
T,2026-04-14 12:10:11,53.46939563,-2.23632307,3.79,32.625,51.388,0.0,,16,42,,
T,2026-04-14 12:10:12,53.46938151,-2.23632712,3.79,32.679,51.388,1.37,187.0,16,42,,
T,2026-04-14 12:10:13,53.46936907,-2.23632685,3.79,32.77,51.388,1.26,167.0,16,42,,
T,2026-04-14 12:10:14,53.46935894,-2.23631755,3.85,33.229,51.388,1.18,151.0,15,42,,
T,2026-04-14 12:10:15,53.46934915,-2.23630581,3.83,32.842,51.388,1.2,149.0,16,42,,
T,2026-04-14 12:10:16,53.46933738,-2.23629348,3.94,32.9,51.388,1.35,150.0,16,42,,
T,2026-04-14 12:10:17,53.46932457,-2.23628248,4.07,31.668,51.388,1.42,153.0,17,42,,
T,2026-04-14 12:10:18,53.4693103,-2.23627105,4.1,33.026,51.388,1.41,155.0,17,42,,
T,2026-04-14 12:10:19,53.46929636,-2.23626383,4.48,32.934,51.388,1.43,165.0,18,42,,
T,2026-04-14 12:10:20,53.4692846,-2.23624792,5.0,33.622,51.388,1.57,137.0,18,42,,
T,2026-04-14 12:10:21,53.46927237,-2.2362375,5.64,34.038,51.388,1.42,151.0,20,41,,
T,2026-04-14 12:10:22,53.4692611,-2.2362263,5.96,33.902,51.387,1.38,144.0,20,41,,
T,2026-04-14 12:10:23,53.46924903,-2.23621787,6.28,33.889,51.387,1.39,155.0,20,41,,
T,2026-04-14 12:10:24,53.46923735,-2.23620916,6.6,33.711,51.387,1.38,153.0,19,38,,
T,2026-04-14 12:10:25,53.4692254,-2.2362009,6.42,34.07,51.387,1.37,152.0,18,39,,
T,2026-04-14 12:10:26,53.46921391,-2.23619126,5.61,34.485,51.387,1.35,150.0,20,40,,
T,2026-04-14 12:10:27,53.46920272,-2.23618066,5.31,34.958,51.387,1.38,150.0,20,40,,
T,2026-04-14 12:10:28,53.46919067,-2.23617113,4.65,35.066,51.387,1.34,154.0,17,39,,
T,2026-04-14 12:10:29,53.46917936,-2.23616136,4.83,34.976,51.387,1.33,151.0,17,38,,
T,2026-04-14 12:10:30,53.46916816,-2.23615249,5.05,34.815,51.387,1.34,154.0,18,38,,
T,2026-04-14 12:10:31,53.46915553,-2.23614572,4.83,35.036,51.387,1.32,159.0,18,37,,
T,2026-04-14 12:10:32,53.46914137,-2.23613991,5.18,35.328,51.387,1.34,166.0,18,38,,
T,2026-04-14 12:10:33,53.46912915,-2.23612536,5.29,34.886,51.387,1.49,141.0,19,38,,
T,2026-04-14 12:10:34,53.46911867,-2.23611421,4.86,34.731,51.387,1.33,156.0,19,38,,
T,2026-04-14 12:10:35,53.4691075,-2.23610211,4.47,34.774,51.387,1.28,150.0,19,38,,
T,2026-04-14 12:10:36,53.46909489,-2.23609456,4.59,34.752,51.387,1.33,157.0,21,39,,
T,2026-04-14 12:10:37,53.4690839,-2.23608406,5.09,34.683,51.387,1.34,153.0,23,38,,
T,2026-04-14 12:10:38,53.46907134,-2.23607906,5.25,35.053,51.387,1.34,163.0,23,36,,
T,2026-04-14 12:10:39,53.46905749,-2.23607701,5.86,35.595,51.387,1.35,170.0,24,38,,
T,2026-04-14 12:10:40,53.46904399,-2.23607559,6.02,35.868,51.387,1.35,179.0,26,39,,
T,2026-04-14 12:10:41,53.46903203,-2.23606579,6.43,36.446,51.387,1.4,162.0,26,39,,
T,2026-04-14 12:10:42,53.46902344,-2.23605295,5.46,38.222,51.387,1.32,169.0,25,39,,
T,2026-04-14 12:10:43,53.46901386,-2.23603903,5.12,38.673,51.387,1.31,162.0,27,39,,
T,2026-04-14 12:10:44,53.46900408,-2.23602429,5.66,38.479,51.387,1.37,154.0,29,39,,
T,2026-04-14 12:10:45,53.46899592,-2.23600962,5.59,38.43,51.387,1.36,157.0,29,40,,
T,2026-04-14 12:10:46,53.46898663,-2.2359963,5.8,38.765,51.387,1.36,154.0,27,40,,
T,2026-04-14 12:10:47,53.46897759,-2.23598305,5.92,39.093,51.387,1.36,152.0,26,40,,
T,2026-04-14 12:10:48,53.46896776,-2.23597199,6.46,38.938,51.387,1.36,155.0,26,40,,
T,2026-04-14 12:10:49,53.46895571,-2.23596173,5.45,39.305,51.387,1.35,162.0,26,40,,
T,2026-04-14 12:10:50,53.4689427,-2.23594871,5.23,38.425,51.387,1.38,153.0,23,41,,
T,2026-04-14 12:10:51,53.46892978,-2.23593635,5.32,38.039,51.387,1.36,154.0,23,41,,
T,2026-04-14 12:10:52,53.46891585,-2.23592315,5.03,37.414,51.387,1.37,155.0,23,41,,
T,2026-04-14 12:10:53,53.46890225,-2.23590785,5.17,36.509,51.387,1.38,147.0,24,41,,
T,2026-04-14 12:10:54,53.46888926,-2.23589508,5.44,36.66,51.387,1.38,152.0,21,41,,
T,2026-04-14 12:10:55,53.46887654,-2.23588212,5.35,36.185,51.387,1.38,150.0,20,41,,
T,2026-04-14 12:10:56,53.46886483,-2.23586893,5.26,36.34,51.387,1.36,144.0,20,41,,
T,2026-04-14 12:10:57,53.46885236,-2.23585992,5.52,36.483,51.387,1.4,154.0,23,41,,
T,2026-04-14 12:10:58,53.46884012,-2.23585231,5.36,36.436,51.387,1.39,155.0,23,40,,
T,2026-04-14 12:10:59,53.46882917,-2.23584328,5.47,35.653,51.387,1.39,155.0,23,40,,
T,2026-04-14 12:11:00,53.46881842,-2.2358333,5.49,35.43,51.387,1.4,150.0,23,40,,
T,2026-04-14 12:11:01,53.46880334,-2.23582366,5.24,36.641,51.387,1.4,154.0,23,40,,
T,2026-04-14 12:11:02,53.46878803,-2.23581379,5.02,35.41,51.387,1.41,160.0,24,40,,
T,2026-04-14 12:11:03,53.46877496,-2.23580346,5.27,35.181,51.387,1.42,153.0,19,40,,
T,2026-04-14 12:11:04,53.4687622,-2.23579442,5.6,34.384,51.387,1.41,153.0,16,40,,
T,2026-04-14 12:11:05,53.46874992,-2.23578551,5.91,34.146,51.387,1.41,153.0,17,40,,
T,2026-04-14 12:11:06,53.468739,-2.23577455,5.85,33.867,51.387,1.42,145.0,19,40,,
T,2026-04-14 12:11:07,53.46872629,-2.23576371,5.81,33.811,51.387,1.41,149.0,20,40,,
T,2026-04-14 12:11:08,53.46871413,-2.2357546,6.18,33.653,51.386,1.41,152.0,24,40,,
T,2026-04-14 12:11:09,53.46870317,-2.23574429,5.99,33.406,51.386,1.42,144.0,24,40,,
T,2026-04-14 12:11:10,53.46869087,-2.23573207,5.7,32.231,51.386,1.4,147.0,24,40,,
T,2026-04-14 12:11:11,53.46867832,-2.23571956,5.41,34.509,51.386,1.36,149.0,25,40,,
T,2026-04-14 12:11:12,53.46866706,-2.2357073,5.51,34.913,51.386,1.38,142.0,26,40,,
T,2026-04-14 12:11:13,53.46865609,-2.23569689,5.4,35.47,51.386,1.34,146.0,27,40,,
T,2026-04-14 12:11:14,53.46864844,-2.23568103,5.42,36.075,51.386,1.4,129.0,25,40,,
T,2026-04-14 12:11:15,53.46863783,-2.23567139,5.2,36.602,51.386,1.37,145.0,26,40,,
T,2026-04-14 12:11:16,53.46862821,-2.2356603,5.32,36.354,51.386,1.33,148.0,28,39,,
T,2026-04-14 12:11:17,53.46861981,-2.23564561,4.96,36.577,51.386,1.34,151.0,27,39,,
T,2026-04-14 12:11:18,53.46861246,-2.23562694,4.96,37.108,51.386,1.38,142.0,26,39,,
T,2026-04-14 12:11:19,53.46860392,-2.23560998,5.16,37.536,51.386,1.39,147.0,26,40,,
T,2026-04-14 12:11:20,53.46860126,-2.23559167,4.8,35.088,51.386,1.26,134.0,27,40,,
T,2026-04-14 12:11:21,53.46859841,-2.23556746,4.75,36.552,51.386,1.32,122.0,26,41,,
T,2026-04-14 12:11:22,53.46859804,-2.23554424,5.04,37.377,51.386,1.23,113.0,26,41,,
T,2026-04-14 12:11:23,53.46859706,-2.23552241,5.44,38.247,51.386,1.18,112.0,27,41,,
T,2026-04-14 12:11:24,53.46859698,-2.23551197,5.29,38.265,51.386,0.85,107.0,27,41,,
T,2026-04-14 12:11:25,53.46859658,-2.23551259,5.12,37.453,51.386,0.65,107.0,28,41,,
T,2026-04-14 12:11:26,53.46859088,-2.23550447,5.2,37.005,51.386,1.21,140.0,27,41,,
T,2026-04-14 12:11:27,53.46858301,-2.23549613,4.94,36.829,51.386,1.05,149.0,28,41,,
T,2026-04-14 12:11:28,53.46857429,-2.23548916,5.09,36.715,51.386,1.03,154.0,30,41,,
T,2026-04-14 12:11:29,53.46856364,-2.23547884,5.07,37.24,51.386,1.17,154.0,30,41,,
T,2026-04-14 12:11:30,53.46855345,-2.23547058,4.74,37.329,51.386,1.17,159.0,30,43,,
T,2026-04-14 12:11:31,53.46854167,-2.23546266,4.81,37.801,51.386,1.22,161.0,30,43,,
T,2026-04-14 12:11:32,53.46853084,-2.23544981,4.59,37.634,51.386,1.15,154.0,30,43,,
T,2026-04-14 12:11:33,53.46851967,-2.23544028,4.71,37.927,51.386,1.21,161.0,31,43,,
T,2026-04-14 12:11:34,53.46851006,-2.23543412,4.84,38.219,51.386,1.12,162.0,30,43,,
T,2026-04-14 12:11:35,53.4685004,-2.23542805,5.27,38.538,51.386,1.12,161.0,28,43,,
T,2026-04-14 12:11:36,53.46849054,-2.23542268,5.5,38.779,51.386,1.12,165.0,28,43,,
T,2026-04-14 12:11:37,53.46848062,-2.2354196,5.86,38.681,51.386,1.12,170.0,28,42,,
T,2026-04-14 12:11:38,53.4684701,-2.23541963,6.04,39.346,51.386,1.1,180.0,25,42,,
T,2026-04-14 12:11:39,53.46845858,-2.23541918,6.54,39.618,51.386,1.14,178.0,27,42,,
T,2026-04-14 12:11:40,53.46844538,-2.23542169,6.86,39.732,51.386,1.22,194.0,29,42,,
T,2026-04-14 12:11:41,53.46843259,-2.23542095,7.3,39.553,51.386,1.18,185.0,30,42,,
T,2026-04-14 12:11:42,53.46842035,-2.23542132,7.75,39.274,51.386,1.19,186.0,31,42,,
T,2026-04-14 12:11:43,53.46840722,-2.23542137,7.82,39.867,51.386,1.17,179.0,30,42,,
T,2026-04-14 12:11:44,53.46839467,-2.23541842,7.17,39.309,51.386,1.15,179.0,31,41,,
T,2026-04-14 12:11:45,53.46838224,-2.23541706,7.8,39.32,51.386,1.18,184.0,30,41,,
T,2026-04-14 12:11:46,53.46837035,-2.23541104,8.14,39.183,51.386,1.24,167.0,30,41,,
T,2026-04-14 12:11:47,53.46835877,-2.23541037,7.94,38.758,51.386,1.22,178.0,30,41,,
T,2026-04-14 12:11:48,53.46834681,-2.23540444,8.12,38.824,51.386,1.23,167.0,28,42,,
T,2026-04-14 12:11:49,53.46833252,-2.23539103,6.55,37.6,51.386,1.22,160.0,30,42,,
T,2026-04-14 12:11:50,53.46831662,-2.23537886,6.06,37.399,51.386,1.23,164.0,28,42,,
T,2026-04-14 12:11:51,53.46830342,-2.23536961,6.76,37.565,51.386,1.24,162.0,24,42,,
T,2026-04-14 12:11:52,53.46829107,-2.23535688,7.22,36.681,51.386,1.27,150.0,25,42,,
T,2026-04-14 12:11:53,53.4682793,-2.23534764,7.52,36.606,51.386,1.25,156.0,25,42,,
T,2026-04-14 12:11:54,53.46826735,-2.23533818,7.61,36.819,51.386,1.28,155.0,25,41,,
T,2026-04-14 12:11:55,53.46825586,-2.23533377,7.42,36.974,51.386,1.28,168.0,25,41,,
T,2026-04-14 12:11:56,53.46824524,-2.23532478,7.47,36.749,51.386,1.34,150.0,25,41,,
T,2026-04-14 12:11:57,53.46823532,-2.2353172,8.01,36.561,51.386,1.25,151.0,20,41,,
T,2026-04-14 12:11:58,53.46822573,-2.23530953,7.31,35.625,51.386,1.26,146.0,20,41,,
T,2026-04-14 12:11:59,53.46821503,-2.2353,7.4,35.134,51.386,1.29,139.0,20,42,,
T,2026-04-14 12:12:00,53.46820242,-2.23529701,7.65,34.881,51.386,1.4,164.0,20,42,,
T,2026-04-14 12:12:01,53.46819116,-2.235294,8.05,34.892,51.386,1.26,166.0,17,42,,
T,2026-04-14 12:12:02,53.46817949,-2.235289,8.52,34.867,51.386,1.28,163.0,17,41,,
T,2026-04-14 12:12:03,53.46816773,-2.23528943,8.9,35.013,51.386,1.27,171.0,22,41,,
T,2026-04-14 12:12:04,53.46815786,-2.2352834,8.65,35.062,51.386,1.31,150.0,26,41,,
T,2026-04-14 12:12:05,53.46814664,-2.23527827,8.34,35.112,51.385,1.29,154.0,27,41,,
T,2026-04-14 12:12:06,53.46813929,-2.23527355,7.34,35.018,51.385,1.19,150.0,27,41,,
T,2026-04-14 12:12:07,53.46813016,-2.23526824,7.24,34.81,51.385,1.25,155.0,27,41,,
T,2026-04-14 12:12:08,53.46812017,-2.23526072,7.33,34.922,51.385,1.25,153.0,27,41,,
T,2026-04-14 12:12:09,53.46811027,-2.23525064,7.06,34.998,51.385,1.29,138.0,27,41,,
T,2026-04-14 12:12:10,53.46810197,-2.235239,7.51,35.059,51.385,1.25,132.0,26,41,,
T,2026-04-14 12:12:11,53.46808637,-2.23522407,5.0,36.744,51.385,1.25,138.0,25,41,,
T,2026-04-14 12:12:12,53.46807223,-2.23521543,5.19,37.003,51.385,1.28,152.0,25,41,,
T,2026-04-14 12:12:13,53.46806097,-2.23520606,5.42,36.839,51.385,1.26,150.0,24,41,,
T,2026-04-14 12:12:14,53.46805025,-2.23519793,5.61,36.291,51.385,1.25,153.0,26,41,,
T,2026-04-14 12:12:15,53.46803996,-2.23518866,5.87,36.064,51.385,1.26,144.0,26,41,,
T,2026-04-14 12:12:16,53.4680288,-2.2351808,5.87,36.555,51.385,1.26,150.0,26,40,,
T,2026-04-14 12:12:17,53.46801772,-2.2351751,5.88,36.629,51.385,1.23,151.0,27,40,,
T,2026-04-14 12:12:18,53.46800688,-2.23516815,5.79,36.381,51.385,1.24,155.0,26,40,,
T,2026-04-14 12:12:19,53.46799619,-2.2351617,5.7,36.062,51.385,1.25,156.0,26,40,,
T,2026-04-14 12:12:20,53.46797985,-2.2351576,4.34,36.774,51.385,1.3,159.0,26,40,,
T,2026-04-14 12:12:21,53.46796399,-2.23515223,4.0,36.699,51.385,1.28,155.0,28,40,,
T,2026-04-14 12:12:22,53.46795131,-2.23514512,4.04,36.186,51.385,1.27,156.0,27,40,,
T,2026-04-14 12:12:23,53.46793965,-2.2351373,4.05,36.043,51.385,1.28,153.0,26,40,,
T,2026-04-14 12:12:24,53.46792835,-2.23512961,4.13,35.633,51.385,1.28,153.0,28,40,,
T,2026-04-14 12:12:25,53.46791651,-2.23512495,4.19,35.798,51.385,1.29,157.0,28,40,,
T,2026-04-14 12:12:26,53.46790536,-2.23511762,4.11,35.039,51.385,1.31,152.0,28,40,,
T,2026-04-14 12:12:27,53.46789466,-2.23510997,4.09,34.837,51.385,1.3,155.0,28,40,,
T,2026-04-14 12:12:28,53.46788325,-2.23510333,4.02,35.013,51.385,1.31,158.0,27,40,,
T,2026-04-14 12:12:29,53.46787238,-2.23509383,4.19,34.89,51.385,1.33,146.0,27,40,,
T,2026-04-14 12:12:30,53.46786189,-2.23508522,4.43,34.773,51.385,1.31,150.0,27,40,,
T,2026-04-14 12:12:31,53.46785569,-2.23507122,4.39,35.419,51.385,1.29,153.0,27,40,,
T,2026-04-14 12:12:32,53.46784968,-2.23505692,4.62,36.248,51.385,1.3,149.0,28,40,,
T,2026-04-14 12:12:33,53.46783805,-2.23504176,4.85,37.697,51.385,1.41,152.0,28,40,,
T,2026-04-14 12:12:34,53.46782785,-2.23502567,5.09,38.528,51.385,1.37,149.0,27,41,,
T,2026-04-14 12:12:35,53.46781943,-2.23501353,4.69,38.642,51.385,1.33,151.0,27,41,,
T,2026-04-14 12:12:36,53.46781107,-2.23500481,4.85,38.933,51.385,1.24,147.0,29,40,,
T,2026-04-14 12:12:37,53.46780449,-2.23499603,4.39,39.669,51.385,1.31,153.0,30,40,,
T,2026-04-14 12:12:38,53.46779572,-2.23498721,4.69,39.976,51.385,1.3,155.0,29,40,,
T,2026-04-14 12:12:39,53.46778252,-2.23497707,4.47,41.119,51.385,1.47,159.0,30,41,,
T,2026-04-14 12:12:40,53.46776921,-2.234968,4.25,41.88,51.385,1.4,162.0,30,41,,
T,2026-04-14 12:12:41,53.4677579,-2.23495817,4.56,42.196,51.385,1.32,158.0,30,41,,
T,2026-04-14 12:12:42,53.46774644,-2.23494707,4.81,42.148,51.385,1.46,160.0,27,41,,
T,2026-04-14 12:12:43,53.46773634,-2.23493707,5.14,42.323,51.385,1.37,160.0,27,41,,
T,2026-04-14 12:12:44,53.46772555,-2.23492512,5.6,41.865,51.385,1.44,151.0,27,41,,
T,2026-04-14 12:12:45,53.46771438,-2.23491264,6.17,41.901,51.385,1.44,150.0,27,41,,
T,2026-04-14 12:12:46,53.46770348,-2.2349022,5.43,42.217,51.385,1.45,155.0,27,40,,
T,2026-04-14 12:12:47,53.46769325,-2.23489002,4.79,42.151,51.385,1.41,154.0,27,40,,
T,2026-04-14 12:12:48,53.46768268,-2.23487588,4.79,42.529,51.385,1.45,150.0,27,40,,
T,2026-04-14 12:12:49,53.4676702,-2.23485948,4.48,42.585,51.385,1.43,151.0,27,41,,
T,2026-04-14 12:12:50,53.46766023,-2.23484512,4.64,42.529,51.385,1.47,147.0,27,41,,
T,2026-04-14 12:12:51,53.46765188,-2.23482888,4.73,42.169,51.385,1.5,135.0,29,41,,
T,2026-04-14 12:12:52,53.46764378,-2.2348138,4.94,41.531,51.385,1.46,135.0,31,41,,
T,2026-04-14 12:12:53,53.46763269,-2.23480186,5.11,41.358,51.385,1.52,146.0,31,41,,
T,2026-04-14 12:12:54,53.46762313,-2.23479037,5.24,41.279,51.384,1.49,144.0,30,41,,
T,2026-04-14 12:12:55,53.46760953,-2.23478583,5.37,40.929,51.384,1.66,169.0,30,41,,
T,2026-04-14 12:12:56,53.4675974,-2.23477506,5.11,40.861,51.384,1.57,151.0,30,41,,
T,2026-04-14 12:12:57,53.46758442,-2.23476298,5.05,39.879,51.384,1.51,157.0,30,41,,
T,2026-04-14 12:12:58,53.46757188,-2.23475198,5.04,39.304,51.384,1.5,156.0,29,41,,
T,2026-04-14 12:12:59,53.46755842,-2.23473701,4.11,39.714,51.384,1.49,151.0,28,40,,
T,2026-04-14 12:13:00,53.46754355,-2.23472563,3.79,40.166,51.384,1.48,160.0,28,40,,
T,2026-04-14 12:13:01,53.46752922,-2.23471491,3.79,40.046,51.384,1.47,163.0,27,41,,
T,2026-04-14 12:13:02,53.46751513,-2.23469707,3.79,40.404,51.384,1.49,151.0,21,41,,
T,2026-04-14 12:13:03,53.46750183,-2.23467257,3.79,39.815,51.384,1.44,142.0,21,41,,
T,2026-04-14 12:13:04,53.46748922,-2.23464728,4.01,39.579,51.384,1.45,147.0,21,40,,
T,2026-04-14 12:13:05,53.46747769,-2.23462874,4.19,39.492,51.384,1.46,143.0,20,40,,
T,2026-04-14 12:13:06,53.46746656,-2.23461331,4.22,39.249,51.384,1.44,145.0,19,36,,
T,2026-04-14 12:13:07,53.4674552,-2.23460018,4.54,38.134,51.384,1.46,143.0,19,37,,
T,2026-04-14 12:13:08,53.46744364,-2.23458927,4.83,37.86,51.384,1.45,147.0,19,37,,
T,2026-04-14 12:13:09,53.46743145,-2.23457939,5.03,36.946,51.384,1.46,149.0,19,37,,
T,2026-04-14 12:13:10,53.46741947,-2.23457028,5.28,36.414,51.384,1.47,151.0,18,37,,
T,2026-04-14 12:13:11,53.46740725,-2.23456112,5.54,35.403,51.384,1.46,151.0,18,37,,
T,2026-04-14 12:13:12,53.46739271,-2.23456141,5.9,36.192,51.384,1.55,173.0,19,38,,
T,2026-04-14 12:13:13,53.46737991,-2.23455501,6.31,36.211,51.384,1.52,156.0,19,38,,
T,2026-04-14 12:13:14,53.46736865,-2.23454553,6.68,36.112,51.384,1.43,151.0,18,39,,
T,2026-04-14 12:13:15,53.46735647,-2.2345379,7.18,35.947,51.384,1.43,154.0,18,39,,
T,2026-04-14 12:13:16,53.4673447,-2.23453475,7.53,36.45,51.384,1.43,164.0,18,38,,
T,2026-04-14 12:13:17,53.46733265,-2.23452622,7.93,37.045,51.384,1.45,153.0,17,38,,
T,2026-04-14 12:13:18,53.46732063,-2.23451931,8.65,36.648,51.384,1.43,157.0,17,38,,
T,2026-04-14 12:13:19,53.4673088,-2.23451179,8.99,35.933,51.384,1.41,161.0,17,38,,
T,2026-04-14 12:13:20,53.46729847,-2.23449853,8.54,35.919,51.384,1.45,145.0,17,38,,
T,2026-04-14 12:13:21,53.46728743,-2.23448736,6.96,35.844,51.384,1.39,150.0,17,38,,
T,2026-04-14 12:13:22,53.4672763,-2.23447951,7.77,35.827,51.384,1.37,153.0,18,38,,
T,2026-04-14 12:13:23,53.46726531,-2.23447117,8.33,35.618,51.384,1.37,150.0,17,38,,
T,2026-04-14 12:13:24,53.46725359,-2.23446199,7.71,35.451,51.384,1.37,150.0,17,38,,
T,2026-04-14 12:13:25,53.46724144,-2.23445683,8.36,35.594,51.384,1.37,161.0,17,38,,
T,2026-04-14 12:13:26,53.46722981,-2.23444932,8.98,35.396,51.384,1.38,152.0,17,38,,
T,2026-04-14 12:13:27,53.46721937,-2.23443569,9.72,35.533,51.384,1.42,138.0,18,39,,
T,2026-04-14 12:13:28,53.46720266,-2.2344316,10.02,36.337,51.384,1.47,159.0,18,39,,
T,2026-04-14 12:13:29,53.46718884,-2.23442437,10.56,36.129,51.384,1.37,155.0,18,39,,
T,2026-04-14 12:13:30,53.46717487,-2.23441504,10.97,35.879,51.384,1.38,158.0,18,39,,
T,2026-04-14 12:13:31,53.46716287,-2.23440039,11.5,35.87,51.384,1.46,140.0,18,39,,
T,2026-04-14 12:13:32,53.46715083,-2.23438901,12.07,34.984,51.384,1.39,151.0,18,38,,
T,2026-04-14 12:13:33,53.46713975,-2.2343798,12.75,33.919,51.384,1.35,149.0,18,38,,
T,2026-04-14 12:13:34,53.46712713,-2.23437446,13.09,33.934,51.384,1.36,161.0,18,38,,
T,2026-04-14 12:13:35,53.46711526,-2.23437066,13.2,36.072,51.384,1.3,162.0,18,39,,
T,2026-04-14 12:13:36,53.46710288,-2.23436533,11.9,36.594,51.384,1.35,159.0,18,39,,
T,2026-04-14 12:13:37,53.46708942,-2.23435849,12.4,37.299,51.384,1.33,155.0,15,38,,
T,2026-04-14 12:13:38,53.4670732,-2.23434978,12.33,38.517,51.384,1.33,149.0,18,38,,
T,2026-04-14 12:13:39,53.46705917,-2.23433845,10.97,37.82,51.384,1.33,145.0,18,39,,
T,2026-04-14 12:13:40,53.46704627,-2.23432539,9.29,38.085,51.383,1.34,138.0,19,39,,
T,2026-04-14 12:13:41,53.46703325,-2.23431627,9.32,38.089,51.383,1.38,150.0,19,39,,
T,2026-04-14 12:13:42,53.46702523,-2.23430594,7.99,37.183,51.383,1.25,148.0,19,39,,
T,2026-04-14 12:13:43,53.4670139,-2.23429853,6.41,37.172,51.383,1.39,164.0,19,38,,
T,2026-04-14 12:13:44,53.46700217,-2.2342921,5.87,36.644,51.383,1.37,166.0,19,39,,
T,2026-04-14 12:13:45,53.46698975,-2.23428785,6.39,36.224,51.383,1.39,169.0,19,39,,
T,2026-04-14 12:13:46,53.46697953,-2.23427544,6.84,36.597,51.383,1.45,150.0,19,39,,
T,2026-04-14 12:13:47,53.46698157,-2.23424719,6.28,35.628,51.383,1.38,164.0,18,40,,
T,2026-04-14 12:13:48,53.46697582,-2.23422899,6.93,36.823,51.383,1.38,155.0,23,40,,
T,2026-04-14 12:13:49,53.46696998,-2.23420911,6.15,36.152,51.383,1.38,143.0,25,40,,
T,2026-04-14 12:13:50,53.46696251,-2.234193,6.43,36.177,51.383,1.37,149.0,25,41,,
T,2026-04-14 12:13:51,53.46695359,-2.23418016,6.2,36.914,51.383,1.37,153.0,26,41,,
T,2026-04-14 12:13:52,53.46694722,-2.23416439,6.91,37.127,51.383,1.36,147.0,27,40,,
T,2026-04-14 12:13:53,53.46694145,-2.23415452,7.15,36.837,51.383,1.24,162.0,28,40,,
T,2026-04-14 12:13:54,53.46693323,-2.2341419,7.51,36.599,51.383,1.37,157.0,27,40,,
T,2026-04-14 12:13:55,53.46692393,-2.23412723,7.33,37.056,51.383,1.37,145.0,27,40,,
T,2026-04-14 12:13:56,53.46691372,-2.23411323,6.91,37.13,51.383,1.38,156.0,27,41,,
T,2026-04-14 12:13:57,53.46690379,-2.23410236,6.43,36.423,51.383,1.31,163.0,29,41,,
T,2026-04-14 12:13:58,53.466892,-2.23408901,5.71,35.761,51.383,1.29,167.0,29,41,,
T,2026-04-14 12:13:59,53.46687938,-2.23407106,5.49,35.418,51.383,1.31,158.0,29,41,,
T,2026-04-14 12:14:00,53.46686578,-2.23405563,5.82,36.187,51.383,1.33,166.0,29,41,,
T,2026-04-14 12:14:01,53.46685211,-2.23404881,5.75,36.474,51.383,1.4,187.0,28,41,,
T,2026-04-14 12:14:02,53.46683918,-2.23404608,5.52,36.914,51.383,1.31,195.0,28,41,,
T,2026-04-14 12:14:03,53.46682612,-2.23404211,5.4,37.467,51.383,1.37,182.0,27,42,,
T,2026-04-14 12:14:04,53.46681206,-2.23404551,4.84,37.488,51.383,1.53,212.0,27,41,,
T,2026-04-14 12:14:05,53.46679268,-2.2340288,4.55,37.602,51.383,2.08,161.0,26,41,,
T,2026-04-14 12:14:06,53.46678126,-2.23401854,4.28,37.521,51.383,1.3,163.0,25,41,,
T,2026-04-14 12:14:07,53.46676908,-2.234014,4.36,38.269,51.383,1.34,176.0,21,41,,
T,2026-04-14 12:14:08,53.46675672,-2.23401421,4.1,38.709,51.383,1.31,187.0,21,41,,
T,2026-04-14 12:14:09,53.46674506,-2.23401494,4.07,39.291,51.383,1.3,188.0,21,41,,
T,2026-04-14 12:14:10,53.46673296,-2.23401233,4.0,39.637,51.383,1.32,181.0,19,40,,
T,2026-04-14 12:14:11,53.46672118,-2.23401655,4.07,40.032,51.383,1.36,200.0,19,40,,
T,2026-04-14 12:14:12,53.46670916,-2.23401632,4.08,40.029,51.383,1.36,185.0,19,39,,
T,2026-04-14 12:14:13,53.46669745,-2.23401141,4.43,39.713,51.383,1.4,165.0,19,40,,
T,2026-04-14 12:14:14,53.46668659,-2.23399822,4.52,40.124,51.383,1.39,146.0,20,42,,
T,2026-04-14 12:14:15,53.46667515,-2.23399085,5.04,40.212,51.383,1.35,157.0,20,41,,
T,2026-04-14 12:14:16,53.46666282,-2.23398755,4.77,40.137,51.383,1.28,167.0,21,41,,
T,2026-04-14 12:14:17,53.46665165,-2.23398032,4.91,40.218,51.383,1.4,149.0,21,40,,
T,2026-04-14 12:14:18,53.46664001,-2.2339756,4.9,40.494,51.383,1.31,154.0,20,38,,
T,2026-04-14 12:14:19,53.46662866,-2.23397085,5.26,40.571,51.383,1.3,151.0,20,39,,
T,2026-04-14 12:14:20,53.4666182,-2.23396272,5.41,40.768,51.383,1.32,143.0,19,39,,
T,2026-04-14 12:14:21,53.46660568,-2.23395934,5.61,40.877,51.383,1.35,158.0,19,39,,
T,2026-04-14 12:14:22,53.46659476,-2.23395218,5.61,41.366,51.383,1.34,145.0,18,40,,
T,2026-04-14 12:14:23,53.46658392,-2.23394504,4.63,41.415,51.383,1.3,144.0,18,40,,
T,2026-04-14 12:14:24,53.46657508,-2.23393256,3.98,41.978,51.383,1.31,142.0,19,40,,
T,2026-04-14 12:14:25,53.46656646,-2.23391889,3.79,42.318,51.383,1.29,145.0,19,40,,
T,2026-04-14 12:14:26,53.46655784,-2.23390608,3.79,42.757,51.383,1.27,147.0,19,39,,
T,2026-04-14 12:14:27,53.466548,-2.2338953,3.79,43.293,51.383,1.31,157.0,18,41,,
T,2026-04-14 12:14:28,53.46653847,-2.23388371,3.79,43.767,51.383,1.33,146.0,20,42,,
T,2026-04-14 12:14:29,53.4665302,-2.23387323,3.79,45.607,51.383,1.32,153.0,21,42,,
T,2026-04-14 12:14:30,53.4665248,-2.23386057,3.79,45.458,51.383,1.35,149.0,21,41,,
T,2026-04-14 12:14:31,53.4665167,-2.23385098,3.79,46.059,51.383,1.34,155.0,22,41,,
T,2026-04-14 12:14:32,53.46650761,-2.23384118,3.79,46.571,51.382,1.36,146.0,22,41,,
T,2026-04-14 12:14:33,53.46649848,-2.23383609,3.79,46.559,51.382,1.46,163.0,23,42,,
T,2026-04-14 12:14:34,53.46649232,-2.23382338,3.79,46.135,51.382,1.49,151.0,25,41,,
T,2026-04-14 12:14:35,53.46648815,-2.23380947,3.79,45.129,51.382,1.46,150.0,26,41,,
T,2026-04-14 12:14:36,53.4664816,-2.23379683,3.79,45.13,51.382,1.39,149.0,25,42,,
T,2026-04-14 12:14:37,53.46647262,-2.23378886,3.79,45.443,51.382,1.4,154.0,24,42,,
T,2026-04-14 12:14:38,53.46646323,-2.23378225,3.79,45.265,51.382,1.41,150.0,24,42,,
T,2026-04-14 12:14:39,53.46645248,-2.23377459,3.79,45.513,51.382,1.42,150.0,23,42,,
T,2026-04-14 12:14:40,53.46644231,-2.23376917,3.79,45.639,51.382,1.41,152.0,23,41,,
T,2026-04-14 12:14:41,53.46643245,-2.23376195,3.79,45.843,51.382,1.41,152.0,25,41,,
T,2026-04-14 12:14:42,53.46642316,-2.23375469,3.79,45.908,51.382,1.44,147.0,25,42,,
T,2026-04-14 12:14:43,53.46641392,-2.23374473,3.79,45.925,51.382,1.4,148.0,27,42,,
T,2026-04-14 12:14:44,53.46640458,-2.23373645,3.79,45.891,51.382,1.38,150.0,27,42,,
T,2026-04-14 12:14:45,53.46640215,-2.23371966,3.79,45.589,51.382,1.38,113.0,27,42,,
T,2026-04-14 12:14:46,53.46640275,-2.23370174,3.79,45.132,51.382,1.36,105.0,26,42,,
T,2026-04-14 12:14:47,53.46640679,-2.23368254,3.79,45.897,51.382,1.45,78.0,27,42,,
T,2026-04-14 12:14:48,53.46640834,-2.23365944,3.79,46.03,51.382,1.41,84.0,28,42,,
T,2026-04-14 12:14:49,53.46640929,-2.23363774,3.79,45.588,51.382,1.43,93.0,30,42,,
T,2026-04-14 12:14:50,53.46640777,-2.23361836,3.79,45.844,51.382,1.34,105.0,31,42,,
T,2026-04-14 12:14:51,53.46640207,-2.23359893,3.79,46.066,51.382,1.37,120.0,30,42,,
T,2026-04-14 12:14:52,53.4664003,-2.23357817,3.79,45.84,51.382,1.39,103.0,30,42,,
T,2026-04-14 12:14:53,53.46640535,-2.23355587,3.91,45.603,51.382,1.4,81.0,29,42,,
T,2026-04-14 12:14:54,53.46641087,-2.23353561,3.96,45.784,51.382,1.2,70.0,29,42,,
T,2026-04-14 12:14:55,53.46641465,-2.23351378,4.18,45.313,51.382,1.25,81.0,29,42,,
T,2026-04-14 12:14:56,53.46641476,-2.23349113,4.39,44.709,51.382,1.27,94.0,29,42,,
T,2026-04-14 12:14:57,53.46641949,-2.23346893,4.38,44.937,51.382,1.2,77.0,29,42,,
T,2026-04-14 12:14:58,53.4664254,-2.23345052,4.58,44.877,51.382,1.18,69.0,28,42,,
T,2026-04-14 12:14:59,53.46643224,-2.2334326,4.76,44.749,51.382,1.2,61.0,28,42,,
T,2026-04-14 12:15:00,53.46643881,-2.23341403,4.55,44.042,51.382,1.15,62.0,27,42,,
T,2026-04-14 12:15:01,53.46644402,-2.23339588,4.54,43.706,51.382,1.16,69.0,27,41,,
T,2026-04-14 12:15:02,53.46644684,-2.2333773,4.97,43.627,51.382,1.21,85.0,27,41,,
T,2026-04-14 12:15:03,53.46645043,-2.23335952,4.98,43.31,51.382,1.18,77.0,26,41,,
T,2026-04-14 12:15:04,53.46645536,-2.23334239,5.15,42.695,51.382,1.19,69.0,26,41,,
T,2026-04-14 12:15:05,53.46645929,-2.2333246,5.52,42.747,51.382,1.18,76.0,25,40,,
T,2026-04-14 12:15:06,53.46645943,-2.23330594,5.4,43.095,51.382,1.27,95.0,26,40,,
T,2026-04-14 12:15:07,53.46646322,-2.23328935,5.86,43.342,51.381,1.25,76.0,25,40,,
T,2026-04-14 12:15:08,53.46646858,-2.23327301,5.8,43.862,51.381,1.22,86.0,25,40,,
T,2026-04-14 12:15:09,53.4664722,-2.23325606,6.09,44.338,51.381,1.22,80.0,24,40,,
T,2026-04-14 12:15:10,53.46646731,-2.23324547,5.47,45.134,51.381,0.0,,24,40,,
T,2026-04-14 12:15:11,53.46646346,-2.23324142,5.49,45.056,51.381,0.0,,24,39,,
T,2026-04-14 12:15:12,53.46646276,-2.23324064,5.45,45.2,51.381,0.0,,25,39,,
T,2026-04-14 12:15:13,53.46646231,-2.23324059,5.36,45.195,51.381,0.0,,25,39,,
T,2026-04-14 12:15:14,53.46646176,-2.2332409,5.28,45.167,51.381,0.0,,23,39,,
T,2026-04-14 12:15:15,53.46646102,-2.23324096,5.24,45.088,51.381,0.0,,19,39,,
T,2026-04-14 12:15:16,53.46646138,-2.2332358,5.12,45.192,51.381,0.32,133.0,18,39,,
T,2026-04-14 12:15:17,53.46646276,-2.23323137,5.85,45.457,51.381,0.28,133.0,20,39,,
T,2026-04-14 12:15:18,53.46646703,-2.23322355,7.09,44.695,51.381,0.62,133.0,20,39,,
T,2026-04-14 12:15:19,53.46647147,-2.23321804,10.55,44.404,51.381,0.54,133.0,23,39,,
T,2026-04-14 12:15:20,53.46647128,-2.2331907,6.84,45.401,51.381,1.47,87.0,23,39,,
T,2026-04-14 12:15:21,53.46647808,-2.23317015,6.39,45.065,51.381,1.28,70.0,25,39,,
T,2026-04-14 12:15:22,53.46648511,-2.23315031,6.48,45.507,51.381,1.26,73.0,25,39,,
T,2026-04-14 12:15:23,53.46648366,-2.23312446,6.32,44.411,51.381,1.64,114.0,24,39,,
T,2026-04-14 12:15:24,53.46648497,-2.23311593,6.05,45.647,51.381,0.0,,23,39,,
T,2026-04-14 12:15:25,53.46648602,-2.23311328,6.04,45.987,51.381,0.0,,22,39,,
T,2026-04-14 12:15:26,53.46648795,-2.23311257,5.92,46.038,51.381,0.0,,22,39,,
T,2026-04-14 12:15:27,53.4664916,-2.23311246,5.97,46.061,51.381,0.0,,20,39,,
T,2026-04-14 12:15:28,53.46649594,-2.23311177,5.83,47.202,51.381,0.0,,20,39,,
T,2026-04-14 12:15:29,53.46650213,-2.23311202,5.34,47.476,51.381,0.0,,21,39,,
T,2026-04-14 12:15:30,53.46650367,-2.23311241,5.17,47.511,51.381,0.0,,22,38,,
T,2026-04-14 12:15:31,53.46650457,-2.2331129,4.99,47.611,51.381,0.0,,22,37,,
T,2026-04-14 12:15:32,53.46650502,-2.23311355,4.83,47.616,51.381,0.0,,22,38,,
T,2026-04-14 12:15:33,53.4665052,-2.23311406,4.69,47.656,51.381,0.0,,22,38,,
T,2026-04-14 12:15:34,53.46650557,-2.2331144,4.53,47.699,51.381,0.0,,22,39,,
T,2026-04-14 12:15:35,53.46650601,-2.23311457,4.43,47.768,51.381,0.0,,22,38,,
T,2026-04-14 12:15:36,53.46650643,-2.23311438,4.41,47.789,51.381,0.0,,21,38,,
T,2026-04-14 12:15:37,53.46650726,-2.23311434,4.39,47.889,51.381,0.0,,21,39,,
T,2026-04-14 12:15:38,53.46650689,-2.23311448,4.34,47.829,51.381,0.0,,21,39,,
T,2026-04-14 12:15:39,53.46650775,-2.23311437,4.25,47.954,51.381,0.0,,21,38,,
T,2026-04-14 12:15:40,53.46650718,-2.23311468,4.22,47.879,51.381,0.0,,20,38,,
T,2026-04-14 12:15:41,53.46650831,-2.23311464,4.15,47.989,51.381,0.0,,19,38,,
T,2026-04-14 12:15:42,53.4665092,-2.23311464,4.04,48.047,51.381,0.0,,19,39,,
T,2026-04-14 12:15:43,53.46651051,-2.23311473,4.03,48.137,51.381,0.0,,19,39,,
T,2026-04-14 12:15:44,53.4665111,-2.23311421,3.99,48.096,51.381,0.0,,22,41,,
T,2026-04-14 12:15:45,53.46651186,-2.23311318,3.98,48.055,51.381,0.0,,22,41,,
T,2026-04-14 12:15:46,53.46651238,-2.23311319,3.99,48.066,51.381,0.0,,22,41,,
T,2026-04-14 12:15:47,53.46650964,-2.23311454,4.03,47.82,51.381,0.37,137.0,22,41,,
T,2026-04-14 12:15:48,53.46650936,-2.23311585,4.1,47.813,51.381,0.0,,22,41,,
T,2026-04-14 12:15:49,53.46651,-2.23311241,4.46,48.176,51.381,0.22,137.0,22,42,,
T,2026-04-14 12:15:50,53.46651029,-2.23310699,4.42,47.95,51.381,0.28,137.0,22,42,,
T,2026-04-14 12:15:51,53.4665123,-2.23311504,4.85,48.47,51.381,0.53,137.0,22,42,,
T,2026-04-14 12:15:52,53.46651977,-2.23311429,5.29,48.345,51.381,0.49,137.0,22,42,,
T,2026-04-14 12:15:53,53.46654103,-2.23310534,6.11,47.746,51.381,1.49,22.0,21,42,,
T,2026-04-14 12:15:54,53.46656721,-2.23310387,6.62,47.228,51.381,1.49,11.0,21,42,,
T,2026-04-14 12:15:55,53.46657919,-2.2331133,6.14,47.33,51.381,0.35,9.0,20,42,,
T,2026-04-14 12:15:56,53.46661193,-2.2330901,5.42,44.731,51.381,0.0,,20,42,,
T,2026-04-14 12:15:57,53.46662449,-2.23307024,5.78,44.867,51.381,0.0,,21,42,,
T,2026-04-14 12:15:58,53.46662828,-2.23306898,5.73,44.737,51.381,0.45,60.0,21,42,,
T,2026-04-14 12:15:59,53.46662606,-2.23306267,5.75,43.722,51.381,0.19,60.0,21,41,,
T,2026-04-14 12:16:00,53.4666233,-2.23304982,5.86,43.714,51.381,0.0,,20,39,,
T,2026-04-14 12:16:01,53.46662281,-2.23304652,6.14,43.729,51.381,0.0,,20,39,,
T,2026-04-14 12:16:02,53.46662275,-2.23304591,6.29,43.744,51.381,0.0,,20,39,,
T,2026-04-14 12:16:03,53.46662288,-2.23304575,6.11,43.746,51.381,0.0,,20,39,,
T,2026-04-14 12:16:04,53.46662289,-2.23304568,6.16,43.742,51.381,0.0,,20,38,,
T,2026-04-14 12:16:05,53.46662252,-2.23304564,6.49,43.709,51.381,0.0,,20,39,,
T,2026-04-14 12:16:06,53.46662225,-2.23304566,6.48,43.794,51.381,0.0,,20,39,,
